Clase,0,1,2,3,4,5,6,7,8,9,10,11,12,13,14,15,16,17,18,19,20,21,22,23,24,25,26,27,28,29,30,31,32,33,34,35,36,37,38,39,40,41,42,43,44
cavallo,10215.999999995993,2851.4663589848096,2851.4663589848096,2217.9726676196524,8944.675736957943,2217.9726676196524,2756.016709577876,2791.9413514759194,2791.9413514759194,2756.016709577876,2502.619570880496,2237.737540137362,9018.72806083531,2237.737540137362,2502.619570880496,125.67329937571321,2763.7243461984312,2764.891589633246,2764.891589633246,2763.7243461984312,125.67329937571321,1123.242710408206,2459.3268650067066,2245.8485535383406,9086.591524661519,2245.8485535383406,2459.3268650067066,1123.242710408206,880.1082282087765,150.78768881952274,2762.756583706886,2746.856043743409,2746.856043743409,2762.756583706886,150.78768881952274,880.1082282087765,410.87422536930734,1127.3055460815092,2454.434050543227,2276.2490584875777,9101.904547635953,2276.2490584875777,2454.434050543227,1127.3055460815092,410.87422536930734
cavallo,15246.999999994017,4234.802010718886,4234.802010718886,3553.4200297737807,14931.01360543632,3553.4200297737807,2794.345289307681,4273.6452319428245,4273.6452319428245,2794.345289307681,1644.387911595828,3574.8991627334244,14870.095623731191,3574.8991627334244,1644.387911595828,567.7996765575008,2782.179998360291,4246.935447815074,4246.935447815074,2782.179998360291,567.7996765575008,2234.990892947353,1608.0593920836175,3571.933061217444,14864.789372909845,3571.933061217444,1608.0593920836175,2234.990892947353,133.7917607710296,533.6702394906605,2788.8734343226915,4238.899079956725,4238.899079956725,2788.8734343226915,533.6702394906605,133.7917607710296,807.0577164647747,2211.22330097976,1642.1002350801284,3573.13342797956,14854.762763916318,3573.13342797956,1642.1002350801284,2211.22330097976,807.0577164647747
cavallo,7193.999999997179,1534.6650073811552,1534.6650073811552,858.5085920941223,5882.380952378646,858.5085920941223,1329.32082943227,1461.680247838371,1461.680247838371,1329.32082943227,2086.317394345907,819.4366082070222,5957.078655496145,819.4366082070222,2086.317394345907,192.60832595695763,1377.7221042477008,1415.9168707861281,1415.9168707861281,1377.7221042477008,192.60832595695763,260.917230821659,2061.075476576564,804.2480455729848,5978.567324850787,804.2480455729848,2061.075476576564,260.917230821659,1260.3893374386776,192.3619796330609,1379.8713256641383,1415.3440198819515,1415.3440198819515,1379.8713256641383,192.3619796330609,1260.3893374386776,1197.6715949882316,275.1558862286606,2071.3494343924717,809.4021428433115,5964.215632552358,809.4021428433115,2071.3494343924717,275.1558862286606,1197.6715949882316
cavallo,7946.999999996883,1035.222203975524,1035.222203975524,785.6046514110649,6561.671201811486,785.6046514110649,1990.8889702776444,1035.222203975524,1035.222203975524,1990.8889702776444,909.90038720915,785.6046514110649,6561.914156136072,785.6046514110649,909.90038720915,1235.8950854461614,1990.8889702776441,1035.222203975524,1035.222203975524,1990.8889702776441,1235.8950854461614,1195.7387727055018,909.1812793615495,785.6046514110649,6562.316643617114,785.6046514110649,909.1812793615495,1195.7387727055018,491.4951863354164,1235.8950854461614,1990.8889702776441,1035.222203975524,1035.222203975524,1990.8889702776441,1235.8950854461614,491.4951863354164,862.0878783427859,1195.7387727055018,908.1885997747037,785.6046514110649,6562.919691021654,785.6046514110649,908.1885997747037,1195.7387727055018,862.0878783427859
cavallo,26730.99999998951,5967.022045181546,5967.022045181546,8247.807837925653,25456.882086157813,8247.807837925653,3285.857735064623,5899.113555541956,5899.113555541956,3285.857735064623,4130.856717504093,8308.404169473179,25503.78343898918,8308.404169473179,4130.856717504093,2923.273160468022,3323.932749218243,5896.891616954195,5896.891616954195,3323.932749218243,2923.273160468022,2242.424061135865,4106.3590700090845,8297.516236434933,25476.2204838918,8297.516236434933,4106.3590700090845,2242.424061135865,1204.7115023958033,2945.8239404593264,3304.5648213369327,5908.939756666868,5908.939756666868,3304.5648213369327,2945.8239404593264,1204.7115023958033,1008.5465757812599,2230.440642816571,4119.8853890094015,8296.057232586369,25474.949996319847,8296.057232586369,4119.8853890094015,2230.440642816571,1008.5465757812599
cavallo,16504.999999993524,2536.500166528443,2536.500166528443,3116.894039224581,15292.541950107381,3116.894039224581,4285.075398460469,2392.0577673477515,2392.0577673477515,4285.075398460469,3170.8375412206237,3063.45946058138,15335.899779406884,3063.45946058138,3170.8375412206237,1860.1445318552455,4256.322768181535,2391.3762543603743,2391.3762543603743,4256.322768181535,1860.1445318552455,945.086176879539,3192.8181595030705,3057.092365984572,15336.684472770829,3057.092365984572,3192.8181595030705,945.086176879539,1155.5134423679,1851.8156198615336,4272.394884895361,2379.954455109983,2379.954455109983,4272.394884895361,1851.8156198615336,1155.5134423679,843.9817762024085,959.6616654639399,3180.3057737342338,3058.662831505318,15351.611026312572,3058.662831505318,3180.3057737342338,959.6616654639399,843.9817762024085
cavallo,14934.999999994141,5672.530909616858,5672.530909616858,1642.1507114392007,14004.383219949153,1642.1507114392007,4200.699587477938,5412.107675971594,5412.107675971594,4200.699587477938,3856.0796018477345,1679.0829033382506,14090.43665447486,1679.0829033382506,3856.0796018477345,2247.027510013651,4165.701240942818,5446.664844222177,5446.664844222177,4165.701240942818,2247.027510013651,2279.6031452845727,3862.565871247516,1657.097790738069,14051.107915589739,1657.097790738069,3862.565871247516,2279.6031452845727,971.4347508844061,2285.288947281133,4173.572481388271,5432.023386759837,5432.023386759837,4173.572481388271,2285.288947281133,971.4347508844061,1741.122149317536,2293.40089112837,3855.7889302803733,1674.2670447247892,14066.404244830734,1674.2670447247892,3855.7889302803733,2293.40089112837,1741.122149317536
cavallo,17543.999999993113,6815.693086355487,6815.693086355487,3248.246351476116,16221.247165526514,3248.246351476116,6255.23889490021,6751.048941970113,6751.048941970113,6255.23889490021,2981.428200254511,3201.765799090864,16278.244311777284,3201.765799090864,2981.428200254511,740.0853546357414,6260.547345524196,6717.566850554231,6717.566850554231,6260.547345524196,740.0853546357414,1009.4909795422575,2967.3514263101665,3187.7580419686265,16289.412750396532,3187.7580419686265,2967.3514263101665,1009.4909795422575,1447.1691766867839,749.6741768469452,6263.97163856925,6720.804640008904,6720.804640008904,6263.97163856925,749.6741768469452,1447.1691766867839,421.27497800899056,1015.1701528435988,2965.2466371348537,3193.0270517708504,16279.186085543566,3193.0270517708504,2965.2466371348537,1015.1701528435988,421.27497800899056
cavallo,8778.999999996558,1825.542796863912,1825.542796863912,4313.065128330214,8461.090702944526,4313.065128330214,1242.6566085396073,2004.5186037522642,2004.5186037522642,1242.6566085396073,1515.2461622980732,4252.509706840808,8358.047310530914,4252.509706840808,1515.2461622980732,590.98738614241,1199.8273893834246,1965.946570086468,1965.946570086468,1199.8273893834246,590.98738614241,1944.4134243988167,1485.4866979022713,4261.621491217238,8411.994729255823,4261.621491217238,1485.4866979022713,1944.4134243988167,1199.800671375445,583.3653152461379,1202.6756063739865,1948.720312958316,1948.720312958316,1202.6756063739865,583.3653152461379,1199.800671375445,611.4696657757398,1966.536168790355,1504.6247487207204,4246.613055558604,8387.692407899087,4246.613055558604,1504.6247487207204,1966.536168790355,611.4696657757398
cavallo,6423.999999997481,1452.5636235557286,1452.5636235557286,4346.637942182868,6283.138321992999,4346.637942182868,2012.3551645396753,1403.5849538763314,1403.5849538763314,2012.3551645396753,2169.2305010051714,4299.5902072234,6167.495086921239,4299.5902072234,2169.2305010051714,1093.3936553292278,2020.1050322657136,1401.9058356188707,1401.9058356188707,2020.1050322657136,1093.3936553292278,1492.796208652967,2182.7088732735374,4293.9547190319745,6153.7658838947955,4293.9547190319745,2182.7088732735374,1492.796208652967,560.6189646900411,1121.5390704929503,2037.8196746045003,1420.0548241103127,1420.0548241103127,2037.8196746045003,1121.5390704929503,560.6189646900411,682.1100896091729,1474.6200180014453,2179.997782070292,4297.047129919762,6171.393546191188,4297.047129919762,2179.997782070292,1474.6200180014453,682.1100896091729
cavallo,15241.999999994017,4544.200123353108,4544.200123353108,3859.448038752871,13866.689342398187,3859.448038752871,1576.924049106134,4531.121584475186,4531.121584475186,1576.924049106134,2673.6159824938004,3856.7405574464215,13880.531044158253,3856.7405574464215,2673.6159824938004,1121.785028548995,1591.43664162239,4518.473230202412,4518.473230202412,1591.43664162239,1121.785028548995,936.4903090434033,2659.6254692532307,3855.5815671505384,13890.681403086104,3855.5815671505384,2659.6254692532307,936.4903090434033,852.5757923817662,1128.0187268920624,1599.7859402551653,4511.9744176839795,4511.9744176839795,1599.7859402551653,1128.0187268920624,852.5757923817662,422.59923090824805,929.8587548317938,2654.2020541338998,3856.253101319875,13894.285068364581,3856.253101319875,2654.2020541338998,929.8587548317938,422.59923090824805
cavallo,10015.999999996071,2904.1276060564937,2904.1276060564937,1957.5103462158227,9192.780045347869,1957.5103462158227,1347.6311997579976,2878.986783127899,2878.986783127899,1347.6311997579976,2118.556622909261,2036.1166584382715,9292.709334070121,2036.1166584382715,2118.556622909261,2300.3675723487268,1356.5470959424417,2822.8631167278727,2822.8631167278727,1356.5470959424417,2300.3675723487268,1117.564650093107,2163.9247333955127,1988.2422995121312,9189.219678895013,1988.2422995121312,2163.9247333955127,1117.564650093107,652.8270273190665,2313.0613612490406,1384.234376283482,2849.047531782949,2849.047531782949,1384.234376283482,2313.0613612490406,652.8270273190665,738.874848483812,1135.3326236425648,2153.724648804668,2007.9655862472598,9215.683710604146,2007.9655862472598,2153.724648804668,1135.3326236425648,738.874848483812
cavallo,1418.9999999994434,1317.0902773044063,1317.0902773044063,1058.4264772802437,1418.9999999994434,1058.4264772802437,758.2075647435712,1317.0902773044063,1317.0902773044063,758.2075647435712,534.9459985141254,1058.4264772802437,1418.9999999994434,1058.4264772802437,534.9459985141254,436.65025938011485,758.2075647435712,1317.0902773044063,1317.0902773044063,758.2075647435712,436.65025938011485,426.43987640708855,534.9459985141254,1058.4264772802437,1418.9999999994434,1058.4264772802437,534.9459985141254,426.43987640708855,450.0862301435466,436.65025938011485,758.2075647435712,1317.0902773044063,1317.0902773044063,758.2075647435712,436.65025938011485,450.0862301435466,467.42761979033816,426.43987640708855,534.9459985141254,1058.4264772802437,1418.9999999994434,1058.4264772802437,534.9459985141254,426.43987640708855,467.42761979033816
cavallo,13330.99999999477,2064.283084982332,2064.283084982332,2389.1424418120446,13084.986394552689,2389.1424418120446,5024.579513813103,2193.501000732125,2193.501000732125,5024.579513813103,1917.7023547878025,2315.6071622831946,12986.538463906549,2315.6071622831946,1917.7023547878025,300.2695957958517,5023.48504603802,2185.7831330156077,2185.7831330156077,5023.48504603802,300.2695957958517,3327.411360690292,1959.9673572946613,2348.7910727018234,13015.002658667076,2348.7910727018234,1959.9673572946613,3327.411360690292,885.4273470687984,292.4669101013098,5002.194390327327,2167.355269740249,2167.355269740249,5002.194390327327,292.4669101013098,885.4273470687984,1586.2496441746368,3324.4012857371163,1967.9312337432873,2327.922834748254,12993.29724389999,2327.922834748254,1967.9312337432873,3324.4012857371163,1586.2496441746368
cavallo,5689.999999997768,1441.784534845452,1441.784534845452,2521.5153449242903,5192.975056687306,2521.5153449242903,1987.014527294901,1592.2254480605757,1592.2254480605757,1987.014527294901,1449.032152328176,2519.6947886405583,5078.437533741664,2519.6947886405583,1449.032152328176,702.4030681649573,1992.7564567882368,1555.6639350291264,1555.6639350291264,1992.7564567882368,702.4030681649573,452.0948799848071,1436.785227774884,2506.700263068084,5145.884117364092,2506.700263068084,1436.785227774884,452.0948799848071,399.85090344396514,698.6509066676065,1990.3600243908015,1557.662474719873,1557.662474719873,1990.3600243908015,698.6509066676065,399.85090344396514,219.8959011381788,453.6689954328893,1430.908995230625,2510.470379330146,5109.09987291942,2510.470379330146,1430.908995230625,453.6689954328893,219.8959011381788
cavallo,17200.99999999325,6425.939596126927,6425.939596126927,1817.6827955754568,15815.671201807856,1817.6827955754568,5697.788993309174,6425.939596126927,6425.939596126927,5697.788993309174,3024.389247934576,1817.6827955754568,15815.91415613244,1817.6827955754568,3024.389247934576,1497.200527542026,5697.788993309174,6425.939596126927,6425.939596126927,5697.788993309174,1497.200527542026,1904.2027467126952,3023.730654894928,1817.6827955754568,15816.316643613482,1817.6827955754568,3023.730654894928,1904.2027467126952,575.146818466668,1497.200527542026,5697.788993309174,6425.939596126927,6425.939596126927,5697.788993309174,1497.200527542026,575.146818466668,760.7348582605773,1904.2027467126952,3022.8215442371766,1817.6827955754568,15816.919691018025,1817.6827955754568,3022.8215442371766,1904.2027467126952,760.7348582605773
cavallo,11102.999999995645,3566.966139518995,3566.966139518995,3034.9361470207427,10211.739229020937,3034.9361470207427,4575.976985703765,3403.61699098498,3403.61699098498,4575.976985703765,2198.4197379735824,3081.966788452087,10229.196430495624,3081.966788452087,2198.4197379735824,784.8142626917547,4552.341508797643,3406.133276364842,3406.133276364842,4552.341508797643,784.8142626917547,2619.4722409719902,2180.5205506598672,3059.866691249992,10234.004872117926,3059.866691249992,2180.5205506598672,2619.4722409719902,555.1165333310983,784.6949401114293,4584.597201816675,3406.4293905149643,3406.4293905149643,4584.597201816675,784.6949401114293,555.1165333310983,827.7734357096331,2616.5287778488305,2164.7358623425635,3056.917042914965,10232.06766373464,3056.917042914965,2164.7358623425635,2616.5287778488305,827.7734357096331
cavallo,6844.999999997315,1281.0703132159817,1281.0703132159817,1300.6180029317475,6677.553287979241,1300.6180029317475,1812.1700649874167,1305.1750829081031,1305.1750829081031,1812.1700649874167,2373.8333419535747,1200.1059671791481,6584.876532923513,1200.1059671791481,2373.8333419535747,1316.8177919168654,1756.686666442045,1298.8862032107083,1298.8862032107083,1756.686666442045,1316.8177919168654,872.8055887605909,2351.3086291415098,1221.897829219404,6607.044948211867,1221.897829219404,2351.3086291415098,872.8055887605909,594.6510177584562,1344.4450588489692,1763.018376215278,1280.4419479784901,1280.4419479784901,1763.018376215278,1344.4450588489692,594.6510177584562,734.7644392753355,864.0557861230355,2345.197998720087,1229.1174553478581,6618.3121296868685,1229.1174553478581,2345.197998720087,864.0557861230355,734.7644392753355
cavallo,12373.999999995147,2584.1101883966226,2584.1101883966226,2328.156950097704,11346.526077093054,2328.156950097704,2865.545027586566,2393.583965257013,2393.583965257013,2865.545027586566,3137.170001781913,2371.1867893327394,11430.363737327183,2371.1867893327394,3137.170001781913,1064.433091985499,2818.635716522759,2393.0462075269547,2393.0462075269547,2818.635716522759,1064.433091985499,2513.1360850600254,3151.632954676513,2334.025517811391,11369.901674783887,2334.025517811391,3151.632954676513,2513.1360850600254,114.51887062590143,1047.8626702340587,2874.313106821703,2407.10518556995,2407.10518556995,2874.313106821703,1047.8626702340587,114.51887062590143,1151.8266872209765,2491.64818876764,3156.5482634961672,2347.59092773478,11392.771506487505,2347.59092773478,3156.5482634961672,2491.64818876764,1151.8266872209765
cavallo,22484.999999991174,8553.677304742832,8553.677304742832,5077.195713574606,21185.231292508695,5077.195713574606,6731.668321528713,8567.84612428261,8567.84612428261,6731.668321528713,3263.8783715393142,5052.940690133353,21150.587548389747,5052.940690133353,3263.8783715393142,2013.8197544865006,6715.394999043584,8557.783586817328,8557.783586817328,6715.394999043584,2013.8197544865006,877.7436990013756,3246.566021933998,5055.378714909931,21190.234649253718,5055.378714909931,3246.566021933998,877.7436990013756,1715.2542343295752,2004.9795631504164,6708.160569103095,8573.220635751828,8573.220635751828,6708.160569103095,2004.9795631504164,1715.2542343295752,1472.6119956909924,889.7124101166597,3246.2811241751497,5055.28990204757,21166.60983484471,5055.28990204757,3246.2811241751497,889.7124101166597,1472.6119956909924
cavallo,8943.999999996491,1403.6055092920321,1403.6055092920321,3984.1380869877303,7826.439909293982,3984.1380869877303,2553.5090564925235,1247.8857005025259,1247.8857005025259,2553.5090564925235,1900.739229998529,3937.362781277889,7946.887623980717,3937.362781277889,1900.739229998529,1337.463323936478,2546.156874247257,1233.760434517328,1233.760434517328,2546.156874247257,1337.463323936478,1606.1644846817696,1875.2016102267003,3940.599002004569,7906.074824110723,3940.599002004569,1875.2016102267003,1606.1644846817696,683.3967612937031,1309.0975573540975,2560.4363133353168,1251.8611200758091,1251.8611200758091,2560.4363133353168,1309.0975573540975,683.3967612937031,1262.0310029386021,1606.6877412284407,1876.5738980488204,3942.065397062067,7905.536862216784,3942.065397062067,1876.5738980488204,1606.6877412284407,1262.0310029386021
cavallo,15778.99999999381,8068.7504974480935,8068.7504974480935,4366.354503298268,14679.23129251125,4366.354503298268,3631.132765597694,8076.015819641331,8076.015819641331,3631.132765597694,3185.8402341014535,4331.696963658812,14663.567047674998,4331.696963658812,3185.8402341014535,2766.42394658693,3607.6398168885394,8086.935977773277,8086.935977773277,3607.6398168885394,2766.42394658693,1786.386725919883,3183.377217486302,4293.547206524741,14691.967908406465,4293.547206524741,3183.377217486302,1786.386725919883,1842.9255958233819,2792.8298993116287,3591.409710208558,8064.557820848032,8064.557820848032,3591.409710208558,2792.8298993116287,1842.9255958233819,1101.483702579407,1799.3207009332227,3172.289411731672,4336.013891306824,14704.296718289585,4336.013891306824,3172.289411731672,1799.3207009332227,1101.483702579407
cavallo,7432.999999997084,2948.7251165447956,2948.7251165447956,1454.6503867772917,6421.811791380701,1454.6503867772917,2885.0138855754053,2923.1438144221484,2923.1438144221484,2885.0138855754053,1333.7242265159869,1499.7368375216124,6507.486926740935,1499.7368375216124,1333.7242265159869,505.2501900543745,2835.195173046196,2865.488530162136,2865.488530162136,2835.195173046196,505.2501900543745,990.6067579735164,1344.9741366679475,1406.4586425025282,6452.637294378545,1406.4586425025282,1344.9741366679475,990.6067579735164,936.6698472155406,490.9180171122306,2861.9879276231823,2878.5101712897354,2878.5101712897354,2861.9879276231823,490.9180171122306,936.6698472155406,548.5006662673217,991.4932810012835,1333.5628368576185,1437.016614799119,6482.916134198213,1437.016614799119,1333.5628368576185,991.4932810012835,548.5006662673217
cavallo,7156.999999997193,3357.8897069937784,3357.8897069937784,1813.227145656334,6792.986394555158,1813.227145656334,1294.6852529702207,3176.112868937042,3176.112868937042,1294.6852529702207,1936.9460167643297,1760.8787220810968,6676.352615419967,1760.8787220810968,1936.9460167643297,999.9548906722969,1343.7619900604395,3188.4417865792952,3188.4417865792952,1343.7619900604395,999.9548906722969,928.4641346827999,1939.3440111782843,1774.2196764957764,6741.867174647821,1774.2196764957764,1939.3440111782843,928.4641346827999,182.6332632904029,990.1494930330847,1316.4130752635592,3183.5648207108425,3183.5648207108425,1316.4130752635592,990.1494930330847,182.6332632904029,366.12205590263625,933.7175218069552,1914.9516216671639,1764.9149633629706,6715.945719353498,1764.9149633629706,1914.9516216671639,933.7175218069552,366.12205590263625
cavallo,6773.999999997344,2450.2288406496023,2450.2288406496023,2903.7786696849066,6256.2630385463,2903.7786696849066,1642.6217201515806,2346.7716013804347,2346.7716013804347,1642.6217201515806,686.6200726207861,2944.424757040362,6108.646304778021,2944.424757040362,686.6200726207861,693.7662362271541,1541.209693889338,2348.6746139099246,2348.6746139099246,1541.209693889338,693.7662362271541,345.46255679157696,730.8807277825107,2895.3246102441108,6149.701252686865,2895.3246102441108,730.8807277825107,345.46255679157696,583.7498600029143,689.3021749870604,1554.2417285127212,2348.7702995432505,2348.7702995432505,1554.2417285127212,689.3021749870604,583.7498600029143,541.4765088091337,324.08974901174616,693.2382495353933,2928.6059228674003,6135.276807365833,2928.6059228674003,693.2382495353933,324.08974901174616,541.4765088091337
cavallo,6948.999999997274,563.3359699483792,563.3359699483792,1425.7370620859756,5567.394557820946,1425.7370620859756,2287.243730273543,563.6669050251502,563.6669050251502,2287.243730273543,1069.229876828094,1422.5151006383082,5573.135869311525,1422.5151006383082,1069.229876828094,480.4440036799825,2291.128817481143,563.7823069483021,563.7823069483021,2291.128817481143,480.4440036799825,1269.3668252233845,1070.5065799441822,1420.3513661838192,5578.29114716302,1420.3513661838192,1070.5065799441822,1269.3668252233845,817.4327078885283,472.8037219624928,2293.1273466500425,563.411198424124,563.411198424124,2293.1273466500425,472.8037219624928,817.4327078885283,434.1359565315524,1276.2961955261942,1071.1244934032313,1420.0862414336927,5581.427959240487,1420.0862414336927,1071.1244934032313,1276.2961955261942,434.1359565315524
cavallo,5583.99999999781,4936.318615428923,4936.318615428923,3292.665963283642,5583.99999999781,3292.665963283642,1465.3785367828282,4936.318615428923,4936.318615428923,1465.3785367828282,966.1399876467724,3292.665963283642,5583.99999999781,3292.665963283642,966.1399876467724,1350.4193535468346,1465.3785367828282,4936.318615428923,4936.318615428923,1465.3785367828282,1350.4193535468346,1117.9871012814199,966.1399876467724,3292.665963283642,5583.99999999781,3292.665963283642,966.1399876467724,1117.9871012814199,570.8364731082289,1350.4193535468346,1465.3785367828282,4936.318615428923,4936.318615428923,1465.3785367828282,1350.4193535468346,570.8364731082289,569.3197905414763,1117.9871012814199,966.1399876467724,3292.665963283642,5583.99999999781,3292.665963283642,966.1399876467724,1117.9871012814199,569.3197905414763
cavallo,7379.999999997106,1419.8367207977565,1419.8367207977565,2173.0328518121005,6561.827664396519,2173.0328518121005,1505.702946201768,1102.9401640302626,1102.9401640302626,1505.702946201768,1394.2299783527221,2178.688407417324,6638.78476560432,2178.688407417324,1394.2299783527221,832.1441131731708,1515.912322987722,1178.9470338219812,1178.9470338219812,1515.912322987722,832.1441131731708,974.4221046549061,1384.0898288604349,2187.4128227005735,6587.566143113532,2187.4128227005735,1384.0898288604349,974.4221046549061,642.2311547282303,852.644297727028,1512.485543769031,1155.7493248669446,1155.7493248669446,1512.485543769031,852.644297727028,642.2311547282303,685.1187590611271,969.030099321207,1377.1572657749057,2175.7306941437246,6621.827068131528,2175.7306941437246,1377.1572657749057,969.030099321207,685.1187590611271
cavallo,4405.999999998272,370.0517282268379,370.0517282268379,1821.9629668832563,4269.138321993791,1821.9629668832563,1605.3142392150235,333.71417426849547,333.71417426849547,1605.3142392150235,712.315971880562,1720.1053046442466,4165.0177549461505,1720.1053046442466,712.315971880562,474.6040812871411,1587.3745773478038,334.07762878726237,334.07762878726237,1587.3745773478038,474.6040812871411,1290.0235469232048,763.9527821484154,1708.4868634225256,4162.511690482773,1708.4868634225256,763.9527821484154,1290.0235469232048,393.5246478594783,496.63421468349355,1608.8435705148484,341.697587123364,341.697587123364,1608.8435705148484,496.63421468349355,393.5246478594783,428.723731529157,1273.7345227083877,749.0152976249515,1724.7781293462783,4182.749157636431,1724.7781293462783,749.0152976249515,1273.7345227083877,428.723731529157
cavallo,35533.99999998605,12597.317885601658,12597.317885601658,4578.9900350113685,34188.4625850206,4578.9900350113685,2327.5853608900716,12607.907078789956,12607.907078789956,2327.5853608900716,3739.413387240764,4566.25188523013,34201.96581669875,4566.25188523013,3739.413387240764,3186.949652962078,2332.7448655944163,12618.202171794133,12618.202171794133,2332.7448655944163,3186.949652962078,134.39314567996306,3731.0369005128373,4562.7775326229,34207.954370360865,4562.7775326229,3731.0369005128373,134.39314567996306,704.521929573099,3166.8674271951054,2332.7925567671014,12617.54907906868,12617.54907906868,2332.7925567671014,3166.8674271951054,704.521929573099,550.8997443804159,118.98582470135896,3738.273348022198,4561.941318847865,34206.64285579755,4561.941318847865,3738.273348022198,118.98582470135896,550.8997443804159
cavallo,7302.999999997135,2948.4568639068953,2948.4568639068953,1481.1492672148215,6311.671201811584,1481.1492672148215,2802.152840148333,2921.393264206109,2921.393264206109,2802.152840148333,1347.3816529183275,1538.4229855920325,6400.6494361892,1538.4229855920325,1347.3816529183275,461.2476155461316,2761.960097054257,2869.0806328106655,2869.0806328106655,2761.960097054257,461.2476155461316,1004.1227499419484,1359.4189829427912,1441.5651290524636,6344.2977989734045,1441.5651290524636,1359.4189829427912,1004.1227499419484,880.6123809034584,440.3434939498054,2783.3632901566025,2882.387023137032,2882.387023137032,2783.3632901566025,440.3434939498054,880.6123809034584,558.1681859418735,1001.0901729617342,1349.7348528140033,1469.1029807438067,6371.00004753838,1469.1029807438067,1349.7348528140033,1001.0901729617342,558.1681859418735
cavallo,45346.9999999822,4003.2895408076165,4003.2895408076165,2908.393837601963,44679.362811773855,2908.393837601963,1920.927150597708,3691.233818615657,3691.233818615657,1920.927150597708,5071.968791852279,2857.7531789939085,44748.545158635476,2857.7531789939085,5071.968791852279,507.6212721760708,1975.277956417301,3768.0140268522123,3768.0140268522123,1975.277956417301,507.6212721760708,1757.7185680007321,5092.451277984929,2860.682138735212,44702.941855531695,2860.682138735212,5092.451277984929,1757.7185680007321,1723.9431717864825,526.9005190297511,1945.851524918841,3733.59870936258,3733.59870936258,1945.851524918841,526.9005190297511,1723.9431717864825,1344.6570359530654,1748.0923065980721,5087.389259010126,2867.5470209127116,44730.024763042486,2867.5470209127116,5087.389259010126,1748.0923065980721,1344.6570359530654
cavallo,5921.999999997676,4488.522021190889,4488.522021190889,2684.2296471133045,5695.877551018173,2684.2296471133045,2311.0478225042084,4431.539319443625,4431.539319443625,2311.0478225042084,1711.9603033161484,2700.4204844180067,5744.783284740215,2700.4204844180067,1711.9603033161484,1131.4546152273233,2299.772403140082,4452.5317298366845,4452.5317298366845,2299.772403140082,1131.4546152273233,743.9071164165482,1709.7497159973457,2685.2040086002303,5712.588762896339,2685.2040086002303,1709.7497159973457,743.9071164165482,1007.423755887624,1126.5954116995856,2304.2117160402236,4424.555937790346,4424.555937790346,2304.2117160402236,1126.5954116995856,1007.423755887624,645.5859979896534,732.9834049624872,1706.0065892832497,2683.4304707761858,5727.139498955899,2683.4304707761858,1706.0065892832497,732.9834049624872,645.5859979896534
cavallo,48840.999999980835,7789.303787675654,7789.303787675654,1113.6148729853153,48362.891156443606,1113.6148729853153,2061.201633781054,7710.273922799293,7710.273922799293,2061.201633781054,7432.997978511271,1001.2086642619656,48145.050719588675,1001.2086642619656,7432.997978511271,878.798294710196,2071.0094625272677,7686.856914480512,7686.856914480512,2071.0094625272677,878.798294710196,1040.1085608259302,7389.747605102022,1009.9709763823183,48176.31089872164,1009.9709763823183,7389.747605102022,1040.1085608259302,546.9804805788582,885.2203083713272,2070.1923570477143,7692.963092366434,7692.963092366434,2070.1923570477143,885.2203083713272,546.9804805788582,3401.386958028044,1036.4623759507713,7406.911293119838,1028.922358835628,48174.83368250853,1028.922358835628,7406.911293119838,1036.4623759507713,3401.386958028044
cavallo,35153.999999986205,4553.377219975647,4553.377219975647,4366.52480908955,34434.793650780135,4366.52480908955,3175.612710338943,4477.389692826653,4477.389692826653,3175.612710338943,3091.011932109058,4316.863336790365,34419.401823300854,4316.863336790365,3091.011932109058,1085.8825304630377,3214.2438795946837,4526.0914688578705,4526.0914688578705,3214.2438795946837,1085.8825304630377,573.2636236142573,3060.65618191167,4311.917011680179,34393.57224984959,4311.917011680179,3060.65618191167,573.2636236142573,2457.2874179671157,1061.3410815499442,3222.154804724734,4507.414358983798,4507.414358983798,3222.154804724734,1061.3410815499442,2457.2874179671157,903.9565544793237,591.2104151293041,3068.917956922505,4322.829842937738,34405.17547254202,4322.829842937738,3068.917956922505,591.2104151293041,903.9565544793237
cavallo,30635.99999998798,10045.068812902764,10045.068812902764,3345.2140578508406,30550.154194999348,3345.2140578508406,8529.209987950466,9987.75385027685,9987.75385027685,8529.209987950466,8258.364753907585,3350.3900289834105,30500.16406742907,3350.3900289834105,8258.364753907585,1646.8564305486832,8543.887560261755,9966.170676841999,9966.170676841999,8543.887560261755,1646.8564305486832,799.4624652750724,8282.052504956227,3341.622017045465,30506.695772296538,3341.622017045465,8282.052504956227,799.4624652750724,916.6144053875283,1650.969798035925,8534.460630178532,9972.367857948037,9972.367857948037,8534.460630178532,1650.969798035925,916.6144053875283,220.08666084685606,805.1594527609828,8263.89229360404,3344.3550555849392,30521.190583312415,3344.3550555849392,8263.89229360404,805.1594527609828,220.08666084685606
cavallo,14599.999999994274,3096.064688116076,3096.064688116076,1778.2298938745216,14578.51247164961,1778.2298938745216,2340.6102014942862,3079.0906722893187,3079.0906722893187,2340.6102014942862,721.1292622189841,1803.4720858902238,14554.783284736757,1803.4720858902238,721.1292622189841,1176.3277740732253,2322.351010076781,3067.7558375067147,3067.7558375067147,2322.351010076781,1176.3277740732253,1984.9363842332652,731.2831693790563,1813.5556499731883,14544.299943371703,1813.5556499731883,731.2831693790563,1984.9363842332652,1036.7948786643763,1177.280441413351,2319.3958673150405,3066.3651361289385,3066.3651361289385,2319.3958673150405,1177.280441413351,1036.7948786643763,1204.4241060626996,1984.2743992480925,728.4410663213839,1811.52956314971,14544.701645708668,1811.52956314971,728.4410663213839,1984.2743992480925,1204.4241060626996
cavallo,15292.999999994001,1230.3271368073995,1230.3271368073995,4076.79220419878,13907.671201808604,4076.79220419878,3335.947232005523,1230.3271368073995,1230.3271368073995,3335.947232005523,2191.525428680703,4076.79220419878,13907.91415613319,4076.79220419878,2191.525428680703,2921.682238346212,3335.947232005523,1230.3271368073995,1230.3271368073995,3335.947232005523,2921.682238346212,1154.271882069823,2190.886318934098,4076.79220419878,13908.316643614231,4076.79220419878,2190.886318934098,1154.271882069823,665.3522135596959,2921.6822383462118,3335.947232005523,1230.3271368073995,1230.3271368073995,3335.947232005523,2921.6822383462118,665.3522135596959,1229.9651855738714,1154.2718820698233,2190.00414282244,4076.79220419878,13908.919691018771,4076.79220419878,2190.00414282244,1154.2718820698233,1229.9651855738714
cavallo,27854.999999989068,10556.299310373115,10556.299310373115,5328.14398424894,26501.55328797146,5328.14398424894,5012.704513895614,10555.785431077053,10555.785431077053,5012.704513895614,3787.4111631762494,5332.816528458056,26524.203634277776,5332.816528458056,3787.4111631762494,1962.8284864852842,4995.038259999358,10570.082777274038,10570.082777274038,4995.038259999358,1962.8284864852842,1137.3652312561842,3798.500459343309,5330.740189977029,26532.871359590892,5330.740189977029,3798.500459343309,1137.3652312561842,1568.9829853079998,1973.0345025924623,4983.340453110678,10572.9922102919,10572.9922102919,4983.340453110678,1973.0345025924623,1568.9829853079998,401.88274065627274,1114.2488875464785,3805.5618563621674,5334.695733849336,26537.615889635992,5334.695733849336,3805.5618563621674,1114.2488875464785,401.88274065627274
cavallo,18285.999999992826,3984.688006152194,3984.688006152194,3858.851061762795,16900.671201807432,3858.851061762795,5658.246857850074,3984.688006152194,3984.688006152194,5658.246857850074,3031.6732109444706,3858.851061762795,16900.914156132014,3858.851061762795,3031.6732109444706,1670.2798954794048,5658.246857850074,3984.6880061521942,3984.6880061521942,5658.246857850074,1670.2798954794048,2688.7225274252946,3031.0121903613967,3858.851061762795,16901.316643613056,3858.851061762795,3031.0121903613967,2688.7225274252946,907.7342617298905,1670.2798954794043,5658.246857850074,3984.688006152194,3984.688006152194,5658.246857850074,1670.2798954794043,907.7342617298905,1325.2981665627842,2688.7225274252946,3030.0997267123926,3858.851061762795,16901.9196910176,3858.851061762795,3030.0997267123926,2688.7225274252946,1325.2981665627842
cavallo,17017.99999999332,7285.982637325396,7285.982637325396,2094.808583261683,16481.619047612585,2094.808583261683,5363.287266823413,7116.411722771774,7116.411722771774,5363.287266823413,2523.7881541271163,2073.4672725930627,16239.172844641693,2073.4672725930627,2523.7881541271163,2312.1048640505014,5363.978268117364,7097.379165042437,7097.379165042437,5363.978268117364,2312.1048640505014,1537.5412037162885,2536.347754034574,2036.0869846233302,16301.287446746619,2036.0869846233302,2536.347754034574,1537.5412037162885,1366.1016257674257,2314.839783644963,5370.08429041792,7134.10568503569,7134.10568503569,5370.08429041792,2314.839783644963,1366.1016257674257,346.29925485412696,1546.3798510357676,2530.21630718155,2070.029292634929,16298.711428249811,2070.029292634929,2530.21630718155,1546.3798510357676,346.29925485412696
cavallo,12414.99999999513,4542.55658459912,4542.55658459912,4963.435364108644,11472.995464848107,4963.435364108644,3084.800099733605,4343.924720406467,4343.924720406467,3084.800099733605,997.033166716768,4860.64564931985,11559.871550429698,4860.64564931985,997.033166716768,1022.7243602914202,3091.4272983505625,4373.10066697877,4373.10066697877,3091.4272983505625,1022.7243602914202,72.84507209030876,918.7942241986657,4912.344379623736,11475.575049623778,4912.344379623736,918.7942241986657,72.84507209030876,1326.2384462972873,1048.7860963436447,3124.40550009572,4385.15959197661,4385.15959197661,3124.40550009572,1048.7860963436447,1326.2384462972873,965.3607551128796,57.147499068019975,960.8437650454275,4892.22379991255,11524.409948424365,4892.22379991255,960.8437650454275,57.147499068019975,965.3607551128796
cavallo,4663.999999998171,778.9622101014182,778.9622101014182,563.6054535315594,4613.170068025402,563.6054535315594,327.60293720520394,751.780932726326,751.780932726326,327.60293720520394,1270.0710290660013,580.7433900582763,4563.478859115554,580.7433900582763,1270.0710290660013,865.6423008082908,351.4633089958066,739.3339496261867,739.3339496261867,351.4633089958066,865.6423008082908,583.3926170366635,1281.9707299277593,584.3905565963262,4552.354512428596,584.3905565963262,1281.9707299277593,583.3926170366635,903.3372146524571,880.3787575349788,356.6391920767787,744.5739161004327,744.5739161004327,356.6391920767787,880.3787575349788,903.3372146524571,210.40379339606133,618.0344748604002,1284.9846602394646,581.8020494712216,4566.125509536573,581.8020494712216,1284.9846602394646,618.0344748604002,210.40379339606133
cavallo,15804.999999993799,2251.869400210823,2251.869400210823,3911.121722808009,14471.004535141716,3911.121722808009,2825.758168318322,2192.888146264473,2192.888146264473,2825.758168318322,3216.786065361662,3895.6620027709328,14532.3109661041,3895.6620027709328,3216.786065361662,1851.728180609262,2819.2414292135422,2147.4800972471576,2147.4800972471576,2819.2414292135422,1851.728180609262,3166.6352575583055,3207.164730215963,3893.828270937566,14563.547874253401,3893.828270937566,3207.164730215963,3166.6352575583055,1106.5047179554833,1856.5707583837418,2815.2154053021477,2137.5446537411462,2137.5446537411462,2815.2154053021477,1856.5707583837418,1106.5047179554833,1953.0917468298724,3175.6639602089185,3206.2764588977875,3901.3704467833804,14561.416333961366,3901.3704467833804,3206.2764588977875,3175.6639602089185,1953.0917468298724
cavallo,16135.99999999367,6992.5465205430155,6992.5465205430155,1537.7571491661663,14950.149659858082,1537.7571491661663,4732.143724090283,6839.64693312323,6839.64693312323,4732.143724090283,4007.1182839574626,1528.717285457039,15085.356286726463,1528.717285457039,4007.1182839574626,2000.8253040406344,4716.458649120852,6783.109307330023,6783.109307330023,4716.458649120852,2000.8253040406344,2138.2518392121738,4028.217431059141,1509.0897748809807,15080.147267654704,1509.0897748809807,4028.217431059141,2138.2518392121738,843.5039434629269,2007.8038001069726,4707.935383741595,6803.013819397101,6803.013819397101,4707.935383741595,2007.8038001069726,843.5039434629269,1442.5355878639878,2162.106882676237,4023.996611623106,1518.6355806323556,15055.542617327308,1518.6355806323556,4023.996611623106,2162.106882676237,1442.5355878639878
cavallo,17005.999999993328,4114.182165339668,4114.182165339668,5430.268263310443,15620.671201807932,5430.268263310443,2789.4792488871417,4114.182165339668,4114.182165339668,2789.4792488871417,3454.237300762961,5430.268263310443,15620.91415613252,5430.268263310443,3454.237300762961,3106.684555649841,2789.479248887142,4114.182165339668,4114.182165339668,2789.479248887142,3106.684555649841,2188.2085702773647,3453.5203888895753,5430.268263310443,15621.316643613558,5430.268263310443,3453.5203888895753,2188.2085702773647,1774.298358537415,3106.684555649841,2789.4792488871417,4114.182165339667,4114.182165339667,2789.4792488871417,3106.684555649841,1774.298358537415,1623.5555337964868,2188.2085702773647,3452.5307267250946,5430.268263310443,15621.919691018102,5430.268263310443,3452.5307267250946,2188.2085702773647,1623.5555337964868
cavallo,4193.999999998356,3677.081841440345,3677.081841440345,2509.4715577927327,4115.419501132173,2509.4715577927327,1535.0160528977226,3589.0065739896427,3589.0065739896427,1535.0160528977226,1341.0467134344817,2430.747324677077,4043.260709270785,2430.747324677077,1341.0467134344817,1254.4568395508163,1479.9296773042345,3544.281487896635,3544.281487896635,1479.9296773042345,1254.4568395508163,902.7044517734543,1318.1748160457846,2414.287512709616,4028.3451492444724,2414.287512709616,1318.1748160457846,902.7044517734543,525.7812564564816,1250.044290823006,1485.0216487249609,3549.4885635103856,3549.4885635103856,1485.0216487249609,1250.044290823006,525.7812564564816,504.13826924844045,908.8238608588516,1330.4028754530727,2427.8772281663846,4040.40133058871,2427.8772281663846,1330.4028754530727,908.8238608588516,504.13826924844045
cavallo,17395.999999993175,5193.49184026072,5193.49184026072,2999.3316098896935,16011.138321989183,2999.3316098896935,4112.1423491726955,5193.071148431004,5193.071148431004,4112.1423491726955,3422.5021742424033,2999.5071375678313,16011.988214780766,2999.5071375678313,3422.5021742424033,2336.296110140783,4111.38080743706,5192.697550302507,5192.697550302507,4111.38080743706,2336.296110140783,842.0200085925591,3422.5852167996472,2999.6167745371886,16012.73767075768,2999.6167745371886,3422.5852167996472,842.0200085925591,765.9633877528839,2335.658972297687,4111.061687649167,5192.594542978328,5192.594542978328,4111.061687649167,2335.658972297687,765.9633877528839,1031.4514206282274,842.2636196757301,3421.89048153161,2999.609919108649,16013.256771551107,2999.609919108649,3421.89048153161,842.2636196757301,1031.4514206282274
cavallo,15519.99999999391,6105.84596637397,6105.84596637397,8450.785598628394,14634.122448973849,8450.785598628394,1177.8859007027552,6050.865248910268,6050.865248910268,1177.8859007027552,853.880304978457,8436.919358813659,14836.043068468734,8436.919358813659,853.880304978457,2272.282712772219,1177.6840072156292,6113.966230952842,6113.966230952842,1177.6840072156292,2272.282712772219,409.4612922903891,805.7664363503213,8415.872889808981,14834.367149092599,8415.872889808981,805.7664363503213,409.4612922903891,931.7874851318412,2238.1889889661943,1140.6895829533694,6094.82553059231,6094.82553059231,1140.6895829533694,2238.1889889661943,931.7874851318412,1319.8667463579918,427.1591390894862,855.1928073420319,8432.074330353968,14799.49418187036,8432.074330353968,855.1928073420319,427.1591390894862,1319.8667463579918
cavallo,8179.999999996791,5589.119491395491,5589.119491395491,4720.881158410278,7832.013605439104,4720.881158410278,2029.4810904147987,5387.555950412192,5387.555950412192,2029.4810904147987,836.7936815948387,4559.138199475594,7725.623952979523,4559.138199475594,836.7936815948387,195.66097571855954,2018.7836723646844,5448.432918076706,5448.432918076706,2018.7836723646844,195.66097571855954,703.6911426522352,848.8888563209715,4580.07833599978,7733.041314737084,4580.07833599978,848.8888563209715,703.6911426522352,1082.1528175969638,222.67897281358051,2034.1922506426852,5456.325251564359,5456.325251564359,2034.1922506426852,222.67897281358051,1082.1528175969638,1322.8959933760798,715.5307942571607,839.5830592037137,4562.023210028192,7710.842650336173,4562.023210028192,839.5830592037137,715.5307942571607,1322.8959933760798
cavallo,2827.999999998891,666.5824167398142,666.5824167398142,487.7536804259312,2800.3900226746387,487.7536804259312,888.9527864215029,665.0491438454775,665.0491438454775,888.9527864215029,192.4502999548822,475.6339402435489,2784.615731098604,475.6339402435489,192.4502999548822,383.61745527753305,890.777364753775,662.2386631261483,662.2386631261483,890.777364753775,383.61745527753305,212.41791207194007,196.06730135852553,473.3037885198317,2790.2686140125907,473.3037885198317,196.06730135852553,212.41791207194007,341.8670439249512,389.477363455464,882.7992540240501,657.7174407075842,657.7174407075842,882.7992540240501,389.477363455464,341.8670439249512,210.12478528754352,197.15711933637544,183.43760972591483,473.8296153418381,2791.9988412233724,473.8296153418381,183.43760972591483,197.15711933637544,210.12478528754352
cavallo,3986.9999999984366,3581.9809710314444,3581.9809710314444,2651.691779234919,3972.9138321979885,2651.691779234919,1772.909388024315,3567.4684817083016,3567.4684817083016,1772.909388024315,1330.9949667999408,2646.0030835706916,3955.4859703503084,2646.0030835706916,1330.9949667999408,1267.7623679230524,1780.9747047000487,3555.3224438405055,3555.3224438405055,1780.9747047000487,1267.7623679230524,1267.6728063258167,1349.5572416217337,2642.8743201315506,3945.61237688326,2642.8743201315506,1349.5572416217337,1267.6728063258167,1117.69415322464,1287.6394566388167,1784.651337143999,3551.3053701663794,3551.3053701663794,1784.651337143999,1287.6394566388167,1117.69415322464,877.15243493474,1280.8855024543714,1354.497711708389,2642.833603696573,3945.128676331343,2642.833603696573,1354.497711708389,1280.8855024543714,877.15243493474
cavallo,5930.9999999976735,213.11719036217102,213.11719036217102,2766.959966459466,4964.5963718801395,2766.959966459466,473.8994803760067,45.18305638535506,45.18305638535506,473.8994803760067,636.2809828935603,2786.8618507033457,5138.350209015833,2786.8618507033457,636.2809828935603,627.0918012647737,474.52223557786044,30.78892004027237,30.78892004027237,474.52223557786044,627.0918012647737,1169.4486673637527,654.1271147843327,2808.355136016527,5128.67646429792,2808.355136016527,654.1271147843327,1169.4486673637527,562.4031502902161,612.8890791794854,453.50219186707176,37.16485644096707,37.16485644096707,453.50219186707176,612.8890791794854,562.4031502902161,382.19949235032794,1201.2347503569645,628.5566244373401,2781.402720918718,5101.974022675618,2781.402720918718,628.5566244373401,1201.2347503569645,382.19949235032794
cavallo,15852.999999993779,4755.558822440897,4755.558822440897,2686.838258596087,14476.151927431962,2686.838258596087,4644.949065591712,4744.845466305984,4744.845466305984,4644.949065591712,3945.3895793870865,2685.0780959608223,14487.126583053843,2685.0780959608223,3945.3895793870865,832.0367919423647,4647.794469303293,4735.51994630913,4735.51994630913,4647.794469303293,832.0367919423647,2028.6054445530845,3935.9473876927527,2684.166126476821,14493.997601716326,2684.166126476821,3935.9473876927527,2028.6054445530845,1427.9135242968418,838.4352644516047,4648.754443636753,4731.905247157564,4731.905247157564,4648.754443636753,838.4352644516047,1427.9135242968418,516.6900824267583,2021.876630237108,3932.7238331740527,2684.3943601010433,14495.583673723135,2684.3943601010433,3932.7238331740527,2021.876630237108,516.6900824267583
cavallo,16219.999999993637,1274.2286812265559,1274.2286812265559,4594.959696858119,14834.67120180824,4594.959696858119,2439.4478642445397,1274.2286812265559,1274.2286812265559,2439.4478642445397,989.3594454619496,4594.959696858119,14834.914156132827,4594.959696858119,989.3594454619496,234.1143860601146,2439.44786424454,1274.2286812265559,1274.2286812265559,2439.44786424454,234.1143860601146,993.1400384305225,990.0348587411671,4594.959696858119,14835.31664361387,4594.959696858119,990.0348587411671,993.1400384305225,85.96606944887755,234.11438606011464,2439.44786424454,1274.2286812265559,1274.2286812265559,2439.44786424454,234.11438606011464,85.96606944887755,681.7270002604519,993.1400384305225,990.9673610923442,4594.959696858119,14835.919691018411,4594.959696858119,990.9673610923442,993.1400384305225,681.7270002604519
cavallo,6712.999999997367,5780.952122308891,5780.952122308891,3839.483952741131,6712.999999997367,3839.483952741131,2954.269409044427,5780.952122308891,5780.952122308891,2954.269409044427,3312.845495631788,3839.483952741131,6712.999999997367,3839.483952741131,3312.845495631788,3263.200392690149,2954.269409044427,5780.952122308891,5780.952122308891,2954.269409044427,3263.200392690149,2501.6798950961092,3312.845495631788,3839.483952741131,6712.999999997367,3839.483952741131,3312.845495631788,2501.6798950961092,1356.3361036332326,3263.200392690149,2954.269409044427,5780.952122308891,5780.952122308891,2954.269409044427,3263.200392690149,1356.3361036332326,630.9248299891053,2501.6798950961092,3312.845495631788,3839.483952741131,6712.999999997367,3839.483952741131,3312.845495631788,2501.6798950961092,630.9248299891053
cavallo,10484.999999995887,2778.078806342051,2778.078806342051,3452.4033211591127,9175.090702944246,3452.4033211591127,3369.3270257886106,2752.177053849605,2752.177053849605,3369.3270257886106,2029.5221057347349,3478.949629746262,9191.379132148122,3478.949629746262,2029.5221057347349,2446.965541362713,3357.695838806238,2754.423052268797,2754.423052268797,3357.695838806238,2446.965541362713,350.9419544864124,2020.1827135922063,3471.3375883961803,9180.145440583598,3471.3375883961803,2020.1827135922063,350.9419544864124,1376.2763706019873,2456.645960402753,3362.971726864031,2756.226260922966,2756.226260922966,3362.971726864031,2456.645960402753,1376.2763706019873,396.4346479171424,361.4907067684756,2019.5898092983957,3472.1245651444397,9188.926147363592,3472.1245651444397,2019.5898092983957,361.4907067684756,396.4346479171424
cavallo,28281.999999988904,11239.560488579325,11239.560488579325,5594.181854850583,26910.321995454295,5594.181854850583,4178.040501164073,11242.648928273833,11242.648928273833,4178.040501164073,750.4266427719595,5605.398340258802,26925.022752854755,5605.398340258802,750.4266427719595,286.77593796801943,4195.33466131656,11244.64096857053,11244.64096857053,4195.33466131656,286.77593796801943,1534.4490188331076,769.1974510785632,5610.181901467487,26930.743535796537,5610.181901467487,769.1974510785632,1534.4490188331076,1235.0387499071533,277.6400873071505,4199.165115827191,11244.766203071404,11244.766203071404,4199.165115827191,277.6400873071505,1235.0387499071533,345.9714757109221,1548.5607432095028,770.7476516654226,5609.577315119917,26929.716081357437,5609.577315119917,770.7476516654226,1548.5607432095028,345.9714757109221
cavallo,31082.999999987805,6628.906040097585,6628.906040097585,5479.713330719473,30889.027210872235,5479.713330719473,4546.656333930896,6456.983171858436,6456.983171858436,4546.656333930896,5039.744444173071,5355.92347293345,30833.36685330519,5355.92347293345,5039.744444173071,4632.496396926744,4616.4700620210315,6471.844956058331,6471.844956058331,4616.4700620210315,4632.496396926744,2540.9887629594323,5065.9326846819995,5392.196731442257,30870.04474902113,5392.196731442257,5065.9326846819995,2540.9887629594323,327.3162982017701,4637.201665356683,4583.013613301051,6486.943446283861,6486.943446283861,4583.013613301051,4637.201665356683,327.3162982017701,2706.0590718928115,2548.4704585075506,5048.123333430748,5386.133552998293,30857.811761464014,5386.133552998293,5048.123333430748,2548.4704585075506,2706.0590718928115
cavallo,22828.999999991043,8834.843975711312,8834.843975711312,2388.307472070686,22321.689342394868,2388.307472070686,278.90372209428796,8507.997681150373,8507.997681150373,278.90372209428796,1840.9927428887595,2412.214682493657,22273.83261603087,2412.214682493657,1840.9927428887595,1429.9916946802593,288.3078027343955,8579.032379188731,8579.032379188731,288.3078027343955,1429.9916946802593,558.8412062018989,1794.8421239459658,2397.663327109567,22291.649301526064,2397.663327109567,1794.8421239459658,558.8412062018989,1263.0994460880313,1426.3868423127562,295.61695957833786,8552.861087269268,8552.861087269268,295.61695957833786,1426.3868423127562,1263.0994460880313,101.491047163885,582.5584222440535,1828.491748950518,2401.0475314594883,22266.040666033674,2401.0475314594883,1828.491748950518,582.5584222440535,101.491047163885
cavallo,5710.999999997761,856.4686459875311,856.4686459875311,1417.0996579134808,5086.628117911838,1417.0996579134808,858.7427268421194,811.8855913133395,811.8855913133395,858.7427268421194,562.4738872481101,1431.1222890443903,5059.901846450883,1431.1222890443903,562.4738872481101,375.83540091048155,898.7298455611535,759.2491022337483,759.2491022337483,898.7298455611535,375.83540091048155,821.7292452835924,559.4443859814791,1446.595240011069,5084.117387829969,1446.595240011069,559.4443859814791,821.7292452835924,666.3325638015306,387.2639795241888,879.6416330577159,777.466517082375,777.466517082375,879.6416330577159,387.2639795241888,666.3325638015306,331.19925811233196,835.2696276647398,548.3221949276855,1447.8321764280738,5053.844250451777,1447.8321764280738,548.3221949276855,835.2696276647398,331.19925811233196
cavallo,13729.999999994614,4580.32040611501,4580.32040611501,1445.8468632907552,13729.999999994614,1445.8468632907552,1314.5588225796644,4580.32040611501,4580.32040611501,1314.5588225796644,2482.027555697369,1445.8468632907552,13729.999999994614,1445.8468632907552,2482.027555697369,2050.5950859680565,1314.5588225796644,4580.32040611501,4580.32040611501,1314.5588225796644,2050.5950859680565,1267.4829951018971,2482.027555697369,1445.8468632907552,13729.999999994614,1445.8468632907552,2482.027555697369,1267.4829951018971,1741.7327310638236,2050.5950859680565,1314.5588225796644,4580.32040611501,4580.32040611501,1314.5588225796644,2050.5950859680565,1741.7327310638236,658.7997472341033,1267.4829951018971,2482.027555697369,1445.8468632907552,13729.999999994614,1445.8468632907552,2482.027555697369,1267.4829951018971,658.7997472341033
cavallo,11160.99999999562,907.6540545755784,907.6540545755784,5969.0857253420745,10695.848072558161,5969.0857253420745,1458.8681727723756,670.9665597433632,670.9665597433632,1458.8681727723756,1685.2658275172496,5878.271129073857,10705.876054726083,5878.271129073857,1685.2658275172496,2535.9427699592184,1426.0563249669985,739.9409480984593,739.9409480984593,1426.0563249669985,2535.9427699592184,1626.4017304977717,1705.33204027005,5908.682931095386,10716.146709592234,5908.682931095386,1705.33204027005,1626.4017304977717,1009.2830335594296,2532.4588799962685,1429.1516602706572,708.1544433721577,708.1544433721577,1429.1516602706572,2532.4588799962685,1009.2830335594296,899.2909869940761,1633.8948867697497,1700.127597883181,5891.607189862471,10689.776817000347,5891.607189862471,1700.127597883181,1633.8948867697497,899.2909869940761
cavallo,1369.999999999463,204.56859751103002,204.56859751103002,457.63762478675716,1369.999999999463,457.63762478675716,468.8199791934215,204.56859751103002,204.56859751103002,468.8199791934215,671.3754888730743,457.63762478675716,1369.999999999463,457.63762478675716,671.3754888730743,117.9164286946171,468.8199791934215,204.56859751103002,204.56859751103002,468.8199791934215,117.9164286946171,490.31552151755596,671.3754888730743,457.63762478675716,1369.999999999463,457.63762478675716,671.3754888730743,490.31552151755596,310.4201317774329,117.9164286946171,468.8199791934215,204.56859751103002,204.56859751103002,468.8199791934215,117.9164286946171,310.4201317774329,312.0336720620244,490.31552151755596,671.3754888730743,457.63762478675716,1369.999999999463,457.63762478675716,671.3754888730743,490.31552151755596,312.0336720620244
cavallo,25290.999999990076,11011.846637187791,11011.846637187791,6378.243127007084,24941.362811781597,6378.243127007084,2639.2132457782504,11050.482293475308,11050.482293475308,2639.2132457782504,4251.763765871289,6347.183592166832,24781.58929148919,6347.183592166832,4251.763765871289,1919.975021901616,2670.5229924368996,11037.58261941991,11037.58261941991,2670.5229924368996,1919.975021901616,982.3550297719282,4245.365178750783,6373.591667582681,24834.775820398412,6373.591667582681,4245.365178750783,982.3550297719282,575.5759198086323,1896.8349801488894,2641.057668528006,11051.976530109705,11051.976530109705,2641.057668528006,1896.8349801488894,575.5759198086323,1117.703676893377,1000.3146900881039,4234.1692495223115,6359.67607164471,24838.84556097092,6359.67607164471,4234.1692495223115,1000.3146900881039,1117.703676893377
cavallo,13684.99999999463,2198.13274425756,2198.13274425756,2345.4714452169196,12413.852607704881,2345.4714452169196,4109.7211587716365,2137.708032028558,2137.708032028558,4109.7211587716365,2058.670967220133,2346.1776362015594,12469.433276253458,2346.1776362015594,2058.670967220133,488.7233229196606,4088.932601470449,2105.8322675096388,2105.8322675096388,4088.932601470449,488.7233229196606,1973.6085895959488,2052.854414615096,2335.5658607205955,12495.796379885009,2335.5658607205955,2052.854414615096,1973.6085895959488,726.9828393011968,472.4686642067332,4093.800991055992,2097.9083380802786,2097.9083380802786,4093.800991055992,472.4686642067332,726.9828393011968,136.14434615096542,1958.3180634033197,2057.208070298748,2324.1199281218032,12482.70824857217,2324.1199281218032,2057.208070298748,1958.3180634033197,136.14434615096542
cavallo,7439.999999997082,1785.2771231230374,1785.2771231230374,842.9485390120292,6304.780045349001,842.9485390120292,1603.6007244467114,1596.277499928478,1596.277499928478,1603.6007244467114,2449.471351049872,919.3441036889484,6421.033890197552,919.3441036889484,2449.471351049872,936.3549366412079,1648.6405465118785,1579.5832202431418,1579.5832202431418,1648.6405465118785,936.3549366412079,1430.5246721808253,2443.621416166565,881.4626510363045,6402.752300151065,881.4626510363045,2443.621416166565,1430.5246721808253,780.8775779574146,917.9996940169829,1610.9327299143981,1591.923713157931,1591.923713157931,1610.9327299143981,917.9996940169829,780.8775779574146,670.991345314701,1406.5386915788993,2448.7445762480106,883.6370542696341,6407.61909449189,883.6370542696341,2448.7445762480106,1406.5386915788993,670.991345314701
cavallo,13334.999999994769,4794.539773927033,4794.539773927033,3097.409590279865,13102.927437636583,3097.409590279865,5075.477530636592,4855.375697626284,4855.375697626284,5075.477530636592,2920.3849692643466,3100.69912860101,13075.20127415533,3100.69912860101,2920.3849692643466,454.4615942161908,5060.937536534818,4853.333230137885,4853.333230137885,5060.937536534818,454.4615942161908,1392.9722395769834,2926.1588001754426,3117.9906374192497,13049.138521381432,3117.9906374192497,2926.1588001754426,1392.9722395769834,496.4790979840818,458.6925958427843,5055.034634574055,4863.810106519898,4863.810106519898,5055.034634574055,458.6925958427843,496.4790979840818,1363.9422616486263,1379.5669732539186,2919.0002764854567,3101.672646248635,13069.943224480507,3101.672646248635,2919.0002764854567,1379.5669732539186,1363.9422616486263
cavallo,2702.9999999989395,2436.1195552948284,2436.1195552948284,1838.0064273090638,2621.902494330037,1838.0064273090638,1160.5433732232177,2384.4503032767143,2384.4503032767143,1160.5433732232177,601.0914818371261,1836.0792595960104,2581.1974177415946,1836.0792595960104,601.0914818371261,295.9233227944307,1164.5517689279086,2376.0785987525614,2376.0785987525614,1164.5517689279086,295.9233227944307,351.3904114001521,595.6777533305743,1824.8965501565767,2602.045997380626,1824.8965501565767,595.6777533305743,351.3904114001521,462.45165385128695,287.6565996039243,1154.7103926189204,2387.4150992419463,2387.4150992419463,1154.7103926189204,287.6565996039243,462.45165385128695,435.92062099900846,344.4306819132911,597.5645820911853,1823.2678782951646,2613.0307468105493,1823.2678782951646,597.5645820911853,344.4306819132911,435.92062099900846
cavallo,2861.9999999988777,2741.4764204922117,2741.4764204922117,2444.3051464194805,2840.0634920623784,2444.3051464194805,2085.2996078371757,2721.7163026600997,2721.7163026600997,2085.2996078371757,1773.3619821570844,2441.5239900496904,2813.6515032305747,2441.5239900496904,1773.3619821570844,1544.5811800854256,2095.626958568036,2704.3024394777517,2704.3024394777517,2095.626958568036,1544.5811800854256,1359.700442077129,1777.335605170659,2435.3942568853745,2799.0460530202345,2435.3942568853745,1777.335605170659,1359.700442077129,1171.6316667925444,1530.410357999846,2094.08771743643,2696.86273384723,2696.86273384723,2094.08771743643,1530.410357999846,1171.6316667925444,970.0622527068199,1336.4061640713717,1776.0154020867012,2430.355609842064,2797.6412862240795,2430.355609842064,1776.0154020867012,1336.4061640713717,970.0622527068199
cavallo,5752.9999999977435,4509.701622632347,4509.701622632347,1736.2999319595215,5671.108843535191,1736.2999319595215,1303.6473159568916,4417.799162408792,4417.799162408792,1303.6473159568916,2167.4933995355304,1658.982863937933,5593.599873507302,1658.982863937933,2167.4933995355304,1426.0557945098828,1338.2926031102638,4369.0260297259,4369.0260297259,1338.2926031102638,1426.0557945098828,563.8625775971179,2186.6558129325713,1640.6562100715796,5577.197161555347,1640.6562100715796,2186.6558129325713,563.8625775971179,1087.414162552392,1425.6588388813657,1333.4879783602591,4375.684886615919,4375.684886615919,1333.4879783602591,1425.6588388813657,1087.414162552392,931.5075496494238,554.415333237677,2174.0788976553076,1655.833182210078,5593.649079188929,1655.833182210078,2174.0788976553076,554.415333237677,931.5075496494238
cavallo,4985.999999998045,902.7936143385534,902.7936143385534,395.72767809810534,4387.083900225037,395.72767809810534,265.76431791697456,720.4605963979844,720.4605963979844,265.76431791697456,932.3700217497973,480.23839746212104,4398.914433799006,480.23839746212104,932.3700217497973,164.73923358385568,230.1439240205001,807.5761771760267,807.5761771760267,230.1439240205001,164.73923358385568,776.2885678289013,978.7521823885553,461.7855173798232,4322.151741989761,461.7855173798232,978.7521823885553,776.2885678289013,280.1487889461298,159.69417347399877,238.61375251162778,783.1898858259314,783.1898858259314,238.61375251162778,159.69417347399877,280.1487889461298,210.51746634754343,800.1368119387091,980.3597161450697,460.7909099622443,4336.042837542509,460.7909099622443,980.3597161450697,800.1368119387091,210.51746634754343
cavallo,4002.9999999984293,2766.7673143485304,2766.7673143485304,958.5395981430668,3545.312925168678,958.5395981430668,729.7823688875014,2628.317110031501,2628.317110031501,729.7823688875014,287.3934967205058,1005.9008722933763,3528.7579095116275,1005.9008722933763,287.3934967205058,512.2207714062037,722.2722974859488,2631.7015752154994,2631.7015752154994,722.2722974859488,512.2207714062037,492.12255944999873,302.39572695505785,1001.1337540312068,3569.6698469420107,1001.1337540312068,302.39572695505785,492.12255944999873,47.823804352006896,487.7440088197454,720.2637134191891,2621.5853898115356,2621.5853898115356,720.2637134191891,487.7440088197454,47.823804352006896,227.12462773151688,493.76210712178596,273.46872191055013,986.1178027906409,3529.7163768218325,986.1178027906409,273.46872191055013,493.76210712178596,227.12462773151688
cavallo,38229.999999985,9043.117173792783,9043.117173792783,3644.586385495486,36939.392290234944,3644.586385495486,6888.560246096355,9119.163702133828,9119.163702133828,6888.560246096355,5063.17642157717,3664.136236862925,36978.53446864824,3664.136236862925,5063.17642157717,3789.3817336021048,6873.2741729406725,9113.772155172508,9113.772155172508,6873.2741729406725,3789.3817336021048,324.071942745371,5061.466187035668,3657.0858421907665,36962.319077608234,3657.0858421907665,5061.466187035668,324.071942745371,1471.2129591356572,3830.092137854158,6871.279092883913,9103.724109316609,9103.724109316609,6871.279092883913,3830.092137854158,1471.2129591356572,1646.432261073504,343.38180583055953,5067.282424306996,3659.8654128940725,36970.37409593433,3659.8654128940725,5067.282424306996,343.38180583055953,1646.432261073504
cavallo,2564.999999998994,2371.1387927381274,2371.1387927381274,1882.3141961798026,2564.999999998994,1882.3141961798026,1324.8991359605118,2371.1387927381274,2371.1387927381274,1324.8991359605118,933.3626863579302,1882.3141961798026,2564.999999998994,1882.3141961798026,933.3626863579302,768.6861950746788,1324.8991359605118,2371.1387927381274,2371.1387927381274,1324.8991359605118,768.6861950746788,669.0264104822213,933.3626863579302,1882.3141961798026,2564.999999998994,1882.3141961798026,933.3626863579302,669.0264104822213,537.6111767725331,768.6861950746788,1324.8991359605118,2371.1387927381274,2371.1387927381274,1324.8991359605118,768.6861950746788,537.6111767725331,467.1649234951863,669.0264104822213,933.3626863579302,1882.3141961798026,2564.999999998994,1882.3141961798026,933.3626863579302,669.0264104822213,467.1649234951863
cavallo,9824.999999996147,5569.110806901566,5569.110806901566,2249.4885715426067,8755.666666663232,2249.4885715426067,663.2301288104678,5422.485774585663,5422.485774585663,663.2301288104678,1796.7480332095008,2196.0514186875116,8876.279991358142,2196.0514186875116,1796.7480332095008,1858.3714598776626,582.6096864539834,5407.219638126694,5407.219638126694,582.6096864539834,1858.3714598776626,1440.0766559776007,1836.3662690511906,2224.3182634367085,8841.636310550906,2224.3182634367085,1836.3662690511906,1440.0766559776007,771.3271669024041,1836.7007363310117,621.0472473257976,5418.6114934147645,5418.6114934147645,621.0472473257976,1836.7007363310117,771.3271669024041,758.5807224227556,1453.7643749615345,1811.0754067650657,2213.2980021605167,8849.20914278662,2213.2980021605167,1811.0754067650657,1453.7643749615345,758.5807224227556
cavallo,994.9999999996098,823.8135633648861,823.8135633648861,548.7483384257583,823.9841269838039,548.7483384257583,264.4468172881363,720.0497982734963,720.0497982734963,264.4468172881363,70.66960754624415,487.26626386391484,803.9040677492336,487.26626386391484,70.66960754624415,34.02658614654535,234.45135674569408,708.2142743549695,708.2142743549695,234.45135674569408,34.02658614654535,103.08246816380841,54.23755314560925,479.6206309824576,816.9240198816094,479.6206309824576,54.23755314560925,103.08246816380841,156.63330435503156,29.550737876117363,219.53918214333234,722.8510038283356,722.8510038283356,219.53918214333234,29.550737876117363,156.63330435503156,151.08590835615144,101.84438407215043,56.5097007943224,481.97808234153297,799.1919017014251,481.97808234153297,56.5097007943224,101.84438407215043,151.08590835615144
cavallo,8180.999999996791,1184.8101840819347,1184.8101840819347,4547.96685627726,7737.163265303088,4547.96685627726,141.87917437959896,1428.8716648892969,1428.8716648892969,141.87917437959896,1183.6753318470132,4571.895376885409,7677.78991777816,4571.895376885409,1183.6753318470132,1268.4896390798317,241.1885850286497,1373.0200470931186,1373.0200470931186,241.1885850286497,1268.4896390798317,1133.756574484973,1191.7070107212612,4589.789883946743,7719.502470780279,4589.789883946743,1191.7070107212612,1133.756574484973,464.18388885226454,1199.8594489486698,189.13499083571259,1390.6617915822555,1390.6617915822555,189.13499083571259,1199.8594489486698,464.18388885226454,1546.9106079705891,1124.886660877934,1161.4338036151094,4563.856099622417,7683.714337696316,4563.856099622417,1161.4338036151094,1124.886660877934,1546.9106079705891
cavallo,6331.999999997516,5198.693194999701,5198.693194999701,2839.820034105737,6331.999999997516,2839.820034105737,1303.4082632628101,5198.693194999701,5198.693194999701,1303.4082632628101,659.3253092758525,2839.820034105737,6331.999999997516,2839.820034105737,659.3253092758525,761.2613642302925,1303.4082632628101,5198.693194999701,5198.693194999701,1303.4082632628101,761.2613642302925,1235.8208266798035,659.3253092758525,2839.820034105737,6331.999999997516,2839.820034105737,659.3253092758525,1235.8208266798035,1023.6190789657154,761.2613642302925,1303.4082632628101,5198.693194999701,5198.693194999701,1303.4082632628101,761.2613642302925,1023.6190789657154,890.8072776552032,1235.8208266798035,659.3253092758525,2839.820034105737,6331.999999997516,2839.820034105737,659.3253092758525,1235.8208266798035,890.8072776552032
cavallo,11244.999999995587,8517.047969429077,8517.047969429077,3925.657791229095,10818.482993193034,3925.657791229095,2495.980033534573,8218.319700341404,8218.319700341404,2495.980033534573,2194.2613232126796,3866.6669108864985,10698.850340131856,3866.6669108864985,2194.2613232126796,1668.4339484827713,2498.974074308665,8249.643208113243,8249.643208113243,2498.974074308665,1668.4339484827713,1238.7618826367354,2193.5797857874018,3906.4701655820913,10754.583130215695,3906.4701655820913,2193.5797857874018,1238.7618826367354,1329.3893072567073,1660.4113857532275,2503.5437625437926,8257.001948074303,8257.001948074303,2503.5437625437926,1660.4113857532275,1329.3893072567073,1415.9005075660157,1228.4920070038636,2195.90204221614,3886.056138927771,10727.20382784192,3886.056138927771,2195.90204221614,1228.4920070038636,1415.9005075660157
cavallo,3977.9999999984398,1180.702345910717,1180.702345910717,602.252594832425,3764.970521540474,602.252594832425,803.3957046135895,1228.7444012342096,1228.7444012342096,803.3957046135895,645.6410530098864,597.859344686908,3625.215203540313,597.859344686908,645.6410530098864,343.4552078787008,830.0141356656061,1231.5449538633309,1231.5449538633309,830.0141356656061,343.4552078787008,302.03108448272053,652.2288425096194,564.6293675188101,3606.154036649025,564.6293675188101,652.2288425096194,302.03108448272053,79.75610733699523,358.0933252876181,809.4281480321363,1223.591047363551,1223.591047363551,809.4281480321363,358.0933252876181,79.75610733699523,243.66166809126128,302.1950934191066,654.0722308903198,578.4309051543878,3621.7131547904883,578.4309051543878,654.0722308903198,302.1950934191066,243.66166809126128
cavallo,4048.9999999984125,2195.861459708122,2195.861459708122,1097.3186199999325,3819.1723355994095,1097.3186199999325,1827.682808620356,2097.474114584629,2097.474114584629,1827.682808620356,1544.7143730946677,1069.3753740204938,3866.2358430885542,1069.3753740204938,1544.7143730946677,850.9363565278053,1795.2029514922867,2153.9045099883333,2153.9045099883333,1795.2029514922867,850.9363565278053,885.9109045188111,1516.6468742540128,1100.1479179881983,3850.845903534223,1100.1479179881983,1516.6468742540128,885.9109045188111,1023.9444125063496,884.346023961153,1807.2235149852836,2134.0961753572938,2134.0961753572938,1807.2235149852836,884.346023961153,1023.9444125063496,729.8829417989679,899.7230333415374,1520.4996691285744,1102.044680969925,3845.2575719168663,1102.044680969925,1520.4996691285744,899.7230333415374,729.8829417989679
cavallo,14311.999999994385,7577.705024610238,7577.705024610238,2941.5909015118514,14078.049886615794,2941.5909015118514,599.3980352949999,7578.732294272524,7578.732294272524,599.3980352949999,2146.991017473665,2857.324020662786,13955.981612594212,2857.324020662786,2146.991017473665,2332.1779491448146,627.3335148758056,7538.698536571511,7538.698536571511,627.3335148758056,2332.1779491448146,708.0299981520105,2119.3336935508955,2849.859157499245,13947.655731795667,2849.859157499245,2119.3336935508955,708.0299981520105,452.3697175799169,2320.022693901352,611.1698817637011,7550.938900031211,7550.938900031211,611.1698817637011,2320.022693901352,452.3697175799169,669.2541332567613,725.7028993224912,2143.2678747558366,2855.257646684164,13959.19202177383,2855.257646684164,2143.2678747558366,725.7028993224912,669.2541332567613
cavallo,11363.999999995543,6630.101743739267,6630.101743739267,2343.8799596729827,10780.308390018447,2343.8799596729827,6105.224040944437,6286.069841524449,6286.069841524449,6105.224040944437,2665.384243887093,2390.510791402847,10759.337004638906,2390.510791402847,2665.384243887093,2687.1415046629468,6039.986628659262,6364.988098266725,6364.988098266725,6039.986628659262,2687.1415046629468,3457.5386356067665,2629.099738238233,2369.1651816104845,10771.628574360238,2369.1651816104845,2629.099738238233,3457.5386356067665,482.70759552774285,2671.5379395742743,6067.199827792087,6330.085722062377,6330.085722062377,6067.199827792087,2671.5379395742743,482.70759552774285,2164.160295613522,3438.788832276017,2649.3596059144065,2382.4694493741677,10765.226765974445,2382.4694493741677,2649.3596059144065,3438.788832276017,2164.160295613522
cavallo,5767.999999997737,144.43627520800067,144.43627520800067,1971.9058881928486,4555.709750565107,1971.9058881928486,957.6875945539468,209.99839273955567,209.99839273955567,957.6875945539468,272.15565958139206,1944.8989962491312,4706.748175912511,1944.8989962491312,272.15565958139206,268.1803683697868,943.7453904648802,236.36668916775628,236.36668916775628,943.7453904648802,268.1803683697868,797.7014164766263,256.5335128333654,1938.0426007164122,4734.664510335506,1938.0426007164122,256.5335128333654,797.7014164766263,293.8942701895848,243.79813132493072,946.9912590526596,222.74019342780306,222.74019342780306,946.9912590526596,243.79813132493072,293.8942701895848,617.5282516718272,787.36637952484,287.07960218428605,1946.1053074206757,4708.065488953294,1946.1053074206757,287.07960218428605,787.36637952484,617.5282516718272
cavallo,20475.999999991967,7924.286302982622,7924.286302982622,7574.700990528204,19396.013605434568,7574.700990528204,5641.835704291874,8133.7434624333355,8133.7434624333355,5641.835704291874,3928.863378208085,7564.29066758948,19501.280886042914,7564.29066758948,3928.863378208085,2855.8438571145794,5627.035803540362,8119.573307915331,8119.573307915331,5627.035803540362,2855.8438571145794,2221.166688086555,3946.216679156286,7551.207174182283,19456.48251926125,7551.207174182283,3946.216679156286,2221.166688086555,1875.7381239981046,2846.871156178646,5617.149597314433,8102.916709653703,8102.916709653703,5617.149597314433,2846.871156178646,1875.7381239981046,1378.2744874707803,2219.4920128779218,3933.534440869043,7552.347960655165,19466.567230997432,7552.347960655165,3933.534440869043,2219.4920128779218,1378.2744874707803
cavallo,10769.999999995774,4435.604780300304,4435.604780300304,1805.3645039406108,10195.950113374685,1805.3645039406108,1669.9953426617105,4253.555070265279,4253.555070265279,1669.9953426617105,3127.200686324471,1746.5553738627484,10191.483270855366,1746.5553738627484,3127.200686324471,1653.0006424478754,1678.4017218941196,4249.526385169242,4249.526385169242,1678.4017218941196,1653.0006424478754,633.4376819474368,3060.4558493630725,1766.4590186088078,10174.845478830244,1766.4590186088078,3060.4558493630725,633.4376819474368,1264.3112213825568,1659.0393524521742,1658.023250344198,4269.850792630999,4269.850792630999,1658.023250344198,1659.0393524521742,1264.3112213825568,871.3737752636595,624.193514382083,3106.7660380453153,1755.0469423370394,10165.491444322513,1755.0469423370394,3106.7660380453153,624.193514382083,871.3737752636595
cavallo,16553.999999993506,13079.749492928635,13079.749492928635,6484.927432513083,16550.42176870099,6484.927432513083,283.31346663227174,13080.25718523397,13080.25718523397,283.31346663227174,4171.748093688543,6486.508504506952,16550.51737701234,6486.508504506952,4171.748093688543,4532.882763897942,283.4111090779411,13080.59180498308,13080.59180498308,283.4111090779411,4532.882763897942,2246.356151607595,4171.449850771903,6484.589347272775,16551.414181544285,6484.589347272775,4171.449850771903,2246.356151607595,963.0861482368039,4533.2771525889375,284.0849205178294,13080.559097725516,13080.559097725516,284.0849205178294,4533.2771525889375,963.0861482368039,2824.459612243819,2246.409956553882,4170.252610064579,6485.858044624782,16550.288652101477,6485.858044624782,4170.252610064579,2246.409956553882,2824.459612243819
cavallo,11100.999999995645,2631.960298615614,2631.960298615614,3686.784003760868,10170.92290249034,3686.784003760868,3696.9688254356524,2377.3894411161127,2377.3894411161127,3696.9688254356524,405.6224344405307,3674.7058766774135,10197.080522000719,3674.7058766774135,405.6224344405307,1019.9600177638937,3624.071645450643,2449.5595215042276,2449.5595215042276,3624.071645450643,1019.9600177638937,1850.662242960554,395.98718218170416,3689.7678071491287,10194.227732844032,3689.7678071491287,395.98718218170416,1850.662242960554,598.4027239490972,1011.7629891528626,3647.9461469130356,2434.5557195471515,2434.5557195471515,3647.9461469130356,1011.7629891528626,598.4027239490972,1131.8167325707573,1855.4352916881917,394.70270039371036,3684.8624843900334,10172.851232566813,3684.8624843900334,394.70270039371036,1855.4352916881917,1131.8167325707573
cavallo,12917.999999994934,6954.3306482894395,6954.3306482894395,1795.8016325994029,12554.122448974667,1795.8016325994029,2028.4203598460736,6761.796044928475,6761.796044928475,2028.4203598460736,1384.6221894530154,1737.2160193707,12623.079735290525,1737.2160193707,1384.6221894530154,1545.9998146776668,2036.319601267441,6812.48533275695,6812.48533275695,2036.319601267441,1545.9998146776668,901.0199724504573,1411.7479207215542,1767.4530159622184,12587.989621071663,1767.4530159622184,1411.7479207215542,901.0199724504573,1189.7786457608102,1553.4470166724177,2030.8740435056402,6789.16980079867,6789.16980079867,2030.8740435056402,1553.4470166724177,1189.7786457608102,1527.8638137915677,913.2964062707946,1408.9207589442951,1738.6996169797078,12606.25284059763,1738.6996169797078,1408.9207589442951,913.2964062707946,1527.8638137915677
cavallo,19327.999999992415,8464.604887714455,8464.604887714455,639.6268277855437,18512.42176870022,639.6268277855437,5238.548121798833,8340.39821780528,8340.39821780528,5238.548121798833,2841.4132817243667,553.7492738518814,18487.045397743685,553.7492738518814,2841.4132817243667,3731.506671789035,5264.558726422962,8367.96272366383,8367.96272366383,5264.558726422962,3731.506671789035,922.9815160539225,2791.1826713902265,568.1233227285578,18487.52227464476,568.1233227285578,2791.1826713902265,922.9815160539225,636.837331876509,3718.90368332392,5231.409840431888,8359.421703172522,8359.421703172522,5231.409840431888,3718.90368332392,636.837331876509,2034.3169830369911,910.5448523484744,2825.1809724107857,562.9025803322511,18480.907234218495,562.9025803322511,2825.1809724107857,910.5448523484744,2034.3169830369911
cavallo,14884.99999999416,1404.2762560514045,1404.2762560514045,6641.640379884908,13523.421768702177,6641.640379884908,1156.380639849679,1375.2914017881292,1375.2914017881292,1156.380639849679,2935.337001495913,6668.410692936847,13553.974840724624,6668.410692936847,2935.337001495913,912.4858649561114,1163.373938761878,1349.5616799650463,1349.5616799650463,1163.373938761878,912.4858649561114,2296.4224798916066,2951.128780898628,6686.078847495825,13573.58617522813,6686.078847495825,2951.128780898628,2296.4224798916066,506.2358768078789,921.5205158027568,1160.496200665319,1338.4431692370874,1338.4431692370874,1160.496200665319,921.5205158027568,506.2358768078789,1070.8913776590396,2301.230782055827,2952.2802068064125,6690.6181429742055,13578.571269540975,6690.6181429742055,2952.2802068064125,2301.230782055827,1070.8913776590396
cavallo,8823.99999999654,1660.1153780226105,1660.1153780226105,2911.2156319757773,8029.015873012724,2911.2156319757773,510.6635466493482,1543.9403247344783,1543.9403247344783,510.6635466493482,1615.625461420081,2881.945659784785,8036.672065648506,2881.945659784785,1615.625461420081,593.7321299537767,526.8491173403601,1572.409354621433,1572.409354621433,526.8491173403601,593.7321299537767,1407.1310796463954,1638.0445167401933,2852.555728769678,7986.878280477806,2852.555728769678,1638.0445167401933,1407.1310796463954,523.3040256936373,604.7201613625189,514.4349669660426,1562.039774074224,1562.039774074224,514.4349669660426,604.7201613625189,523.3040256936373,796.6518506552687,1419.915579137152,1625.9966486923993,2869.1699130532447,8008.8984334233655,2869.1699130532447,1625.9966486923993,1419.915579137152,796.6518506552687
cavallo,16458.999999993543,3514.066425058266,3514.066425058266,5584.572253246142,15073.671201808145,5584.572253246142,2510.386977160111,3514.066425058266,3514.066425058266,2510.386977160111,3514.4987957577,5584.572253246142,15073.914156132732,5584.572253246142,3514.4987957577,1294.9377162014703,2510.386977160111,3514.0664250582663,3514.0664250582663,2510.386977160111,1294.9377162014703,2976.165831246822,3513.843424495649,5584.572253246142,15074.316643613774,5584.572253246142,3513.843424495649,2976.165831246822,696.5262668147417,1294.93771620147,2510.386977160111,3514.066425058266,3514.066425058266,2510.386977160111,1294.93771620147,696.5262668147417,1716.2752332689242,2976.165831246822,3512.9387561515064,5584.572253246142,15074.919691018315,5584.572253246142,3512.9387561515064,2976.165831246822,1716.2752332689242
cavallo,14608.999999994268,8562.978328724012,8562.978328724012,3170.581391490343,14128.129251695136,3170.581391490343,2077.6348167969322,8462.749272764404,8462.749272764404,2077.6348167969322,2220.955860476837,3136.3773893591892,14035.539435723433,3136.3773893591892,2220.955860476837,1644.9680661703214,2150.216685396876,8444.150608533035,8444.150608533035,2150.216685396876,1644.9680661703214,896.9459727470654,2263.5391850990713,3100.857793157999,14030.375139205933,3100.857793157999,2263.5391850990713,896.9459727470654,919.1451024310145,1632.6645053587722,2127.803054386182,8423.070313136313,8423.070313136313,2127.803054386182,1632.6645053587722,919.1451024310145,317.62303123185916,884.0656888086864,2244.474088999174,3141.8496805321884,14053.497714142863,3141.8496805321884,2244.474088999174,884.0656888086864,317.62303123185916
cavallo,4987.999999998044,2710.801374695932,2710.801374695932,2453.372225433719,4793.814058955036,2453.372225433719,1727.518500358262,2731.4132700695523,2731.4132700695523,1727.518500358262,785.5778367136628,2453.219717797562,4667.386551897842,2453.219717797562,785.5778367136628,801.493043030996,1698.5831727591587,2674.417028627121,2674.417028627121,1698.5831727591587,801.493043030996,202.66728015368037,781.6775715701999,2442.7368838242596,4676.13568149879,2442.7368838242596,781.6775715701999,202.66728015368037,328.5334170234955,849.4508612636644,1692.7970490854382,2631.536840418797,2631.536840418797,1692.7970490854382,849.4508612636644,328.5334170234955,344.31566291197953,208.74001553174932,771.927092871926,2440.378009229396,4687.1122402775245,2440.378009229396,771.927092871926,208.74001553174932,344.31566291197953
cavallo,6416.9999999974825,3248.3155474682135,3248.3155474682135,1980.018583491889,5946.873015870684,1980.018583491889,580.4785196130898,3255.906537246337,3255.906537246337,580.4785196130898,479.2027327537233,1928.4348600516573,5907.46570101732,1928.4348600516573,479.2027327537233,1260.5794979740338,509.1712185933889,3272.1077281506837,3272.1077281506837,509.1712185933889,1260.5794979740338,712.3940878765447,466.0797603806141,1897.5024832711692,5916.219227762452,1897.5024832711692,466.0797603806141,712.3940878765447,609.5430764414656,1258.004804492287,509.4518638521881,3270.9168503280866,3270.9168503280866,509.4518638521881,1258.004804492287,609.5430764414656,975.1603673644107,724.8640249083519,482.8247613495081,1925.4958972628576,5894.8000308994815,1925.4958972628576,482.8247613495081,724.8640249083519,975.1603673644107
cavallo,12556.999999995076,3732.733407932599,3732.733407932599,2962.8262944453163,11991.489795913665,2962.8262944453163,3132.5931642872793,3710.029801498725,3710.029801498725,3132.5931642872793,1094.6920412649588,2813.7378249001763,11834.973807205317,2813.7378249001763,1094.6920412649588,1647.253365217243,3079.7186995739635,3660.215010732902,3660.215010732902,3079.7186995739635,1647.253365217243,675.6591787750652,1054.103096272734,2859.083391913921,11858.565842409978,2859.083391913921,1054.103096272734,675.6591787750652,432.618268790294,1625.1843372623284,3096.289811720779,3679.848636417985,3679.848636417985,3096.289811720779,1625.1843372623284,432.618268790294,443.9478455751755,635.2636036895344,1093.7574323294953,2846.0286483233326,11855.645927030871,2846.0286483233326,1093.7574323294953,635.2636036895344,443.9478455751755
cavallo,13348.999999994761,1629.669183189602,1629.669183189602,2937.930343671919,12018.551020403449,2937.930343671919,3748.0556374694165,1633.2841448645836,1633.2841448645836,3748.0556374694165,2576.316001428022,2948.5381169261905,12016.676184301208,2948.5381169261905,2576.316001428022,1182.2975215064757,3750.6426752526,1630.6424965605113,1630.6424965605113,3750.6426752526,1182.2975215064757,666.2425388271043,2577.391797751471,2955.082001182933,12030.283748994492,2955.082001182933,2577.391797751471,666.2425388271043,1717.7142885565318,1185.2582417851788,3743.850390037677,1628.3902805161504,1628.3902805161504,3743.850390037677,1185.2582417851788,1717.7142885565318,445.18491660068537,675.1682478305949,2569.2129898613275,2948.8098270134556,12022.259673337092,2948.8098270134556,2569.2129898613275,675.1682478305949,445.18491660068537
cavallo,14662.999999994248,3609.6900399507563,3609.6900399507563,1771.3857155253036,13282.029478452841,1771.3857155253036,2609.828252209097,3606.99352675197,3606.99352675197,2609.828252209097,2209.159234579561,1776.8535945747194,13286.479291030932,1776.8535945747194,2209.159234579561,1843.4968203062442,2604.6469739002982,3605.268472776134,3605.268472776134,2604.6469739002982,1843.4968203062442,1163.5115379129738,2211.721368117245,1778.5178486898194,13287.8363921175,1778.5178486898194,2211.721368117245,1163.5115379129738,1493.8105331320323,1841.4537297362872,2603.850867982409,3605.069922265748,3605.069922265748,2603.850867982409,1841.4537297362872,1493.8105331320323,997.4502781205593,1164.0080374995916,2212.4547525108746,1777.735982092713,13287.62274859957,1777.735982092713,2212.4547525108746,1164.0080374995916,997.4502781205593
cavallo,7992.999999996866,497.30131285926996,497.30131285926996,3977.110147389991,7305.766439906432,3977.110147389991,1059.7089178367205,709.3036180386664,709.3036180386664,1059.7089178367205,2053.470917947778,3947.5059921423526,7344.411418079091,3947.5059921423526,2053.470917947778,492.4434740009157,1094.6586371872993,610.3562638684718,610.3562638684718,1094.6586371872993,492.4434740009157,982.4419762237656,2064.106774318984,3926.7842184375477,7345.747796414309,3926.7842184375477,2064.106774318984,982.4419762237656,1075.8149235914534,476.367265633612,1085.756644556579,632.5360060750498,632.5360060750498,1085.756644556579,476.367265633612,1075.8149235914534,906.8291996587359,989.7147619306304,2070.548868812505,3921.0491245256994,7361.712985988326,3921.0491245256994,2070.548868812505,989.7147619306304,906.8291996587359
cavallo,7546.99999999704,3102.9608989503117,3102.9608989503117,1713.4884538145095,7015.53514738954,1713.4884538145095,894.4250848958745,2979.1802483353995,2979.1802483353995,894.4250848958745,1010.4741317342309,1624.801482361237,6955.1394480667495,1624.801482361237,1010.4741317342309,771.0033341862239,908.8570358123466,3003.497673941801,3003.497673941801,908.8570358123466,771.0033341862239,1102.5092102313972,963.1170557761832,1626.340669369655,6945.760352281368,1626.340669369655,963.1170557761832,1102.5092102313972,1087.7253350348349,809.3762667776168,897.1227781913384,2988.505879846952,2988.505879846952,897.1227781913384,809.3762667776168,1087.7253350348349,520.3126823942491,1102.6303135412475,990.7132216461207,1618.3931143842608,6945.7544152065975,1618.3931143842608,990.7132216461207,1102.6303135412475,520.3126823942491
cavallo,31067.999999987813,7314.327065414431,7314.327065414431,8112.674252487592,31063.986394545635,8112.674252487592,4174.149149466324,7319.462512608709,7319.462512608709,4174.149149466324,9741.936555177761,8118.939150650722,31057.262005016582,8118.939150650722,9741.936555177761,1918.064898452018,4176.847494176683,7326.179826354056,7326.179826354056,4176.847494176683,1918.064898452018,1757.9758163940844,9739.62334704605,8125.7849644911885,31049.851193537776,8125.7849644911885,9739.62334704605,1757.9758163940844,1015.3717266799187,1919.671701807326,4179.327895516304,7332.5793113453765,7332.5793113453765,4179.327895516304,1919.671701807326,1015.3717266799187,3394.29493500844,1757.9850472656299,9737.886677897432,8131.43165176856,31043.6515782482,8131.43165176856,9737.886677897432,1757.9850472656299,3394.29493500844
cavallo,12230.999999995202,6342.442671750039,6342.442671750039,1703.8176149666626,11860.083900222104,1703.8176149666626,1821.7270073129323,6063.9498083947865,6063.9498083947865,1821.7270073129323,3429.461274255005,1590.247655852102,11785.735526859185,1590.247655852102,3429.461274255005,2198.961777177928,1823.8375175085705,6105.852161799978,6105.852161799978,1823.8375175085705,2198.961777177928,594.9628209271136,3391.593193052651,1634.5342977607907,11844.530234690239,1634.5342977607907,3391.593193052651,594.9628209271136,1441.8184985880996,2176.9778747150253,1826.9155435736775,6110.783181300702,6110.783181300702,1826.9155435736775,2176.9778747150253,1441.8184985880996,1351.7848864996467,592.2559562122374,3411.548562435353,1608.143647019898,11819.255557410517,1608.143647019898,3411.548562435353,592.2559562122374,1351.7848864996467
cavallo,13542.999999994689,3550.306632600532,3550.306632600532,1357.2792866522204,12157.67120180929,1357.2792866522204,2994.535363284915,3550.306632600532,3550.306632600532,2994.535363284915,3951.909587224928,1357.2792866522204,12157.914156133877,1357.2792866522204,3951.909587224928,768.4389964691208,2994.5353632849146,3550.3066326005323,3550.3066326005323,2994.5353632849146,768.4389964691208,662.3063047031412,3951.3136610500974,1357.2792866522204,12158.316643614919,1357.2792866522204,3951.3136610500974,662.3063047031412,425.4908347548025,768.438996469121,2994.535363284915,3550.306632600532,3550.306632600532,2994.535363284915,768.438996469121,425.4908347548025,1164.8405466025526,662.3063047031411,3950.4910801530555,1357.2792866522204,12158.919691019459,1357.2792866522204,3950.4910801530555,662.3063047031411,1164.8405466025526
cavallo,9276.999999996362,3821.255878589643,3821.255878589643,3260.1369820075915,8534.786848069216,3260.1369820075915,2749.600997581248,3642.782021619885,3642.782021619885,2749.600997581248,2726.107825535344,3242.270643024839,8688.095438625558,3242.270643024839,2726.107825535344,1502.1966070758458,2735.7228488486444,3647.357798916049,3647.357798916049,2735.7228488486444,1502.1966070758458,1057.5766761789348,2720.643412619809,3239.98517470836,8646.979890121289,3239.98517470836,2720.643412619809,1057.5766761789348,1037.234555972693,1485.4936226305165,2750.8053152516745,3645.105437129289,3645.105437129289,2750.8053152516745,1485.4936226305165,1037.234555972693,1672.897693743239,1062.2966872008033,2728.071725797744,3232.8377599637984,8638.91760990198,3232.8377599637984,2728.071725797744,1062.2966872008033,1672.897693743239
cavallo,8794.999999996551,2720.132915666866,2720.132915666866,3406.1467589585145,8407.476190472893,3406.1467589585145,1566.6722012572045,2727.2599399221363,2727.2599399221363,1566.6722012572045,2219.747885318471,3236.3110011709755,8210.46793773877,3236.3110011709755,2219.747885318471,625.2124739813469,1500.7271458749397,2727.616242137732,2727.616242137732,1500.7271458749397,625.2124739813469,1408.4072012181152,2215.367754739467,3266.092116770444,8258.797188655906,3266.092116770444,2215.367754739467,1408.4072012181152,939.7166136402352,662.6273372078793,1518.9867716898061,2716.17757297032,2716.17757297032,1518.9867716898061,662.6273372078793,939.7166136402352,746.4139839832717,1398.5320535336216,2188.0677213941035,3278.594501720785,8271.088357861297,3278.594501720785,2188.0677213941035,1398.5320535336216,746.4139839832717
cavallo,7057.9999999972315,4179.058837650836,4179.058837650836,2485.4920433428774,6923.673469385039,2485.4920433428774,1811.6123219539495,4110.6746908328405,4110.6746908328405,1811.6123219539495,1859.606596326436,2470.5508327064626,6911.792401311556,2470.5508327064626,1859.606596326436,1914.5635916800757,1825.1315274116869,4128.759144195249,4128.759144195249,1825.1315274116869,1914.5635916800757,1042.4061714562274,1845.8074857062013,2478.575223132297,6929.619681642906,2478.575223132297,1845.8074857062013,1042.4061714562274,1047.3513384268313,1891.1218501262342,1787.8910336490433,4135.285010294656,4135.285010294656,1787.8910336490433,1891.1218501262342,1047.3513384268313,40.74232314057886,1048.9258097074025,1833.7778286834873,2467.5322037648675,6921.43120857994,2467.5322037648675,1833.7778286834873,1048.9258097074025,40.74232314057886
cavallo,32220.999999987354,5643.483300338022,5643.483300338022,10325.239133683133,31369.321995452545,10325.239133683133,3858.8808086897575,5646.504328057948,5646.504328057948,3858.8808086897575,8201.977137917705,10343.118380188898,31610.151433803752,10343.118380188898,8201.977137917705,867.4818110610453,3904.6665332046846,5687.287096156944,5687.287096156944,3904.6665332046846,867.4818110610453,2074.330219608096,8249.188872493152,10336.653369584286,31533.478319602895,10336.653369584286,8249.188872493152,2074.330219608096,1103.9431069861314,850.4053738972843,3886.5613800251103,5672.011324135782,5672.011324135782,3886.5613800251103,850.4053738972843,1103.9431069861314,2820.805359399111,2069.7628384963105,8215.179335787503,10343.526262701223,31535.01397351091,10343.526262701223,8215.179335787503,2069.7628384963105,2820.805359399111
cavallo,8251.999999996762,929.8793944691506,929.8793944691506,3965.9843842688697,6872.8843537388,3965.9843842688697,853.5965524126171,932.9530536274164,932.9530536274164,853.5965524126171,1062.8910452292637,3958.7229110242374,6882.688509414673,3958.7229110242374,1062.8910452292637,1903.9261845187452,861.0419023568143,936.6666371341068,936.6666371341068,861.0419023568143,1903.9261845187452,952.3911907545098,1052.9930311667724,3951.8161459252337,6891.973112807191,3951.8161459252337,1052.9930311667724,952.3911907545098,1588.2568421890162,1899.6479294488138,866.5933120336895,939.6261731444765,939.6261731444765,866.5933120336895,1899.6479294488138,1588.2568421890162,763.6609919230154,960.4772977872144,1046.99605634959,3947.484396043177,6897.825033470759,3947.484396043177,1046.99605634959,960.4772977872144,763.6609919230154
cavallo,17678.999999993066,4403.667833210223,4403.667833210223,3435.878870553369,16315.004535140992,3435.878870553369,6320.464493328053,4377.3035880493,4377.3035880493,6320.464493328053,2129.440472101389,3412.9750948163464,16343.498927909426,3412.9750948163464,2129.440472101389,1659.7050901081327,6341.768495141968,4352.842841446264,4352.842841446264,6341.768495141968,1659.7050901081327,2721.9372637239153,2105.589441935922,3397.7212010430844,16362.755785544381,3397.7212010430844,2105.589441935922,2721.9372637239153,677.4424218089321,1675.8220713832611,6351.609008254317,4341.959252703198,4341.959252703198,6351.609008254317,1675.8220713832611,677.4424218089321,1071.19550775806,2729.5769651383384,2097.902516291748,3394.710275767953,16367.166725777366,3394.710275767953,2097.902516291748,2729.5769651383384,1071.19550775806
cavallo,8563.99999999664,3303.982988861908,3303.982988861908,2932.1843649065713,7598.054421765728,2932.1843649065713,1386.1001463307125,3203.7302120687473,3203.7302120687473,1386.1001463307125,2103.954853542162,2818.934793790228,7743.013620864811,2818.934793790228,2103.954853542162,783.5155351519658,1341.6932495066255,3229.4686625388244,3229.4686625388244,1341.6932495066255,783.5155351519658,484.90974664976164,2082.4484489164747,2855.8530727484904,7708.778670329986,2855.8530727484904,2082.4484489164747,484.90974664976164,519.389159020032,728.9260957039033,1357.022407612654,3231.557851631383,3231.557851631383,1357.022407612654,728.9260957039033,519.389159020032,283.0927772099019,481.4064635697238,2093.0718794901923,2850.94674140001,7723.398945962874,2850.94674140001,2093.0718794901923,481.4064635697238,283.0927772099019
cavallo,9026.99999999646,1948.9466280188312,1948.9466280188312,4010.437564652978,7648.3106575933725,4010.437564652978,1844.8430238829617,1949.221227030669,1949.221227030669,1844.8430238829617,2190.587266514487,4001.5945325355246,7658.929535530029,4001.5945325355246,2190.587266514487,463.3988388833249,1833.6883279913773,1949.6277755993583,1949.6277755993583,1833.6883279913773,463.3988388833249,251.03524044899683,2191.245354771717,3993.13224233691,7669.276422385267,3993.13224233691,2191.245354771717,251.03524044899683,511.2622829407393,466.3406061977361,1824.8306935333476,1950.0365257914884,1950.0365257914884,1824.8306935333476,466.3406061977361,511.2622829407393,180.13847646133115,260.58776056075214,2191.2956957095266,3987.7832268135335,7676.178293395873,3987.7832268135335,2191.2956957095266,260.58776056075214,180.13847646133115
cavallo,12953.99999999492,5354.9401059332395,5354.9401059332395,1279.0402250824204,12037.251700675552,1279.0402250824204,930.2007078784736,5447.960464799425,5447.960464799425,930.2007078784736,594.6238785662299,1266.986426295313,12088.928594562338,1266.986426295313,594.6238785662299,863.1308978965169,930.5362677538342,5361.490925244108,5361.490925244108,930.5362677538342,863.1308978965169,1885.3043250279823,663.0487362929081,1269.4949540036873,12091.43689205197,1269.4949540036873,663.0487362929081,1885.3043250279823,786.5105334453876,874.0748422583716,920.5065686870095,5383.822317605191,5383.822317605191,920.5065686870095,874.0748422583716,786.5105334453876,2142.626592541446,1864.6403065796603,675.1662737621635,1260.7182136889023,12093.62890000501,1260.7182136889023,675.1662737621635,1864.6403065796603,2142.626592541446
cavallo,28075.999999988984,10593.775408528974,10593.775408528974,5278.285519520474,26777.414965975888,5278.285519520474,4462.585815150839,10528.69692318693,10528.69692318693,4462.585815150839,3758.409383314664,5246.76893736025,26820.12544154932,5246.76893736025,3758.409383314664,5585.60565433311,4447.186073692562,10523.558814785873,10523.558814785873,4447.186073692562,5585.60565433311,1404.2943355642765,3769.978642186228,5248.8581764420205,26797.048247746894,5248.8581764420205,3769.978642186228,1404.2943355642765,1022.4498216242418,5589.807887323136,4460.838580441984,10542.237892435738,10542.237892435738,4460.838580441984,5589.807887323136,1022.4498216242418,415.04297243913334,1397.0289177996676,3769.8412131698205,5253.214062571678,26787.389907462857,5253.214062571678,3769.8412131698205,1397.0289177996676,415.04297243913334
cavallo,4485.99999999824,704.7336264004413,704.7336264004413,1325.5527256923237,4269.886621313518,1325.5527256923237,1490.0687886131757,677.4121607145037,677.4121607145037,1490.0687886131757,1152.0177786079591,1311.2615044717952,4295.835099571024,1311.2615044717952,1152.0177786079591,161.4500044420938,1488.8684750527075,677.3794440621682,677.3794440621682,1488.8684750527075,161.4500044420938,724.9227263983212,1153.8026275997065,1299.3058741772318,4267.600733859194,1299.3058741772318,1153.8026275997065,724.9227263983212,660.5739606622839,173.98382972973272,1477.4910042827703,672.0981357952364,672.0981357952364,1477.4910042827703,173.98382972973272,660.5739606622839,477.30228139683726,732.8013334653523,1158.4715949174513,1303.7308215710448,4297.407563072324,1303.7308215710448,1158.4715949174513,732.8013334653523,477.30228139683726
cavallo,9638.999999996218,3901.6622657601824,3901.6622657601824,207.70565109327373,8749.71655328455,207.70565109327373,1693.3292104459354,3761.9196995680986,3761.9196995680986,1693.3292104459354,1303.0669621529503,289.667680434819,8744.710213333605,289.667680434819,1303.0669621529503,546.1894656443708,1672.4856999512544,3723.4672823861665,3723.4672823861665,1672.4856999512544,546.1894656443708,711.152550693281,1321.9143669130065,270.20016204309724,8763.65065367367,270.20016204309724,1321.9143669130065,711.152550693281,359.9635370966844,535.5197891249264,1691.5058898593054,3758.275127958913,3758.275127958913,1691.5058898593054,535.5197891249264,359.9635370966844,193.9651608265505,708.8917627640925,1344.2706016750185,300.16076427035625,8730.302165979318,300.16076427035625,1344.2706016750185,708.8917627640925,193.9651608265505
cavallo,11604.999999995449,2273.8717951515364,2273.8717951515364,3430.660052237101,10290.065759633153,3430.660052237101,3865.4128615026502,2344.081612349657,2344.081612349657,3865.4128615026502,540.7225552203043,3395.190424139436,10362.209002417767,3395.190424139436,540.7225552203043,1166.8759352359793,3852.0522423716993,2385.210801914856,2385.210801914856,3852.0522423716993,1166.8759352359793,802.8732988938492,564.6638108090946,3393.680367681641,10384.325957083343,3393.680367681641,564.6638108090946,802.8732988938492,1128.2802616212737,1177.40228607778,3857.0335265071117,2383.077517505165,2383.077517505165,3857.0335265071117,1177.40228607778,1128.2802616212737,626.4034015350202,779.5598269070607,557.7664017591025,3408.0172245756344,10371.690591309103,3408.0172245756344,557.7664017591025,779.5598269070607,626.4034015350202
cavallo,8953.999999996488,1063.0116600503777,1063.0116600503777,2272.6570701950873,7568.67120181109,2272.6570701950873,2523.9969677043864,1063.0116600503773,1063.0116600503773,2523.9969677043864,1313.349331889638,2272.657070195087,7568.914156135677,2272.657070195087,1313.349331889638,1415.1334135624636,2523.996967704386,1063.0116600503775,1063.0116600503775,2523.996967704386,1415.1334135624636,787.6830175409025,1312.6324961600556,2272.6570701950873,7569.3166436167185,2272.6570701950873,1312.6324961600556,787.6830175409025,1274.3980630958654,1415.1334135624636,2523.996967704386,1063.0116600503775,1063.0116600503775,2523.996967704386,1415.1334135624636,1274.3980630958654,387.42278630505234,787.6830175409025,1311.642950746982,2272.6570701950873,7569.9196910212595,2272.6570701950873,1311.642950746982,787.6830175409025,387.42278630505234
cavallo,7621.99999999701,3172.672592087916,3172.672592087916,2252.2400342212454,6520.226757367056,2252.2400342212454,1696.064094796314,2964.592311933129,2964.592311933129,1696.064094796314,1513.6860853731991,2220.5950647380273,6627.406759526609,2220.5950647380273,1513.6860853731991,1390.51630396914,1691.2868814541218,2973.586264331576,2973.586264331576,1691.2868814541218,1390.51630396914,367.8474627864758,1517.864571630001,2216.247611060812,6578.274729013087,2216.247611060812,1517.864571630001,367.8474627864758,807.758467374615,1372.4369173634138,1708.8072897836207,2998.3263862296094,2998.3263862296094,1708.8072897836207,1372.4369173634138,807.758467374615,675.739912092628,356.2825750377726,1516.805117923981,2215.9583362160256,6585.340983006498,2215.9583362160256,1516.805117923981,356.2825750377726,675.739912092628
cavallo,4414.999999998268,768.8983115857051,768.8983115857051,1315.9273583387667,4221.907029476803,1315.9273583387667,956.2325254081264,912.913263458548,912.913263458548,956.2325254081264,985.4455378433775,1299.121827961337,4216.5093710937235,1299.121827961337,985.4455378433775,1426.5741802280313,915.2283105534522,870.0002185956051,870.0002185956051,915.2283105534522,1426.5741802280313,378.5816136667227,976.9153208423763,1331.5958194949978,4244.097054836574,1331.5958194949978,976.9153208423763,378.5816136667227,690.450173965988,1453.9189399486932,943.2537153289308,868.4500243455369,868.4500243455369,943.2537153289308,1453.9189399486932,690.450173965988,761.7510787836271,396.5109873113538,967.910716585288,1314.848836273454,4239.491776074769,1314.848836273454,967.910716585288,396.5109873113538,761.7510787836271
cavallo,13961.999999994521,1393.6860330403392,1393.6860330403392,5013.017732556078,12666.485260766007,5013.017732556078,742.0457519693697,1304.0724439717553,1304.0724439717553,742.0457519693697,2053.2724345090696,4976.427453107494,12749.522914829868,4976.427453107494,2053.2724345090696,1490.2097171190583,712.2540762250306,1259.235710276285,1259.235710276285,712.2540762250306,1490.2097171190583,1635.1270313070552,2045.8964365089648,4968.941555892868,12766.398618629033,4968.941555892868,2045.8964365089648,1635.1270313070552,966.1123006312692,1482.2521301387897,719.7168160096148,1265.8436175821296,1265.8436175821296,719.7168160096148,1482.2521301387897,966.1123006312692,914.369940978909,1644.3572610696795,2054.568734945341,4976.1493777260175,12751.9807902916,4976.1493777260175,2054.568734945341,1644.3572610696795,914.369940978909
cavallo,3828.9999999984975,2760.8374238370943,2760.8374238370943,714.2699277711513,3763.875283445235,714.2699277711513,1597.3912907511954,2696.0082906067287,2696.0082906067287,1597.3912907511954,1815.3624573329962,656.827200439695,3732.418637294724,656.827200439695,1815.3624573329962,932.984268054619,1602.6435754165268,2689.8862085498477,2689.8862085498477,1602.6435754165268,932.984268054619,383.31944305678604,1811.1106595451247,664.2167155424006,3742.5847867000307,664.2167155424006,1811.1106595451247,383.31944305678604,569.6017376400853,924.6134034079832,1596.5820370629538,2699.374957394346,2699.374957394346,1596.5820370629538,924.6134034079832,569.6017376400853,500.40568497220806,396.19646150806585,1807.568775849954,666.5800144394136,3741.7950820847636,666.5800144394136,1807.568775849954,396.19646150806585,500.40568497220806
cavallo,16043.999999993704,2409.583236953359,2409.583236953359,5708.303291126177,14698.199546479495,5708.303291126177,3507.8587136549813,2403.6673473987935,2403.6673473987935,3507.8587136549813,3708.4474757565736,5707.66485081641,14695.540870310617,5707.66485081641,3708.4474757565736,1462.1430858025535,3503.6417481537883,2410.353873997178,2410.353873997178,3503.6417481537883,1462.1430858025535,2478.9116511414086,3704.793278669075,5705.700726101346,14691.46960704339,5705.700726101346,3704.793278669075,2478.9116511414086,886.0367875174,1461.4955884328317,3502.959410216496,2407.456727946199,2407.456727946199,3502.959410216496,1461.4955884328317,886.0367875174,811.1232210037516,2481.206467753979,3707.140789257294,5705.3982399514925,14694.503167530256,5705.3982399514925,3707.140789257294,2481.206467753979,811.1232210037516
cavallo,24203.9999999905,8790.586537982566,8790.586537982566,11159.3865234485,23140.857142848065,11159.3865234485,5531.926020086217,8601.749239929217,8601.749239929217,5531.926020086217,2777.856425746549,11104.855074500996,23211.652428762856,11104.855074500996,2777.856425746549,2288.566469240132,5500.334203263721,8634.377988813805,8634.377988813805,5500.334203263721,2288.566469240132,646.4188015605077,2793.5153776392317,11135.429596376578,23158.674647501204,11135.429596376578,2793.5153776392317,646.4188015605077,1245.6198142671121,2296.286554228755,5502.256126611776,8638.34164914909,8638.34164914909,5502.256126611776,2296.286554228755,1245.6198142671121,809.11374819509,653.8997013727085,2779.303129406136,11107.291463503816,23192.24884572417,11107.291463503816,2779.303129406136,653.8997013727085,809.11374819509
cavallo,12328.999999995161,3142.9681442799133,3142.9681442799133,4763.5776982209345,10979.60770974626,4763.5776982209345,2377.52865492178,3118.0274193023674,3118.0274193023674,2377.52865492178,2501.5261174304487,4753.226983193637,11010.8715041529,4753.226983193637,2501.5261174304487,1588.537062356042,2373.4820667332574,3105.903418034336,3105.903418034336,2373.4820667332574,1588.537062356042,1852.334619741123,2490.1604772643313,4752.29910629855,11018.372473515847,4752.29910629855,2490.1604772643313,1852.334619741123,1204.9753663901622,1603.7484087122507,2370.440548477848,3104.7525124542854,3104.7525124542854,2370.440548477848,1603.7484087122507,1204.9753663901622,983.0857131955147,1847.577811050881,2495.0879468711523,4755.507305197591,11016.932302301448,4755.507305197591,2495.0879468711523,1847.577811050881,983.0857131955147
cavallo,17158.99999999327,5212.119064965374,5212.119064965374,5937.77686014565,16821.07709749907,5937.77686014565,6348.032505357318,5341.068091561838,5341.068091561838,6348.032505357318,2420.5650390840797,5924.914640048594,16859.303947422697,5924.914640048594,2420.5650390840797,1136.9479817077886,6325.858464614615,5274.632175712781,5274.632175712781,6325.858464614615,1136.9479817077886,870.17443187602,2478.6071329461665,5942.284618942039,16860.142416309496,5942.284618942039,2478.6071329461665,870.17443187602,1013.8291863151555,1129.4363689650304,6341.94890274071,5313.284551401236,5313.284551401236,6341.94890274071,1129.4363689650304,1013.8291863151555,217.86909709290552,876.5188294287792,2452.0603455938995,5922.918560443793,16849.46011064933,5922.918560443793,2452.0603455938995,876.5188294287792,217.86909709290552
cavallo,14365.999999994365,1320.6456860204726,1320.6456860204726,7221.562231390193,12980.671201808967,7221.562231390193,848.5537849787933,1320.6456860204723,1320.6456860204723,848.5537849787933,3807.280123534132,7221.562231390194,12980.914156133555,7221.562231390194,3807.280123534132,1111.597186206703,848.5537849787933,1320.6456860204723,1320.6456860204723,848.5537849787933,1111.597186206703,2509.56279382393,3806.7437817894192,7221.562231390194,12981.316643614595,7221.562231390194,3806.7437817894192,2509.56279382393,405.48023255875165,1111.5971862067033,848.5537849787933,1320.6456860204723,1320.6456860204723,848.5537849787933,1111.5971862067033,405.48023255875165,2489.3210417036203,2509.5627938239295,3806.003486768557,7221.562231390194,12981.919691019135,7221.562231390194,3806.003486768557,2509.5627938239295,2489.3210417036203
cavallo,14113.999999994463,3710.0939731219505,3710.0939731219505,3097.6877942932624,12966.294784575413,3097.6877942932624,4401.255824359683,3561.299459168016,3561.299459168016,4401.255824359683,1643.8942043939587,3025.4030569246597,13061.982167918735,3025.4030569246597,1643.8942043939587,856.5398784519147,4399.579545114431,3555.298509489605,3555.298509489605,4399.579545114431,856.5398784519147,2472.115813346192,1659.0770827927017,3043.6463319098757,13036.004139857992,3043.6463319098757,1659.0770827927017,2472.115813346192,250.3104638244382,864.4745666570334,4398.016859486035,3561.0227821178296,3561.0227821178296,4398.016859486035,864.4745666570334,250.3104638244382,578.1395566988539,2489.567166370021,1670.1294064708566,3034.6137197004505,13045.701441480724,3034.6137197004505,1670.1294064708566,2489.567166370021,578.1395566988539
cavallo,12665.999999995032,6473.492595208492,6473.492595208492,4477.940616332155,12044.979591832009,4477.940616332155,6112.064281151593,6223.842033542212,6223.842033542212,6112.064281151593,2022.378796045479,4543.577848942497,12054.819843578964,4543.577848942497,2022.378796045479,1993.6747202549673,6036.827945971605,6303.441857075583,6303.441857075583,6036.827945971605,1993.6747202549673,2394.334463619238,1978.2979555476265,4555.898205253397,12020.577727137683,4555.898205253397,1978.2979555476265,2394.334463619238,735.5137567932629,2003.0159358174099,6061.745763520963,6272.430532433605,6272.430532433605,6061.745763520963,2003.0159358174099,735.5137567932629,1118.609045656093,2384.111289946338,1996.3803906905796,4562.08818509938,12005.25438917748,4562.08818509938,1996.3803906905796,2384.111289946338,1118.609045656093
cavallo,1627.9999999993615,879.9097223699936,879.9097223699936,154.936224387624,1544.136054421163,154.936224387624,159.3102681869895,853.3000865946738,853.3000865946738,159.3102681869895,191.33955624768188,152.97438262604837,1567.7560892831711,152.97438262604837,191.33955624768188,352.9261190338141,168.62241914165125,875.9002253475173,875.9002253475173,168.62241914165125,352.9261190338141,247.35860177031435,205.3878008562256,164.4361293479971,1562.7779538257007,164.4361293479971,205.3878008562256,247.35860177031435,138.882348264847,357.5298867487142,152.17065868318224,864.1843940555891,864.1843940555891,152.17065868318224,357.5298867487142,138.882348264847,168.531641542912,238.46773786472454,201.49675085371607,155.58573730911294,1561.6779507862984,155.58573730911294,201.49675085371607,238.46773786472454,168.531641542912
cavallo,10589.999999995845,3564.8956579586343,3564.8956579586343,1023.1327719114776,9402.321995461163,1023.1327719114776,3103.562510275783,3435.804117433945,3435.804117433945,3103.562510275783,2510.291587394944,923.8538100665126,9419.02191987537,923.8538100665126,2510.291587394944,1846.8699935738157,3159.5438507588947,3436.65504816732,3436.65504816732,3159.5438507588947,1846.8699935738157,1077.2233679626831,2470.8722768840353,948.7714113761839,9419.569962406054,948.7714113761839,2470.8722768840353,1077.2233679626831,1104.8707173960868,1854.0229505764075,3128.998714974081,3442.2749284332876,3442.2749284332876,3128.998714974081,1854.0229505764075,1104.8707173960868,715.3746078245551,1079.2093567704335,2495.890082972458,943.7067588203103,9424.1049754792,943.7067588203103,2495.890082972458,1079.2093567704335,715.3746078245551
cavallo,5086.999999998005,684.3123037688927,684.3123037688927,749.8853446308108,4106.859410429229,749.8853446308108,258.6804455002593,758.2536821721194,758.2536821721194,258.6804455002593,972.9794429340878,747.3340693856169,4102.353355853205,747.3340693856169,972.9794429340878,375.99494835573313,181.97265851648316,676.8690737155933,676.8690737155933,181.97265851648316,375.99494835573313,133.68167964692222,977.3926673964509,793.2419174112033,4049.025296187335,793.2419174112033,977.3926673964509,133.68167964692222,398.0029848516826,338.3955801572047,201.79075167095658,677.6091158834541,677.6091158834541,201.79075167095658,338.3955801572047,398.0029848516826,350.1313023380957,129.5242278213715,957.3024457658036,761.7424188620827,4095.9704681822413,761.7424188620827,957.3024457658036,129.5242278213715,350.1313023380957
cavallo,8002.999999996861,1433.3807504327867,1433.3807504327867,1320.6956557385076,7422.904761901851,1320.6956557385076,1624.023778839147,1347.044927525502,1347.044927525502,1624.023778839147,1816.931461525114,1367.0212711883578,7189.349268049073,1367.0212711883578,1816.931461525114,362.13312837349014,1691.819460122857,1360.7292218024886,1360.7292218024886,1691.819460122857,362.13312837349014,444.07622493957524,1873.2119310149449,1329.4524836551516,7255.00872239233,1329.4524836551516,1873.2119310149449,444.07622493957524,641.8033568426134,387.9892626704953,1684.8322399579429,1366.707388699725,1366.707388699725,1684.8322399579429,387.9892626704953,641.8033568426134,167.90839018329035,432.14335918808473,1826.6776762257196,1360.709249770118,7269.271084860303,1360.709249770118,1826.6776762257196,432.14335918808473,167.90839018329035
cavallo,22758.99999999107,8479.607641294364,8479.607641294364,13330.930725467319,21658.451247157034,13330.930725467319,4042.168825809631,8323.522200786636,8323.522200786636,4042.168825809631,3249.6013517532974,13299.804672692302,21748.468894125082,13299.804672692302,3249.6013517532974,963.6809502585575,4030.3278367753155,8337.726132459695,8337.726132459695,4030.3278367753155,963.6809502585575,1067.3095362233382,3258.6412410530606,13305.415687376708,21716.413911692114,13305.415687376708,3258.6412410530606,1067.3095362233382,808.2360000085371,955.9399625736604,4030.446120719931,8338.385834146744,8338.385834146744,4030.446120719931,955.9399625736604,808.2360000085371,240.90414927233314,1052.3276785627943,3255.2174067801425,13302.84679112626,21742.028374822858,13302.84679112626,3255.2174067801425,1052.3276785627943,240.90414927233314
cavallo,5494.9999999978445,1890.8305779317657,1890.8305779317657,1180.7446688771252,5004.98639455586,1180.7446688771252,1234.2082478092675,1849.1087497976544,1849.1087497976544,1234.2082478092675,1207.9215016800906,1186.1147906279252,4969.148549213656,1186.1147906279252,1207.9215016800906,1099.2033509677608,1158.591032753474,1865.2371102957295,1865.2371102957295,1158.591032753474,1099.2033509677608,708.4758882759884,1184.8193538220328,1195.4922535103167,5003.14263226189,1195.4922535103167,1184.8193538220328,708.4758882759884,283.2152295429333,1084.8288149560603,1148.1683970741324,1852.3258897682203,1852.3258897682203,1148.1683970741324,1084.8288149560603,283.2152295429333,131.46383490404946,726.478074442064,1197.4415753628991,1177.6481421442434,4955.113790683708,1177.6481421442434,1197.4415753628991,726.478074442064,131.46383490404946
cavallo,18018.999999992928,2732.835755715625,2732.835755715625,7041.317455458577,16633.671201807534,7041.317455458577,5708.135664738993,2732.8357557156246,2732.8357557156246,5708.135664738993,2738.6860380829166,7041.317455458577,16633.914156132123,7041.317455458577,2738.6860380829166,2296.9730927728933,5708.135664738993,2732.835755715624,2732.835755715624,5708.135664738993,2296.9730927728933,1602.871897511537,2738.120740334005,7041.317455458576,16634.31664361316,7041.317455458576,2738.120740334005,1602.871897511537,1824.7708077279722,2296.973092772893,5708.135664738993,2732.835755715625,2732.835755715625,5708.135664738993,2296.973092772893,1824.7708077279722,646.77839960303,1602.871897511537,2737.3404941537724,7041.317455458576,16634.919691017705,7041.317455458576,2737.3404941537724,1602.871897511537,646.77839960303
cavallo,8479.999999996673,2371.6194312818166,2371.6194312818166,1715.6196741879464,7152.231292514201,1715.6196741879464,3506.1789629524933,2365.476983412795,2365.476983412795,3506.1789629524933,2250.135068584148,1746.0366777198585,7204.170793030942,1746.0366777198585,2250.135068584148,1135.5368251399425,3491.9076636981476,2365.9839897072316,2365.9839897072316,3491.9076636981476,1135.5368251399425,851.4549597752952,2267.1433023215254,1744.7237458857603,7221.534214818425,1744.7237458857603,2267.1433023215254,851.4549597752952,1564.0322281590143,1115.584198866195,3498.052633236105,2366.6182520411444,2366.6182520411444,3498.052633236105,1115.584198866195,1564.0322281590143,200.56941086126997,862.521553146899,2253.9146298311243,1738.3205816935895,7223.715103858534,1738.3205816935895,2253.9146298311243,862.521553146899,200.56941086126997
cavallo,10669.999999995813,1662.1735746491354,1662.1735746491354,4110.299013057102,9297.759637184561,4110.299013057102,3536.787003514987,1649.5121174281458,1649.5121174281458,3536.787003514987,1199.1848476081261,4103.0756904200225,9302.48288521393,4103.0756904200225,1199.1848476081261,1294.0138335739105,3542.3313804365343,1651.3324393583741,1651.3324393583741,3542.3313804365343,1294.0138335739105,1567.2484944872158,1205.6107078978673,4105.797091620245,9296.911300345357,4105.797091620245,1205.6107078978673,1567.2484944872158,743.4835546785313,1296.4580700865617,3539.4490729145277,1656.3156389794985,1656.3156389794985,3539.4490729145277,1296.4580700865617,743.4835546785313,1172.5605099485333,1563.9065804541638,1197.2307779687594,4106.793079215236,9297.339455538051,4106.793079215236,1197.2307779687594,1563.9065804541638,1172.5605099485333
cavallo,15364.999999993972,1040.0582168525468,1040.0582168525468,4783.396235721836,13979.671201808575,4783.396235721836,2200.173855040599,1040.058216852547,1040.058216852547,2200.173855040599,3397.83797729016,4783.396235721836,13979.914156133163,4783.396235721836,3397.83797729016,1498.6172578312983,2200.1738550406,1040.058216852547,1040.058216852547,2200.1738550406,1498.6172578312983,1844.862562070446,3397.302569354602,4783.396235721836,13980.316643614204,4783.396235721836,3397.302569354602,1844.862562070446,1474.6130963225924,1498.6172578312983,2200.1738550405994,1040.058216852547,1040.058216852547,2200.1738550405994,1498.6172578312983,1474.6130963225924,1423.8331315843234,1844.8625620704458,3396.563576452579,4783.396235721836,13980.919691018746,4783.396235721836,3396.563576452579,1844.8625620704458,1423.8331315843234
cavallo,10838.999999995745,5069.926874348485,5069.926874348485,928.5240639225815,9958.582766436002,928.5240639225815,2852.996580195509,4986.514320777741,4986.514320777741,2852.996580195509,2078.935318073375,941.7118218771698,9910.29146805726,941.7118218771698,2078.935318073375,1544.089150713374,2841.675778401177,4958.738503783594,4958.738503783594,2841.675778401177,1544.089150713374,1204.7202307362575,2038.55666896066,944.3538117432862,9947.372154031138,944.3538117432862,2038.55666896066,1204.7202307362575,859.9461378472545,1584.0292310875604,2839.7312456369064,4962.297263959811,4962.297263959811,2839.7312456369064,1584.0292310875604,859.9461378472545,744.8735104112883,1195.287001159727,2072.9937296602775,928.2224002043097,9933.118635458935,928.2224002043097,2072.9937296602775,1195.287001159727,744.8735104112883
cavallo,4815.999999998112,1131.2435786669564,1131.2435786669564,2512.1222523262513,3795.8820861663116,2512.1222523262513,1607.3120501954297,991.1874441700124,991.1874441700124,1607.3120501954297,1075.347638374806,2450.972009089186,3882.238018108216,2450.972009089186,1075.347638374806,1207.941217135939,1597.182669427335,1035.5583609339824,1035.5583609339824,1597.182669427335,1207.941217135939,479.56502361184346,1063.502956915656,2473.512324984096,3833.087713082781,2473.512324984096,1063.502956915656,479.56502361184346,250.49935376163947,1205.1522277924219,1615.036530703711,1032.894901738358,1032.894901738358,1615.036530703711,1205.1522277924219,250.49935376163947,204.0186890914063,480.574774252207,1091.8504692569472,2462.3464563302196,3864.3977632413,2462.3464563302196,1091.8504692569472,480.574774252207,204.0186890914063
cavallo,4021.999999998423,600.1204752116264,600.1204752116264,634.1960365339162,4001.6643990914013,634.1960365339162,304.4527032985518,576.1438580319682,576.1438580319682,304.4527032985518,1269.3428168940209,634.6375974719828,3981.0958705462044,634.6375974719828,1269.3428168940209,503.1970562322636,320.31327108996254,561.5828435960539,561.5828435960539,320.31327108996254,503.1970562322636,331.4916155947623,1278.4552816958726,636.6173383475102,3975.6173325579957,636.6173383475102,1278.4552816958726,331.4916155947623,346.99352773614856,480.90047440455106,320.71663942897004,562.2325072697938,562.2325072697938,320.71663942897004,480.90047440455106,346.99352773614856,788.4589807762582,313.78642139427785,1274.959832339864,637.8808178157251,3980.4990335744533,637.8808178157251,1274.959832339864,313.78642139427785,788.4589807762582
cavallo,12897.99999999494,4570.344868364814,4570.344868364814,2945.247195121673,11529.224489791395,2945.247195121673,4088.530770144593,4561.050556771686,4561.050556771686,4088.530770144593,1095.1645925868845,2951.992474473434,11545.974948705112,2951.992474473434,1095.1645925868845,732.8984039973749,4068.554833427198,4554.817222952338,4554.817222952338,4068.554833427198,732.8984039973749,407.96942899585264,1113.3917225156074,2952.641975636531,11551.062396626417,2952.641975636531,1113.3917225156074,407.96942899585264,392.320029160771,715.1644782525872,4066.035062785464,4554.009096840871,4554.009096840871,4066.035062785464,715.1644782525872,392.320029160771,376.45457118156713,416.48817135995944,1111.9346257075656,2950.623871101501,11548.947723044323,2950.623871101501,1111.9346257075656,416.48817135995944,376.45457118156713
cavallo,12812.999999994974,1736.530312442605,1736.530312442605,3147.3701250045224,11427.671201809577,3147.3701250045224,3322.1620843003693,1736.530312442605,1736.530312442605,3322.1620843003693,1631.7201300048473,3147.370125004522,11427.914156134164,3147.370125004522,1631.7201300048473,856.8054924838405,3322.1620843003693,1736.5303124426052,1736.5303124426052,3322.1620843003693,856.8054924838405,2330.9466306460504,1631.2207002689972,3147.3701250045224,11428.316643615206,3147.3701250045224,1631.2207002689972,2330.9466306460504,727.3309698303075,856.8054924838407,3322.1620843003693,1736.530312442605,1736.530312442605,3322.1620843003693,856.8054924838407,727.3309698303075,1429.8247884277546,2330.9466306460504,1630.5315382535393,3147.3701250045224,11428.919691019746,3147.3701250045224,1630.5315382535393,2330.9466306460504,1429.8247884277546
cavallo,8117.999999996817,714.3609445069333,714.3609445069333,2084.6301636777184,7023.460317457563,2084.6301636777184,1685.821974024648,919.1597556255707,919.1597556255707,1685.821974024648,1233.6487960534664,2126.7466133207004,7174.976136483526,2126.7466133207004,1233.6487960534664,1011.5416812584084,1689.555125848828,933.0455221131779,933.0455221131779,1689.555125848828,1011.5416812584084,789.4610257259912,1197.6206008093334,2103.3194457826294,7141.751292515139,2103.3194457826294,1197.6206008093334,789.4610257259912,407.8133251569363,1041.255791329242,1687.821956980726,903.3302061870713,903.3302061870713,1687.821956980726,1041.255791329242,407.8133251569363,193.07747603301675,796.1700702387171,1218.0175648833624,2108.1196776877428,7136.042912539759,2108.1196776877428,1218.0175648833624,796.1700702387171,193.07747603301675
cavallo,14199.999999994428,3124.7378232217534,3124.7378232217534,1464.8549759306209,12814.671201809033,1464.8549759306209,2404.893845981669,3124.7378232217525,3124.7378232217525,2404.893845981669,2305.582039686173,1464.8549759306209,12814.914156133622,1464.8549759306209,2305.582039686173,2291.5247421099575,2404.893845981669,3124.7378232217525,3124.7378232217525,2404.893845981669,2291.5247421099575,853.9723729173595,2304.922359348589,1464.8549759306209,12815.31664361466,1464.8549759306209,2304.922359348589,853.9723729173595,1124.6521413130727,2291.5247421099575,2404.893845981669,3124.7378232217525,3124.7378232217525,2404.893845981669,2291.5247421099575,1124.6521413130727,1076.492564628898,853.9723729173595,2304.011762809848,1464.8549759306209,12815.919691019202,1464.8549759306209,2304.011762809848,853.9723729173595,1076.492564628898
cavallo,11758.999999995387,1710.0325131496459,1710.0325131496459,3232.9345304212425,10436.827664395,3232.9345304212425,549.7698785610603,1681.8412404796609,1681.8412404796609,549.7698785610603,342.826178321167,3273.219630799332,10490.947491010433,3273.219630799332,342.826178321167,2110.430563021685,550.9555410607843,1655.7126876001896,1655.7126876001896,550.9555410607843,2110.430563021685,880.3767737971473,328.1539465718857,3277.4718594496076,10508.273469434935,3277.4718594496076,328.1539465718857,880.3767737971473,1266.95928691646,2123.2556429064925,551.5729838103991,1654.6912758847413,1654.6912758847413,551.5729838103991,2123.2556429064925,1266.95928691646,448.04700286974605,869.1741933702198,309.9894432417258,3273.1279922187964,10503.612017838186,3273.1279922187964,309.9894432417258,869.1741933702198,448.04700286974605
cavallo,11084.999999995653,3685.437993806344,3685.437993806344,2706.643067519561,9849.331065755774,2706.643067519561,2965.1878892089376,3546.019222760467,3546.019222760467,2965.1878892089376,2672.856069379787,2654.967138641015,9965.729078929251,2654.967138641015,2672.856069379787,1252.3205266620212,2968.3556581238945,3495.270443659635,3495.270443659635,2968.3556581238945,1252.3205266620212,2023.7462373947822,2677.2603642878703,2648.8317008042636,9975.209252085268,2648.8317008042636,2677.2603642878703,2023.7462373947822,765.7516375735146,1243.6610079280106,2973.7303803697755,3511.885405943152,3511.885405943152,2973.7303803697755,1243.6610079280106,765.7516375735146,329.5265698273241,2019.8142032161554,2664.7663490916825,2662.6981123081755,9961.63302192221,2662.6981123081755,2664.7663490916825,2019.8142032161554,329.5265698273241
cavallo,13087.999999994867,2560.485323326024,2560.485323326024,2722.145258174434,11702.671201809468,2722.145258174434,5231.663239181881,2560.4853233260237,2560.4853233260237,5231.663239181881,1018.8463111708467,2722.145258174434,11702.914156134055,2722.145258174434,1018.8463111708467,1293.7357957635163,5231.663239181881,2560.485323326024,2560.485323326024,5231.663239181881,1293.7357957635163,1892.9652321125002,1018.975816586498,2722.145258174434,11703.316643615097,2722.145258174434,1018.975816586498,1892.9652321125002,878.5173304283315,1293.7357957635163,5231.663239181881,2560.4853233260237,2560.4853233260237,5231.663239181881,1293.7357957635163,878.5173304283315,915.0962908518608,1892.9652321124997,1019.1554192562522,2722.145258174434,11703.919691019637,2722.145258174434,1019.1554192562522,1892.9652321124997,915.0962908518608
cavallo,18666.999999992677,10922.947025299782,10922.947025299782,2772.863672294402,18410.079365072143,2772.863672294402,3963.9512156319215,10881.528548384047,10881.528548384047,3963.9512156319215,3879.6308676132303,2749.4393820505925,18311.956576727818,2749.4393820505925,3879.6308676132303,3182.6120362174224,4055.3368990289623,10889.718337955668,10889.718337955668,4055.3368990289623,3182.6120362174224,1186.5428873949309,3909.8719303683883,2741.547728046918,18304.700463769186,2741.547728046918,3909.8719303683883,1186.5428873949309,1489.8295270891872,3205.8894926450444,4030.6117975183847,10891.084557570271,10891.084557570271,4030.6117975183847,3205.8894926450444,1489.8295270891872,1298.5730178405934,1221.1897817016047,3867.5830300593157,2737.8304755446065,18312.655454248095,2737.8304755446065,3867.5830300593157,1221.1897817016047,1298.5730178405934
cavallo,9833.999999996142,4248.466410672673,4248.466410672673,434.53454453358773,8882.988662128035,434.53454453358773,1829.0754540043188,4058.8444677190005,4058.8444677190005,1829.0754540043188,2027.2112060582156,422.1661365709994,8963.955790022244,422.1661365709994,2027.2112060582156,958.7824277464166,1809.0678564188272,4033.8709032848,4033.8709032848,1809.0678564188272,958.7824277464166,591.0772664442318,2050.8674138261727,424.43044778365396,8933.096426474733,424.43044778365396,2050.8674138261727,591.0772664442318,950.0709548264668,979.437338254646,1817.9921851088686,4058.4934589640757,4058.4934589640757,1817.9921851088686,979.437338254646,950.0709548264668,459.949184048372,581.6586132563517,2019.5437583739654,417.11159193647507,8935.15848251739,417.11159193647507,2019.5437583739654,581.6586132563517,459.949184048372
cavallo,877.9999999996556,169.07427577447112,169.07427577447112,414.89240775447075,877.9999999996556,414.89240775447075,357.77864870604475,169.07427577447112,169.07427577447112,357.77864870604475,452.27335643307197,414.89240775447075,877.9999999996556,414.89240775447075,452.27335643307197,138.44958980216396,357.77864870604475,169.07427577447112,169.07427577447112,357.77864870604475,138.44958980216396,422.43155868015094,452.27335643307197,414.89240775447075,877.9999999996556,414.89240775447075,452.27335643307197,422.43155868015094,112.1097738888136,138.44958980216396,357.77864870604475,169.07427577447112,169.07427577447112,357.77864870604475,138.44958980216396,112.1097738888136,111.44803869399044,422.43155868015094,452.27335643307197,414.89240775447075,877.9999999996556,414.89240775447075,452.27335643307197,422.43155868015094,111.44803869399044
cavallo,7922.999999996891,3846.475373872292,3846.475373872292,890.2350549420236,7895.204081629556,890.2350549420236,1486.0001448362175,3814.8665379024933,3814.8665379024933,1486.0001448362175,1155.3512592833815,900.9658675653686,7863.593950048591,900.9658675653686,1155.3512592833815,705.1444572401778,1511.3842029815337,3791.8198120096554,3791.8198120096554,1511.3842029815337,705.1444572401778,366.11076522951913,1161.0262528389374,909.5787734942908,7848.184677079378,909.5787734942908,1161.0262528389374,366.11076522951913,486.7511581289775,698.1227318145478,1518.1028690791206,3785.9938807761664,3785.9938807761664,1518.1028690791206,698.1227318145478,486.7511581289775,474.86839310354463,356.3193389952387,1165.4965079332342,912.8081131918586,7847.496573901521,912.8081131918586,1165.4965079332342,356.3193389952387,474.86839310354463
cavallo,13630.999999994652,3444.468042272632,3444.468042272632,1468.7528760396697,12295.117913827376,1468.7528760396697,3698.8096914676607,3425.9189831432595,3425.9189831432595,3698.8096914676607,3779.5859198128614,1474.4007994416447,12285.416523974387,1474.4007994416447,3779.5859198128614,1556.6757012025464,3696.1924279983746,3425.004388616513,3425.004388616513,3696.1924279983746,1556.6757012025464,1438.29628766368,3773.191733937855,1463.8616965710705,12290.81010352079,1463.8616965710705,3773.191733937855,1438.29628766368,2237.3002874562712,1558.212711370803,3704.1740693156476,3427.186395813374,3427.186395813374,3704.1740693156476,1558.212711370803,2237.3002874562712,938.1424401448871,1432.1941877209972,3768.2006709515376,1468.9825030066727,12288.490454404402,1468.9825030066727,3768.2006709515376,1432.1941877209972,938.1424401448871
cavallo,9894.999999996118,2667.138274385754,2667.138274385754,2599.4255334517197,8762.147392286814,2599.4255334517197,1978.6074950806615,2444.720925799268,2444.720925799268,1978.6074950806615,2246.464545227847,2533.723664072981,8900.158467918824,2533.723664072981,2246.464545227847,1255.7988770702818,1982.7551484462206,2416.721757655772,2416.721757655772,1982.7551484462206,1255.7988770702818,1091.4406803896675,2279.8995968815457,2557.569989899863,8871.956444744676,2557.569989899863,2279.8995968815457,1091.4406803896675,1006.6086850381764,1244.1791354386444,1960.7608608656128,2450.2229741618357,2450.2229741618357,1960.7608608656128,1244.1791354386444,1006.6086850381764,1342.3517513380996,1084.0223970652746,2277.667937217324,2560.420696988885,8864.439240078094,2560.420696988885,2277.667937217324,1084.0223970652746,1342.3517513380996
cavallo,15965.999999993735,4505.167988282876,4505.167988282876,3864.2140790939325,15013.496598633566,3864.2140790939325,3714.1703934492793,4300.70146261018,4300.70146261018,3714.1703934492793,2484.0492195940215,3835.183918086203,15113.756953115455,3835.183918086203,2484.0492195940215,2796.419969452124,3707.3481149193267,4257.758284233934,4257.758284233934,3707.3481149193267,2796.419969452124,1296.3376297986208,2489.151753614155,3846.726182919613,15102.591458362585,3846.726182919613,2489.151753614155,1296.3376297986208,2102.380886683969,2771.68961464513,3697.8866255011476,4312.50273895335,4312.50273895335,3697.8866255011476,2771.68961464513,2102.380886683969,1327.5595343051225,1297.670442593284,2492.679850324463,3851.0266904903046,15082.709005362187,3851.0266904903046,2492.679850324463,1297.670442593284,1327.5595343051225
cavallo,9256.99999999637,4108.175953191968,4108.175953191968,1787.8778953458823,9073.793650790092,1787.8778953458823,2628.4083412731884,3956.7508172808984,3956.7508172808984,2628.4083412731884,2643.5012297776143,1882.1104379319243,8999.657102746867,1882.1104379319243,2643.5012297776143,1372.3550656969744,2675.343787432773,3954.6122028754553,3954.6122028754553,2675.343787432773,1372.3550656969744,1102.0578035028068,2636.164863605753,1855.4718471279577,9017.554228233043,1855.4718471279577,2636.164863605753,1102.0578035028068,97.83181470675599,1370.7244051810762,2650.05015693454,3968.3975852768644,3968.3975852768644,2650.05015693454,1370.7244051810762,97.83181470675599,508.9693848118231,1093.9492963254402,2649.128888309441,1856.2235518200457,9005.172080841807,1856.2235518200457,2649.128888309441,1093.9492963254402,508.9693848118231
cavallo,3311.9999999987012,3267.8874602293986,3267.8874602293986,3138.348532721588,3311.9999999987012,3138.348532721588,2931.661867949251,3267.8874602293986,3267.8874602293986,2931.661867949251,2661.2676458224064,3138.348532721588,3311.9999999987012,3138.348532721588,2661.2676458224064,2345.356054240135,2931.661867949251,3267.8874602293986,3267.8874602293986,2931.661867949251,2345.356054240135,2006.5585643972395,2661.2676458224064,3138.348532721588,3311.9999999987012,3138.348532721588,2661.2676458224064,2006.5585643972395,1671.997219137971,2345.356054240135,2931.661867949251,3267.8874602293986,3267.8874602293986,2931.661867949251,2345.356054240135,1671.997219137971,1373.6463936626553,2006.5585643972395,2661.2676458224064,3138.348532721588,3311.9999999987012,3138.348532721588,2661.2676458224064,2006.5585643972395,1373.6463936626553
cavallo,12718.99999999501,4449.4648995182,4449.4648995182,1202.050463158627,12181.462585029234,1202.050463158627,2218.841127873681,4193.297340704612,4193.297340704612,2218.841127873681,3136.702572360783,1244.2672381067957,12086.106236594205,1244.2672381067957,3136.702572360783,1591.5454222616597,2204.128841897915,4245.001786068863,4245.001786068863,2204.128841897915,1591.5454222616597,1225.1555628344508,3135.6592777325263,1214.1587798770572,12131.444894477529,1214.1587798770572,3135.6592777325263,1225.1555628344508,1174.2579309599648,1559.298889023621,2205.0432578065797,4235.669935689628,4235.669935689628,2205.0432578065797,1559.298889023621,1174.2579309599648,352.5978857101415,1235.668596709503,3141.0390104957814,1237.1604602760758,12098.427362269129,1237.1604602760758,3141.0390104957814,1235.668596709503,352.5978857101415
cavallo,11597.99999999545,3824.812729315434,3824.812729315434,1060.50712858499,10402.544217682993,1060.50712858499,3325.084649415819,3674.075601127335,3674.075601127335,3325.084649415819,1807.6491128294315,1134.2369954102062,10458.454933896897,1134.2369954102062,1807.6491128294315,2613.88665900795,3330.398995839195,3689.8457558602504,3689.8457558602504,3330.398995839195,2613.88665900795,1554.9384370769226,1816.7293914077954,1093.8785017608222,10406.425217267899,1093.8785017608222,1816.7293914077954,1554.9384370769226,1107.222483302753,2601.523109235712,3332.357465374143,3723.3567874057244,3723.3567874057244,3332.357465374143,2601.523109235712,1107.222483302753,1502.8962037857048,1571.9100246825628,1819.3113335422681,1087.6067539740793,10413.211434586534,1087.6067539740793,1819.3113335422681,1571.9100246825628,1502.8962037857048
cavallo,15470.99999999393,4958.5220163283575,4958.5220163283575,2073.4700509190916,14479.698412692733,2073.4700509190916,3685.184120004242,4709.762117870995,4709.762117870995,3685.184120004242,2879.958954192276,2023.1338614143262,14575.512934419754,2023.1338614143262,2879.958954192276,1193.8378791500008,3650.6632225404614,4734.772826248556,4734.772826248556,3650.6632225404614,1193.8378791500008,1454.8161122356607,2918.934722709749,2036.6308500689468,14530.424662280238,2036.6308500689468,2918.934722709749,1454.8161122356607,1822.1980857128335,1193.2026201680314,3663.7517878502026,4739.090412397818,4739.090412397818,3663.7517878502026,1193.2026201680314,1822.1980857128335,544.5151844064,1453.356600941758,2896.5808148973115,2032.3851486786962,14551.417552259425,2032.3851486786962,2896.5808148973115,1453.356600941758,544.5151844064
cavallo,15642.999999993865,6304.776929026568,6304.776929026568,5802.803077439019,14470.052154189336,5802.803077439019,1351.4813874646422,6310.078547565229,6310.078547565229,1351.4813874646422,2319.9242848325707,5795.289210899146,14377.761441986124,5795.289210899146,2319.9242848325707,3733.488016482596,1315.794661008755,6312.838386934178,6312.838386934178,1315.794661008755,3733.488016482596,1823.8328453096872,2297.102259175032,5775.684851133522,14466.169530419982,5775.684851133522,2297.102259175032,1823.8328453096872,1195.157197736952,3722.9558021500056,1349.8981299605657,6295.2812112579095,6295.2812112579095,1349.8981299605657,3722.9558021500056,1195.157197736952,728.5997939973238,1835.8145475820907,2315.934189716043,5787.850509315397,14394.587707885945,5787.850509315397,2315.934189716043,1835.8145475820907,728.5997939973238
cavallo,5585.99999999781,1634.1966660329574,1634.1966660329574,2244.4702887047556,5585.99999999781,2244.4702887047556,2175.88294024847,1634.1966660329574,1634.1966660329574,2175.88294024847,1206.45927691408,2244.4702887047556,5585.99999999781,2244.4702887047556,1206.45927691408,684.0876428125678,2175.88294024847,1634.1966660329574,1634.1966660329574,2175.88294024847,684.0876428125678,473.8186205145343,1206.45927691408,2244.4702887047556,5585.99999999781,2244.4702887047556,1206.45927691408,473.8186205145343,1403.504336472775,684.0876428125678,2175.88294024847,1634.1966660329574,1634.1966660329574,2175.88294024847,684.0876428125678,1403.504336472775,293.6055581080112,473.8186205145343,1206.45927691408,2244.4702887047556,5585.99999999781,2244.4702887047556,1206.45927691408,473.8186205145343,293.6055581080112
cavallo,13720.999999994616,4968.098605700221,4968.098605700221,2566.7851639603605,12469.408163260414,2566.7851639603605,4178.186041148519,4835.88321612484,4835.88321612484,4178.186041148519,2604.213769660047,2486.5868101602637,12569.39600783131,2486.5868101602637,2604.213769660047,948.2026917675977,4201.94059901597,4791.1981400445875,4791.1981400445875,4201.94059901597,948.2026917675977,1902.7542034123942,2606.9982725427485,2482.4383456612345,12569.220936185013,2482.4383456612345,2606.9982725427485,1902.7542034123942,1320.7801173267849,932.5843939016507,4195.3372565336385,4810.912092634345,4810.912092634345,4195.3372565336385,932.5843939016507,1320.7801173267849,651.592230358613,1902.4579295429119,2616.6246192673725,2494.8129426968635,12550.661485397124,2494.8129426968635,2616.6246192673725,1902.4579295429119,651.592230358613
cavallo,12483.999999995105,2241.4519182918752,2241.4519182918752,2223.816562588324,11185.287981855025,2223.816562588324,1906.5588066867192,2257.9480064314694,2257.9480064314694,1906.5588066867192,1978.6459527220545,2242.7534707064033,11185.56009069856,2242.7534707064033,1978.6459527220545,402.7977112360443,1907.3621001479803,2247.9955589265737,2247.9955589265737,1907.3621001479803,402.7977112360443,552.6461033494835,1992.0133357784962,2231.086918957578,11170.297214813112,2231.086918957578,1992.0133357784962,552.6461033494835,210.4012037796995,415.65258402586625,1903.6993186071043,2253.1713556524896,2253.1713556524896,1903.6993186071043,415.65258402586625,210.4012037796995,687.3932734646921,565.7155591620926,1976.3760966705518,2225.734649288604,11171.2777535883,2225.734649288604,1976.3760966705518,565.7155591620926,687.3932734646921
cavallo,18450.99999999276,4395.171271412447,4395.171271412447,5540.411463684282,17312.999999993208,5540.411463684282,5500.545290633637,4325.097986579757,4325.097986579757,5500.545290633637,1837.2724311151228,5503.885196137793,17234.762568059014,5503.885196137793,1837.2724311151228,2388.157859464172,5495.1469536197255,4329.822220073395,4329.822220073395,5495.1469536197255,2388.157859464172,959.7417315309459,1812.0419158341876,5536.312569077486,17287.508493854097,5536.312569077486,1812.0419158341876,959.7417315309459,964.9773087959178,2398.4011413233557,5478.372708980573,4335.5149535014025,4335.5149535014025,5478.372708980573,2398.4011413233557,964.9773087959178,536.1286334441029,966.6161904651993,1822.8080246359361,5520.25549252657,17258.459964853817,5520.25549252657,1822.8080246359361,966.6161904651993,536.1286334441029
cavallo,4868.999999998091,2041.1369681996512,2041.1369681996512,1512.85116018205,4868.999999998091,1512.85116018205,895.8689279341114,2041.1369681996512,2041.1369681996512,895.8689279341114,913.9367627956708,1512.85116018205,4868.999999998091,1512.85116018205,913.9367627956708,1565.6220437576699,895.8689279341114,2041.1369681996512,2041.1369681996512,895.8689279341114,1565.6220437576699,653.1162511892476,913.9367627956708,1512.85116018205,4868.999999998091,1512.85116018205,913.9367627956708,653.1162511892476,130.00416145170624,1565.6220437576699,895.8689279341114,2041.1369681996512,2041.1369681996512,895.8689279341114,1565.6220437576699,130.00416145170624,749.3946261784845,653.1162511892476,913.9367627956708,1512.85116018205,4868.999999998091,1512.85116018205,913.9367627956708,653.1162511892476,749.3946261784845
cavallo,2846.9999999988836,2579.140646615369,2579.140646615369,1893.138068854786,2846.9999999988836,1893.138068854786,1126.4942134254613,2579.140646615369,2579.140646615369,1126.4942134254613,791.9946417559853,1893.138068854786,2846.9999999988836,1893.138068854786,791.9946417559853,858.5251807311034,1126.4942134254613,2579.140646615369,2579.140646615369,1126.4942134254613,858.5251807311034,747.7304233324164,791.9946417559853,1893.138068854786,2846.9999999988836,1893.138068854786,791.9946417559853,747.7304233324164,374.40777505729204,858.5251807311034,1126.4942134254613,2579.140646615369,2579.140646615369,1126.4942134254613,858.5251807311034,374.40777505729204,120.93996357368194,747.7304233324164,791.9946417559853,1893.138068854786,2846.9999999988836,1893.138068854786,791.9946417559853,747.7304233324164,120.93996357368194
cavallo,5643.999999997786,2202.4683034119835,2202.4683034119835,2369.3236533317427,5023.079365077396,2369.3236533317427,2476.310535580212,2147.6833399123307,2147.6833399123307,2476.310535580212,273.8200747659854,2241.214755646432,5131.330093940327,2241.214755646432,273.8200747659854,1358.6692464238058,2492.336239675297,2106.9155055746187,2106.9155055746187,2492.336239675297,1358.6692464238058,830.412293005963,213.61990687455787,2324.4630377746316,5064.3313771626645,2324.4630377746316,213.61990687455787,830.412293005963,368.8039844190433,1374.7328282033163,2487.396106271626,2135.5906687650904,2135.5906687650904,2487.396106271626,1374.7328282033163,368.8039844190433,709.4163243669127,794.2264282576876,241.7163081639243,2286.2211752324765,5087.056552407663,2286.2211752324765,241.7163081639243,794.2264282576876,709.4163243669127
cavallo,41781.99999998361,9237.162243594521,9237.162243594521,4425.901846181656,40909.52380950775,4425.901846181656,1831.1900149787227,9247.20473023028,9247.20473023028,1831.1900149787227,4847.481547468271,4467.735834481012,41084.41313031538,4467.735834481012,4847.481547468271,5755.512214821686,1889.8498152104223,9204.511242923407,9204.511242923407,1889.8498152104223,5755.512214821686,1633.1214083039836,4905.647692058803,4485.376694875031,41055.30919812286,4485.376694875031,4905.647692058803,1633.1214083039836,2248.2844784447825,5795.000456946887,1901.6145260618612,9200.510671051044,9200.510671051044,1901.6145260618612,5795.000456946887,2248.2844784447825,1141.3967596365183,1611.090215343208,4882.314252527633,4468.762216556743,41076.13250228304,4468.762216556743,4882.314252527633,1611.090215343208,1141.3967596365183
cavallo,16426.999999993554,2464.4330830312106,2464.4330830312106,1698.8650598081203,15152.977324257095,1698.8650598081203,3197.439152205122,2475.4030815847677,2475.4030815847677,3197.439152205122,1905.6432476277541,1648.4626803364133,15172.927159973686,1648.4626803364133,1905.6432476277541,405.60142307446455,3209.6995317122924,2439.1442450757545,2439.1442450757545,3209.6995317122924,405.60142307446455,1016.993724379167,1924.0122416315198,1661.7961243385591,15167.635817439961,1661.7961243385591,1924.0122416315198,1016.993724379167,369.8591257759952,390.0713246396296,3192.392783563177,2438.372394193284,2438.372394193284,3192.392783563177,390.0713246396296,369.8591257759952,639.2771601242287,1000.2382868917595,1918.7287296973582,1675.8752520286675,15170.326677702335,1675.8752520286675,1918.7287296973582,1000.2382868917595,639.2771601242287
cavallo,8468.999999996679,1592.2566066005136,1592.2566066005136,1522.755491186642,8420.795918364043,1522.755491186642,3158.1231552018153,1593.4914487215128,1593.4914487215128,3158.1231552018153,2530.6867395613026,1540.6638372884024,8381.65589954474,1540.6638372884024,2530.6867395613026,546.6226768790626,3161.627316289756,1591.840297201214,1591.840297201214,3161.627316289756,546.6226768790626,1395.1396019657122,2558.054692480828,1541.6730616306534,8370.10570141931,1541.6730616306534,2558.054692480828,1395.1396019657122,2313.6284607778903,561.105635536923,3165.248610264779,1595.9119674030217,1595.9119674030217,3165.248610264779,561.105635536923,2313.6284607778903,627.84469097794,1398.1713413291839,2556.5132644345426,1543.5286159044942,8367.968380245085,1543.5286159044942,2556.5132644345426,1398.1713413291839,627.84469097794
cavallo,18809.999999992622,5587.384288152562,5587.384288152562,2674.0709217658264,17440.52607709066,2674.0709217658264,5929.45820173098,5573.291384191054,5573.291384191054,5929.45820173098,4006.680629809202,2672.236814265667,17460.64920479979,2672.236814265667,4006.680629809202,1745.6750291521694,5920.033389467389,5560.49234180326,5560.49234180326,5920.033389467389,1745.6750291521694,2910.0070272870553,4019.6318349266703,2670.341351019056,17472.853591354706,2670.341351019056,4019.6318349266703,2910.0070272870553,177.5136367686564,1743.3038150448715,5919.107165723277,5554.588613791021,5554.588613791021,5919.107165723277,1743.3038150448715,177.5136367686564,770.8911868628751,2904.431973038198,4018.2435935357776,2668.9030210481533,17475.02358908794,2668.9030210481533,4018.2435935357776,2904.431973038198,770.8911868628751
cavallo,12591.99999999506,3713.329507512198,3713.329507512198,2137.8407123724483,11436.757369610026,2137.8407123724483,2429.2090505162355,3772.5013559736963,3772.5013559736963,2429.2090505162355,2470.635830013746,2129.0405670497507,11555.295848947293,2129.0405670497507,2470.635830013746,1059.07718365761,2505.112864542063,3765.1132179072188,3765.1132179072188,2505.112864542063,1059.07718365761,175.63191252893463,2475.121048392783,2142.3398517721803,11528.003735992817,2142.3398517721803,2475.121048392783,175.63191252893463,757.3450735460771,1070.8182536672266,2486.9145448408435,3747.985036988529,3747.985036988529,2486.9145448408435,1070.8182536672266,757.3450735460771,733.6608718164852,188.5681412047599,2493.841110682861,2143.0946018720842,11495.576913752557,2143.0946018720842,2493.841110682861,188.5681412047599,733.6608718164852
cavallo,11724.9999999954,5232.674918553032,5232.674918553032,2040.2814631025383,10339.671201810002,2040.2814631025383,2661.8830524495675,5232.6749185530325,5232.6749185530325,2661.8830524495675,2789.6810254583775,2040.2814631025383,10339.91415613459,2040.2814631025383,2789.6810254583775,1833.0502325763118,2661.883052449567,5232.6749185530325,5232.6749185530325,2661.883052449567,1833.0502325763118,1594.1222342833948,2789.0065543449455,2040.2814631025383,10340.316643615632,2040.2814631025383,2789.0065543449455,1594.1222342833948,1466.304960720777,1833.0502325763118,2661.8830524495675,5232.6749185530325,5232.6749185530325,2661.8830524495675,1833.0502325763118,1466.304960720777,1492.0334925110137,1594.1222342833948,2788.075516493267,2040.2814631025383,10340.919691020172,2040.2814631025383,2788.075516493267,1594.1222342833948,1492.0334925110137
cavallo,11071.999999995656,2288.880267046305,2288.880267046305,2569.0686155753356,9687.297052150396,2569.0686155753356,2552.0215615170764,2288.1875881957926,2288.1875881957926,2552.0215615170764,2345.130498738186,2568.0401757840814,9688.61073317836,2568.0401757840814,2345.130498738186,604.7401928469645,2552.7334957157177,2287.255161208202,2287.255161208202,2552.7334957157177,604.7401928469645,1259.0952175440445,2345.256693068211,2566.865117656162,9690.231848280442,2566.865117656162,2345.256693068211,1259.0952175440445,485.75002123767484,603.8277417384028,2553.443603164707,2286.331881480017,2286.331881480017,2553.443603164707,603.8277417384028,485.75002123767484,572.4938861380086,1258.8257751483327,2345.0245539581565,2565.837062263501,9691.892702642996,2565.837062263501,2345.0245539581565,1258.8257751483327,572.4938861380086
cavallo,25170.99999999012,1962.7706239550669,1962.7706239550669,1291.1555106312333,23785.671201804726,1291.1555106312333,3290.3842952821774,1962.7706239550669,1962.7706239550669,3290.3842952821774,2697.6669166832944,1291.1555106312333,23785.914156129315,1291.1555106312333,2697.6669166832944,1366.8644642965496,3290.3842952821774,1962.770623955067,1962.770623955067,3290.3842952821774,1366.8644642965496,282.0674006324102,2697.1772910453146,1291.155510631233,23786.316643610357,1291.155510631233,2697.1772910453146,282.0674006324102,141.50581143710036,1366.8644642965496,3290.3842952821765,1962.7706239550669,1962.7706239550669,3290.3842952821765,1366.8644642965496,141.50581143710036,500.3185894529457,282.0674006324102,2696.5015578416196,1291.1555106312333,23786.919691014897,1291.1555106312333,2696.5015578416196,282.0674006324102,500.3185894529457
cavallo,3894.9999999984725,3651.54520517076,3651.54520517076,2985.550151965802,3894.9999999984725,2985.550151965802,2073.8969844397698,3651.54520517076,3651.54520517076,2073.8969844397698,1173.6718598319667,2985.550151965802,3894.9999999984725,2985.550151965802,1173.6718598319667,644.5089683915379,2073.8969844397698,3651.54520517076,3651.54520517076,2073.8969844397698,644.5089683915379,681.6070314877433,1173.6718598319667,2985.550151965802,3894.9999999984725,2985.550151965802,1173.6718598319667,681.6070314877433,727.0207051937371,644.5089683915379,2073.8969844397698,3651.54520517076,3651.54520517076,2073.8969844397698,644.5089683915379,727.0207051937371,559.1636698671543,681.6070314877433,1173.6718598319667,2985.550151965802,3894.9999999984725,2985.550151965802,1173.6718598319667,681.6070314877433,559.1636698671543
cavallo,16195.999999993648,4359.005201811937,4359.005201811937,5966.0847943957215,14811.637188202803,5966.0847943957215,1895.324176704679,4359.770589576674,4359.770589576674,1895.324176704679,1974.7983301661134,5965.9487512458645,14813.553118293661,5965.9487512458645,1974.7983301661134,2610.9499608092397,1894.614200008426,4360.8519309905705,4360.8519309905705,1894.614200008426,2610.9499608092397,1963.7677071196017,1974.7039365008297,5965.886509590071,14815.90982518029,5965.886509590071,1974.7039365008297,1963.7677071196017,2005.7062644060077,2610.3697705405143,1893.8611611112512,4362.017216090076,4362.017216090076,1893.8611611112512,2610.3697705405143,2005.7062644060077,982.9496516430512,1962.44362568374,1974.4057215139903,5965.970483548737,14818.301317465433,5965.970483548737,1974.4057215139903,1962.44362568374,982.9496516430512
cavallo,8572.999999996637,2180.9724819620674,2180.9724819620674,1849.89122419428,7808.36961450941,1849.89122419428,2175.795243259223,2185.0934033673957,2185.0934033673957,2175.795243259223,1327.6628024241534,1894.373745449385,7822.473213318543,1894.373745449385,1327.6628024241534,887.1780758432351,2103.5961424786083,2124.8186750027644,2124.8186750027644,2103.5961424786083,887.1780758432351,827.793594615948,1321.2421753256776,1863.832257980148,7800.79911659684,1863.832257980148,1321.2421753256776,827.793594615948,1284.9766338749087,922.5560466496532,2132.7885090342083,2146.454948471277,2146.454948471277,2132.7885090342083,922.5560466496532,1284.9766338749087,471.30454359879906,814.0044827816513,1316.1804089827247,1877.249477903493,7813.605067959184,1877.249477903493,1316.1804089827247,814.0044827816513,471.30454359879906
cavallo,1683.9999999993397,114.37655764661925,114.37655764661925,247.2240501933447,1683.9999999993397,247.2240501933447,173.10622911560992,114.37655764661925,114.37655764661925,173.10622911560992,919.3366359155474,247.2240501933447,1683.9999999993397,247.2240501933447,919.3366359155474,242.42120307309148,173.10622911560992,114.37655764661925,114.37655764661925,173.10622911560992,242.42120307309148,429.90491735499637,919.3366359155474,247.2240501933447,1683.9999999993397,247.2240501933447,919.3366359155474,429.90491735499637,316.030976419448,242.42120307309148,173.10622911560992,114.37655764661925,114.37655764661925,173.10622911560992,242.42120307309148,316.030976419448,218.74324334991275,429.90491735499637,919.3366359155474,247.2240501933447,1683.9999999993397,247.2240501933447,919.3366359155474,429.90491735499637,218.74324334991275
cavallo,20481.999999991967,3471.328589178049,3471.328589178049,3091.516842587427,19529.573696137464,3091.516842587427,2200.178196433358,3362.482245588184,3362.482245588184,2200.178196433358,950.3049578976562,3073.9910170796757,19417.857281680568,3073.9910170796757,950.3049578976562,908.4706060227983,2147.9036066811104,3413.5306679060504,3413.5306679060504,2147.9036066811104,908.4706060227983,595.7206836617373,925.1353896000312,3086.8062590121854,19467.156448422626,3086.8062590121854,925.1353896000312,595.7206836617373,394.17850880658983,913.3951231057512,2165.8370617182,3422.175561892333,3422.175561892333,2165.8370617182,913.3951231057512,394.17850880658983,134.37317794303766,593.2469313639422,944.7663364117766,3057.0828088365915,19443.583389378888,3057.0828088365915,944.7663364117766,593.2469313639422,134.37317794303766
cavallo,24179.999999990512,8660.594088142801,8660.594088142801,4051.481201331682,23044.41723355105,4051.481201331682,3645.1736353838533,8498.943518212536,8498.943518212536,3645.1736353838533,2865.47240804118,4049.6050765813216,23210.325203995395,4049.6050765813216,2865.47240804118,17.032255405045845,3701.2365759668564,8464.329600185974,8464.329600185974,3701.2365759668564,17.032255405045845,1478.818806955917,2873.4305960697034,4027.0302421438405,23191.661543457463,4027.0302421438405,2873.4305960697034,1478.818806955917,1344.2869309167538,32.92313461509409,3684.390782820705,8498.339529932735,8498.339529932735,3684.390782820705,32.92313461509409,1344.2869309167538,763.9315834581971,1483.4053134326477,2847.118455141891,4021.3901524493886,23165.534802272832,4021.3901524493886,2847.118455141891,1483.4053134326477,763.9315834581971
cavallo,8045.999999996844,2926.6364894015715,2926.6364894015715,1727.7502092436928,7500.698412695471,1727.7502092436928,2728.3904872743224,2653.6141218973703,2653.6141218973703,2728.3904872743224,1162.8111183643398,1794.5899707319777,7431.230351548136,1794.5899707319777,1162.8111183643398,511.60038538828627,2718.345207945544,2727.174822843244,2727.174822843244,2718.345207945544,511.60038538828627,1440.3582408225668,1244.2068969924178,1778.633661666339,7457.7870262752,1778.633661666339,1244.2068969924178,1440.3582408225668,1011.9874372472367,503.11709576337176,2716.586528931841,2695.1450540665614,2695.1450540665614,2716.586528931841,503.11709576337176,1011.9874372472367,1060.0433480330416,1428.2272770515597,1207.2808344809378,1790.3509506347505,7456.8893843037695,1790.3509506347505,1207.2808344809378,1428.2272770515597,1060.0433480330416
cavallo,4296.999999998316,2027.0044804361323,2027.0044804361323,1255.83605874554,3649.870748297889,1255.83605874554,1582.5856984838422,1689.2803489399266,1689.2803489399266,1582.5856984838422,322.3769133276136,1282.422426901482,3648.917503507909,1282.422426901482,322.3769133276136,1057.7990534500113,1516.5841307987955,1762.0703248464217,1762.0703248464217,1516.5841307987955,1057.7990534500113,162.12484753345265,334.91431803802993,1270.952530012766,3651.597204132354,1270.952530012766,334.91431803802993,162.12484753345265,669.9188899653044,1036.4330512956365,1546.9863176470026,1737.6146745870706,1737.6146745870706,1546.9863176470026,1036.4330512956365,669.9188899653044,334.6450461534611,173.86132661785618,323.2796662726914,1278.9834387861667,3653.921170275818,1278.9834387861667,323.2796662726914,173.86132661785618,334.6450461534611
cavallo,21906.999999991403,8401.705019806179,8401.705019806179,9330.32991905565,21719.362811782863,9330.32991905565,3437.2210720348107,8510.985101224653,8510.985101224653,3437.2210720348107,1467.9052613470787,9254.607382121696,21627.93892975843,9254.607382121696,1467.9052613470787,2077.1045821531156,3470.1629693935824,8518.276523600625,8518.276523600625,3470.1629693935824,2077.1045821531156,2018.4961092460749,1451.614170123696,9273.319477218647,21656.589293320976,9273.319477218647,1451.614170123696,2018.4961092460749,990.7634022892317,2075.872708144388,3449.979183604844,8500.862950050141,8500.862950050141,3449.979183604844,2075.872708144388,990.7634022892317,1428.0018830964846,2031.8417256193102,1466.875228942228,9276.696598696992,21658.833305263008,9276.696598696992,1466.875228942228,2031.8417256193102,1428.0018830964846
cavallo,9189.999999996395,2944.117682282914,2944.117682282914,3540.9670750686832,8572.090702944482,3540.9670750686832,1692.4636318492921,2977.679609993858,2977.679609993858,1692.4636318492921,2741.942493334155,3503.906049563352,8554.39662485974,3503.906049563352,2741.942493334155,1402.1184274390926,1699.3642209831314,2941.0498901128713,2941.0498901128713,1699.3642209831314,1402.1184274390926,1013.3540589409754,2734.009686347938,3513.166641106153,8541.110412486914,3513.166641106153,2734.009686347938,1013.3540589409754,438.262701695107,1425.2372494805973,1707.567225704995,2945.549816637853,2945.549816637853,1707.567225704995,1425.2372494805973,438.262701695107,1121.4848778724113,1015.9335067494201,2750.650811467274,3506.2303390391535,8530.650836136381,3506.2303390391535,2750.650811467274,1015.9335067494201,1121.4848778724113
cavallo,11645.99999999543,5321.085979919683,5321.085979919683,1296.2761694706103,10516.14965985982,1296.2761694706103,3627.2256488478324,5118.532974850972,5118.532974850972,3627.2256488478324,3223.681559185409,1233.3739705756864,10614.68841685918,1233.3739705756864,3223.681559185409,1168.8847993140812,3651.790308697545,5109.7754530000275,5109.7754530000275,3651.790308697545,1168.8847993140812,1548.073650396771,3223.1396205428614,1267.1313411468916,10573.254865072471,1267.1313411468916,3223.1396205428614,1548.073650396771,1218.726020291841,1153.610578537869,3631.2061952596555,5127.305638917794,5127.305638917794,3631.2061952596555,1153.610578537869,1218.726020291841,1029.1016456665882,1554.1470534505843,3246.6218764160935,1264.340904286192,10585.697602258255,1264.340904286192,3246.6218764160935,1554.1470534505843,1029.1016456665882
cavallo,3086.9999999987895,2883.662618178295,2883.662618178295,2357.1086197466593,3086.9999999987895,2357.1086197466593,1736.0612679608516,2883.662618178295,2883.662618178295,1736.0612679608516,1309.4931079390465,2357.1086197466593,3086.9999999987895,2357.1086197466593,1309.4931079390465,1170.7011371411438,1736.0612679608516,2883.662618178295,2883.662618178295,1736.0612679608516,1170.7011371411438,1090.3613264874134,1309.4931079390465,2357.1086197466593,3086.9999999987895,2357.1086197466593,1309.4931079390465,1090.3613264874134,911.4317761054604,1170.7011371411438,1736.0612679608516,2883.662618178295,2883.662618178295,1736.0612679608516,1170.7011371411438,911.4317761054604,693.673036495862,1090.3613264874134,1309.4931079390465,2357.1086197466593,3086.9999999987895,2357.1086197466593,1309.4931079390465,1090.3613264874134,693.673036495862
cavallo,8022.999999996854,2683.1390755736898,2683.1390755736898,1461.7034317885807,6938.922902491609,1461.7034317885807,1036.2540743608718,2461.0568268551506,2461.0568268551506,1036.2540743608718,1348.8032181227136,1495.0894455648015,7047.165795113469,1495.0894455648015,1348.8032181227136,724.8740295648066,1023.9793771403345,2465.0112827583475,2465.0112827583475,1023.9793771403345,724.8740295648066,768.4457859672818,1339.3062463168371,1498.8368616766434,7016.769672080238,1498.8368616766434,1339.3062463168371,768.4457859672818,472.5021604773373,752.4724235329381,1017.5719074454674,2478.7192247218786,2478.7192247218786,1017.5719074454674,752.4724235329381,472.5021604773373,839.4340698822612,773.296225658157,1323.3119468523557,1517.285248526216,7018.423095109445,1517.285248526216,1323.3119468523557,773.296225658157,839.4340698822612
cavallo,11398.999999995529,3434.179677725551,3434.179677725551,1598.0315417400554,10184.27891156063,1598.0315417400554,2788.209735058483,3336.6298011362255,3336.6298011362255,2788.209735058483,2071.7577093072578,1557.7304159657922,10250.334413126311,1557.7304159657922,2071.7577093072578,812.7344603701437,2822.1743721236016,3330.7525628770327,3330.7525628770327,2822.1743721236016,812.7344603701437,1419.579947662091,2029.3266363827038,1551.070425242401,10223.380289597753,1551.070425242401,2029.3266363827038,1419.579947662091,591.3929388323207,834.8184202256365,2825.5008774605535,3337.695817653957,3337.695817653957,2825.5008774605535,834.8184202256365,591.3929388323207,726.7569222129349,1410.2886438597066,2038.305072701732,1553.7580303906284,10236.531017626654,1553.7580303906284,2038.305072701732,1410.2886438597066,726.7569222129349
cavallo,13570.999999994676,2545.174423770968,2545.174423770968,4330.291804381394,12187.571428566647,4330.291804381394,2927.6381714231957,2542.5324138537553,2542.5324138537553,2927.6381714231957,3754.9618541440113,4329.685504884784,12191.09977323785,4329.685504884784,3754.9618541440113,1101.8980816928756,2925.9101434971194,2538.9209930618067,2538.9209930618067,2925.9101434971194,1101.8980816928756,1912.4044536007657,3755.476328170597,4328.872745621643,12195.329662613396,4328.872745621643,3755.476328170597,1912.4044536007657,1286.864077829218,1104.840043678979,2924.2975237349033,2535.22703051903,2535.22703051903,2924.2975237349033,1104.840043678979,1286.864077829218,713.9877599338404,1910.2029993069477,3755.3501263793096,4327.972786815868,12199.423268299157,4327.972786815868,3755.3501263793096,1910.2029993069477,713.9877599338404
cavallo,11706.999999995409,4062.45566189069,4062.45566189069,756.0398812518558,10429.476190472098,756.0398812518558,808.8701710367448,3981.716237456954,3981.716237456954,808.8701710367448,1608.0930563246056,711.9415415073803,10501.873432362023,711.9415415073803,1608.0930563246056,1593.6193752252934,854.7154439785795,3965.1459618579147,3965.1459618579147,854.7154439785795,1593.6193752252934,1228.154502384084,1621.5113802293615,724.4764181813928,10497.919441858015,724.4764181813928,1621.5113802293615,1228.154502384084,577.0583459509855,1580.7702533318088,831.5103083643007,3980.604104597272,3980.604104597272,831.5103083643007,1580.7702533318088,577.0583459509855,674.9888058247221,1218.228085758159,1609.1583302022998,737.3589557215355,10495.256033078935,737.3589557215355,1609.1583302022998,1218.228085758159,674.9888058247221
cavallo,18145.99999999288,4523.274227984098,4523.274227984098,3302.952256493173,16766.852607703175,3302.952256493173,5192.329433077917,4517.079216690868,4517.079216690868,5192.329433077917,2755.1929443118174,3298.371663949366,16776.94710536618,3298.371663949366,2755.1929443118174,2655.256414823168,5194.698264537673,4509.550130428121,4509.550130428121,5194.698264537673,2655.256414823168,2902.4375380235665,2745.170956147178,3293.888347777889,16787.194517301712,3293.888347777889,2745.170956147178,2902.4375380235665,813.6536778776741,2660.374694030747,5196.562168459957,4503.303044653468,4503.303044653468,5196.562168459957,2660.374694030747,813.6536778776741,1450.7671749750027,2898.753241696742,2737.972113584052,3290.8979022751964,16794.637157737674,3290.8979022751964,2737.972113584052,2898.753241696742,1450.7671749750027
cavallo,4510.999999998231,1289.4744450237429,1289.4744450237429,2409.7111077587047,3457.2086167786897,2409.7111077587047,1488.6456922358598,1430.1663165919574,1430.1663165919574,1488.6456922358598,1015.1628583690899,2364.255157398929,3593.5140759237456,2364.255157398929,1015.1628583690899,1481.7900191417386,1468.9388870734751,1393.9830016379326,1393.9830016379326,1468.9388870734751,1481.7900191417386,607.8291593748285,1008.2925942489036,2363.9727826339913,3584.7030154118715,2363.9727826339913,1008.2925942489036,607.8291593748285,1014.9624286468734,1503.7512714391764,1478.9439027540852,1379.5421280106088,1379.5421280106088,1478.9439027540852,1503.7512714391764,1014.9624286468734,515.12533536805,603.563373592292,988.5149908572953,2381.1913957982833,3594.251833742467,2381.1913957982833,988.5149908572953,603.563373592292,515.12533536805
cavallo,10858.99999999574,1722.5101482474702,1722.5101482474702,4169.9074371255765,9484.496598635735,4169.9074371255765,3608.689543475519,1712.2096557218595,1712.2096557218595,3608.689543475519,1249.4468567800925,4165.127861951432,9487.581979726947,4165.127861951432,1249.4468567800925,1142.2913872313466,3611.766098089453,1714.5716810787515,1714.5716810787515,3611.766098089453,1142.2913872313466,1572.0284189946776,1254.0814666606923,4167.087071592402,9482.691860142317,4167.087071592402,1254.0814666606923,1572.0284189946776,873.4631963468379,1144.6507173268094,3610.352658318104,1718.501074939708,1718.501074939708,3610.352658318104,1144.6507173268094,873.4631963468379,1095.000443250327,1569.4824258869492,1247.3941547432087,4167.953623180653,9483.755981406968,4167.953623180653,1247.3941547432087,1569.4824258869492,1095.000443250327
cavallo,13388.99999999475,3259.8090991714007,3259.8090991714007,3122.192731266862,12003.67120180935,3122.192731266862,4639.92143176821,3259.8090991714007,3259.8090991714007,4639.92143176821,1609.614296930044,3122.192731266862,12003.914156133938,3122.192731266862,1609.614296930044,3419.6387612951385,4639.92143176821,3259.8090991714007,3259.8090991714007,4639.92143176821,3419.6387612951385,456.5331354730689,1609.5083106301836,3122.192731266862,12004.316643614979,3122.192731266862,1609.5083106301836,456.5331354730689,1541.5217028622808,3419.6387612951385,4639.92143176821,3259.8090991714007,3259.8090991714007,4639.92143176821,3419.6387612951385,1541.5217028622808,700.3657758933595,456.5331354730689,1609.362529002633,3122.192731266862,12004.919691019519,3122.192731266862,1609.362529002633,456.5331354730689,700.3657758933595
cavallo,9258.999999996367,2626.6348342135584,2626.6348342135584,3301.536813923557,8620.854875280065,3301.536813923557,4376.4095742804575,2736.3815065984168,2736.3815065984168,4376.4095742804575,506.4182573490651,3299.3721371093757,8720.789377879251,3299.3721371093757,506.4182573490651,1703.716454250237,4374.828124154849,2668.9842909753193,2668.9842909753193,4374.828124154849,1703.716454250237,1722.270896104027,522.1819479349255,3299.2766296345703,8711.11692758854,3299.2766296345703,522.1819479349255,1722.270896104027,660.863889851511,1708.8159023586752,4371.336991431782,2692.153367458919,2692.153367458919,4371.336991431782,1708.8159023586752,660.863889851511,1042.0341732053964,1711.3384536281026,520.118039011313,3281.4338499421824,8702.648818488144,3281.4338499421824,520.118039011313,1711.3384536281026,1042.0341732053964
cavallo,12293.999999995178,2153.9032222498668,2153.9032222498668,2796.553383650681,10943.48752834038,2796.553383650681,2601.099235027638,2113.1916136888613,2113.1916136888613,2601.099235027638,3191.9048106511036,2778.188447736815,10985.891403269019,2778.188447736815,3191.9048106511036,903.6242594546861,2607.807191742906,2080.4795760340103,2080.4795760340103,2607.807191742906,903.6242594546861,1968.5835033292124,3180.5577794361,2772.334026766856,11009.826817020552,2772.334026766856,3180.5577794361,1968.5835033292124,871.6918713656022,904.5177481566402,2604.217426743476,2070.0848493579892,2070.0848493579892,2604.217426743476,904.5177481566402,871.6918713656022,927.9163244849439,1977.6904200273857,3180.3950864187113,2776.849094589978,11013.079607768646,2776.849094589978,3180.3950864187113,1977.6904200273857,927.9163244849439
elefante,9418.999999996304,5195.248066091895,5195.248066091895,1559.3712239680815,8470.886621311869,1559.3712239680815,1213.9094572141578,5271.3762267170805,5271.3762267170805,1213.9094572141578,861.1496962398271,1420.3428572085245,8435.47868943165,1420.3428572085245,861.1496962398271,260.36200955691214,1180.0277110422992,5268.400794877999,5268.400794877999,1180.0277110422992,260.36200955691214,363.65116938412245,901.878048071696,1487.9429746506362,8477.127820444564,1487.9429746506362,901.878048071696,363.65116938412245,329.45112356704465,277.66521464197245,1211.5725346040063,5261.653616744705,5261.653616744705,1211.5725346040063,277.66521464197245,329.45112356704465,428.76402199290595,368.86346088051596,896.512023097722,1458.286158104661,8462.036264764076,1458.286158104661,896.512023097722,368.86346088051596,428.76402199290595
elefante,10740.999999995787,2384.7931913635057,2384.7931913635057,3053.0251213916604,9365.884353737823,3053.0251213916604,1321.8210231187093,2379.133857031087,2379.133857031087,1321.8210231187093,1686.452677638948,3049.074623886336,9372.132768750085,3049.074623886336,1686.452677638948,1446.423736404166,1318.616213517898,2380.2737557565006,2380.2737557565006,1318.616213517898,1446.423736404166,714.4547142475815,1683.200760257362,3049.297018050799,9369.993981361065,3049.297018050799,1683.200760257362,714.4547142475815,514.8169011163535,1445.489477993105,1318.5074198772916,2382.9836692321774,2382.9836692321774,1318.5074198772916,1445.489477993105,514.8169011163535,719.9208476890919,716.4181530687607,1683.7972212571376,3050.5001452227125,9367.757720420908,3050.5001452227125,1683.7972212571376,716.4181530687607,719.9208476890919
elefante,10655.99999999582,5427.656947839024,5427.656947839024,2128.600116885796,9600.789115642492,2128.600116885796,2761.8279443749257,5299.7218800610835,5299.7218800610835,2761.8279443749257,2819.0171523015156,2091.7456675189155,9740.677310376113,2091.7456675189155,2819.0171523015156,483.65686871808333,2721.6019927052043,5296.431408962017,5296.431408962017,2721.6019927052043,483.65686871808333,1077.6289821321893,2811.4048012288704,2096.8295481105506,9689.22986534128,2096.8295481105506,2811.4048012288704,1077.6289821321893,1100.6875899945815,506.9598100159046,2728.5177613565925,5304.1201654906245,5304.1201654906245,2728.5177613565925,506.9598100159046,1100.6875899945815,757.6183557182808,1094.4621016198898,2780.5804592307127,2089.1343971378706,9695.536673612733,2089.1343971378706,2780.5804592307127,1094.4621016198898,757.6183557182808
elefante,20300.999999992036,6764.948279414199,6764.948279414199,5900.170354523615,19936.414965978576,5900.170354523615,5581.535911771697,6527.5219913663705,6527.5219913663705,5581.535911771697,2650.878312700502,5879.024176708767,19883.123189404017,5879.024176708767,2650.878312700502,679.5143060547157,5576.153570756754,6575.431440621775,6575.431440621775,5576.153570756754,679.5143060547157,563.615512623006,2668.0970678783824,5899.348818600951,19957.36740919329,5899.348818600951,2668.0970678783824,563.615512623006,2534.139379540885,707.210773826954,5587.960698767169,6576.598081541727,6576.598081541727,5587.960698767169,707.210773826954,2534.139379540885,2318.108075225445,549.5982883541806,2648.038847584216,5876.7671200568875,19914.504806849985,5876.7671200568875,2648.038847584216,549.5982883541806,2318.108075225445
elefante,30814.999999987907,12476.124225358337,12476.124225358337,1968.7965719313481,30305.49433105387,1968.7965719313481,3934.962294795144,12281.670476551477,12281.670476551477,3934.962294795144,4524.538975313718,1922.8368662545329,30322.204960884028,1922.8368662545329,4524.538975313718,4050.083484606661,3902.0625574372434,12371.838344847329,12371.838344847329,3902.0625574372434,4050.083484606661,3355.339168879071,4483.570140921002,1904.5580287839653,30315.93407800243,1904.5580287839653,4483.570140921002,3355.339168879071,459.54353719740607,4061.0713364789676,3948.712293171221,12318.914827154103,12318.914827154103,3948.712293171221,4061.0713364789676,459.54353719740607,2021.5161794043497,3353.3507117203294,4502.993057932021,1926.530195662783,30287.279682833538,1926.530195662783,4502.993057932021,3353.3507117203294,2021.5161794043497
elefante,11396.999999995529,6141.4765523980595,6141.4765523980595,1941.2682625347522,10532.809523805392,1941.2682625347522,600.4362273561613,6009.92436935343,6009.92436935343,600.4362273561613,580.09401931033,1942.769316847467,10611.690792412577,1942.769316847467,580.09401931033,375.76065659828697,618.0815759026553,6064.634892741688,6064.634892741688,618.0815759026553,375.76065659828697,1002.4902380017074,560.2928755079375,1944.80693557004,10574.493083680958,1944.80693557004,560.2928755079375,1002.4902380017074,170.49556622458755,395.005479807193,621.7941343687556,6051.20808561541,6051.20808561541,621.7941343687556,395.005479807193,170.49556622458755,478.7658487443382,976.6979137013979,570.1814167531796,1929.1779515430103,10601.9447360618,1929.1779515430103,570.1814167531796,976.6979137013979,478.7658487443382
elefante,24193.999999990505,2203.2574987604826,2203.2574987604826,5216.488734824164,22811.93650792756,5216.488734824164,1027.328794999848,2206.6685283357383,2206.6685283357383,1027.328794999848,163.2271600415058,5212.839131925292,22814.585990396285,5212.839131925292,163.2271600415058,2044.0208091765642,1024.7182320490065,2208.0576191788077,2208.0576191788077,1024.7182320490065,2044.0208091765642,2716.815413000933,158.75881265953944,5211.980335062675,22815.7058167902,5211.980335062675,158.75881265953944,2716.815413000933,1822.1034540754679,2044.0942170575668,1024.4922466202408,2208.548382224213,2208.548382224213,1024.4922466202408,2044.0942170575668,1822.1034540754679,1795.9047328027527,2715.3804120518716,157.52553545516022,5211.481957808675,22816.857994873673,5211.481957808675,157.52553545516022,2715.3804120518716,1795.9047328027527
elefante,410.99999999983885,373.80332583589626,373.80332583589626,284.23866115909146,410.99999999983885,284.23866115909146,196.44682011313517,373.80332583589626,373.80332583589626,196.44682011313517,152.5758197611827,284.23866115909146,410.99999999983885,284.23866115909146,152.5758197611827,129.7909313842803,196.44682011313517,373.80332583589626,373.80332583589626,196.44682011313517,129.7909313842803,97.7365332417896,152.5758197611827,284.23866115909146,410.99999999983885,284.23866115909146,152.5758197611827,97.7365332417896,65.78943678793645,129.7909313842803,196.44682011313517,373.80332583589626,373.80332583589626,196.44682011313517,129.7909313842803,65.78943678793645,54.20792980504103,97.7365332417896,152.5758197611827,284.23866115909146,410.99999999983885,284.23866115909146,152.5758197611827,97.7365332417896,54.20792980504103
elefante,2188.9999999991414,2165.3746337172984,2165.3746337172984,2095.7059980990903,2188.9999999991414,2095.7059980990903,1983.5517030592785,2165.3746337172984,2165.3746337172984,1983.5517030592785,1834.6315507355391,2095.7059980990903,2188.9999999991414,2095.7059980990903,1834.6315507355391,1656.5357114800931,1983.5517030592785,2165.3746337172984,2165.3746337172984,1983.5517030592785,1656.5357114800931,1458.3618068893,1834.6315507355391,2095.7059980990903,2188.9999999991414,2095.7059980990903,1834.6315507355391,1458.3618068893,1250.3280435092788,1656.5357114800931,1983.5517030592785,2165.3746337172984,2165.3746337172984,1983.5517030592785,1656.5357114800931,1250.3280435092788,1043.4227210017555,1458.3618068893,1834.6315507355391,2095.7059980990903,2188.9999999991414,2095.7059980990903,1834.6315507355391,1458.3618068893,1043.4227210017555
elefante,9526.999999996262,3231.5307256102874,3231.5307256102874,1085.1469515630556,8806.514739225571,1085.1469515630556,2033.5117889683206,3497.656384181383,3497.656384181383,2033.5117889683206,892.9338981008765,1088.3303184472536,8832.813565331966,1088.3303184472536,892.9338981008765,1380.0022492844596,1966.11129635749,3396.6284975452395,3396.6284975452395,1966.11129635749,1380.0022492844596,441.58771194169753,865.6551963440058,1088.575338385806,8830.591406514735,1088.575338385806,865.6551963440058,441.58771194169753,421.44452621142767,1385.1267816748368,1976.5298328944618,3409.9621637833066,3409.9621637833066,1976.5298328944618,1385.1267816748368,421.44452621142767,256.70419817048577,413.31315182768003,876.7021183613116,1098.4214030285366,8835.38968002763,1098.4214030285366,876.7021183613116,413.31315182768003,256.70419817048577
elefante,26101.99999998976,5000.037031890869,5000.037031890869,2076.7547098684026,25889.40136053406,2076.7547098684026,1613.3830655274676,5063.912557070433,5063.912557070433,1613.3830655274676,4237.882416192742,2076.8839167448064,25888.69665416172,2076.8839167448064,4237.882416192742,1461.5364723342554,1583.22090950983,5117.176022774141,5117.176022774141,1583.22090950983,1461.5364723342554,1183.6015808932118,4256.009860340916,2070.7006862192384,25855.52152539498,2070.7006862192384,4256.009860340916,1183.6015808932118,256.09107939586386,1488.3028778580556,1588.3500832573038,5090.44461906415,5090.44461906415,1588.3500832573038,1488.3028778580556,256.09107939586386,1943.2955279608002,1202.3237376856002,4239.026942270944,2089.301544525071,25866.608171709937,2089.301544525071,4239.026942270944,1202.3237376856002,1943.2955279608002
elefante,18443.999999992764,11473.458329287922,11473.458329287922,990.1604684937864,18299.60544216969,990.1604684937864,5943.867549641872,11345.30258151231,11345.30258151231,5943.867549641872,2692.298189293715,1082.8525091602883,18197.662887370032,1082.8525091602883,2692.298189293715,1857.4419247077437,6004.078787802838,11314.059588497097,11314.059588497097,6004.078787802838,1857.4419247077437,1878.1604240100119,2709.5892743054324,1070.7101631928858,18196.46911214963,1070.7101631928858,2709.5892743054324,1878.1604240100119,656.841245377639,1869.6251093272235,5987.087165364248,11333.110194421852,11333.110194421852,5987.087165364248,1869.6251093272235,656.841245377639,789.1170549210178,1875.0038272742695,2685.5670632818483,1056.0257310850673,18204.955520605803,1056.0257310850673,2685.5670632818483,1875.0038272742695,789.1170549210178
elefante,19245.99999999245,2905.9212568423754,2905.9212568423754,3925.5972085145495,18445.034013598208,3925.5972085145495,479.7303805141214,2737.594991987874,2737.594991987874,479.7303805141214,1012.3277955447209,3980.6021067294423,18307.476730367507,3980.6021067294423,1012.3277955447209,1679.2169964785562,470.2880613297039,2749.8530375580954,2749.8530375580954,470.2880613297039,1679.2169964785562,756.6152386587112,1010.4416623864226,3969.4452668071035,18372.751667985336,3969.4452668071035,1010.4416623864226,756.6152386587112,664.9844471381808,1688.0086061124996,459.0137114252572,2752.4683783006717,2752.4683783006717,459.0137114252572,1688.0086061124996,664.9844471381808,1208.2318759434118,756.860870385684,1018.8396575007455,3964.954428732181,18338.692737108686,3964.954428732181,1018.8396575007455,756.860870385684,1208.2318759434118
elefante,1558.9999999993886,1527.9458042791553,1527.9458042791553,1437.6671807421842,1558.9999999993886,1437.6671807421842,1296.588289856929,1527.9458042791553,1527.9458042791553,1296.588289856929,1118.059475295574,1437.6671807421842,1558.9999999993886,1437.6671807421842,1118.059475295574,919.5835971210964,1296.588289856929,1527.9458042791553,1527.9458042791553,1296.588289856929,919.5835971210964,722.3121192872519,1118.059475295574,1437.6671807421842,1558.9999999993886,1437.6671807421842,1118.059475295574,722.3121192872519,551.2542394356773,919.5835971210964,1296.588289856929,1527.9458042791553,1527.9458042791553,1296.588289856929,919.5835971210964,551.2542394356773,434.28108660030176,722.3121192872519,1118.059475295574,1437.6671807421842,1558.9999999993886,1437.6671807421842,1118.059475295574,722.3121192872519,434.28108660030176
elefante,11377.999999995536,2988.1158890374836,2988.1158890374836,3424.15883977765,10357.655328794122,3424.15883977765,1591.5214769742986,2767.9033841633973,2767.9033841633973,1591.5214769742986,963.8010338089204,3326.191788080233,10476.358091531825,3326.191788080233,963.8010338089204,1088.4197555123176,1576.4072638561704,2788.8735086711245,2788.8735086711245,1576.4072638561704,1088.4197555123176,573.2374876306042,1008.8500654048404,3366.6174851684846,10419.439684180767,3366.6174851684846,1008.8500654048404,573.2374876306042,280.63477299779333,1082.7821955443646,1578.1541994123045,2800.6307039068342,2800.6307039068342,1578.1541994123045,1082.7821955443646,280.63477299779333,646.2042660111966,589.5941276791709,983.6213750112987,3355.1401334942593,10439.055037911445,3355.1401334942593,983.6213750112987,589.5941276791709,646.2042660111966
elefante,33839.99999998672,14102.000160011174,14102.000160011174,749.1358945721017,33763.551020394916,749.1358945721017,3098.917312951876,14127.903990133578,14127.903990133578,3098.917312951876,5805.05494448943,724.6846631638741,33716.92029554263,724.6846631638741,5805.05494448943,1544.616759907063,3118.0123404723417,14132.314824268024,14132.314824268024,3118.0123404723417,1544.616759907063,355.3975863799336,5805.727996896395,706.6572739612927,33690.277845780925,706.6572739612927,5805.727996896395,355.3975863799336,1586.5004909886488,1560.2969706149042,3124.3136942739015,14140.764036234157,14140.764036234157,3124.3136942739015,1560.2969706149042,1586.5004909886488,1030.9386282445262,354.84741055093343,5805.940621064677,702.1934884609503,33685.83427141438,702.1934884609503,5805.940621064677,354.84741055093343,1030.9386282445262
elefante,1328.9999999994789,1144.8055219813773,1144.8055219813773,698.3038139087719,1328.9999999994789,698.3038139087719,231.76594959628153,1144.8055219813773,1144.8055219813773,231.76594959628153,46.28450052497815,698.3038139087719,1328.9999999994789,698.3038139087719,46.28450052497815,92.70748685386889,231.76594959628153,1144.8055219813773,1144.8055219813773,231.76594959628153,92.70748685386889,132.3242206159396,46.28450052497815,698.3038139087719,1328.9999999994789,698.3038139087719,46.28450052497815,132.3242206159396,250.0992015718544,92.70748685386889,231.76594959628153,1144.8055219813773,1144.8055219813773,231.76594959628153,92.70748685386889,250.0992015718544,303.2462776623682,132.3242206159396,46.28450052497815,698.3038139087719,1328.9999999994789,698.3038139087719,46.28450052497815,132.3242206159396,303.2462776623682
elefante,2648.999999998961,2559.061740382356,2559.061740382356,2302.3587638459035,2648.999999998961,2302.3587638459035,1915.6086463632414,2559.061740382356,2559.061740382356,1915.6086463632414,1451.9977092120114,2302.3587638459035,2648.999999998961,2302.3587638459035,1451.9977092120114,971.5034339358209,1915.6086463632414,2559.061740382356,2559.061740382356,1915.6086463632414,971.5034339358209,531.8965002760016,1451.9977092120114,2302.3587638459035,2648.999999998961,2302.3587638459035,1451.9977092120114,531.8965002760016,192.9038691055084,971.5034339358209,1915.6086463632414,2559.061740382356,2559.061740382356,1915.6086463632414,971.5034339358209,192.9038691055084,157.3322512197599,531.8965002760016,1451.9977092120114,2302.3587638459035,2648.999999998961,2302.3587638459035,1451.9977092120114,531.8965002760016,157.3322512197599
elefante,48440.99999998099,6499.904827331886,6499.904827331886,2463.615186710784,47301.98412696556,2463.615186710784,1692.649957110044,6590.925961835896,6590.925961835896,1692.649957110044,7546.545285619554,2480.172099286856,47432.584370691126,2480.172099286856,7546.545285619554,1584.7885560423763,1685.5810495620756,6588.437574146112,6588.437574146112,1685.5810495620756,1584.7885560423763,2776.4662886299766,7563.612660117731,2476.6973387021767,47413.09362578499,2476.6973387021767,7563.612660117731,2776.4662886299766,2361.316203941258,1563.274180559085,1670.9568886583043,6570.984555949711,6570.984555949711,1670.9568886583043,1563.274180559085,2361.316203941258,2744.5895681379575,2782.327441600693,7548.5166242656705,2477.096686957289,47406.25138399613,2477.096686957289,7548.5166242656705,2782.327441600693,2744.5895681379575
elefante,18114.99999999289,7364.555123068911,7364.555123068911,3705.4356863493313,17748.6689342334,3705.4356863493313,3407.753101403502,7249.247756236038,7249.247756236038,3407.753101403502,1829.69613418707,3675.3533466510044,17714.134434719323,3675.3533466510044,1829.69613418707,1311.031650155837,3428.3963220972746,7267.73751144983,7267.73751144983,3428.3963220972746,1311.031650155837,125.94200496051137,1843.7336520253418,3663.1102826022006,17766.422393784163,3663.1102826022006,1843.7336520253418,125.94200496051137,416.6396255015828,1326.090304998592,3431.9533030647062,7256.061467713553,7256.061467713553,3431.9533030647062,1326.090304998592,416.6396255015828,780.2339315778537,137.7028000727547,1825.8573337248563,3659.6851777506226,17741.914129496683,3659.6851777506226,1825.8573337248563,137.7028000727547,780.2339315778537
elefante,23022.99999999097,12360.124883949418,12360.124883949418,3911.846218827098,21819.87074829076,3911.846218827098,3098.5571873316676,12393.629965660894,12393.629965660894,3098.5571873316676,1041.6946034820671,3820.0651782985447,21868.158221102996,3820.0651782985447,1041.6946034820671,3467.2684218892223,3117.809834598206,12400.729675990155,12400.729675990155,3117.809834598206,3467.2684218892223,2317.317624488037,1029.6128734304057,3837.5052541318755,21850.949067432637,3837.5052541318755,1029.6128734304057,2317.317624488037,1087.3354019043734,3473.7176699714423,3095.14625572741,12399.169525879444,12399.169525879444,3095.14625572741,3473.7176699714423,1087.3354019043734,1809.5451054511655,2320.1203499574694,1034.2097575322362,3832.7459575575035,21863.374626837707,3832.7459575575035,1034.2097575322362,2320.1203499574694,1809.5451054511655
elefante,17580.999999993102,3263.709853440304,3263.709853440304,1183.1773712785262,16384.909297045728,1183.1773712785262,1407.6753724409668,3194.0206407909955,3194.0206407909955,1407.6753724409668,1667.9383967838794,1126.4815972298156,16325.058802652982,1126.4815972298156,1667.9383967838794,1354.0930569153024,1413.047032187152,3215.62356084362,3215.62356084362,1413.047032187152,1354.0930569153024,854.3755882916297,1647.2755232457355,1143.3639181866708,16366.586940832374,1143.3639181866708,1647.2755232457355,854.3755882916297,664.6019225637872,1373.0593325828252,1396.9898633880557,3202.2464511755666,3202.2464511755666,1396.9898633880557,1373.0593325828252,664.6019225637872,179.28734528073682,872.8873794666773,1648.9854945897016,1135.5817363901474,16348.565812036211,1135.5817363901474,1648.9854945897016,872.8873794666773,179.28734528073682
elefante,33051.99999998703,6141.1228730653875,6141.1228730653875,9375.488806051913,31692.040816314096,9375.488806051913,756.9328849460226,6157.551870266053,6157.551870266053,756.9328849460226,2154.2981012246664,9379.485831868456,31694.67228159862,9379.485831868456,2154.2981012246664,1649.71692479995,760.8173988790398,6152.98459408571,6152.98459408571,760.8173988790398,1649.71692479995,5884.494473657843,2151.283747921785,9374.644587008801,31693.14385115929,9374.644587008801,2151.283747921785,5884.494473657843,1111.9195765479649,1649.4833627321104,762.0921152522421,6155.92683219276,6155.92683219276,762.0921152522421,1649.4833627321104,1111.9195765479649,585.5199106032045,5887.415077975025,2147.6981591335248,9377.76294581231,31696.633475753297,9377.76294581231,2147.6981591335248,5887.415077975025,585.5199106032045
elefante,4266.9999999983265,3926.761758665048,3926.761758665048,3018.0590962140054,4266.9999999983265,3018.0590962140054,1840.650460322174,3926.761758665048,3926.761758665048,1840.650460322174,833.0207702439897,3018.0590962140054,4266.9999999983265,3018.0590962140054,833.0207702439897,653.1373355497582,1840.650460322174,3926.761758665048,3926.761758665048,1840.650460322174,653.1373355497582,850.2631542220505,833.0207702439897,3018.0590962140054,4266.9999999983265,3018.0590962140054,833.0207702439897,850.2631542220505,779.1725986897663,653.1373355497582,1840.650460322174,3926.761758665048,3926.761758665048,1840.650460322174,653.1373355497582,779.1725986897663,527.6298652831318,850.2631542220505,833.0207702439897,3018.0590962140054,4266.9999999983265,3018.0590962140054,833.0207702439897,850.2631542220505,527.6298652831318
elefante,18961.999999992557,5221.700111643843,5221.700111643843,2400.29824586821,17641.936507929586,2400.29824586821,866.0088611060354,5242.476790484482,5242.476790484482,866.0088611060354,2429.0641884444512,2416.374878550454,17644.67820506195,2416.374878550454,2429.0641884444512,1212.1653626765028,878.9514784126271,5240.122104765058,5240.122104765058,878.9514784126271,1212.1653626765028,1335.582278236509,2432.091033218072,2416.4341783995997,17647.236184010304,2416.4341783995997,2432.091033218072,1335.582278236509,1274.3323057896366,1216.0451804087927,872.249776788214,5245.3750729166895,5245.3750729166895,872.249776788214,1216.0451804087927,1274.3323057896366,759.7495736778692,1341.801157303674,2427.6434683382386,2417.35413310381,17649.71368441802,2417.35413310381,2427.6434683382386,1341.801157303674,759.7495736778692
elefante,20562.99999999193,7132.623993748389,7132.623993748389,2866.847062886761,20312.092970513575,2866.847062886761,2832.404419190015,6960.8349401049945,6960.8349401049945,2832.404419190015,2609.770399865603,2961.5272019029076,20197.12485537641,2961.5272019029076,2609.770399865603,1053.5600432250778,2845.658398484273,6949.426391159448,6949.426391159448,2845.658398484273,1053.5600432250778,1706.5309548196499,2590.9537329841446,2934.3937149161256,20229.52945641927,2934.3937149161256,2590.9537329841446,1706.5309548196499,1425.9975413278137,1038.5161269033126,2825.2736140280276,6968.871397106931,6968.871397106931,2825.2736140280276,1038.5161269033126,1425.9975413278137,1112.060441896057,1708.5187863752594,2592.9702624600445,2934.273257140637,20227.620703877827,2934.273257140637,2592.9702624600445,1708.5187863752594,1112.060441896057
elefante,28162.999999988948,9669.991990786042,9669.991990786042,3569.9446146454434,27132.306122438335,3569.9446146454434,241.23047796564995,9582.804576107252,9582.804576107252,241.23047796564995,1339.0922944557224,3565.9713888662504,27149.708624482228,3565.9713888662504,1339.0922944557224,1150.555955495659,271.2000871018802,9612.81240698648,9612.81240698648,271.2000871018802,1150.555955495659,914.6413621908453,1335.0564204035002,3577.2489819623056,27140.469147089985,3577.2489819623056,1335.0564204035002,914.6413621908453,1093.3459334284605,1162.319130425828,247.7965703003601,9589.2108696871,9589.2108696871,247.7965703003601,1162.319130425828,1093.3459334284605,950.6937196614751,913.1097351747092,1338.7941131018858,3586.470248832381,27151.15287040025,3586.470248832381,1338.7941131018858,913.1097351747092,950.6937196614751
elefante,14192.999999994432,6225.414295666329,6225.414295666329,1375.7570110569416,13834.836734688452,1375.7570110569416,2057.1511723534672,6086.276005293717,6086.276005293717,2057.1511723534672,2846.3241879986203,1460.8710961425181,13634.14143797574,1460.8710961425181,2846.3241879986203,1189.1574884440624,2157.579316330004,6058.671581269093,6058.671581269093,2157.579316330004,1189.1574884440624,1706.27647830219,2823.7616450675514,1459.610372507125,13673.165696540478,1459.610372507125,2823.7616450675514,1706.27647830219,143.7688901044095,1215.1472498859926,2101.353462295686,6082.276674149877,6082.276674149877,2101.353462295686,1215.1472498859926,143.7688901044095,434.57178370802757,1680.9354812586357,2805.914145823698,1440.108873772058,13691.129795506256,1440.108873772058,2805.914145823698,1680.9354812586357,434.57178370802757
elefante,1025.9999999995975,744.8308408616563,744.8308408616563,255.71541893067237,801.4285714282571,255.71541893067237,136.21527617078704,558.9590733448144,558.9590733448144,136.21527617078704,212.8592064584235,172.96693891724797,698.5201536394133,172.96693891724797,212.8592064584235,90.77823505578813,145.8053386946293,537.6692983006485,537.6692983006485,145.8053386946293,90.77823505578813,77.06345164170081,198.5973960020709,187.2848114321239,706.4119006848432,187.2848114321239,198.5973960020709,77.06345164170081,77.88725078872683,83.91980916535411,132.7022358714271,544.5782470944571,544.5782470944571,132.7022358714271,83.91980916535411,77.88725078872683,16.44178555817953,77.28484243023783,190.67190536759227,187.02879407428364,708.2451467917588,187.02879407428364,190.67190536759227,77.28484243023783,16.44178555817953
elefante,13222.999999994812,7833.31842675333,7833.31842675333,3379.093960495357,11996.188208612073,3379.093960495357,2436.7754588630364,7767.3424845193595,7767.3424845193595,2436.7754588630364,1464.2292995005562,3351.0555355751785,12034.610594346399,3351.0555355751785,1464.2292995005562,133.67251623708793,2495.5526871309276,7796.279465105624,7796.279465105624,2495.5526871309276,133.67251623708793,619.0111246396993,1458.0736265128485,3330.229067933549,12019.140359147123,3330.229067933549,1458.0736265128485,619.0111246396993,743.9437147660079,121.32931379662166,2493.7874156195608,7786.281941701744,7786.281941701744,2493.7874156195608,121.32931379662166,743.9437147660079,421.7406424613416,625.2909490523737,1471.1533374750284,3353.721169125975,12030.938296831442,3353.721169125975,1471.1533374750284,625.2909490523737,421.7406424613416
elefante,1291.9999999994934,900.8773210494882,900.8773210494882,540.8576400886807,793.7097505665822,540.8576400886807,207.90236978158825,804.9947896348198,804.9947896348198,207.90236978158825,62.77451991150373,552.700046364669,979.0821725511764,552.700046364669,62.77451991150373,137.57635744748475,262.89719188921055,779.3188516700465,779.3188516700465,262.89719188921055,137.57635744748475,149.38546051163303,109.565482036635,496.1599040876245,890.0716809376287,496.1599040876245,109.565482036635,149.38546051163303,118.74672017848755,136.53179482526107,205.73146302625526,823.7406651370612,823.7406651370612,205.73146302625526,136.53179482526107,118.74672017848755,101.17440262048282,138.97342497507523,96.83090556873634,537.4647505006275,911.8758495863914,537.4647505006275,96.83090556873634,138.97342497507523,101.17440262048282
elefante,3462.999999998641,3250.113589547848,3250.113589547848,2668.428044890068,3462.999999998641,2668.428044890068,1868.387132706575,3250.113589547848,3250.113589547848,1868.387132706575,1040.9170394798846,2668.428044890068,3462.999999998641,2668.428044890068,1040.9170394798846,354.24000209526275,1868.387132706575,3250.113589547848,3250.113589547848,1868.387132706575,354.24000209526275,116.6415284773609,1040.9170394798846,2668.428044890068,3462.999999998641,2668.428044890068,1040.9170394798846,116.6415284773609,333.0491713879657,354.24000209526275,1868.387132706575,3250.113589547848,3250.113589547848,1868.387132706575,354.24000209526275,333.0491713879657,389.90863312165965,116.6415284773609,1040.9170394798846,2668.428044890068,3462.999999998641,2668.428044890068,1040.9170394798846,116.6415284773609,389.90863312165965
elefante,17108.999999993284,6525.095514862835,6525.095514862835,2499.5394144901397,16150.990929698879,2499.5394144901397,1164.9257312296722,6609.58041491546,6609.58041491546,1164.9257312296722,1604.166977639739,2523.386083121763,15969.502074746537,2523.386083121763,1604.166977639739,1086.9143620636419,1181.4862423377722,6579.533824836303,6579.533824836303,1181.4862423377722,1086.9143620636419,1120.9385814129448,1615.605080883026,2483.9025700372645,16030.712851598599,2483.9025700372645,1615.605080883026,1120.9385814129448,205.12727889176418,1080.5401905663396,1161.826351677969,6570.585821811895,6570.585821811895,1161.826351677969,1080.5401905663396,205.12727889176418,494.6531968926677,1099.1194140141329,1601.455650863155,2518.7769697721533,16006.69038374852,2518.7769697721533,1601.455650863155,1099.1194140141329,494.6531968926677
elefante,4587.9999999982,3818.2780112798546,3818.2780112798546,2387.6273443124883,4581.278911562829,2387.6273443124883,2009.1862535776172,3810.215353393363,3810.215353393363,2009.1862535776172,1884.4390065951031,2384.806603018599,4570.347108456103,2384.806603018599,1884.4390065951031,1148.2113506096612,2017.204654516876,3800.061008942114,3800.061008942114,2017.204654516876,1148.2113506096612,756.5876905899368,1893.5999703946584,2381.6505540514427,4559.038479353015,2381.6505540514427,1893.5999703946584,756.5876905899368,791.3411554204898,1152.1811174050943,2023.8172598666947,3791.1238250680813,3791.1238250680813,2023.8172598666947,1152.1811174050943,791.3411554204898,503.0717468647467,752.227321879685,1900.1766418028399,2378.921733171405,4550.770696041044,2378.921733171405,1900.1766418028399,752.227321879685,503.0717468647467
elefante,8366.999999996719,3339.7694059303276,3339.7694059303276,2959.7348892446125,7707.7165532849585,2959.7348892446125,1615.5361467895038,3388.384970736533,3388.384970736533,1615.5361467895038,830.1178528808136,3069.7538426135925,7610.220016348227,3069.7538426135925,830.1178528808136,310.56854733409017,1666.0266643787522,3327.723252278782,3327.723252278782,1666.0266643787522,310.56854733409017,200.8499266917612,836.5636702611675,3060.227525235407,7572.522878850325,3060.227525235407,836.5636702611675,200.8499266917612,257.2485712617945,303.9744951331352,1654.6649210771068,3347.9151562561324,3347.9151562561324,1654.6649210771068,303.9744951331352,257.2485712617945,217.2510331324639,201.8472847727289,832.8662658857602,3039.3021300228415,7592.849035403586,3039.3021300228415,832.8662658857602,201.8472847727289,217.2510331324639
elefante,7988.999999996866,4780.160752553179,4780.160752553179,546.937438153709,7016.19274376142,546.937438153709,1986.3400022366638,4558.8682927758655,4558.8682927758655,1986.3400022366638,1156.048189299171,516.37806512642,7166.372329427828,516.37806512642,1156.048189299171,511.33408796300824,1950.5900174908788,4584.9965051723,4584.9965051723,1950.5900174908788,511.33408796300824,297.8123029418001,1172.557927624962,514.7250466490802,7110.369439242341,514.7250466490802,1172.557927624962,297.8123029418001,521.1958567660392,508.703415152565,1954.3837625411088,4584.926255176599,4584.926255176599,1954.3837625411088,508.703415152565,521.1958567660392,291.5072812908132,278.61974369305653,1175.7392645249847,516.4672005982686,7119.257603014921,516.4672005982686,1175.7392645249847,278.61974369305653,291.5072812908132
elefante,11045.999999995667,1650.3372949041168,1650.3372949041168,503.5509632956398,10213.446712014134,503.5509632956398,1750.2713607782407,1543.21043568843,1543.21043568843,1750.2713607782407,223.5463869636185,472.43775599787847,10298.300245264136,472.43775599787847,223.5463869636185,597.8379180412131,1744.6717203971575,1503.713152673009,1503.713152673009,1744.6717203971575,597.8379180412131,959.0964990696283,244.416061397283,513.8722508043965,10239.58869201576,513.8722508043965,244.416061397283,959.0964990696283,410.4471833214951,621.1151773212355,1764.9386635237477,1504.8865167448214,1504.8865167448214,1764.9386635237477,621.1151773212355,410.4471833214951,468.73480267150364,951.378201575657,219.32313341953088,495.7869693304604,10268.634193325172,495.7869693304604,219.32313341953088,951.378201575657,468.73480267150364
elefante,13617.99999999466,1033.4365651471194,1033.4365651471194,872.0810502025691,12709.206349201364,872.0810502025691,935.8554423688628,999.7309975030872,999.7309975030872,935.8554423688628,1803.9562704657073,876.1364972717892,12650.602279909272,876.1364972717892,1803.9562704657073,1416.753377991666,890.4960143936516,990.2708243081397,990.2708243081397,890.4960143936516,1416.753377991666,1488.9786040323133,1796.7045180766622,882.8039842833791,12685.69164996483,882.8039842833791,1796.7045180766622,1488.9786040323133,464.80317747938454,1398.0429054391611,909.6301931651458,997.1423469992342,997.1423469992342,909.6301931651458,1398.0429054391611,464.80317747938454,236.90772252460675,1468.7881455920524,1806.9059579207744,888.4515733480166,12680.317935320412,888.4515733480166,1806.9059579207744,1468.7881455920524,236.90772252460675
elefante,27290.999999989293,13020.171417773678,13020.171417773678,1528.3472735280986,26277.76643989899,1528.3472735280986,4087.01147473922,12866.931550193493,12866.931550193493,4087.01147473922,3028.1807210052325,1479.4300071194336,26341.920326396874,1479.4300071194336,3028.1807210052325,3417.5740110206507,4082.6913719375375,12849.380309532658,12849.380309532658,4082.6913719375375,3417.5740110206507,2778.006839162937,3008.173138740235,1499.7882229653596,26324.969100959042,1499.7882229653596,3008.173138740235,2778.006839162937,3253.634396348327,3441.3383826009804,4085.9377972011425,12878.718946821597,12878.718946821597,4085.9377972011425,3441.3383826009804,3253.634396348327,3058.233528969221,2771.478138173878,3010.689984849735,1490.1041175727662,26329.808376499503,1490.1041175727662,3010.689984849735,2771.478138173878,3058.233528969221
elefante,6595.999999997413,2237.1803561690717,2237.1803561690717,1934.6285340319698,5449.414965984257,1934.6285340319698,1419.6425809337045,2144.500614925301,2144.500614925301,1419.6425809337045,507.22565489689896,1931.8071110938552,5492.877165376469,1931.8071110938552,507.22565489689896,914.5405351867767,1393.4169583616676,2135.1175466221216,2135.1175466221216,1393.4169583616676,914.5405351867767,569.6795489798507,518.8332330519708,1920.630126464172,5510.311419958175,1920.630126464172,518.8332330519708,569.6795489798507,878.2478905678137,875.9806957330096,1413.431607506244,2118.090357944794,2118.090357944794,1413.431607506244,875.9806957330096,878.2478905678137,742.8805897952701,545.8251098414953,515.6732008325699,1916.78046967914,5503.206163369536,1916.78046967914,515.6732008325699,545.8251098414953,742.8805897952701
elefante,5435.999999997867,4350.650612344896,4350.650612344896,2083.762108278397,5148.349206347188,2083.762108278397,231.82070285219586,4130.950164003825,4130.950164003825,231.82070285219586,657.4686102673718,1994.5621802915261,5063.522853130196,1994.5621802915261,657.4686102673718,422.57232993626724,248.82285209049255,4141.007626203531,4141.007626203531,248.82285209049255,422.57232993626724,152.6677720320882,648.7927216036785,2023.9333850862615,5087.128637446817,2023.9333850862615,648.7927216036785,152.6677720320882,120.55738764129221,417.51682540328153,244.63975010152882,4139.816241119454,4139.816241119454,244.63975010152882,417.51682540328153,120.55738764129221,158.83388995713736,156.18795951327522,646.0179093343888,2010.9907032762792,5070.1233316097605,2010.9907032762792,646.0179093343888,156.18795951327522,158.83388995713736
elefante,16283.999999993612,5885.055990191044,5885.055990191044,2663.52065132258,15326.095238089227,2663.52065132258,2158.6467167708197,6036.631433226747,6036.631433226747,2158.6467167708197,3017.5398401478724,2642.366621429935,15379.373285816233,2642.366621429935,3017.5398401478724,1053.5236368795058,2202.0205697554634,6011.059900555175,6011.059900555175,2202.0205697554634,1053.5236368795058,1267.6019685132142,3001.7815678466013,2642.5859453474122,15322.937485624243,2642.5859453474122,3001.7815678466013,1267.6019685132142,570.607904220556,1040.1111345476186,2215.2583001654652,5973.388230211282,5973.388230211282,2215.2583001654652,1040.1111345476186,570.607904220556,1007.9198108331185,1279.7091785777602,3014.4223213707223,2629.6784999757815,15306.704447496595,2629.6784999757815,3014.4223213707223,1279.7091785777602,1007.9198108331185
elefante,18295.999999992826,7680.138120630101,7680.138120630101,3223.397088259777,17157.60997731753,3223.397088259777,2938.2509915624764,7835.335052809546,7835.335052809546,2938.2509915624764,4477.80624434147,3157.9829999892486,17255.455597198103,3157.9829999892486,4477.80624434147,1630.0060387606572,2957.8791347223305,7846.956863903557,7846.956863903557,2957.8791347223305,1630.0060387606572,804.519283269885,4474.483541145347,3163.690035411754,17245.1870407596,3163.690035411754,4474.483541145347,804.519283269885,1074.0216957368978,1630.8078132834955,2945.9894732045614,7837.014247374506,7837.014247374506,2945.9894732045614,1630.8078132834955,1074.0216957368978,392.8608000636497,795.8108888961341,4471.368262471509,3174.149740549371,17242.8639925947,3174.149740549371,4471.368262471509,795.8108888961341,392.8608000636497
elefante,17803.999999993015,4212.207025678607,4212.207025678607,769.3982560648468,16508.956916093295,769.3982560648468,1918.503732359119,4172.292933983199,4172.292933983199,1918.503732359119,1145.8673736911387,740.4101759849516,16589.29044996033,740.4101759849516,1145.8673736911387,1403.1443868759618,1884.843837470624,4153.626434701734,4153.626434701734,1884.843837470624,1403.1443868759618,724.770075211127,1173.7309073291485,728.5433248417895,16603.017127583997,728.5433248417895,1173.7309073291485,724.770075211127,1320.208338973018,1376.7656229047234,1891.6022458565205,4156.62401319441,4156.62401319441,1891.6022458565205,1376.7656229047234,1320.208338973018,423.975107904046,706.3117918410958,1171.3709437305315,731.7430864388333,16587.38997910206,731.7430864388333,1171.3709437305315,706.3117918410958,423.975107904046
elefante,16696.999999993448,12869.71074625219,12869.71074625219,5274.696810911853,16627.64399092318,5274.696810911853,1721.9046165179268,12797.286459400864,12797.286459400864,1721.9046165179268,1439.2086443065512,5219.787557024429,16570.403427577683,5219.787557024429,1439.2086443065512,887.1593461033882,1710.9878803111717,12766.814878334677,12766.814878334677,1710.9878803111717,887.1593461033882,956.7827396311574,1441.5685911160815,5213.205024742739,16563.91239112286,5213.205024742739,1441.5685911160815,956.7827396311574,625.2872613231036,903.5172125328614,1718.1570213181249,12773.462793220373,12773.462793220373,1718.1570213181249,903.5172125328614,625.2872613231036,310.53375864662604,975.1452489850479,1447.240681858991,5220.479503144277,16573.149141721522,5220.479503144277,1447.240681858991,975.1452489850479,310.53375864662604
elefante,6809.99999999733,5195.230731822565,5195.230731822565,3097.5401316001144,6809.99999999733,3097.5401316001144,3523.6741705931286,5195.230731822565,5195.230731822565,3523.6741705931286,2642.967638132097,3097.5401316001144,6809.99999999733,3097.5401316001144,2642.967638132097,1057.399992021414,3523.6741705931286,5195.230731822565,5195.230731822565,3523.6741705931286,1057.399992021414,1470.9783270014575,2642.967638132097,3097.5401316001144,6809.99999999733,3097.5401316001144,2642.967638132097,1470.9783270014575,1166.0357442949794,1057.399992021414,3523.6741705931286,5195.230731822565,5195.230731822565,3523.6741705931286,1057.399992021414,1166.0357442949794,208.4163738601963,1470.9783270014575,2642.967638132097,3097.5401316001144,6809.99999999733,3097.5401316001144,2642.967638132097,1470.9783270014575,208.4163738601963
elefante,32063.999999987416,9924.846880479408,9924.846880479408,3281.529417886685,31084.562358264448,3281.529417886685,2790.2503181669827,9782.345028794987,9782.345028794987,2790.2503181669827,7527.912747307202,3213.178370909189,31044.104524337243,3213.178370909189,7527.912747307202,3432.8953573492627,2782.5080076368645,9816.0563838212,9816.0563838212,2782.5080076368645,3432.8953573492627,2531.7785413697356,7546.163206425206,3249.730315509763,31049.873622137522,3249.730315509763,7546.163206425206,2531.7785413697356,3007.0420556976896,3417.9270768291476,2783.2006950484056,9832.87248759747,9832.87248759747,2783.2006950484056,3417.9270768291476,3007.0420556976896,1860.6898086208937,2534.419083216843,7542.277183810147,3233.1841502670727,31065.167755445385,3233.1841502670727,7542.277183810147,2534.419083216843,1860.6898086208937
elefante,14246.999999994408,11094.521472355642,11094.521472355642,6208.014515074645,13039.263038543637,6208.014515074645,3038.6599240494243,10956.195055648763,10956.195055648763,3038.6599240494243,1810.8454091650326,6301.088285503986,13163.090826348052,6301.088285503986,1810.8454091650326,383.95350703275824,3017.6018954278725,10887.244770161751,10887.244770161751,3017.6018954278725,383.95350703275824,1332.9363703531035,1786.5146492645679,6299.169417164066,13170.700291955105,6299.169417164066,1786.5146492645679,1332.9363703531035,1774.4048942735355,406.37260604402184,3041.0457933736297,10911.744118983059,10911.744118983059,3041.0457933736297,406.37260604402184,1774.4048942735355,1064.7601599877933,1333.3737294396049,1789.8710241059443,6278.099600206147,13145.013924504805,6278.099600206147,1789.8710241059443,1333.3737294396049,1064.7601599877933
elefante,16020.999999993715,6855.121549729783,6855.121549729783,2955.1279948540873,14969.358276638119,2955.1279948540873,1053.656800076016,6719.512265032546,6719.512265032546,1053.656800076016,601.4406740744776,2942.888357880453,14991.959877822801,2942.888357880453,601.4406740744776,1386.2232478239202,1078.5739626467764,6755.355989808996,6755.355989808996,1078.5739626467764,1386.2232478239202,1447.484332720317,620.9014317603906,2964.6012362548677,14969.758122166866,2964.6012362548677,620.9014317603906,1447.484332720317,858.4186494119734,1394.9822729187422,1073.5011602169918,6731.152765014368,6731.152765014368,1073.5011602169918,1394.9822729187422,858.4186494119734,720.6934867979278,1414.9352027924824,604.8167629499746,2914.0266525062707,15023.622903828349,2914.0266525062707,604.8167629499746,1414.9352027924824,720.6934867979278
elefante,43547.999999982916,2629.598771766063,2629.598771766063,3570.3898768903714,43543.21995463144,3570.3898768903714,3165.1628984068643,2628.848854788486,2628.848854788486,3165.1628984068643,10272.375053304057,3571.822652410193,43541.83633360933,3571.822652410193,10272.375053304057,1506.6811835407777,3166.682121347012,2628.8338766440384,2628.8338766440384,3166.682121347012,1506.6811835407777,474.72120535515467,10273.792047372868,3570.9442252697863,43543.325717838336,3570.9442252697863,10273.792047372868,474.72120535515467,2348.731646681162,1507.5723790773222,3165.981645233273,2628.984232698087,2628.984232698087,3165.981645233273,1507.5723790773222,2348.731646681162,4619.731161497303,473.7820592111249,10272.306146593659,3571.0690020158872,43542.60670960756,3571.0690020158872,10272.306146593659,473.7820592111249,4619.731161497303
elefante,21772.999999991458,10123.77401231829,10123.77401231829,4066.93263710221,20801.57596371066,4066.93263710221,2022.029798847718,10206.764495270327,10206.764495270327,2022.029798847718,414.40885017989694,4063.3365353451604,20709.195906018685,4063.3365353451604,414.40885017989694,2397.293637206637,1976.5696855815418,10161.242744880912,10161.242744880912,1976.5696855815418,2397.293637206637,2105.1099261211425,386.56811087103785,4043.083710845717,20764.063844210716,4043.083710845717,386.56811087103785,2105.1099261211425,1291.53953461696,2372.8244284639227,2005.804371985562,10164.301749856268,10164.301749856268,2005.804371985562,2372.8244284639227,1291.53953461696,1146.4406956236612,2075.039956590917,421.64480830529544,4073.2220820240914,20702.426565094134,4073.2220820240914,421.64480830529544,2075.039956590917,1146.4406956236612
elefante,37922.99999998512,12371.85372503926,12371.85372503926,8860.770660551825,37725.403628103115,8860.770660551825,3710.8026699219517,12251.318556261445,12251.318556261445,3710.8026699219517,5011.828328540115,8802.474283399104,37607.37089482845,8802.474283399104,5011.828328540115,3947.9094855501057,3743.601703278931,12230.348364541243,12230.348364541243,3743.601703278931,3947.9094855501057,2716.2140251286874,5020.471750338384,8809.994432955304,37626.55171477015,8809.994432955304,5020.471750338384,2716.2140251286874,581.5140634384992,3959.5134508219994,3714.318224824129,12250.130874964967,12250.130874964967,3714.318224824129,3959.5134508219994,581.5140634384992,3569.071308003145,2726.5725656432173,5024.257790678908,8815.414688163299,37641.43072424874,8815.414688163299,5024.257790678908,2726.5725656432173,3569.071308003145
elefante,16104.999999993684,6152.405537196412,6152.405537196412,6451.764874879131,15049.453514733326,6451.764874879131,1221.3198687525473,6096.119783772454,6096.119783772454,1221.3198687525473,643.1832074062384,6446.070878820447,15015.946796853445,6446.070878820447,643.1832074062384,1625.051121212849,1224.4606201275712,6102.626160978607,6102.626160978607,1224.4606201275712,1625.051121212849,270.70283458115176,639.7266318941791,6449.012855823592,14992.947124523631,6449.012855823592,639.7266318941791,270.70283458115176,324.0639653394837,1605.6305958739515,1221.675772737177,6106.085328144194,6106.085328144194,1221.675772737177,1605.6305958739515,324.0639653394837,794.3983666570285,273.0055902077,655.5135825967409,6450.273918358417,15021.54975632653,6450.273918358417,655.5135825967409,273.0055902077,794.3983666570285
elefante,3227.999999998734,2732.143884478358,2732.143884478358,1480.5099175163614,3227.999999998734,1480.5099175163614,176.58059241639236,2732.143884478358,2732.143884478358,176.58059241639236,1019.7167480430144,1480.5099175163614,3227.999999998734,1480.5099175163614,1019.7167480430144,1315.0264147365635,176.58059241639236,2732.143884478358,2732.143884478358,176.58059241639236,1315.0264147365635,987.8858058916188,1019.7167480430144,1480.5099175163614,3227.999999998734,1480.5099175163614,1019.7167480430144,987.8858058916188,526.8357660843553,1315.0264147365635,176.58059241639236,2732.143884478358,2732.143884478358,176.58059241639236,1315.0264147365635,526.8357660843553,511.95819871788336,987.8858058916188,1019.7167480430144,1480.5099175163614,3227.999999998734,1480.5099175163614,1019.7167480430144,987.8858058916188,511.95819871788336
elefante,18506.99999999274,5717.361132260873,5717.361132260873,2746.553821970308,17725.321995457896,2746.553821970308,3075.102686192586,5856.833039406091,5856.833039406091,3075.102686192586,864.5801461083712,2727.8891834566207,17764.683804580625,2727.8891834566207,864.5801461083712,634.5315704296813,3023.37377893814,5794.989263159611,5794.989263159611,3023.37377893814,634.5315704296813,1158.9540295433467,860.6080657337391,2755.533641335892,17740.55267074983,2755.533641335892,860.6080657337391,1158.9540295433467,1009.9940822639124,608.1807899220843,3040.5442053321876,5814.17142720106,5814.17142720106,3040.5442053321876,608.1807899220843,1009.9940822639124,570.2166858513228,1148.449446958292,881.7103287892846,2751.5056577655764,17757.7812658912,2751.5056577655764,881.7103287892846,1148.449446958292,570.2166858513228
elefante,27009.999999989406,10571.280457499488,10571.280457499488,4192.7500810972015,25965.092970511352,4192.7500810972015,1123.6584122319412,10563.908537849598,10563.908537849598,1123.6584122319412,2232.672289236755,4132.359818355263,25980.177611170333,4132.359818355263,2232.672289236755,860.7093452765006,1170.1366748114667,10507.711024093842,10507.711024093842,1170.1366748114667,860.7093452765006,1192.7797480378917,2279.782559236724,4180.038408128299,25970.63529834964,4180.038408128299,2279.782559236724,1192.7797480378917,2161.4909229088976,864.183571411346,1181.9980452947464,10486.522124427758,10486.522124427758,1181.9980452947464,864.183571411346,2161.4909229088976,1468.817361939964,1166.8760115455639,2278.603584353821,4162.313040491997,26003.985661419865,4162.313040491997,2278.603584353821,1166.8760115455639,1468.817361939964
elefante,8079.999999996831,863.4492678477667,863.4492678477667,1783.0404338992764,6965.863945575498,1783.0404338992764,1068.0170023327469,1028.2876864838665,1028.2876864838665,1068.0170023327469,493.07649733941156,1769.2294061654625,7015.96470606108,1769.2294061654625,493.07649733941156,278.3696286989477,972.6416769992524,980.1814350558184,980.1814350558184,972.6416769992524,278.3696286989477,318.1174671612622,442.7179382845883,1772.2676652981872,7002.590865754141,1772.2676652981872,442.7179382845883,318.1174671612622,575.0557806456121,270.3914144271,996.5273011369793,987.1445818333906,987.1445818333906,996.5273011369793,270.3914144271,575.0557806456121,429.84838196072,331.5903385248086,445.66883108343256,1781.98132803358,7018.772688100573,1781.98132803358,445.66883108343256,331.5903385248086,429.84838196072
elefante,29887.99999998827,5010.802053320308,5010.802053320308,7857.998017571484,28587.492063480844,7857.998017571484,5333.760631888663,5013.639105368452,5013.639105368452,5333.760631888663,295.98055410398877,7832.6533262942285,28613.451555667736,7832.6533262942285,295.98055410398877,2432.772425499463,5346.498435062501,5017.584089042845,5017.584089042845,5346.498435062501,2432.772425499463,1004.5769880559174,297.5717366943202,7844.917018110773,28585.958718630143,7844.917018110773,297.5717366943202,1004.5769880559174,1605.856503860561,2446.0061220089196,5338.691529623167,5013.958789985298,5013.958789985298,5338.691529623167,2446.0061220089196,1605.856503860561,1076.5848743043944,995.757460383773,296.5383373022213,7845.0078882369025,28580.049847133603,7845.0078882369025,296.5383373022213,995.757460383773,1076.5848743043944
elefante,10196.999999996,4356.75074692082,4356.75074692082,80.67552250262453,9909.117913828311,80.67552250262453,1146.4371106498368,4329.942008910314,4329.942008910314,1146.4371106498368,1403.5264615968515,66.41388421874635,9876.04373177455,66.41388421874635,1403.5264615968515,848.7358053073234,1104.8872802215685,4292.043109145006,4292.043109145006,1104.8872802215685,848.7358053073234,205.9173835423467,1347.1691663309089,36.66203941076695,9892.547620297148,36.66203941076695,1347.1691663309089,205.9173835423467,324.23486101758664,839.8210083281056,1107.4544074373011,4313.89227714887,4313.89227714887,1107.4544074373011,839.8210083281056,324.23486101758664,256.09838333502677,201.6017003267185,1381.1927711718201,66.68521115382116,9863.734670138036,66.68521115382116,1381.1927711718201,201.6017003267185,256.09838333502677
elefante,23215.99999999089,2355.82310483427,2355.82310483427,1843.1341533917891,21985.800453506115,1843.1341533917891,1124.7924446273016,2311.0477588658914,2311.0477588658914,1124.7924446273016,2023.0469694314666,1855.212750079579,22095.011029346388,1855.212750079579,2023.0469694314666,200.67641226399437,1103.3026019658353,2300.0098133794563,2300.0098133794563,1103.3026019658353,200.67641226399437,606.3687446911608,2010.7572314952745,1853.2240515325905,22091.766265344526,1853.2240515325905,2010.7572314952745,606.3687446911608,865.8231873843011,204.80498142208452,1118.1524143538545,2304.4910929547,2304.4910929547,1118.1524143538545,204.80498142208452,865.8231873843011,1174.658035354441,602.7531444834052,2039.8614993165895,1851.4829298639488,22074.428046914698,1851.4829298639488,2039.8614993165895,602.7531444834052,1174.658035354441
elefante,18222.999999992848,14003.994328388992,14003.994328388992,5620.857005577259,17668.23356008377,5620.857005577259,1383.5622088815,13665.99495640971,13665.99495640971,1383.5622088815,2409.8302299965503,5574.147762191299,17611.071019784227,5574.147762191299,2409.8302299965503,1698.368450136065,1353.4242212596137,13738.430863471174,13738.430863471174,1353.4242212596137,1698.368450136065,747.2858478000603,2389.1384310956237,5611.414322038861,17640.106122677582,5611.414322038861,2389.1384310956237,747.2858478000603,1278.11964469913,1717.1116267455607,1366.5434046707292,13710.42924957281,13710.42924957281,1366.5434046707292,1717.1116267455607,1278.11964469913,1542.5540618211774,764.7271077069765,2411.0025914690814,5591.386908010897,17614.494875298795,5591.386908010897,2411.0025914690814,764.7271077069765,1542.5540618211774
elefante,24815.999999990265,8283.41777908586,8283.41777908586,4204.579406661466,23986.099773233218,4204.579406661466,5714.6531417595725,8106.7821195629,8106.7821195629,5714.6531417595725,2116.4281430155193,4156.1247688953745,23988.022274660092,4156.1247688953745,2116.4281430155193,1152.3770341588624,5670.717942492561,8118.405379854728,8118.405379854728,5670.717942492561,1152.3770341588624,2067.154939275238,2109.5424209218027,4180.457278660789,23979.92923696751,4180.457278660789,2109.5424209218027,2067.154939275238,701.6393127072056,1168.7768659228896,5678.297020566107,8130.636618882416,8130.636618882416,5678.297020566107,1168.7768659228896,701.6393127072056,1269.5999960678187,2048.4112595166785,2107.635250825648,4172.929624074329,23991.001698047956,4172.929624074329,2107.635250825648,2048.4112595166785,1269.5999960678187
elefante,15293.999999994001,1534.2997961360938,1534.2997961360938,1248.1870862486285,14106.471655323265,1248.1870862486285,1413.4164408574602,1413.3581929232332,1413.3581929232332,1413.4164408574602,2223.896822108308,1353.873124283383,14125.182871328936,1353.873124283383,2223.896822108308,780.2245983831535,1351.8403735353127,1418.8126604666747,1418.8126604666747,1351.8403735353127,780.2245983831535,576.4602072173273,2231.2839850959217,1324.6389205155756,14118.769697110645,1324.6389205155756,2231.2839850959217,576.4602072173273,593.3503668146461,783.0374489204665,1384.281825440074,1421.1439813473078,1421.1439813473078,1384.281825440074,783.0374489204665,593.3503668146461,850.4114890610506,575.8073719898349,2222.643394695274,1335.050745480521,14119.912521955996,1335.050745480521,2222.643394695274,575.8073719898349,850.4114890610506
elefante,32645.999999987194,3715.7797611481355,3715.7797611481355,1064.6332423355366,32180.344671189192,1064.6332423355366,3393.2495896231853,3627.3112887480916,3627.3112887480916,3393.2495896231853,3769.2692863164275,1098.6786004810256,32087.013898517347,1098.6786004810256,3769.2692863164275,1576.929883569145,3410.667888729256,3699.522701184062,3699.522701184062,3410.667888729256,1576.929883569145,3290.4892287875723,3780.1107751010513,1049.78841442916,32117.920672323744,1049.78841442916,3780.1107751010513,3290.4892287875723,1635.2933566517806,1588.1147355222997,3409.1946037446173,3665.9056607587913,3665.9056607587913,3409.1946037446173,1588.1147355222997,1635.2933566517806,2185.0133116680054,3286.150431074985,3765.7851399038113,1093.066904186604,32110.66436674974,1093.066904186604,3765.7851399038113,3286.150431074985,2185.0133116680054
elefante,17826.999999993008,8200.845568221957,8200.845568221957,3450.493653048894,17225.643990922945,3450.493653048894,733.3817369548377,7956.304598551256,7956.304598551256,733.3817369548377,425.66303793931587,3419.688102591808,17157.13651718518,3419.688102591808,425.66303793931587,1440.4279270368659,647.1288364963187,8015.444633333062,8015.444633333062,647.1288364963187,1440.4279270368659,1919.7806973663457,422.0735529281489,3411.7540411626655,17226.08158702223,3411.7540411626655,422.0735529281489,1919.7806973663457,1189.5285500534117,1440.9852352017692,680.033890999328,8000.603261995867,8000.603261995867,680.033890999328,1440.9852352017692,1189.5285500534117,1396.6641783498799,1901.2375977277843,417.6256681854326,3415.3315772904016,17182.35439131299,3415.3315772904016,417.6256681854326,1901.2375977277843,1396.6641783498799
elefante,16020.999999993715,5479.363617709786,5479.363617709786,4546.7717825858,15118.541950107447,4546.7717825858,1065.768578257741,5228.32510475586,5228.32510475586,1065.768578257741,1494.5946221458598,4415.390674422079,15039.34464034457,4415.390674422079,1494.5946221458598,176.38194803017902,1073.463588297352,5307.457627631163,5307.457627631163,1073.463588297352,176.38194803017902,958.204480656549,1477.667804915084,4451.703117781898,15090.012991685753,4451.703117781898,1477.667804915084,958.204480656549,425.3013893117647,189.7488246479143,1073.6903572370245,5265.948040141825,5265.948040141825,1073.6903572370245,189.7488246479143,425.3013893117647,1082.7637544178806,984.0867700884584,1490.8291316053435,4442.431634536018,15057.298631992699,4442.431634536018,1490.8291316053435,984.0867700884584,1082.7637544178806
elefante,26166.999999989734,8489.401557022282,8489.401557022282,4409.005388153064,26136.528344660946,4409.005388153064,1958.5667119643508,8466.695971729077,8466.695971729077,1958.5667119643508,1199.6747648417431,4401.655571548048,26123.890678256525,4401.655571548048,1199.6747648417431,1364.80895750102,1952.138647039266,8469.57796950284,8469.57796950284,1952.138647039266,1364.80895750102,1993.7880999651557,1207.4723700538834,4410.026725522527,26132.96505467609,4410.026725522527,1207.4723700538834,1993.7880999651557,1386.6142381814168,1374.4004007896092,1949.3493236735355,8476.621356252574,8476.621356252574,1949.3493236735355,1374.4004007896092,1386.6142381814168,224.35680521997642,1993.784969173698,1205.0402285198443,4410.746732234659,26133.713392950776,4410.746732234659,1205.0402285198443,1993.784969173698,224.35680521997642
elefante,19871.999999992204,4058.076375358647,4058.076375358647,4549.230685563295,19190.820861670476,4549.230685563295,1882.7762890705217,3861.9754741419283,3861.9754741419283,1882.7762890705217,2123.5434649192644,4549.948116494377,19227.573942948322,4549.948116494377,2123.5434649192644,2252.274279838704,1927.3406992112052,3889.0080095195353,3889.0080095195353,1927.3406992112052,2252.274279838704,824.0463534530669,2146.2800465246573,4550.96154857532,19197.296748343717,4550.96154857532,2146.2800465246573,824.0463534530669,666.6856804353374,2220.141139197442,1919.362023962282,3879.843430687227,3879.843430687227,1919.362023962282,2220.141139197442,666.6856804353374,1069.512967491372,831.7939287755803,2140.4164951605176,4544.09325474984,19212.241788109342,4544.09325474984,2140.4164951605176,831.7939287755803,1069.512967491372
elefante,14976.999999994125,8387.068339668616,8387.068339668616,5186.492157158067,14749.299319722104,5186.492157158067,515.8414465861898,8435.92982393996,8435.92982393996,515.8414465861898,2229.49217017593,5212.936667501387,14634.232696247362,5212.936667501387,2229.49217017593,1463.5326593880798,589.1446015224647,8400.428263440497,8400.428263440497,589.1446015224647,1463.5326593880798,2214.767857706246,2239.212018585636,5243.045912752966,14663.878138554343,5243.045912752966,2239.212018585636,2214.767857706246,556.4733088024748,1468.7928185781461,545.7163908211678,8387.884450362446,8387.884450362446,545.7163908211678,1468.7928185781461,556.4733088024748,1020.2594487112731,2231.943224684569,2203.8403661404413,5226.917632423476,14673.723292992343,5226.917632423476,2203.8403661404413,2231.943224684569,1020.2594487112731
elefante,39679.99999998443,9050.594958311436,9050.594958311436,4514.8542014065815,39121.95918365812,4514.8542014065815,1873.8199839092536,8784.548743393298,8784.548743393298,1873.8199839092536,9766.247301495907,4497.278592813398,39106.21426256043,4497.278592813398,9766.247301495907,2362.902850014843,1821.6828752255606,8804.822317621583,8804.822317621583,1821.6828752255606,2362.902850014843,750.7438423207145,9754.49833824849,4497.895814196846,39096.839671957234,4497.895814196846,9754.49833824849,750.7438423207145,590.4121592591839,2364.332218359907,1834.6871033668156,8802.88598696435,8802.88598696435,1834.6871033668156,2364.332218359907,590.4121592591839,3538.5411047912485,751.5078023903704,9771.841112169932,4506.764622963155,39102.204314503135,4506.764622963155,9771.841112169932,751.5078023903704,3538.5411047912485
elefante,23019.99999999097,6062.990811508327,6062.990811508327,1326.44492731692,21837.328798177376,1326.44492731692,4838.5851519734815,5992.539135208049,5992.539135208049,4838.5851519734815,2034.2716669833094,1236.5872784943565,21914.573248792054,1236.5872784943565,2034.2716669833094,842.3793116217074,4761.393486479864,5980.698613062184,5980.698613062184,4761.393486479864,842.3793116217074,592.9851954985199,2047.4051063181591,1251.9307883510585,21907.768359971218,1251.9307883510585,2047.4051063181591,592.9851954985199,1275.4777618743224,844.3614548893925,4788.805654155761,5980.905771895224,5980.905771895224,4788.805654155761,844.3614548893925,1275.4777618743224,644.8633689518246,587.8957915777337,2062.442291523491,1254.1566227368128,21900.276824331424,1254.1566227368128,2062.442291523491,587.8957915777337,644.8633689518246
elefante,18823.999999992615,6647.002770198696,6647.002770198696,3271.993199681239,17833.297052147198,3271.993199681239,3909.793738612921,6718.03381955045,6718.03381955045,3909.793738612921,1192.2847213679281,3178.464799647713,17898.694617976224,3178.464799647713,1192.2847213679281,745.9057968168945,3903.82938285235,6682.630237158578,6682.630237158578,3903.82938285235,745.9057968168945,1280.6908102089678,1200.8183936473342,3233.274679818977,17838.4891640768,3233.274679818977,1200.8183936473342,1280.6908102089678,1312.4574071950472,733.2726688880683,3908.6053355418276,6671.573345798871,6671.573345798871,3908.6053355418276,733.2726688880683,1312.4574071950472,1119.7947756084543,1299.6439146240184,1194.3355018222396,3207.7767938368756,17870.48309657275,3207.7767938368756,1194.3355018222396,1299.6439146240184,1119.7947756084543
elefante,10204.999999995998,4041.204274060221,4041.204274060221,2100.1551385775706,9424.777777774081,2100.1551385775706,2392.206596747676,4237.745273073261,4237.745273073261,2392.206596747676,718.4420400224072,2118.221052051161,9466.312601227255,2118.221052051161,718.4420400224072,818.812692379481,2386.9168043758,4200.124640583503,4200.124640583503,2386.9168043758,818.812692379481,463.89237684388314,699.3606674662592,2121.671109012686,9428.20358130319,2121.671109012686,699.3606674662592,463.89237684388314,924.7322977147749,845.2601565631547,2411.664093682578,4188.253936916846,4188.253936916846,2411.664093682578,845.2601565631547,924.7322977147749,472.7445113184292,443.72783848245035,707.8156438259144,2137.0971379185876,9420.828848423807,2137.0971379185876,707.8156438259144,443.72783848245035,472.7445113184292
elefante,10243.99999999598,9204.904779183806,9204.904779183806,6748.125962238266,10243.99999999598,6748.125962238266,3933.1278087469113,9204.904779183806,9204.904779183806,3933.1278087469113,2594.36130199853,6748.125962238266,10243.99999999598,6748.125962238266,2594.36130199853,2904.7585598985856,3933.1278087469113,9204.904779183806,9204.904779183806,3933.1278087469113,2904.7585598985856,2808.2897457848044,2594.36130199853,6748.125962238266,10243.99999999598,6748.125962238266,2594.36130199853,2808.2897457848044,2067.3160835420754,2904.7585598985856,3933.1278087469113,9204.904779183806,9204.904779183806,3933.1278087469113,2904.7585598985856,2067.3160835420754,1508.1565424813728,2808.2897457848044,2594.36130199853,6748.125962238266,10243.99999999598,6748.125962238266,2594.36130199853,2808.2897457848044,1508.1565424813728
elefante,13476.999999994712,9821.628532565926,9821.628532565926,4036.03286029286,13006.383219949545,4036.03286029286,1647.4198888199376,9816.187948179942,9816.187948179942,1647.4198888199376,3984.544442972091,4243.7057613788975,12843.23857342887,4243.7057613788975,3984.544442972091,2850.0775168925074,1635.489081261525,9808.786147281515,9808.786147281515,1635.489081261525,2850.0775168925074,947.3665037850992,3948.4049614787295,4184.656553451336,12921.733247963555,4184.656553451336,3948.4049614787295,947.3665037850992,1629.040320721891,2857.8156369279714,1623.9988525194576,9810.643726842975,9810.643726842975,1623.9988525194576,2857.8156369279714,1629.040320721891,968.0557173365913,927.1695156707509,3946.261834580385,4170.626795310678,12926.390698187519,4170.626795310678,3946.261834580385,927.1695156707509,968.0557173365913
elefante,8157.9999999968,3911.0076089012755,3911.0076089012755,1612.4060494923087,6773.6099773216065,1612.4060494923087,1316.8765707095658,3911.6745484468765,3911.6745484468765,1316.8765707095658,419.22305073775465,1613.2242203555081,6774.408533478763,1613.2242203555081,419.22305073775465,329.0709798976774,1317.3957152908224,3911.742612232548,3911.742612232548,1317.3957152908224,329.0709798976774,135.59512864527622,420.24622146137074,1613.0113096771265,6774.407906611192,1613.0113096771265,420.24622146137074,135.59512864527622,24.178790090854,329.26749235912297,1317.099009798613,3911.360827705628,3911.360827705628,1317.099009798613,329.26749235912297,24.178790090854,358.0678550487592,135.50454615505635,420.90239947435646,1612.5628699288075,6774.558686192437,1612.5628699288075,420.90239947435646,135.50454615505635,358.0678550487592
elefante,37355.999999985346,9780.90302693703,9780.90302693703,2156.4838883020298,36209.68707481572,2156.4838883020298,1737.2030373493224,9769.813360564132,9769.813360564132,1737.2030373493224,1372.1743354234784,2204.8517730380127,36351.84913691942,2204.8517730380127,1372.1743354234784,2676.595876960831,1732.932788220623,9751.455652659535,9751.455652659535,1732.932788220623,2676.595876960831,2107.775329974749,1430.53041774375,2196.7397957599565,36335.491394682256,2196.7397957599565,1430.53041774375,2107.775329974749,2323.5642264233643,2680.7713718316436,1711.4805755442624,9756.131977237324,9756.131977237324,1711.4805755442624,2680.7713718316436,2323.5642264233643,2321.266786597759,2108.570920607768,1408.1742917988663,2192.3604042146003,36318.59980856451,2192.3604042146003,1408.1742917988663,2108.570920607768,2321.266786597759
elefante,19113.9999999925,5165.852739139008,5165.852739139008,3494.707935536517,18713.736961443905,3494.707935536517,1860.766223229321,5136.9465025129575,5136.9465025129575,1860.766223229321,2519.3541394308054,3579.465231528393,18579.64042759232,3579.465231528393,2519.3541394308054,1725.7362810766788,1834.7848914310412,5126.4908125026195,5126.4908125026195,1834.7848914310412,1725.7362810766788,1860.3014069005087,2480.3799627873,3532.4479808829396,18635.2865793869,3532.4479808829396,2480.3799627873,1860.3014069005087,1021.7513480679049,1724.6788383816308,1831.8009808818424,5126.83155707008,5126.83155707008,1831.8009808818424,1724.6788383816308,1021.7513480679049,1565.308579523957,1849.7966528029665,2500.0810891693022,3552.248328373137,18611.865512024735,3552.248328373137,2500.0810891693022,1849.7966528029665,1565.308579523957
elefante,3889.9999999984743,2902.7947781209805,2902.7947781209805,1126.7313795102373,3357.0839002254406,1126.7313795102373,339.9305285555751,2590.56095867089,2590.56095867089,339.9305285555751,716.2837850518544,1053.212265892296,3337.1963842213145,1053.212265892296,716.2837850518544,423.9010211238955,337.15232495273244,2648.842674835502,2648.842674835502,337.15232495273244,423.9010211238955,52.43507770079136,708.4694426010798,1070.3520191756907,3357.2722016177822,1070.3520191756907,708.4694426010798,52.43507770079136,226.51840725253308,423.96637741583356,330.4219900132624,2631.2905733707357,2631.2905733707357,330.4219900132624,423.96637741583356,226.51840725253308,177.36187409851684,72.40341991451668,705.8016884140476,1070.1043756517502,3338.2885365994757,1070.1043756517502,705.8016884140476,72.40341991451668,177.36187409851684
elefante,25726.999999989905,8231.584756290767,8231.584756290767,453.1141823678266,24663.85260770007,453.1141823678266,2639.4043941612626,8196.530664931237,8196.530664931237,2639.4043941612626,2095.2227933640374,409.2297969959431,24610.51242536866,409.2297969959431,2095.2227933640374,323.6633319990598,2543.302106441521,8173.975055132557,8173.975055132557,2543.302106441521,323.6633319990598,2006.286028018224,2123.463480505281,408.9459072192705,24614.915264480383,408.9459072192705,2123.463480505281,2006.286028018224,699.9917594189626,330.87226241297634,2606.9263393658366,8196.830673722887,8196.830673722887,2606.9263393658366,330.87226241297634,699.9917594189626,987.5502459791619,2015.5084930451935,2095.626550277083,419.2997476313799,24619.864371437143,419.2997476313799,2095.626550277083,2015.5084930451935,987.5502459791619
elefante,11284.999999995574,3287.3424133929193,3287.3424133929193,2652.152451773942,10764.424036276958,2652.152451773942,723.7233775387621,3471.2650336827446,3471.2650336827446,723.7233775387621,522.9322235058409,2560.9949133042833,10917.47467875611,2560.9949133042833,522.9322235058409,1782.967211439799,703.8938042133937,3390.233613116109,3390.233613116109,703.8938042133937,1782.967211439799,624.0463689707657,536.1606337470156,2575.573384730376,10854.933402556879,2575.573384730376,536.1606337470156,624.0463689707657,647.5839579106078,1761.4943620775232,735.0591892556821,3444.9634466877883,3444.9634466877883,735.0591892556821,1761.4943620775232,647.5839579106078,1724.8819186414446,612.1205341397822,542.8579656258092,2574.662802613,10877.504048216573,2574.662802613,542.8579656258092,612.1205341397822,1724.8819186414446
elefante,13444.999999994725,5963.823133869241,5963.823133869241,4010.8634408380926,12773.095238090229,4010.8634408380926,1069.8856911382159,5901.626627026638,5901.626627026638,1069.8856911382159,1737.4281097409785,4088.553349277958,12708.811683398537,4088.553349277958,1737.4281097409785,301.6251661488488,1132.5775381682163,5902.341396534274,5902.341396534274,1132.5775381682163,301.6251661488488,1323.516027063263,1817.135792491822,4083.3311236106447,12739.198172371249,4083.3311236106447,1817.135792491822,1323.516027063263,419.89947048411983,291.6089524620288,1104.6336234799335,5918.884976197087,5918.884976197087,1104.6336234799335,291.6089524620288,419.89947048411983,518.5864808606848,1310.4158597558064,1788.9007903658855,4088.299637493954,12728.507666425347,4088.299637493954,1788.9007903658855,1310.4158597558064,518.5864808606848
elefante,12506.999999995096,2542.622412529994,2542.622412529994,4582.305854557823,12039.65759636716,4582.305854557823,1236.2315226141661,2509.797857228033,2509.797857228033,1236.2315226141661,1048.0856117555645,4727.240438252694,11875.269208812657,4727.240438252694,1048.0856117555645,1118.532522931297,1242.6429075617334,2615.8382167283658,2615.8382167283658,1242.6429075617334,1118.532522931297,2012.0856606003638,1045.620985118226,4704.481905814676,11964.862341257074,4704.481905814676,1045.620985118226,2012.0856606003638,1830.9196653077956,1160.2047125345057,1259.6908125928255,2621.2609643420283,2621.2609643420283,1259.6908125928255,1160.2047125345057,1830.9196653077956,1095.3384093515624,1992.53752115938,1042.8552967987805,4675.430180891456,11948.796411550335,4675.430180891456,1042.8552967987805,1992.53752115938,1095.3384093515624
elefante,22275.99999999126,5027.311264558708,5027.311264558708,1337.2974774168658,21612.979591828258,1337.2974774168658,2577.5194458857172,4931.340880241041,4931.340880241041,2577.5194458857172,2528.3719719517417,1370.7456446283256,21422.95259690338,1370.7456446283256,2528.3719719517417,1245.7150559578583,2613.0547670731657,4912.1369773353235,4912.1369773353235,2613.0547670731657,1245.7150559578583,1524.9223418866313,2535.6576128921765,1344.7511847508972,21475.445633402,1344.7511847508972,2535.6576128921765,1524.9223418866313,1312.606576216461,1283.0764441689696,2597.534806533524,4925.231859166785,4925.231859166785,2597.534806533524,1283.0764441689696,1312.606576216461,853.4935825726681,1518.9554948244975,2501.238009582947,1355.9522063917661,21447.46623180819,1355.9522063917661,2501.238009582947,1518.9554948244975,853.4935825726681
elefante,6036.999999997632,5578.519023169285,5578.519023169285,4398.254193689,6036.999999997632,4398.254193689,3026.7625521357118,5578.519023169285,5578.519023169285,3026.7625521357118,2136.720750414668,4398.254193689,6036.999999997632,4398.254193689,2136.720750414668,1890.7252953336001,3026.7625521357118,5578.519023169285,5578.519023169285,3026.7625521357118,1890.7252953336001,1672.5400536868062,2136.720750414668,4398.254193689,6036.999999997632,4398.254193689,2136.720750414668,1672.5400536868062,1175.5328011840113,1890.7252953336001,3026.7625521357118,5578.519023169285,5578.519023169285,3026.7625521357118,1890.7252953336001,1175.5328011840113,557.3695265337717,1672.5400536868062,2136.720750414668,4398.254193689,6036.999999997632,4398.254193689,2136.720750414668,1672.5400536868062,557.3695265337717
elefante,21652.999999991505,6734.695500867417,6734.695500867417,3790.4378419732816,20488.71882085364,3790.4378419732816,1947.5919003512213,6749.33708976117,6749.33708976117,1947.5919003512213,1019.1037104740726,3704.8511343809064,20648.841177279137,3704.8511343809064,1019.1037104740726,1605.4145702222054,1997.9922442581808,6758.541705612415,6758.541705612415,1997.9922442581808,1605.4145702222054,686.3944892710541,958.5727524847864,3712.597702428963,20666.122575653208,3712.597702428963,958.5727524847864,686.3944892710541,235.16058476736893,1625.8931730221984,1990.8099283278714,6760.308192413276,6760.308192413276,1990.8099283278714,1625.8931730221984,235.16058476736893,714.1650824105596,714.564119787863,947.7921843549367,3726.6907976764023,20635.286756542868,3726.6907976764023,947.7921843549367,714.564119787863,714.1650824105596
elefante,38078.999999985055,10213.845314601836,10213.845314601836,4431.03049197144,36733.30385486087,4431.03049197144,1489.2520342468476,10191.288014402897,10191.288014402897,1489.2520342468476,4342.879276119015,4452.496416825138,36744.4418683429,4452.496416825138,4342.879276119015,1612.5709079903022,1497.8389826925445,10189.367908818014,10189.367908818014,1497.8389826925445,1612.5709079903022,1649.423575876174,4315.954309581951,4450.6523384605725,36744.3268055199,4450.6523384605725,4315.954309581951,1649.423575876174,1111.325029868675,1631.0391117950521,1497.7775975708823,10192.724976210275,10192.724976210275,1497.7775975708823,1631.0391117950521,1111.325029868675,1285.76425750884,1663.4389537831598,4324.447942794911,4446.104406103017,36740.356342103725,4446.104406103017,4324.447942794911,1663.4389537831598,1285.76425750884
elefante,9957.999999996093,3460.2776188580615,3460.2776188580615,856.1956249226745,8572.671201810697,856.1956249226745,901.778067119191,3460.2776188580624,3460.2776188580624,901.778067119191,958.4777858555957,856.1956249226746,8572.914156135284,856.1956249226746,958.4777858555957,180.2484367335834,901.778067119191,3460.2776188580615,3460.2776188580615,901.778067119191,180.2484367335834,404.0849576892454,958.1075905512162,856.1956249226746,8573.316643616325,856.1956249226746,958.1075905512162,404.0849576892454,278.44798568343623,180.2484367335833,901.778067119191,3460.277618858062,3460.277618858062,901.778067119191,180.2484367335833,278.44798568343623,1016.767414522544,404.0849576892454,957.5972223309707,856.1956249226747,8573.919691020867,856.1956249226747,957.5972223309707,404.0849576892454,1016.767414522544
elefante,12400.999999995136,6607.07192777127,6607.07192777127,6577.204576637741,12011.965986389845,6577.204576637741,2197.7176079892565,6478.70354571407,6478.70354571407,2197.7176079892565,1968.3518106360905,6650.116257023377,11893.244095819606,6650.116257023377,1968.3518106360905,1011.4597946258901,2183.816689788291,6497.009852595751,6497.009852595751,2183.816689788291,1011.4597946258901,1334.4278830586686,1944.577659975244,6629.549712622365,11934.854113509442,6629.549712622365,1944.577659975244,1334.4278830586686,437.23233093690095,948.6191594237788,2187.8741899689376,6494.6072685628615,6494.6072685628615,2187.8741899689376,948.6191594237788,437.23233093690095,487.14357609853164,1315.3779745267248,1975.3502282143684,6629.559939665685,11915.958898294892,6629.559939665685,1975.3502282143684,1315.3779745267248,487.14357609853164
elefante,6736.999999997358,1790.2652796047405,1790.2652796047405,3167.4349419530336,5795.049886619043,3167.4349419530336,1009.5605188431317,1701.7858773570752,1701.7858773570752,1009.5605188431317,1368.203429985262,3145.4523648092472,5840.375445413972,3145.4523648092472,1368.203429985262,547.813155305843,924.3745545607914,1746.7617908876177,1746.7617908876177,924.3745545607914,547.813155305843,451.1806109676213,1383.734216552971,3140.642578659699,5828.956984737644,3140.642578659699,1383.734216552971,451.1806109676213,151.64490334284258,500.33143116495404,956.7736123856548,1730.7555232497662,1730.7555232497662,956.7736123856548,500.33143116495404,151.64490334284258,682.8502870427782,496.6081393761725,1412.3905697215482,3129.008636031183,5839.552276399095,3129.008636031183,1412.3905697215482,496.6081393761725,682.8502870427782
elefante,16854.99999999339,4111.885464002755,4111.885464002755,5896.188497522841,16331.263038542347,5896.188497522841,5815.716943590046,4097.208208764086,4097.208208764086,5815.716943590046,2561.470823376964,5895.266186703123,16316.791969389067,5895.266186703123,2561.470823376964,3883.1942401794704,5863.794390029518,4103.672992370292,4103.672992370292,5863.794390029518,3883.1942401794704,2408.731392227899,2564.749057321124,5900.8438782499925,16359.36798385052,5900.8438782499925,2564.749057321124,2408.731392227899,1158.8024670274312,3887.796816632633,5822.670615895678,4089.678421520532,4089.678421520532,5822.670615895678,3887.796816632633,1158.8024670274312,427.45735297684035,2419.8300505955003,2562.2949941441425,5897.822473923224,16370.888700000212,5897.822473923224,2562.2949941441425,2419.8300505955003,427.45735297684035
elefante,29699.999999988348,8311.583287455496,8311.583287455496,323.4727110640684,29604.480725611968,323.4727110640684,1479.4864478801217,8358.905870229853,8358.905870229853,1479.4864478801217,4124.703959600212,296.8407726479144,29535.145417792723,296.8407726479144,4124.703959600212,1739.9991583354988,1484.882929814338,8382.383871061546,8382.383871061546,1484.882929814338,1739.9991583354988,2467.554436979043,4132.186556779005,297.26015859274105,29507.278932143927,297.26015859274105,4132.186556779005,2467.554436979043,570.7187774423068,1753.768804070484,1482.7881041969977,8386.34837898113,8386.34837898113,1482.7881041969977,1753.768804070484,570.7187774423068,555.3182635324681,2471.545117077581,4128.263458444172,295.7967307470039,29522.5943577117,295.7967307470039,4128.263458444172,2471.545117077581,555.3182635324681
elefante,9836.999999996142,1203.3214011324765,1203.3214011324765,7109.320424103214,8608.587301583924,7109.320424103214,1088.5712533303079,1258.1874529427964,1258.1874529427964,1088.5712533303079,4140.509363771121,7045.792942224042,8685.067626140022,7045.792942224042,4140.509363771121,1480.0590826254988,1100.5680852218247,1247.6950717236848,1247.6950717236848,1100.5680852218247,1480.0590826254988,2049.345223813776,4129.779138040282,7040.653079739195,8678.302176528516,7040.653079739195,4129.779138040282,2049.345223813776,2545.2669987608306,1467.7126412915106,1102.482749626074,1236.0308754135897,1236.0308754135897,1102.482749626074,1467.7126412915106,2545.2669987608306,1431.045190758761,2035.4055685517487,4153.07767917843,7026.369704870364,8699.069013552467,7026.369704870364,4153.07767917843,2035.4055685517487,1431.045190758761
elefante,12870.999999994949,11870.130265180314,11870.130265180314,9181.382294981768,12870.999999994949,9181.382294981768,5666.117779543545,11870.130265180314,11870.130265180314,5666.117779543545,2688.1914547794627,9181.382294981768,12870.999999994949,9181.382294981768,2688.1914547794627,2320.808700644911,5666.117779543545,11870.130265180314,11870.130265180314,5666.117779543545,2320.808700644911,2982.804444715847,2688.1914547794627,9181.382294981768,12870.999999994949,9181.382294981768,2688.1914547794627,2982.804444715847,2701.078299077654,2320.808700644911,5666.117779543545,11870.130265180314,11870.130265180314,5666.117779543545,2320.808700644911,2701.078299077654,1635.0583336798595,2982.804444715847,2688.1914547794627,9181.382294981768,12870.999999994949,9181.382294981768,2688.1914547794627,2982.804444715847,1635.0583336798595
elefante,11169.99999999562,3179.921817504456,3179.921817504456,606.9219871253374,11022.131519270053,606.9219871253374,996.78495129343,3082.380264827968,3082.380264827968,996.78495129343,2495.180595805912,615.4174330860698,10925.750844551223,615.4174330860698,2495.180595805912,1354.7631114222534,950.7254800918379,3057.4502804742588,3057.4502804742588,950.7254800918379,1354.7631114222534,919.2707892736803,2468.6837258439837,628.7663388497862,10923.39331866988,628.7663388497862,2468.6837258439837,919.2707892736803,765.8255415621303,1367.6645372140374,963.2209753076091,3066.1064680722084,3066.1064680722084,963.2209753076091,1367.6645372140374,765.8255415621303,544.8440553315128,942.6717871359693,2494.0521055031386,618.3627584434057,10926.166506992551,618.3627584434057,2494.0521055031386,942.6717871359693,544.8440553315128
elefante,11644.99999999543,10074.82191249315,10074.82191249315,6265.08063902025,11611.879818589547,6265.08063902025,2386.6225099364315,10039.02546551904,10039.02546551904,2386.6225099364315,1669.4391542699927,6245.733823749976,11571.65315377398,6245.733823749976,1669.4391542699927,2145.1170581435717,2403.253631124376,10009.688664269806,10009.688664269806,2403.253631124376,2145.1170581435717,1670.192384565529,1686.0356681181927,6234.13648028159,11550.049885998824,6234.13648028159,1686.0356681181927,1670.192384565529,981.3526510683344,2137.117883768339,2407.1566080618645,10000.669342045965,10000.669342045965,2407.1566080618645,2137.117883768339,981.3526510683344,439.53846145675607,1662.1882262210752,1688.7103331019562,6232.368005424458,11550.197250017836,6232.368005424458,1688.7103331019562,1662.1882262210752,439.53846145675607
elefante,17423.999999993164,7106.579651480143,7106.579651480143,3231.6543668037607,16819.11111110451,3231.6543668037607,3153.716532237049,7021.8944672843745,7021.8944672843745,3153.716532237049,3943.769469771564,3185.1485023431333,16940.6094991218,3185.1485023431333,3943.769469771564,1000.0291765008295,3210.7108573232335,7052.675224654523,7052.675224654523,3210.7108573232335,1000.0291765008295,1810.0329323832034,3934.0496743659683,3204.6230924387078,16882.889520996665,3204.6230924387078,3934.0496743659683,1810.0329323832034,1400.306587127337,1028.8551540846288,3194.6377341332995,7038.265230185254,7038.265230185254,3194.6377341332995,1028.8551540846288,1400.306587127337,166.61663581966778,1816.4802644194212,3936.597324467168,3197.401394914843,16919.526245114997,3197.401394914843,3936.597324467168,1816.4802644194212,166.61663581966778
elefante,14567.999999994285,11256.849543302942,11256.849543302942,5096.118737606879,14517.53741496029,5096.118737606879,3678.8232692014335,11299.652009546284,11299.652009546284,3678.8232692014335,3389.029739413977,5066.491292701837,14513.156616836055,5066.491292701837,3389.029739413977,1248.2652141888946,3685.8150864589643,11284.247071327101,11284.247071327101,3685.8150864589643,1248.2652141888946,236.18410427296212,3383.8564178739166,5083.120107558782,14531.46923706053,5083.120107558782,3383.8564178739166,236.18410427296212,274.29101616683715,1255.3842436115801,3689.4491348793917,11278.060148775265,11278.060148775265,3689.4491348793917,1255.3842436115801,274.29101616683715,749.1166787137051,240.09253400095974,3379.8741280563895,5081.9217305535785,14522.053545897501,5081.9217305535785,3379.8741280563895,240.09253400095974,749.1166787137051
elefante,22900.999999991014,7121.354938463649,7121.354938463649,5847.487025353051,22472.14285713404,5847.487025353051,3266.5737259935936,6983.582885092006,6983.582885092006,3266.5737259935936,1247.4096822676856,5722.176300423431,22263.57182963015,5722.176300423431,1247.4096822676856,218.63083593718207,3236.7619875860946,6957.06512345115,6957.06512345115,3236.7619875860946,218.63083593718207,910.7813587544352,1188.7632559108608,5751.796978124454,22307.833438733334,5751.796978124454,1188.7632559108608,910.7813587544352,121.18392618002908,226.7693867145842,3253.2019345824915,6968.993423742021,6968.993423742021,3253.2019345824915,226.7693867145842,121.18392618002908,664.2195722238198,927.4768541970128,1210.8530399568526,5761.430407355714,22316.149260781156,5761.430407355714,1210.8530399568526,927.4768541970128,664.2195722238198
elefante,14990.999999994121,2927.7031791644067,2927.7031791644067,3384.050154184619,14032.65079364529,3384.050154184619,2029.9231103118007,2651.350142003116,2651.350142003116,2029.9231103118007,984.2963477602333,3315.718893249784,14079.187946374845,3315.718893249784,984.2963477602333,782.644002650679,1965.8951116413198,2726.984656596471,2726.984656596471,1965.8951116413198,782.644002650679,790.5238462296068,1012.7714824230538,3355.0902460397115,14013.017029399389,3355.0902460397115,1012.7714824230538,790.5238462296068,755.2645164483739,781.0360150416154,1978.7671982381223,2724.7658828282797,2724.7658828282797,1978.7671982381223,781.0360150416154,755.2645164483739,845.2057603327884,790.2338225239008,981.4083951675748,3328.257514803867,14047.082239466507,3328.257514803867,981.4083951675748,790.2338225239008,845.2057603327884
elefante,3172.999999998756,914.1534262511802,914.1534262511802,1109.8075721759444,2904.142857141718,1109.8075721759444,477.2060737481887,864.5478924909114,864.5478924909114,477.2060737481887,451.26770922576225,1069.0588271401446,2804.5006401642636,1069.0588271401446,451.26770922576225,248.352053727771,487.0817451506048,871.7376021969737,871.7376021969737,487.0817451506048,248.352053727771,191.2528914260579,456.99701959727906,1030.9924453321378,2834.559187617972,1030.9924453321378,456.99701959727906,191.2528914260579,205.11777595818552,225.01196048848703,448.09740525791375,852.0273127369272,852.0273127369272,448.09740525791375,225.01196048848703,205.11777595818552,153.88518337856948,207.74304988917015,462.734068549909,1048.3025337697175,2818.1211266157716,1048.3025337697175,462.734068549909,207.74304988917015,153.88518337856948
elefante,6735.999999997357,6536.901601402625,6536.901601402625,5972.526759229443,6735.999999997357,5972.526759229443,5134.494029485521,6536.901601402625,6536.901601402625,5134.494029485521,4153.53244781005,5972.526759229443,6735.999999997357,5972.526759229443,4153.53244781005,3172.262593088333,5134.494029485521,6536.901601402625,6536.901601402625,5134.494029485521,3172.262593088333,2315.9629528804467,4153.53244781005,5972.526759229443,6735.999999997357,5972.526759229443,4153.53244781005,2315.9629528804467,1664.4752213803724,3172.262593088333,5134.494029485521,6536.901601402625,6536.901601402625,5134.494029485521,3172.262593088333,1664.4752213803724,1227.3795475641195,2315.9629528804467,4153.53244781005,5972.526759229443,6735.999999997357,5972.526759229443,4153.53244781005,2315.9629528804467,1227.3795475641195
elefante,4207.999999998349,3987.145151878291,3987.145151878291,3420.900952035934,4207.999999998349,3420.900952035934,2752.1469452972824,3987.145151878291,3987.145151878291,2752.1469452972824,2222.2095019652297,3420.900952035934,4207.999999998349,3420.900952035934,2222.2095019652297,1867.003820731732,2752.1469452972824,3987.145151878291,3987.145151878291,2752.1469452972824,1867.003820731732,1527.4653592546501,2222.2095019652297,3420.900952035934,4207.999999998349,3420.900952035934,2222.2095019652297,1527.4653592546501,1101.7339700727118,1867.003820731732,2752.1469452972824,3987.145151878291,3987.145151878291,2752.1469452972824,1867.003820731732,1101.7339700727118,645.2331056917418,1527.4653592546501,2222.2095019652297,3420.900952035934,4207.999999998349,3420.900952035934,2222.2095019652297,1527.4653592546501,645.2331056917418
elefante,29140.999999988562,14039.825785823472,14039.825785823472,8772.991554731367,28324.324263027433,8772.991554731367,9303.654188383292,14075.637842742348,14075.637842742348,9303.654188383292,5410.048440137566,8608.619392727258,28262.30859054531,8608.619392727258,5410.048440137566,3023.655598674431,9305.921085397133,14076.577081351663,14076.577081351663,9305.921085397133,3023.655598674431,731.1079626743608,5405.612339565476,8694.627879269618,28371.03760150287,8694.627879269618,5405.612339565476,731.1079626743608,2836.234141917106,3030.832211264272,9308.792716324744,14050.837625742843,14050.837625742843,9308.792716324744,3030.832211264272,2836.234141917106,2823.9483959634304,691.2992508884363,5401.727160231456,8666.156666383764,28317.29881917429,8666.156666383764,5401.727160231456,691.2992508884363,2823.9483959634304
elefante,2391.999999999062,1314.7785357453245,1314.7785357453245,1723.2034691684846,2327.2335600897904,1723.2034691684846,877.4849380555977,1262.3878617787823,1262.3878617787823,877.4849380555977,829.5398085138171,1672.3363682557817,2285.322905578569,1672.3363682557817,829.5398085138171,504.98690493811614,840.8804375807872,1236.4225071932133,1236.4225071932133,840.8804375807872,504.98690493811614,333.1400602124648,806.6300140080235,1667.7048203404233,2282.7956956328153,1667.7048203404233,806.6300140080235,333.1400602124648,309.0319700836399,484.3738327953349,841.0806792654873,1235.0437380871876,1235.0437380871876,841.0806792654873,484.3738327953349,309.0319700836399,267.78887599378976,315.0519486863346,814.3369080246134,1671.8060617764281,2282.981634562362,1671.8060617764281,814.3369080246134,315.0519486863346,267.78887599378976
elefante,13865.999999994558,12200.521003385165,12200.521003385165,7989.557632791862,13865.999999994558,7989.557632791862,3120.680965920932,12200.521003385165,12200.521003385165,3120.680965920932,805.3667811026364,7989.557632791862,13865.999999994558,7989.557632791862,805.3667811026364,2343.22939653137,3120.680965920932,12200.521003385165,12200.521003385165,3120.680965920932,2343.22939653137,2308.596491989901,805.3667811026364,7989.557632791862,13865.999999994558,7989.557632791862,805.3667811026364,2308.596491989901,1628.2928260661665,2343.22939653137,3120.680965920932,12200.521003385165,12200.521003385165,3120.680965920932,2343.22939653137,1628.2928260661665,1021.5272206013058,2308.596491989901,805.3667811026364,7989.557632791862,13865.999999994558,7989.557632791862,805.3667811026364,2308.596491989901,1021.5272206013058
elefante,13822.999999994578,6208.356543776416,6208.356543776416,2925.061158105716,13029.290249427995,2925.061158105716,2459.1119044105894,6064.131629666225,6064.131629666225,2459.1119044105894,2540.03447446404,2948.2043827682696,13059.404029180247,2948.2043827682696,2540.03447446404,1218.3159003258995,2380.0237561687,6126.099010750324,6126.099010750324,2380.0237561687,1218.3159003258995,244.00898079936076,2549.378434919731,2980.1633888938313,13056.797130612455,2980.1633888938313,2549.378434919731,244.00898079936076,107.11335422399627,1212.3104475676537,2410.7790243726713,6108.329612230049,6108.329612230049,2410.7790243726713,1212.3104475676537,107.11335422399627,771.3615602826459,245.26488041441837,2539.701341528969,2957.0432840893054,13034.216839008317,2957.0432840893054,2539.701341528969,245.26488041441837,771.3615602826459
elefante,14912.99999999415,3925.131763254687,3925.131763254687,3191.3769891942093,13528.65532879288,3191.3769891942093,2503.802397126572,3923.8086742998235,3923.8086742998235,2503.802397126572,1155.7106823440215,3192.3396681548707,13530.441991757383,3192.3396681548707,1155.7106823440215,1312.1721565055125,2502.8252276608096,3922.235528288962,3922.235528288962,2502.8252276608096,1312.1721565055125,614.434952213474,1155.9460056542357,3193.2866285146965,13532.31738365018,3193.2866285146965,1155.9460056542357,614.434952213474,637.9118691486314,1310.1393953824365,2502.06992242441,3921.019045206616,3921.019045206616,2502.06992242441,1310.1393953824365,637.9118691486314,1420.579453919604,612.2575348584855,1156.0907965895087,3193.901154641994,13533.80126833167,3193.901154641994,1156.0907965895087,612.2575348584855,1420.579453919604
elefante,18483.99999999275,11767.996507836071,11767.996507836071,7274.478781668619,17233.451247158773,7274.478781668619,2593.891066759558,11677.135500379009,11677.135500379009,2593.891066759558,2770.6980129649874,7237.450260572321,17337.380227367594,7237.450260572321,2770.6980129649874,2895.5411066366646,2615.3943748520232,11646.277304765743,11646.277304765743,2615.3943748520232,2895.5411066366646,2191.339648331221,2766.3265094062544,7236.098442278829,17341.092717384487,7236.098442278829,2766.3265094062544,2191.339648331221,842.96193173603,2890.6932656222625,2605.7731495602757,11660.222119586148,11660.222119586148,2605.7731495602757,2890.6932656222625,842.96193173603,907.9741844184931,2198.0192641607973,2761.5829711271545,7242.18595728365,17322.921749163706,7242.18595728365,2761.5829711271545,2198.0192641607973,907.9741844184931
elefante,2409.999999999055,2271.693634619292,2271.693634619292,1890.3077953749234,2409.999999999055,1890.3077953749234,1356.9095302855371,2271.693634619292,2271.693634619292,1356.9095302855371,796.0529744846575,1890.3077953749234,2409.999999999055,1890.3077953749234,796.0529744846575,348.13269818091493,1356.9095302855371,2271.693634619292,2271.693634619292,1356.9095302855371,348.13269818091493,222.55293969341002,796.0529744846575,1890.3077953749234,2409.999999999055,1890.3077953749234,796.0529744846575,222.55293969341002,292.4750133975628,348.13269818091493,1356.9095302855371,2271.693634619292,2271.693634619292,1356.9095302855371,348.13269818091493,292.4750133975628,272.669532467791,222.55293969341002,796.0529744846575,1890.3077953749234,2409.999999999055,1890.3077953749234,796.0529744846575,222.55293969341002,272.669532467791
elefante,12759.999999994994,2054.5751803930584,2054.5751803930584,1619.6077737040257,12143.80952380476,1619.6077737040257,588.7562251854245,2100.502267486451,2100.502267486451,588.7562251854245,1220.9342825003168,1774.7456804392762,12065.108303634184,1774.7456804392762,1220.9342825003168,597.8127032960147,617.6958461096132,2061.664592688958,2061.664592688958,617.6958461096132,597.8127032960147,546.192151885954,1191.68376633821,1722.5458582364251,12142.363366761001,1722.5458582364251,1191.68376633821,546.192151885954,583.3464857170312,575.1256713978713,611.2677092225942,2045.6815719327074,2045.6815719327074,611.2677092225942,575.1256713978713,583.3464857170312,389.54616405584943,547.1120087818077,1214.5430223682786,1738.7370965937741,12111.440481846977,1738.7370965937741,1214.5430223682786,547.1120087818077,389.54616405584943
elefante,7793.999999996942,5000.706569405539,5000.706569405539,2585.499274603608,6818.122448976917,2585.499274603608,1274.899034314671,4990.363243338767,4990.363243338767,1274.899034314671,666.9845373215178,2600.516560493094,7061.170962713382,2600.516560493094,666.9845373215178,348.1033352048342,1223.9527122047007,4964.8521981467975,4964.8521981467975,1223.9527122047007,348.1033352048342,1023.6771809226572,644.7864466786051,2609.8176888419152,7025.328688139733,2609.8176888419152,644.7864466786051,1023.6771809226572,475.1387216202221,347.2505971758076,1248.743087729268,4967.814637545758,4967.814637545758,1248.743087729268,347.2505971758076,475.1387216202221,599.1322913816623,1028.8033384439432,636.664221511317,2592.0397219865436,6985.51215041889,2592.0397219865436,636.664221511317,1028.8033384439432,599.1322913816623
elefante,6929.9999999972815,4014.8794844817094,4014.8794844817094,2211.71043054956,6526.117913829639,2211.71043054956,1833.1472610640828,4140.55764662627,4140.55764662627,1833.1472610640828,712.9511557104237,2245.453741241277,6530.95139370685,2245.453741241277,712.9511557104237,363.19572571738416,1901.5195235522165,4045.0495625574526,4045.0495625574526,1901.5195235522165,363.19572571738416,124.25019129813367,663.8310458936264,2220.062637391416,6540.6481335185945,2220.062637391416,663.8310458936264,124.25019129813367,644.4552454784106,368.5838997131108,1906.065486133903,4050.8865185997115,4050.8865185997115,1906.065486133903,368.5838997131108,644.4552454784106,735.9555440947337,121.77785983829152,673.927132083282,2223.0317020782377,6539.891367516459,2223.0317020782377,673.927132083282,121.77785983829152,735.9555440947337
elefante,17345.999999993193,13540.080398901791,13540.080398901791,6310.710400712165,17159.083900220026,6310.710400712165,5528.454598257879,13398.610005441893,13398.610005441893,5528.454598257879,5786.8610617503355,6279.019295847827,17124.69616054367,6279.019295847827,5786.8610617503355,3325.296265941435,5600.28208354047,13406.846446397098,13406.846446397098,5600.28208354047,3325.296265941435,2140.414931518054,5820.565930168367,6276.499120367845,17125.99852750043,6276.499120367845,5820.565930168367,2140.414931518054,1644.223324030907,3329.179564422588,5565.631118992573,13396.078531872121,13396.078531872121,5565.631118992573,3329.179564422588,1644.223324030907,544.1636930125204,2149.6391316338804,5793.9996484827225,6286.075199779886,17112.00946012824,6286.075199779886,5793.9996484827225,2149.6391316338804,544.1636930125204
elefante,9370.999999996326,2235.8364235108334,2235.8364235108334,1159.5335562035157,8958.70975056338,1159.5335562035157,839.3389741367558,2389.3029393833694,2389.3029393833694,839.3389741367558,916.3928037511185,1114.9647156017575,8895.09724342903,1114.9647156017575,916.3928037511185,621.4149752724503,786.3913535046743,2337.6528535385846,2337.6528535385846,786.3913535046743,621.4149752724503,759.6095267847883,894.8539840705562,1110.7468261094164,8861.27878781765,1110.7468261094164,894.8539840705562,759.6095267847883,844.07176565196,572.815793467723,803.553242005481,2357.3820397148784,2357.3820397148784,803.553242005481,572.815793467723,844.07176565196,1108.4463164369456,728.7817091327715,901.8092555281537,1131.6689336106485,8866.083287868414,1131.6689336106485,901.8092555281537,728.7817091327715,1108.4463164369456
elefante,1263.9999999995043,479.9364254947757,479.9364254947757,279.72909448481886,875.646258503058,279.72909448481886,209.77210989468642,561.2919012992747,561.2919012992747,209.77210989468642,258.57933974977624,270.39470214016336,798.1476236750075,270.39470214016336,258.57933974977624,230.62655490309834,259.8705743826524,526.9705203674899,526.9705203674899,259.8705743826524,230.62655490309834,221.85071481918268,253.29275299409923,229.34730186857036,894.0924281741729,229.34730186857036,253.29275299409923,221.85071481918268,70.48176865821814,251.6693231912131,257.88311835391323,490.2688672042437,490.2688672042437,257.88311835391323,251.6693231912131,70.48176865821814,116.36372681299676,214.42708171658293,248.40292893640043,238.64382510970287,860.7692843365837,238.64382510970287,248.40292893640043,214.42708171658293,116.36372681299676
elefante,32016.999999987438,1675.6540755524616,1675.6540755524616,2219.8321357293685,30631.67120180204,2219.8321357293685,2144.2719381061834,1675.6540755524616,1675.6540755524616,2144.2719381061834,2604.7255360762606,2219.832135729369,30631.91415612663,2219.832135729369,2604.7255360762606,1308.1341275092282,2144.271938106183,1675.6540755524616,1675.6540755524616,2144.271938106183,1308.1341275092282,1747.4317432204994,2604.0714463207687,2219.832135729369,30632.31664360767,2219.832135729369,2604.0714463207687,1747.4317432204994,989.947004903634,1308.1341275092282,2144.271938106183,1675.6540755524616,1675.6540755524616,2144.271938106183,1308.1341275092282,989.947004903634,1174.5590827324177,1747.431743220499,2603.168564330915,2219.8321357293685,30632.919691012212,2219.8321357293685,2603.168564330915,1747.431743220499,1174.5590827324177
elefante,30893.99999998788,8246.588380437912,8246.588380437912,3868.388280221839,30132.857142845318,3868.388280221839,2371.1697063659253,8110.062999260345,8110.062999260345,2371.1697063659253,5942.77648772504,3847.2219797309917,30119.532818104093,3847.2219797309917,5942.77648772504,1178.241027110994,2459.8880351002317,8136.627518603716,8136.627518603716,2459.8880351002317,1178.241027110994,1960.1392268474183,5928.860745229825,3849.378588397751,30101.194464291875,3849.378588397751,5928.860745229825,1960.1392268474183,2317.6167326828863,1122.3318597594027,2426.217910310885,8120.916702591818,8120.916702591818,2426.217910310885,1122.3318597594027,2317.6167326828863,1634.9597495528456,1963.8291574586747,5924.147672564834,3844.7931689313236,30110.046032482118,3844.7931689313236,5924.147672564834,1963.8291574586747,1634.9597495528456
elefante,8885.999999996515,5951.845541129024,5951.845541129024,2257.4036652550394,8810.380952377498,2257.4036652550394,1342.8933606158032,5928.195812584017,5928.195812584017,1342.8933606158032,2453.343807256224,2261.733375744638,8844.776188930155,2261.733375744638,2453.343807256224,1329.4482691910962,1333.5898579255345,5947.019325234909,5947.019325234909,1333.5898579255345,1329.4482691910962,1306.7303420345152,2452.705242928313,2257.435415772261,8833.306379540038,2257.435415772261,2452.705242928313,1306.7303420345152,1107.8368063872424,1336.313516888095,1344.4218464156154,5930.0080010636375,5930.0080010636375,1344.4218464156154,1336.313516888095,1107.8368063872424,956.2955275828468,1305.044506515847,2456.708698469597,2258.7821838104473,8828.635641368559,2258.7821838104473,2456.708698469597,1305.044506515847,956.2955275828468
elefante,18209.999999992855,14537.910252213667,14537.910252213667,6874.6093992903825,18209.999999992855,6874.6093992903825,1903.4889081439417,14537.910252213667,14537.910252213667,1903.4889081439417,4653.576633290046,6874.6093992903825,18209.999999992855,6874.6093992903825,4653.576633290046,4047.7031404789245,1903.4889081439417,14537.910252213667,14537.910252213667,1903.4889081439417,4047.7031404789245,2011.1293761064528,4653.576633290046,6874.6093992903825,18209.999999992855,6874.6093992903825,4653.576633290046,2011.1293761064528,1412.3104902019409,4047.7031404789245,1903.4889081439417,14537.910252213667,14537.910252213667,1903.4889081439417,4047.7031404789245,1412.3104902019409,1697.1206550743434,2011.1293761064528,4653.576633290046,6874.6093992903825,18209.999999992855,6874.6093992903825,4653.576633290046,2011.1293761064528,1697.1206550743434
elefante,23761.999999990676,4850.419007059288,4850.419007059288,1569.943957760923,22448.820861669195,1569.943957760923,410.49788881006924,4798.230596742881,4798.230596742881,410.49788881006924,2357.8447554940935,1508.2817913260224,22507.61222946346,1508.2817913260224,2357.8447554940935,1126.2457296646335,423.8265078492585,4775.284330822299,4775.284330822299,423.8265078492585,1126.2457296646335,1756.2321179410742,2364.3648211043774,1505.264340321208,22505.21820229275,1505.264340321208,2364.3648211043774,1756.2321179410742,1443.432190312146,1111.5786136581055,437.81407798116715,4784.623901380866,4784.623901380866,437.81407798116715,1111.5786136581055,1443.432190312146,1903.7199992836713,1740.1845950170298,2382.2788466098164,1525.9872936244526,22481.287545762832,1525.9872936244526,2382.2788466098164,1740.1845950170298,1903.7199992836713
elefante,1576.9999999993815,1518.145627842113,1518.145627842113,1353.2218425726007,1576.9999999993815,1353.2218425726007,1114.7787670360524,1518.145627842113,1518.145627842113,1114.7787670360524,849.8698594066628,1353.2218425726007,1576.9999999993815,1353.2218425726007,849.8698594066628,610.9488182945516,1114.7787670360524,1518.145627842113,1518.145627842113,1114.7787670360524,610.9488182945516,442.0676073698108,849.8698594066628,1353.2218425726007,1576.9999999993815,1353.2218425726007,849.8698594066628,442.0676073698108,351.7664579384628,610.9488182945516,1114.7787670360524,1518.145627842113,1518.145627842113,1114.7787670360524,610.9488182945516,351.7664579384628,298.76343490130876,442.0676073698108,849.8698594066628,1353.2218425726007,1576.9999999993815,1353.2218425726007,849.8698594066628,442.0676073698108,298.76343490130876
elefante,10165.999999996013,6039.618834818461,6039.618834818461,704.0476946233088,10135.342403624143,704.0476946233088,2109.069496671515,6057.740796211362,6057.740796211362,2109.069496671515,2974.573365864625,702.3148964086391,10138.869452538946,702.3148964086391,2974.573365864625,1326.1886450206005,2111.3031654771053,6045.503721253255,6045.503721253255,2111.3031654771053,1326.1886450206005,1039.4026563954385,2968.503939631609,709.0697390530889,10146.707162909452,709.0697390530889,2968.503939631609,1039.4026563954385,900.3683871002182,1328.216806982379,2113.7520073134433,6048.759800577375,6048.759800577375,2113.7520073134433,1328.216806982379,900.3683871002182,1095.5433797787023,1042.5429191868016,2972.7991093811947,701.9225290309421,10138.207449890626,701.9225290309421,2972.7991093811947,1042.5429191868016,1095.5433797787023
elefante,5881.9999999976935,4529.40123729945,4529.40123729945,1527.306641457706,5871.215419498831,1527.306641457706,1172.1363608321128,4515.865134252651,4515.865134252651,1172.1363608321128,1897.1725831208203,1513.1339302070473,5857.461705768446,1513.1339302070473,1897.1725831208203,1242.3641761216286,1181.408895249031,4504.166636921752,4504.166636921752,1181.408895249031,1242.3641761216286,747.8284216856129,1904.9582637114438,1504.884397278654,5849.572204458253,1504.884397278654,1904.9582637114438,747.8284216856129,597.9910512676291,1247.4819909405671,1184.312241732783,4500.703601378628,4500.703601378628,1184.312241732783,1247.4819909405671,597.9910512676291,316.75680460826516,748.8683901707263,1904.9027781520406,1505.4217671077834,5850.302488642543,1505.4217671077834,1904.9027781520406,748.8683901707263,316.75680460826516
elefante,19147.999999992488,9795.330585042266,9795.330585042266,8403.803736919552,18094.680272101745,8403.803736919552,1032.543579933107,9693.854173760263,9693.854173760263,1032.543579933107,2476.2489813704833,8324.005180489174,18189.44526199789,8324.005180489174,2476.2489813704833,3453.267745113514,1041.630318119127,9699.541771496688,9699.541771496688,1041.630318119127,3453.267745113514,1275.1603864871618,2450.5534250141036,8319.000992236406,18190.04983953265,8319.000992236406,2450.5534250141036,1275.1603864871618,662.9593568414138,3435.1530962026113,1044.6854582822878,9703.017896156749,9703.017896156749,1044.6854582822878,3435.1530962026113,662.9593568414138,1263.3171980543814,1267.0628719345868,2449.536670732933,8326.496550647664,18192.186726609394,8326.496550647664,2449.536670732933,1267.0628719345868,1263.3171980543814
elefante,15697.999999993843,4746.778756280542,4746.778756280542,4971.834886075607,15597.020408157145,4971.834886075607,5278.43220260614,4779.568785860924,4779.568785860924,5278.43220260614,1014.1190511569163,4899.678764356725,15569.931633418237,4899.678764356725,1014.1190511569163,961.495843864683,5265.217231630689,4777.70851560707,4777.70851560707,5265.217231630689,961.495843864683,1424.3875342524132,1047.7351186126566,4913.862270311707,15577.49635762909,4913.862270311707,1047.7351186126566,1424.3875342524132,1090.7176081845603,950.4551394883257,5267.968236539946,4776.331852220753,4776.331852220753,5267.968236539946,950.4551394883257,1090.7176081845603,2309.975358304743,1432.154653349447,1029.3388414801782,4919.368483261138,15586.098016277547,4919.368483261138,1029.3388414801782,1432.154653349447,2309.975358304743
elefante,21084.999999991727,5272.401839384521,5272.401839384521,5556.180400412977,20643.512471647227,5556.180400412977,470.20001522119713,5337.33191934194,5337.33191934194,470.20001522119713,4012.96361742946,5575.578304858973,20604.73770187539,5575.578304858973,4012.96361742946,2731.617571176213,471.3029981240896,5334.59261774287,5334.59261774287,471.3029981240896,2731.617571176213,1604.7078895558882,3980.2596385594206,5584.576000292896,20600.792735960473,5584.576000292896,3980.2596385594206,1604.7078895558882,630.9266221358853,2735.3621543173067,479.0099771322978,5336.678262296749,5336.678262296749,479.0099771322978,2735.3621543173067,630.9266221358853,1758.9156303352158,1610.9099544684152,3998.225664568665,5576.999258934707,20608.62055612314,5576.999258934707,3998.225664568665,1610.9099544684152,1758.9156303352158
elefante,7915.999999996897,2224.156169414939,2224.156169414939,4676.104741559644,6974.752834464385,4676.104741559644,1375.0305841535294,2080.4424125622927,2080.4424125622927,1375.0305841535294,2108.097599071412,4637.114871065085,6897.265398673772,4637.114871065085,2108.097599071412,509.3521740849519,1424.0424832749745,2134.601814119618,2134.601814119618,1424.0424832749745,509.3521740849519,1051.3553344654808,2101.3830299007213,4617.727122048322,6966.150621243157,4617.727122048322,2101.3830299007213,1051.3553344654808,742.4898793890205,511.9794506687327,1407.434682030055,2113.0627919004714,2113.0627919004714,1407.434682030055,511.9794506687327,742.4898793890205,766.746282221908,1032.8662292238146,2109.253421439652,4623.143550582551,6932.837071484706,4623.143550582551,2109.253421439652,1032.8662292238146,766.746282221908
elefante,12733.999999995005,3345.0811465695074,3345.0811465695074,2331.454196749661,11496.37641722905,2331.454196749661,2258.8321280685846,3345.3854757265067,3345.3854757265067,2258.8321280685846,982.6715264728376,2382.340739615455,11567.911117276843,2382.340739615455,982.6715264728376,1097.7025954696435,2217.2543107320585,3358.7497588908946,3358.7497588908946,2217.2543107320585,1097.7025954696435,264.65402255418644,979.1378690702003,2408.9156257569166,11579.59287585841,2408.9156257569166,979.1378690702003,264.65402255418644,1228.3213707131538,1108.6941540830592,2199.2086529735493,3337.2628211099477,3337.2628211099477,2199.2086529735493,1108.6941540830592,1228.3213707131538,649.6304035450129,261.56795128812433,981.8818442679942,2406.58741939272,11570.702927653845,2406.58741939272,981.8818442679942,261.56795128812433,649.6304035450129
elefante,14441.999999994336,3002.3571670629203,3002.3571670629203,425.1794243672045,13537.791383214644,425.1794243672045,2119.82351889805,2927.1299246069516,2927.1299246069516,2119.82351889805,1079.4624512959238,556.2383638256581,13451.787773607568,556.2383638256581,1079.4624512959238,1335.8902212293058,2080.0617396557154,2908.549746541403,2908.549746541403,2080.0617396557154,1335.8902212293058,1328.742156828248,1067.9322343240246,520.5800046415691,13474.978805273782,520.5800046415691,1067.9322343240246,1328.742156828248,725.5607012471859,1334.0175009731765,2083.084323663078,2928.1471336916507,2928.1471336916507,2083.084323663078,1334.0175009731765,725.5607012471859,534.0465174806634,1307.0748847162852,1082.6079425599983,525.3060385513519,13469.505712474845,525.3060385513519,1082.6079425599983,1307.0748847162852,534.0465174806634
elefante,17086.9999999933,6703.339256172911,6703.339256172911,6305.4920818495775,16904.369614505842,6305.4920818495775,1797.8539994743312,6687.57793191595,6687.57793191595,1797.8539994743312,3055.8508715591433,6335.108728071661,16838.92688231095,6335.108728071661,3055.8508715591433,335.6765392503086,1862.5089673998236,6636.402708454011,6636.402708454011,1862.5089673998236,335.6765392503086,1695.9575057776149,3014.815903567285,6332.7096541813235,16807.992770087323,6332.7096541813235,3014.815903567285,1695.9575057776149,376.40940489889226,319.1499141758443,1859.9699945702926,6657.5634990473645,6657.5634990473645,1859.9699945702926,319.1499141758443,376.40940489889226,1031.1696238382972,1704.7147620249273,3027.5492969963116,6339.194342435044,16819.806643395394,6339.194342435044,3027.5492969963116,1704.7147620249273,1031.1696238382972
elefante,9733.999999996182,4928.89112318645,4928.89112318645,4416.528121323517,9052.743764168785,4416.528121323517,2199.837264480342,4680.518389740587,4680.518389740587,2199.837264480342,1068.8701126478836,4373.534136215153,9029.203973649412,4373.534136215153,1068.8701126478836,886.8791704270947,2115.9942599148603,4741.222484108531,4741.222484108531,2115.9942599148603,886.8791704270947,507.0527535077168,1052.109199404849,4351.709096264677,9061.66221554657,4351.709096264677,1052.109199404849,507.0527535077168,526.5084111946138,890.4312136495155,2145.8929940781463,4721.4617582531655,4721.4617582531655,2145.8929940781463,890.4312136495155,526.5084111946138,323.8102429153614,495.38246625613345,1061.912205076132,4354.130891508802,9057.736331142942,4354.130891508802,1061.912205076132,495.38246625613345,323.8102429153614
elefante,14741.999999994217,6448.798573208194,6448.798573208194,2827.5758278880867,13936.018140584103,2827.5758278880867,2002.614707060886,6381.45668105872,6381.45668105872,2002.614707060886,707.3934958193964,2925.6569313255986,13703.094975853448,2925.6569313255986,707.3934958193964,742.4139360307464,1985.7071891883368,6433.2017915410825,6433.2017915410825,1985.7071891883368,742.4139360307464,1181.5250937404094,688.3728368939879,2903.660272520365,13824.324610221498,2903.660272520365,688.3728368939879,1181.5250937404094,423.6568787586475,799.2223223156224,1986.262983413345,6419.739159471288,6419.739159471288,1986.262983413345,799.2223223156224,423.6568787586475,941.2568564794761,1181.7156364104706,712.6868991693838,2913.551252357695,13785.255901730223,2913.551252357695,712.6868991693838,1181.7156364104706,941.2568564794761
elefante,13818.99999999458,4139.286469151691,4139.286469151691,4873.1872303558785,13085.027210879221,4873.1872303558785,1327.4637528595567,4181.5618189221395,4181.5618189221395,1327.4637528595567,643.8018226449041,5068.0812439260435,12868.905193818513,5068.0812439260435,643.8018226449041,508.66598579132204,1325.3781637834693,4130.808976352151,4130.808976352151,1325.3781637834693,508.66598579132204,1514.2510907674664,602.997730385851,4992.308040897228,12975.4880470409,4992.308040897228,602.997730385851,1514.2510907674664,666.888092655689,483.120848873167,1334.1248194085117,4148.317772524081,4148.317772524081,1334.1248194085117,483.120848873167,666.888092655689,748.2384568697671,1492.9197542115705,631.3641384234522,5015.466395295241,12936.883097751343,5015.466395295241,631.3641384234522,1492.9197542115705,748.2384568697671
elefante,29623.999999988377,11963.681144891869,11963.681144891869,5896.282289482211,28347.442176859626,5896.282289482211,2047.7766747900243,11888.235457849356,11888.235457849356,2047.7766747900243,4031.225686373087,5943.241827323448,28389.77111387659,5943.241827323448,4031.225686373087,2471.295340093024,1999.0068165652217,11893.391390434259,11893.391390434259,1999.0068165652217,2471.295340093024,408.91242848213136,4046.603376948667,5922.179216120721,28363.496071846894,5922.179216120721,4046.603376948667,408.91242848213136,1512.3053495190563,2482.8422474679605,2011.6684116221747,11909.36308541435,11909.36308541435,2011.6684116221747,2482.8422474679605,1512.3053495190563,575.9134086313863,408.16326965708333,4034.4930618196386,5920.058108322743,28361.143379549132,5920.058108322743,4034.4930618196386,408.16326965708333,575.9134086313863
elefante,14313.999999994385,8503.101760453503,8503.101760453503,4537.014364157048,13189.233560085528,4537.014364157048,1610.1082068465175,8420.397346379174,8420.397346379174,1610.1082068465175,2090.2177022395344,4560.664637193647,13176.066299530517,4560.664637193647,2090.2177022395344,1436.9029607746754,1557.5508598870413,8415.797063034377,8415.797063034377,1557.5508598870413,1436.9029607746754,535.5193243183701,2129.5512266288133,4576.618887954423,13172.85424196294,4576.618887954423,2129.5512266288133,535.5193243183701,537.6498839535686,1415.2630017481615,1581.726799806203,8423.50447208147,8423.50447208147,1581.726799806203,1415.2630017481615,537.6498839535686,717.1780629845321,525.0169228838994,2116.6968446610613,4547.896378640878,13193.547188437755,4547.896378640878,2116.6968446610613,525.0169228838994,717.1780629845321
elefante,48276.99999998105,2070.036966217272,2070.036966217272,5660.883848475435,46897.37641721516,5660.883848475435,1317.58914739204,2072.6998778633247,2072.6998778633247,1317.58914739204,4805.144920985675,5665.9400635905,46904.4331374089,5665.9400635905,4805.144920985675,3508.4976724871804,1314.4060827618398,2075.7136358375237,2075.7136358375237,1314.4060827618398,3508.4976724871804,2255.92512004164,4805.81573412394,5668.8510464806195,46909.79679472062,5668.8510464806195,4805.81573412394,2255.92512004164,1422.9743330827648,3509.527322677653,1313.1742931401739,2077.7181474279014,2077.7181474279014,1313.1742931401739,3509.527322677653,1422.9743330827648,1671.1747824192958,2259.7078221051033,4806.114564638791,5670.724445570374,46913.410973790196,5670.724445570374,4806.114564638791,2259.7078221051033,1671.1747824192958
elefante,11533.999999995476,5421.263348757955,5421.263348757955,4775.352628631659,10890.009070290515,4775.352628631659,2896.7208198505073,5198.277084877957,5198.277084877957,2896.7208198505073,785.3644402030209,4732.801631774151,10864.701466977089,4732.801631774151,785.3644402030209,1749.6478357637043,2855.0705622550745,5232.017487935875,5232.017487935875,2855.0705622550745,1749.6478357637043,1393.5209684382469,784.2862508938298,4764.018333280847,10849.299908219413,4764.018333280847,784.2862508938298,1393.5209684382469,434.16480864754607,1731.4328336297276,2877.931789543701,5217.281464433838,5217.281464433838,2877.931789543701,1731.4328336297276,434.16480864754607,138.7141135838816,1385.4988648734582,786.5439447796133,4747.972508838797,10866.291144298786,4747.972508838797,786.5439447796133,1385.4988648734582,138.7141135838816
elefante,5728.999999997754,1474.0507140139932,1474.0507140139932,884.4730843809414,4399.480725621857,884.4730843809414,161.69299328050704,1496.767063938576,1496.767063938576,161.69299328050704,757.4480816732641,857.8255364841613,4454.948447404426,857.8255364841613,757.4480816732641,913.2672913486757,155.5971060239825,1505.8668888603504,1505.8668888603504,155.5971060239825,913.2672913486757,445.8220787081882,735.8676907244535,856.8885057045682,4472.904496996542,856.8885057045682,735.8676907244535,445.8220787081882,484.44801003210586,890.5714096166188,146.85830761810263,1502.3972391485536,1502.3972391485536,146.85830761810263,890.5714096166188,484.44801003210586,268.9550530336516,438.21206786692545,725.1008038129526,862.9852092567629,4466.814236261272,862.9852092567629,725.1008038129526,438.21206786692545,268.9550530336516
elefante,12509.999999995092,6656.228922600585,6656.228922600585,6520.177300695411,11908.013605437505,6520.177300695411,4309.063109454918,6488.975086641953,6488.975086641953,4309.063109454918,716.0503512236347,6522.459227325706,11881.705493076926,6522.459227325706,716.0503512236347,1561.356973592117,4243.879045430723,6516.774516656223,6516.774516656223,4243.879045430723,1561.356973592117,1655.0176401227395,710.2051285633122,6534.4900587919,11881.259986954527,6534.4900587919,710.2051285633122,1655.0176401227395,761.8286088094305,1533.1418170334423,4278.659613881497,6499.736268918742,6499.736268918742,4278.659613881497,1533.1418170334423,761.8286088094305,804.2934756651869,1659.363106936453,720.1676104713368,6520.524926623296,11887.969256732727,6520.524926623296,720.1676104713368,1659.363106936453,804.2934756651869
elefante,12564.99999999507,5174.192334291744,5174.192334291744,2635.719601506115,11318.324263034108,2635.719601506115,2046.6257781531187,5181.472653514148,5181.472653514148,2046.6257781531187,1103.7177959868827,2618.6705353962407,11350.619818898165,2618.6705353962407,1103.7177959868827,1044.306989967018,2097.412495685127,5123.8735531604525,5123.8735531604525,2097.412495685127,1044.306989967018,2464.3612482326753,1092.872032424374,2608.6960856242786,11375.055750284162,2608.6960856242786,1092.872032424374,2464.3612482326753,1878.884599402425,1056.5326602113412,2082.9647827588433,5133.403869026744,5133.403869026744,2082.9647827588433,1056.5326602113412,1878.884599402425,1141.504972398708,2440.2558737695026,1107.567283727035,2592.402646878429,11379.897109295025,2592.402646878429,1107.567283727035,2440.2558737695026,1141.504972398708
elefante,20398.999999991996,15233.894165228032,15233.894165228032,5452.488739931909,20185.12244897167,5452.488739931909,1715.4744502927326,15262.784396392975,15262.784396392975,1715.4744502927326,3341.1643987864113,5555.799808247481,20139.2508214091,5555.799808247481,3341.1643987864113,2479.966492489021,1687.0053414403342,15247.342525369782,15247.342525369782,1687.0053414403342,2479.966492489021,2115.005644227209,3390.3199930355977,5513.183122632374,20161.351189921734,5513.183122632374,3390.3199930355977,2115.005644227209,1228.8405506032695,2475.977463415188,1663.8299357852113,15260.19979922594,15260.19979922594,1663.8299357852113,2475.977463415188,1228.8405506032695,768.0075192614819,2096.4927742710524,3374.4662753490343,5515.300232636317,20135.541435641597,5515.300232636317,3374.4662753490343,2096.4927742710524,768.0075192614819
elefante,26246.9999999897,7188.389016550442,7188.389016550442,808.7063543208808,25749.25850339126,808.7063543208808,658.3538573944522,7003.488197824522,7003.488197824522,658.3538573944522,3342.0737139673715,837.6571211256825,25676.54750334501,837.6571211256825,3342.0737139673715,4115.767458985743,642.3411998428198,7037.962645905493,7037.962645905493,642.3411998428198,4115.767458985743,1654.361338729159,3374.8465946467027,868.0794156273106,25676.56483382449,868.0794156273106,3374.8465946467027,1654.361338729159,1195.5572623312548,4100.610213641412,654.0856389261463,7032.118046225368,7032.118046225368,654.0856389261463,4100.610213641412,1195.5572623312548,1571.9233331650046,1676.376060785458,3359.5420425791017,855.700828344877,25679.50525248989,855.700828344877,3359.5420425791017,1676.376060785458,1571.9233331650046
elefante,4425.999999998265,3759.6557875079425,3759.6557875079425,2333.114323003006,4425.999999998265,2333.114323003006,1527.7422530188662,3759.6557875079425,3759.6557875079425,1527.7422530188662,1578.744349809436,2333.114323003006,4425.999999998265,2333.114323003006,1578.744349809436,1536.2287616064295,1527.7422530188662,3759.6557875079425,3759.6557875079425,1527.7422530188662,1536.2287616064295,1438.8281650411616,1578.744349809436,2333.114323003006,4425.999999998265,2333.114323003006,1578.744349809436,1438.8281650411616,1199.466766352311,1536.2287616064295,1527.7422530188662,3759.6557875079425,3759.6557875079425,1527.7422530188662,1536.2287616064295,1199.466766352311,987.4920702374061,1438.8281650411616,1578.744349809436,2333.114323003006,4425.999999998265,2333.114323003006,1578.744349809436,1438.8281650411616,987.4920702374061
elefante,12821.999999994969,4651.723264784884,4651.723264784884,524.1017878317876,11440.222222217733,524.1017878317876,1123.46233807116,4652.377462482615,4652.377462482615,1123.46233807116,988.6705443645794,519.5525008428324,11443.843491133463,519.5525008428324,988.6705443645794,471.96913586081666,1123.5879418038082,4652.878716827886,4652.878716827886,1123.5879418038082,471.96913586081666,233.64080084570233,992.2438896690132,518.2391566607819,11445.008405330758,518.2391566607819,992.2438896690132,233.64080084570233,1054.5956813667804,475.28451962793997,1122.9975837053003,4653.038113045419,4653.038113045419,1122.9975837053003,475.28451962793997,1054.5956813667804,1445.0910902565915,233.30859776101912,990.9371817257938,518.8777972744919,11445.011792151483,518.8777972744919,990.9371817257938,233.30859776101912,1445.0910902565915
elefante,17178.999999993262,5898.706072671184,5898.706072671184,1381.4796547090093,16166.582766433567,1381.4796547090093,880.8692654727696,5642.034884166907,5642.034884166907,880.8692654727696,1496.8025187492094,1418.6095484124576,16285.357844718801,1418.6095484124576,1496.8025187492094,598.445346503345,934.6687273055711,5636.624938682637,5636.624938682637,934.6687273055711,598.445346503345,355.8743377605386,1476.364411081288,1369.2027970834108,16251.958644631406,1369.2027970834108,1476.364411081288,355.8743377605386,558.1934987090827,600.1409677553668,916.3498107053658,5664.197969892694,5664.197969892694,916.3498107053658,600.1409677553668,558.1934987090827,533.363614571473,374.9981926033109,1476.196290048672,1400.8871817054808,16251.876068207603,1400.8871817054808,1476.196290048672,374.9981926033109,533.363614571473
elefante,3608.999999998585,3512.904385481473,3512.904385481473,3236.152217988898,3608.999999998585,3236.152217988898,2811.567781307808,3512.904385481473,3512.904385481473,2811.567781307808,2288.2480028322952,3236.152217988898,3608.999999998585,3236.152217988898,2288.2480028322952,1724.2279381600588,2811.567781307808,3512.904385481473,3512.904385481473,2811.567781307808,1724.2279381600588,1178.24747493258,2288.2480028322952,3236.152217988898,3608.999999998585,3236.152217988898,2288.2480028322952,1178.24747493258,702.6534643575142,1724.2279381600588,2811.567781307808,3512.904385481473,3512.904385481473,2811.567781307808,1724.2279381600588,702.6534643575142,342.3626895049459,1178.24747493258,2288.2480028322952,3236.152217988898,3608.999999998585,3236.152217988898,2288.2480028322952,1178.24747493258,342.3626895049459
elefante,26470.99999998961,4881.570726417705,4881.570726417705,3890.8218764931416,25814.17006801708,3890.8218764931416,9196.862852130062,4713.820893328044,4713.820893328044,9196.862852130062,4236.245498503114,3814.0833314392044,25852.701143032107,3814.0833314392044,4236.245498503114,4244.216238515513,9109.076343008803,4763.673964640095,4763.673964640095,9109.076343008803,4244.216238515513,1322.850763036827,4220.007972877297,3858.1788463252733,25817.330250812334,3858.1788463252733,4220.007972877297,1322.850763036827,1090.8834642253453,4251.753306926487,9147.62999045194,4743.8642946509735,4743.8642946509735,9147.62999045194,4251.753306926487,1090.8834642253453,1872.9784356627295,1283.2361353893948,4214.520704392031,3850.966529292469,25814.782118694715,3850.966529292469,4214.520704392031,1283.2361353893948,1872.9784356627295
elefante,12640.999999995041,4435.237525438908,4435.237525438908,3162.4137817915353,11440.011337863993,3162.4137817915353,912.3407861318809,4336.539736691275,4336.539736691275,912.3407861318809,1170.517871385059,3110.7132298337765,11521.974902428108,3110.7132298337765,1170.517871385059,1004.6870041564756,881.5975318218217,4334.313649985974,4334.313649985974,881.5975318218217,1004.6870041564756,1420.3897900966049,1138.469032908009,3120.183359981169,11508.413061197123,3120.183359981169,1138.469032908009,1420.3897900966049,198.52015768819516,1024.8024812812544,888.9843916143128,4345.002498360899,4345.002498360899,888.9843916143128,1024.8024812812544,198.52015768819516,1037.1946555019465,1433.4884305202693,1131.2270071234575,3124.4801652783635,11508.54042768917,3124.4801652783635,1131.2270071234575,1433.4884305202693,1037.1946555019465
elefante,16606.99999999348,5510.447705060403,5510.447705060403,2173.4952497747213,15442.0839002207,2173.4952497747213,2620.8899219713626,5489.845037493284,5489.845037493284,2620.8899219713626,890.7564728735794,2143.988318408678,15526.327317315398,2143.988318408678,890.7564728735794,941.3609740205708,2577.2006932993863,5468.62502424878,5468.62502424878,2577.2006932993863,941.3609740205708,532.7984924444978,915.6715372434467,2187.138820345908,15474.841776725327,2187.138820345908,915.6715372434467,532.7984924444978,502.66154790382546,949.9499534741167,2568.8077799058688,5465.326479518694,5465.326479518694,2568.8077799058688,949.9499534741167,502.66154790382546,725.9301312227697,527.1315397509118,903.2975302507624,2179.177276229947,15477.083041003069,2179.177276229947,903.2975302507624,527.1315397509118,725.9301312227697
elefante,11988.999999995296,8387.085473947915,8387.085473947915,5073.129845705873,11239.625850335726,5073.129845705873,4378.7011720143355,8337.027430431413,8337.027430431413,4378.7011720143355,3000.521603856899,4975.385995399927,11410.773581990681,4975.385995399927,3000.521603856899,2415.768294157682,4363.254942196947,8360.509304450012,8360.509304450012,4363.254942196947,2415.768294157682,1334.832431370148,2989.4110037390296,5042.215056528366,11339.217374359492,5042.215056528366,2989.4110037390296,1334.832431370148,1721.7436190531273,2384.053687060714,4383.506476604919,8314.207519832453,8314.207519832453,4383.506476604919,2384.053687060714,1721.7436190531273,531.518875382726,1338.1241009196187,3001.3629616705475,5027.665194911139,11359.501967709004,5027.665194911139,3001.3629616705475,1338.1241009196187,531.518875382726
elefante,49206.99999998069,3193.778389432775,3193.778389432775,4393.996569333639,49206.63718818931,4393.996569333639,4264.515455121916,3193.4289498759763,3193.4289498759763,4264.515455121916,10254.686067529969,4394.15960768808,49205.96197570069,4394.15960768808,10254.686067529969,2101.4891843845458,4264.282656488923,3192.9071852603165,3192.9071852603165,4264.282656488923,2101.4891843845458,958.031655798182,10254.005147297343,4394.357136949297,49205.0658980525,4394.357136949297,10254.005147297343,958.031655798182,1842.1741353907391,2100.4537481468424,4264.006342832888,3192.2912754399545,3192.2912754399545,4264.006342832888,2100.4537481468424,1842.1741353907391,2183.21654741635,958.2321758727104,10253.23728913686,4394.5455596712445,49204.065042141025,4394.5455596712445,10253.23728913686,958.2321758727104,2183.21654741635
elefante,25988.999999989806,7067.232760757785,7067.232760757785,3503.0169547896244,24936.73242629407,3503.0169547896244,2130.204913863796,6998.571407788925,6998.571407788925,2130.204913863796,1410.7473313433784,3515.000353717983,24887.293242003594,3515.000353717983,1410.7473313433784,1614.288181695308,2154.545549269298,7059.592515383994,7059.592515383994,2154.545549269298,1614.288181695308,934.1791702324043,1416.13020624757,3533.5514847794348,24834.698889298776,3533.5514847794348,1416.13020624757,934.1791702324043,388.2373669316143,1618.2162822255311,2143.755754858512,7055.174305184075,7055.174305184075,2143.755754858512,1618.2162822255311,388.2373669316143,818.062068973057,953.7255845272955,1419.292002645707,3517.88122062706,24896.140522213638,3517.88122062706,1419.292002645707,953.7255845272955,818.062068973057
elefante,8780.999999996557,3873.5511361372382,3873.5511361372382,3124.7013524657964,8436.954648522767,3124.7013524657964,1889.4142546594592,3824.7939554366785,3824.7939554366785,1889.4142546594592,1672.9058380994904,3203.3909813487894,8289.940904249606,3203.3909813487894,1672.9058380994904,386.5198460482399,1861.2147387143175,3795.354990470735,3795.354990470735,1861.2147387143175,386.5198460482399,1135.9843317281986,1702.000949885062,3155.6345462113345,8338.41214267717,3155.6345462113345,1702.000949885062,1135.9843317281986,932.6068668808416,369.23856054362636,1857.1935568879755,3801.636042579528,3801.636042579528,1857.1935568879755,369.23856054362636,932.6068668808416,1101.50797549739,1140.2995265203942,1682.2323275008712,3170.091512639001,8331.317655368457,3170.091512639001,1682.2323275008712,1140.2995265203942,1101.50797549739
elefante,15236.999999994023,7086.947390142756,7086.947390142756,1515.6626502728743,13908.61904761359,1515.6626502728743,627.6915281149301,7112.715435314615,7112.715435314615,627.6915281149301,1024.5014825366675,1493.4567014023762,13908.434494880934,1493.4567014023762,1024.5014825366675,874.4046304478778,636.9749853674494,7103.092586089423,7103.092586089423,636.9749853674494,874.4046304478778,803.6887448307934,1031.382251116793,1492.192283982469,13919.594972477906,1492.192283982469,1031.382251116793,803.6887448307934,944.4108236335558,885.0160681856008,633.9348507198298,7110.183689032354,7110.183689032354,633.9348507198298,885.0160681856008,944.4108236335558,804.6748329201664,815.7604039172211,1027.4468561164913,1499.9896760071229,13912.192072564614,1499.9896760071229,1027.4468561164913,815.7604039172211,804.6748329201664
elefante,6159.9999999975835,4937.996405415628,4937.996405415628,2891.438576597991,6159.9999999975835,2891.438576597991,2319.383457599567,4937.996405415628,4937.996405415628,2319.383457599567,1610.1278675036076,2891.438576597991,6159.9999999975835,2891.438576597991,1610.1278675036076,621.8634243546364,2319.383457599567,4937.996405415628,4937.996405415628,2319.383457599567,621.8634243546364,292.17920396346744,1610.1278675036076,2891.438576597991,6159.9999999975835,2891.438576597991,1610.1278675036076,292.17920396346744,712.145149782964,621.8634243546364,2319.383457599567,4937.996405415628,4937.996405415628,2319.383457599567,621.8634243546364,712.145149782964,1054.5938044384766,292.17920396346744,1610.1278675036076,2891.438576597991,6159.9999999975835,2891.438576597991,1610.1278675036076,292.17920396346744,1054.5938044384766
elefante,27249.999999989304,13533.606986011691,13533.606986011691,2768.4593342818252,25958.131519264192,2768.4593342818252,5821.471696608436,13498.828633874524,13498.828633874524,5821.471696608436,2839.983610032898,2749.969036743902,26007.68337265859,2749.969036743902,2839.983610032898,880.685577839173,5816.5623319999295,13483.673019561176,13483.673019561176,5816.5623319999295,880.685577839173,3531.9031682525238,2828.7970604663824,2748.4365070140243,26007.266951423913,2748.4365070140243,2828.7970604663824,3531.9031682525238,1985.1951589441494,879.114143338496,5810.8171148587035,13495.53732294895,13495.53732294895,5810.8171148587035,879.114143338496,1985.1951589441494,596.6687969231929,3527.261860955767,2843.2004316952516,2745.7140073894457,25998.570829567907,2745.7140073894457,2843.2004316952516,3527.261860955767,596.6687969231929
elefante,53464.999999979016,5715.642180273502,5715.642180273502,2762.2201858789936,53323.653061203564,2762.2201858789936,4356.023488579381,5591.495309912224,5591.495309912224,4356.023488579381,8914.96227074877,2705.336524758941,53200.23908246019,2705.336524758941,8914.96227074877,2050.900202549961,4351.908155980274,5534.147366102006,5534.147366102006,4351.908155980274,2050.900202549961,2406.1392461750943,8947.045878387635,2691.6215479798125,53184.215646283104,2691.6215479798125,8947.045878387635,2406.1392461750943,591.1432832264398,2068.865152434549,4347.52552856141,5547.402372837166,5547.402372837166,4347.52552856141,2068.865152434549,591.1432832264398,2757.0167140668927,2415.9940220886574,8926.040642328902,2701.4401093220918,53212.32987752047,2701.4401093220918,8926.040642328902,2415.9940220886574,2757.0167140668927
elefante,32193.99999998737,7178.292534964983,7178.292534964983,6315.983055761603,31415.1609977201,6315.983055761603,4006.719526478264,7002.650803787739,7002.650803787739,4006.719526478264,2502.3194382540837,6227.454267877509,31401.540623493318,6227.454267877509,2502.3194382540837,539.7296574789478,3972.964055963044,7073.002890566188,7073.002890566188,3972.964055963044,539.7296574789478,1022.2455488113854,2502.671923930893,6242.5290138471155,31424.70610259898,6242.5290138471155,2502.671923930893,1022.2455488113854,1698.7944006529183,528.9186105730269,3992.797350656218,7039.413226845469,7039.413226845469,3992.797350656218,528.9186105730269,1698.7944006529183,594.4324068491417,1009.9609168394653,2486.6206839969086,6243.042877307502,31400.938728196856,6243.042877307502,2486.6206839969086,1009.9609168394653,594.4324068491417
elefante,11623.999999995442,3818.2329371306564,3818.2329371306564,2485.523381961825,11616.145124711997,2485.523381961825,2962.95787047305,3824.083075010216,3824.083075010216,2962.95787047305,2100.03123348609,2480.2592239679852,11613.207213039394,2480.2592239679852,2100.03123348609,741.8749528994828,2967.666038894919,3823.086523777151,3823.086523777151,2967.666038894919,741.8749528994828,979.5942189170198,2102.7674393073867,2483.267595689479,11617.10739465073,2483.267595689479,2102.7674393073867,979.5942189170198,2160.4339430702407,742.0720719723681,2963.330368760213,3819.817465467286,3819.817465467286,2963.330368760213,742.0720719723681,2160.4339430702407,1523.980841635655,981.3788387135322,2098.7638890830117,2485.4359434005974,11617.849520963182,2485.4359434005974,2098.7638890830117,981.3788387135322,1523.980841635655
elefante,21790.99999999145,4351.530362535601,4351.530362535601,7375.266705861436,21745.71655327945,7375.266705861436,96.43905076153668,4330.258950417862,4330.258950417862,96.43905076153668,2928.175411406794,7337.577760491709,21706.280670082648,7337.577760491709,2928.175411406794,905.629131943195,117.45657736102821,4318.701439561395,4318.701439561395,117.45657736102821,905.629131943195,1289.2635485016642,2912.8988159934224,7328.138348053778,21699.449843607475,7328.138348053778,2912.8988159934224,1289.2635485016642,1390.671980499077,894.2618111382857,120.11848542126089,4316.509078714097,4316.509078714097,120.11848542126089,894.2618111382857,1390.671980499077,3097.503924630115,1287.7979304183325,2914.761915879428,7330.895480110919,21707.510446770233,7330.895480110919,2914.761915879428,1287.7979304183325,3097.503924630115
elefante,5016.999999998032,2921.7040114340784,2921.7040114340784,2419.441637171819,4426.070294782845,2419.441637171819,1366.1165866781728,2790.0332189471173,2790.0332189471173,1366.1165866781728,598.4716873950942,2361.777007802139,4478.024881606216,2361.777007802139,598.4716873950942,224.58897894877387,1358.4906156695304,2846.6324738389017,2846.6324738389017,1358.4906156695304,224.58897894877387,456.4864681329729,532.4145163186366,2405.0316839697216,4441.848085409512,2405.0316839697216,532.4145163186366,456.4864681329729,572.3348371022408,215.04471305494496,1389.6165560273228,2817.5026753350485,2817.5026753350485,1389.6165560273228,215.04471305494496,572.3348371022408,589.3621446017597,461.7258148035761,559.4432993899653,2377.419507429145,4476.759949408378,2377.419507429145,559.4432993899653,461.7258148035761,589.3621446017597
elefante,15569.999999993892,5147.402803219115,5147.402803219115,756.7782606562637,14272.458049881025,756.7782606562637,1396.0454025492843,5083.720170776878,5083.720170776878,1396.0454025492843,781.210391446438,832.6264112122681,14351.478766557684,832.6264112122681,781.210391446438,1629.2286340488681,1363.069277600856,5060.298520710429,5060.298520710429,1363.069277600856,1629.2286340488681,1061.7021904084293,781.7627576203042,855.2696192250132,14378.021107116601,855.2696192250132,781.7627576203042,1061.7021904084293,1411.9427165813256,1652.720215199004,1372.5886207019093,5069.01790833451,5069.01790833451,1372.5886207019093,1652.720215199004,1411.9427165813256,820.3984699363045,1058.5023871757635,784.809076654624,853.6552658888378,14379.943445841496,853.6552658888378,784.809076654624,1058.5023871757635,820.3984699363045
elefante,16633.999999993473,9882.922599789046,9882.922599789046,5967.775603278835,15606.725623576645,5967.775603278835,3366.6235038266304,9705.703529819437,9705.703529819437,3366.6235038266304,4059.744284815626,5964.448048050969,15653.33959614978,5964.448048050969,4059.744284815626,2470.6780478785026,3351.969821720517,9749.524039386428,9749.524039386428,3351.969821720517,2470.6780478785026,2079.3716976836836,4043.1555332143785,5940.80341229586,15653.041682105146,5940.80341229586,4043.1555332143785,2079.3716976836836,1181.2922438984608,2465.7037230548694,3376.368158454991,9735.847234948187,9735.847234948187,3376.368158454991,2465.7037230548694,1181.2922438984608,1030.324807589612,2050.0334117322714,4051.62705640318,5951.5246100754275,15650.557684009833,5951.5246100754275,4051.62705640318,2050.0334117322714,1030.324807589612
elefante,15940.999999993746,7577.560115568932,7577.560115568932,1699.5991251219884,15758.129251694496,1699.5991251219884,1554.5301232822362,7468.027393877314,7468.027393877314,1554.5301232822362,2723.6275572341183,1657.9293916174586,15697.172397297436,1657.9293916174586,2723.6275572341183,360.18274090904225,1500.3030761802672,7452.8245951001345,7452.8245951001345,1500.3030761802672,360.18274090904225,147.83151167262244,2710.5561025457323,1653.3398301714612,15706.09843197259,1653.3398301714612,2710.5561025457323,147.83151167262244,517.8793524144089,369.8624177285877,1531.472644812024,7457.4571466449215,7457.4571466449215,1531.472644812024,369.8624177285877,517.8793524144089,1046.618811179747,156.85985262017144,2714.2017507170804,1655.3509047249786,15718.980839163842,1655.3509047249786,2714.2017507170804,156.85985262017144,1046.618811179747
elefante,12244.999999995196,6457.819482388447,6457.819482388447,2533.032197634081,11887.263038544092,2533.032197634081,775.5642006616,6296.555012870826,6296.555012870826,775.5642006616,1841.5316784465708,2624.8658465607155,11816.218041860639,2624.8658465607155,1841.5316784465708,461.71211911266425,773.0506799921782,6309.4618870456825,6309.4618870456825,773.0506799921782,461.71211911266425,1187.3367991404848,1843.236504399165,2579.046576620335,11843.965326152522,2579.046576620335,1843.236504399165,1187.3367991404848,274.5511937903237,482.0807186124899,762.050396307569,6314.567778919609,6314.567778919609,762.050396307569,482.0807186124899,274.5511937903237,725.3247607056808,1166.9016163894298,1850.5926903964546,2611.0703038848346,11829.860758916446,2611.0703038848346,1850.5926903964546,1166.9016163894298,725.3247607056808
elefante,30982.999999987842,7171.364391385948,7171.364391385948,4018.1377447546865,29737.027210872686,4018.1377447546865,2986.894964560924,7071.82396614806,7071.82396614806,2986.894964560924,3256.7595747245655,4015.9977239667496,29835.887593120784,4015.9977239667496,3256.7595747245655,1882.7366720988848,2992.076179078803,7042.365797165303,7042.365797165303,2992.076179078803,1882.7366720988848,423.458648512317,3267.1071264432057,4002.1771741715893,29839.492912451944,4002.1771741715893,3267.1071264432057,423.458648512317,212.73823547379942,1906.4484601156194,2965.7481294807067,7079.594702399041,7079.594702399041,2965.7481294807067,1906.4484601156194,212.73823547379942,1447.5985134033585,417.94794652672954,3271.1800908619884,3999.5081365723177,29822.312079227166,3999.5081365723177,3271.1800908619884,417.94794652672954,1447.5985134033585
elefante,32680.99999998718,4132.532935881863,4132.532935881863,2920.8889505168577,32202.18367345675,2920.8889505168577,3686.8055824064886,4254.4766887436435,4254.4766887436435,3686.8055824064886,5203.460448971837,2935.0889232246077,32027.994184509313,2935.0889232246077,5203.460448971837,736.2362730825827,3630.637300882789,4189.954326177877,4189.954326177877,3630.637300882789,736.2362730825827,1008.4255419278244,5233.265452796104,2894.6170532914425,32066.08276480081,2894.6170532914425,5233.265452796104,1008.4255419278244,712.3663070601349,775.4168212182494,3638.3537570992116,4208.100760200638,4208.100760200638,3638.3537570992116,775.4168212182494,712.3663070601349,1268.8156346316043,1006.4144248772699,5229.9489866340855,2920.0708354170683,32074.371503330218,2920.0708354170683,5229.9489866340855,1006.4144248772699,1268.8156346316043
elefante,25027.99999999018,3651.330553832564,3651.330553832564,9992.402925626833,23642.74376416306,9992.402925626833,1171.1115987535659,3651.2362392631167,3651.2362392631167,1171.1115987535659,1565.0364970036906,9992.494611531023,23643.123945260442,9992.494611531023,1565.0364970036906,755.3902949754455,1170.9460660709747,3651.0904558189845,3651.0904558189845,1170.9460660709747,755.3902949754455,2573.815589650859,1564.6277743237479,9992.619667914203,23643.71348319699,9992.619667914203,1564.6277743237479,2573.815589650859,945.4274290321847,755.194624305874,1170.73954680255,3650.908865602868,3650.908865602868,1170.73954680255,755.194624305874,945.4274290321847,1837.7492288699739,2574.0751810093766,1564.020549500403,9992.764816379333,23644.53341024169,9992.764816379333,1564.020549500403,2574.0751810093766,1837.7492288699739
elefante,12805.999999994976,10787.052868247747,10787.052868247747,6747.623118806737,12805.999999994976,6747.623118806737,4858.144620088735,10787.052868247747,10787.052868247747,4858.144620088735,4266.646997900963,6747.623118806737,12805.999999994976,6747.623118806737,4266.646997900963,2539.6158064217893,4858.144620088735,10787.052868247747,10787.052868247747,4858.144620088735,2539.6158064217893,1829.5474738800394,4266.646997900963,6747.623118806737,12805.999999994976,6747.623118806737,4266.646997900963,1829.5474738800394,2075.2452888906937,2539.6158064217893,4858.144620088735,10787.052868247747,10787.052868247747,4858.144620088735,2539.6158064217893,2075.2452888906937,1216.2121485126097,1829.5474738800394,4266.646997900963,6747.623118806737,12805.999999994976,6747.623118806737,4266.646997900963,1829.5474738800394,1216.2121485126097
elefante,15901.999999993763,6664.111832879559,6664.111832879559,2472.4873959020897,15408.299319721847,2472.4873959020897,893.9455556552548,6583.488940326391,6583.488940326391,893.9455556552548,2547.825175365801,2412.7674299076693,15439.851327372968,2412.7674299076693,2547.825175365801,895.430784948509,948.5266221968891,6544.464473865155,6544.464473865155,948.5266221968891,895.430784948509,1280.018730533336,2542.0364338745626,2445.169244174109,15351.673298824877,2445.169244174109,2542.0364338745626,1280.018730533336,1749.017585227807,895.019332117907,911.9771443239523,6551.903288152884,6551.903288152884,911.9771443239523,895.019332117907,1749.017585227807,1416.5902432232103,1252.6318381781439,2537.9125904647585,2421.023917483165,15423.27144710748,2421.023917483165,2537.9125904647585,1252.6318381781439,1416.5902432232103
elefante,17367.99999999319,5889.386761412121,5889.386761412121,1780.1575267544483,17302.136054414983,1780.1575267544483,3209.474343605429,5878.859218008006,5878.859218008006,3209.474343605429,2378.9281385960535,1739.2083595200156,17236.773504860037,1739.2083595200156,2378.9281385960535,3429.830985756909,3242.1021051953862,5871.099138823622,5871.099138823622,3242.1021051953862,3429.830985756909,846.5948844639092,2356.9263461322553,1731.4238412351147,17214.346741662957,1731.4238412351147,2356.9263461322553,846.5948844639092,3384.4165323811576,3438.340289424871,3238.84595906153,5867.8794208851095,5867.8794208851095,3238.84595906153,3438.340289424871,3384.4165323811576,2604.3223934510293,823.2633045657979,2348.845290804978,1737.6920126365992,17218.65333715938,1737.6920126365992,2348.845290804978,823.2633045657979,2604.3223934510293
elefante,23036.999999990963,5105.974865678326,5105.974865678326,4586.415940480323,21959.376417224947,4586.415940480323,1000.5620856878451,5083.984584039356,5083.984584039356,1000.5620856878451,1416.4613947866642,4516.526959859035,22031.338161559837,4516.526959859035,1416.4613947866642,731.2695824238657,1024.6650789226035,5082.024787898626,5082.024787898626,1024.6650789226035,731.2695824238657,1329.481359511516,1426.8593310714805,4544.177560508992,21949.962557875988,4544.177560508992,1426.8593310714805,1329.481359511516,1336.2078418415977,740.7904668505621,999.0020800699098,5090.627713948118,5090.627713948118,999.0020800699098,740.7904668505621,1336.2078418415977,449.8498571363004,1312.0582780364198,1461.0371245757701,4542.345815159956,21966.7441916328,4542.345815159956,1461.0371245757701,1312.0582780364198,449.8498571363004
elefante,22082.999999991338,3847.894051453569,3847.894051453569,1345.2850756009823,20944.011337860265,1345.2850756009823,1807.252087945615,3773.9257805385473,3773.9257805385473,1807.252087945615,3176.003960478389,1434.45228301442,20887.172273890028,1434.45228301442,3176.003960478389,503.92417498179765,1823.7103490640372,3801.3413340053457,3801.3413340053457,1823.7103490640372,503.92417498179765,1714.8136092389275,3161.184385580335,1392.3761144185817,20918.22581655869,1392.3761144185817,3161.184385580335,1714.8136092389275,612.3974203410901,506.00207000437325,1808.046081118715,3786.405145255959,3786.405145255959,1808.046081118715,506.00207000437325,612.3974203410901,921.5508110050127,1733.9190269875342,3173.075845465372,1416.7783550017348,20899.722633847774,1416.7783550017348,3173.075845465372,1733.9190269875342,921.5508110050127
elefante,22169.9999999913,5462.900782882531,5462.900782882531,4699.267568531016,20785.936507928353,4699.267568531016,3566.9370100787974,5461.336223873645,5461.336223873645,3566.9370100787974,2310.514669169861,4699.084543826122,20787.501164630034,4699.084543826122,2310.514669169861,880.3388306336458,3565.3322283879997,5460.386831209475,5460.386831209475,3565.3322283879997,880.3388306336458,916.2489296452859,2311.4174243850516,4699.035260507987,20788.155840431453,4699.035260507987,2311.4174243850516,916.2489296452859,970.8830028523407,878.8359058860142,3565.2275029890584,5460.682218257421,5460.682218257421,3565.2275029890584,878.8359058860142,970.8830028523407,649.2054586515702,917.7791146339274,2310.6569427516447,4699.112391678404,20788.02349868964,4699.112391678404,2310.6569427516447,917.7791146339274,649.2054586515702
elefante,21594.999999991527,9665.115538282698,9665.115538282698,4993.351982931766,21580.365079356612,4993.351982931766,2427.077633065216,9661.763738625994,9661.763738625994,2427.077633065216,3455.7168304418874,5000.219851034045,21573.571212603565,5000.219851034045,3455.7168304418874,1391.7250500649861,2421.423634910919,9658.084608952748,9658.084608952748,2421.423634910919,1391.7250500649861,2084.5053108678335,3444.9501174572906,4999.790761098665,21569.830297446635,4999.790761098665,3444.9501174572906,2084.5053108678335,232.21073764639496,1386.248118673293,2423.1123574468365,9657.766795412856,9657.766795412856,2423.1123574468365,1386.248118673293,232.21073764639496,757.9476572944881,2080.426278218691,3444.7255443524555,5000.218746671906,21569.686865020383,5000.218746671906,3444.7255443524555,2080.426278218691,757.9476572944881
elefante,5794.999999997727,553.9872883637006,553.9872883637006,3565.0502119826497,5334.773242628293,3565.0502119826497,458.1017288725892,665.1910649176173,665.1910649176173,458.1017288725892,1986.566942344525,3481.70822440278,5473.956669286885,3481.70822440278,1986.566942344525,1208.8765312513378,464.1613700568814,641.5435826781888,641.5435826781888,464.1613700568814,1208.8765312513378,1077.832074185183,1944.2602409020524,3533.2034298066105,5400.879670130102,3533.2034298066105,1944.2602409020524,1077.832074185183,1589.976379966982,1167.7127404927596,446.1925303729057,623.3133269357551,623.3133269357551,446.1925303729057,1167.7127404927596,1589.976379966982,695.2621465831395,1032.6072526709202,1963.7405379021834,3503.7399766078665,5415.625881873016,3503.7399766078665,1963.7405379021834,1032.6072526709202,695.2621465831395
elefante,17062.999999993306,3539.658795883673,3539.658795883673,7607.667809928449,15691.267573689987,7607.667809928449,3265.475806071326,3530.419344461348,3530.419344461348,3265.475806071326,2151.122604549881,7595.554518264073,15710.08562789579,7595.554518264073,2151.122604549881,2220.645167571567,3275.753857711373,3520.7769570635414,3520.7769570635414,3275.753857711373,2220.645167571567,2020.9948456934455,2152.9989297539,7586.319614880078,15725.320914868831,7586.319614880078,2152.9989297539,2020.9948456934455,515.3107431852197,2209.842466744774,3281.8345397678067,3514.4433259374905,3514.4433259374905,3281.8345397678067,2209.842466744774,515.3107431852197,247.53531284262843,2026.061037224703,2153.9266748990913,7581.915484195167,15733.289448793705,7581.915484195167,2153.9266748990913,2026.061037224703,247.53531284262843
elefante,4542.999999998219,4144.594525095094,4144.594525095094,3079.9044380029873,4542.999999998219,3079.9044380029873,1689.408107246931,4144.594525095094,4144.594525095094,1689.408107246931,397.02882762111074,3079.9044380029873,4542.999999998219,3079.9044380029873,397.02882762111074,494.28913116796747,1689.408107246931,4144.594525095094,4144.594525095094,1689.408107246931,494.28913116796747,793.79534536904,397.02882762111074,3079.9044380029873,4542.999999998219,3079.9044380029873,397.02882762111074,793.79534536904,639.5268095944484,494.28913116796747,1689.408107246931,4144.594525095094,4144.594525095094,1689.408107246931,494.28913116796747,639.5268095944484,466.5912211502382,793.79534536904,397.02882762111074,3079.9044380029873,4542.999999998219,3079.9044380029873,397.02882762111074,793.79534536904,466.5912211502382
elefante,17450.999999993153,6739.86356525014,6739.86356525014,2321.4777408006903,16274.727891150078,2321.4777408006903,361.5269676566528,6624.084531114673,6624.084531114673,361.5269676566528,767.3404680930471,2242.4092275695684,16340.933515349847,2242.4092275695684,767.3404680930471,1621.8527996609648,356.7288098011103,6615.823672124467,6615.823672124467,356.7288098011103,1621.8527996609648,1383.7841583696243,780.6309256888271,2238.4556428219225,16345.782572986485,2238.4556428219225,780.6309256888271,1383.7841583696243,526.0044271795255,1626.3596099089557,356.06239786113554,6615.534041828425,6615.534041828425,356.06239786113554,1626.3596099089557,526.0044271795255,1124.1376807256356,1391.0753393963582,781.5750035926006,2243.6969476664062,16353.792366349919,2243.6969476664062,781.5750035926006,1391.0753393963582,1124.1376807256356
elefante,13758.999999994601,9524.965436672761,9524.965436672761,2571.0213350106974,13436.76417233033,2571.0213350106974,142.32729318007696,9430.37876152496,9430.37876152496,142.32729318007696,1757.1676933885578,2637.031322751527,13311.539219764316,2637.031322751527,1757.1676933885578,2271.3655507386293,117.19201039820739,9384.191088433146,9384.191088433146,117.19201039820739,2271.3655507386293,1064.8044828565996,1743.6059418444863,2577.9428934263547,13324.077521385765,2577.9428934263547,1743.6059418444863,1064.8044828565996,665.430958299057,2296.4155764956554,120.21366456929603,9374.363210404092,9374.363210404092,120.21366456929603,2296.4155764956554,665.430958299057,498.9131623550896,1072.007702698021,1762.5485693237629,2601.8839317477837,13307.594342064938,2601.8839317477837,1762.5485693237629,1072.007702698021,498.9131623550896
elefante,41364.999999983775,4558.145681732441,4558.145681732441,1208.3302126791823,40447.29931971202,1208.3302126791823,2094.993586086219,4472.244036460269,4472.244036460269,2094.993586086219,4366.988743355794,1243.7845793573026,40422.24133461323,1243.7845793573026,4366.988743355794,1110.4404130364824,2159.3279046022153,4474.761805925081,4474.761805925081,2159.3279046022153,1110.4404130364824,2688.1297625207326,4397.187018651312,1212.2106850445414,40440.455838473084,1212.2106850445414,4397.187018651312,2688.1297625207326,1748.0238266667773,1130.7130370292186,2163.1608320392884,4483.761104880145,4483.761104880145,2163.1608320392884,1130.7130370292186,1748.0238266667773,1813.0876161772019,2724.333581746599,4392.390159751244,1214.3502982207058,40425.45032537433,1214.3502982207058,4392.390159751244,2724.333581746599,1813.0876161772019
elefante,4471.999999998246,4222.156199765528,4222.156199765528,3528.927747239813,4471.999999998246,3528.927747239813,2548.742424341882,4222.156199765528,4222.156199765528,2548.742424341882,1511.2857492490884,3528.927747239813,4471.999999998246,3528.927747239813,1511.2857492490884,744.4644344335721,2548.742424341882,4222.156199765528,4222.156199765528,2548.742424341882,744.4644344335721,701.8816311342783,1511.2857492490884,3528.927747239813,4471.999999998246,3528.927747239813,1511.2857492490884,701.8816311342783,896.4840689873824,744.4644344335721,2548.742424341882,4222.156199765528,4222.156199765528,2548.742424341882,744.4644344335721,896.4840689873824,867.1794136047475,701.8816311342783,1511.2857492490884,3528.927747239813,4471.999999998246,3528.927747239813,1511.2857492490884,701.8816311342783,867.1794136047475
elefante,12164.999999995229,2812.2032170460707,2812.2032170460707,7485.8396790021525,11130.709750562528,7485.8396790021525,3734.442017773742,2561.9249823815276,2561.9249823815276,3734.442017773742,3021.0468877071407,7381.926481878529,11228.274253007457,7381.926481878529,3021.0468877071407,2925.8838772494555,3715.635774334771,2584.7406489549426,2584.7406489549426,3715.635774334771,2925.8838772494555,544.4576540186029,2979.0507471854344,7427.732518259799,11181.466431979872,7427.732518259799,2979.0507471854344,544.4576540186029,1916.5498007849121,2947.6188466003277,3705.500843323255,2590.697041358989,2590.697041358989,3705.500843323255,2947.6188466003277,1916.5498007849121,937.6256958437253,534.6464867105283,2998.4555764901165,7404.124224233643,11207.658109953934,7404.124224233643,2998.4555764901165,534.6464867105283,937.6256958437253
elefante,25498.999999989996,8628.45428268991,8628.45428268991,1035.150006203615,24118.378684797797,1035.150006203615,1019.8949722056363,8633.036588107527,8633.036588107527,1019.8949722056363,1981.2890443918234,1031.7902342787706,24121.132444805196,1031.7902342787706,1981.2890443918234,1661.9379825904714,1018.8010559938155,8633.464486606912,8633.464486606912,1018.8010559938155,1661.9379825904714,1471.018526367213,1979.6510440237932,1033.259497891645,24121.247452758045,1033.259497891645,1979.6510440237932,1471.018526367213,899.1532299271572,1660.9757434077324,1017.8160298374473,8632.948277837295,8632.948277837295,1017.8160298374473,1660.9757434077324,899.1532299271572,675.6219671516418,1471.298209685057,1981.3511448144611,1033.9239059566905,24122.447327247726,1033.9239059566905,1981.3511448144611,1471.298209685057,675.6219671516418
elefante,5322.999999997913,2182.3825229629238,2182.3825229629238,1825.03280599077,5090.800453512743,1825.03280599077,795.2782741802879,2261.4722263520744,2261.4722263520744,795.2782741802879,851.4119033917137,1845.1486931647655,4999.101500915867,1845.1486931647655,851.4119033917137,246.0021710343587,816.6283588849649,2253.4423484038502,2253.4423484038502,816.6283588849649,246.0021710343587,194.46386351216,811.4209810802436,1861.4627539180042,5016.00158089033,1861.4627539180042,811.4209810802436,194.46386351216,784.716646838443,207.17918294628578,788.5491367146801,2246.706365448645,2246.706365448645,788.5491367146801,207.17918294628578,784.716646838443,499.73262302282797,177.32701189094004,817.4636040808566,1848.690812178358,5009.939573784744,1848.690812178358,817.4636040808566,177.32701189094004,499.73262302282797
elefante,5284.999999997927,2168.7495575651087,2168.7495575651087,280.71248556136067,4534.092970519764,280.71248556136067,488.25071002344316,1909.3989231595551,1909.3989231595551,488.25071002344316,729.8574552397355,276.04370411134414,4509.153084361229,276.04370411134414,729.8574552397355,174.8140666909577,416.91539114245967,1963.940071987834,1963.940071987834,416.91539114245967,174.8140666909577,357.1785127722205,730.3829715230094,275.19877968109694,4514.800396240937,275.19877968109694,730.3829715230094,357.1785127722205,233.89811030612805,188.52174345104186,434.7144869149823,1948.6877064270845,1948.6877064270845,434.7144869149823,188.52174345104186,233.89811030612805,428.4928197472165,345.17196142957596,738.322097702916,274.6696959333137,4508.825405969764,274.6696959333137,738.322097702916,345.17196142957596,428.4928197472165
elefante,20649.9999999919,12819.981354223384,12819.981354223384,4495.869878793166,20425.451247157518,4495.869878793166,3067.837311513211,12703.6363664342,12703.6363664342,3067.837311513211,2403.80938358394,4466.443584797006,20326.468940402658,4466.443584797006,2403.80938358394,962.6575107796707,3104.0396130755003,12704.494613712723,12704.494613712723,3104.0396130755003,962.6575107796707,678.7012404297594,2402.7145893553516,4486.944749219766,20361.876023322948,4486.944749219766,2402.7145893553516,678.7012404297594,1086.249256265124,988.128439947704,3091.6817840847475,12721.022391839593,12721.022391839593,3091.6817840847475,988.128439947704,1086.249256265124,861.782255507115,680.3744515779074,2399.456780494441,4486.366868686203,20359.48556955606,4486.366868686203,2399.456780494441,680.3744515779074,861.782255507115
elefante,20333.999999992022,1097.7626428844828,1097.7626428844828,2250.231542880957,19314.893424028705,2250.231542880957,5061.254827418527,1119.3630051102634,1119.3630051102634,5061.254827418527,574.0042195003614,2403.1427635746763,19485.7987258319,2403.1427635746763,574.0042195003614,1317.7823030179404,5113.672439056342,1096.2380222981897,1096.2380222981897,5113.672439056342,1317.7823030179404,1991.9080000298452,600.4553507276438,2385.7827001792725,19451.544686127818,2385.7827001792725,600.4553507276438,1991.9080000298452,1015.0792411905106,1313.707494080424,5096.600389980014,1121.8640590417358,1121.8640590417358,5096.600389980014,1313.707494080424,1015.0792411905106,744.6874025876816,1984.6409655620505,584.1980214652747,2375.4699437008944,19449.808890618882,2375.4699437008944,584.1980214652747,1984.6409655620505,744.6874025876816
elefante,7491.9999999970605,6024.772557467101,6024.772557467101,4244.869526300009,7238.607709747726,4244.869526300009,3650.565933746305,5822.0495949330825,5822.0495949330825,3650.565933746305,2015.788818417396,4191.854049292744,7129.829978247006,4191.854049292744,2015.788818417396,462.46566570193596,3644.2148136986184,5819.56564755886,5819.56564755886,3644.2148136986184,462.46566570193596,507.46199812352313,1999.102399671426,4211.144872587412,7176.8769820633315,4211.144872587412,1999.102399671426,507.46199812352313,1216.8049886165813,449.50206721133344,3641.606426424512,5850.813256421442,5850.813256421442,3641.606426424512,449.50206721133344,1216.8049886165813,1012.3711820237382,507.6937220245217,2001.180644044216,4204.035486567634,7179.812740881197,4204.035486567634,2001.180644044216,507.6937220245217,1012.3711820237382
elefante,16726.999999993437,10187.347531404284,10187.347531404284,2201.7688271783322,16579.539682533177,2201.7688271783322,2421.736610474987,10134.352811027637,10134.352811027637,2421.736610474987,2982.3524266544323,2186.189843407605,16553.740833288273,2186.189843407605,2982.3524266544323,1963.02153939166,2470.6079200311306,10141.434112912488,10141.434112912488,2470.6079200311306,1963.02153939166,539.7791631422845,2990.6295560156123,2197.2345930472393,16549.443582465894,2197.2345930472393,2990.6295560156123,539.7791631422845,428.38171800059433,1938.6650032063005,2460.6420572549514,10135.558094881979,10135.558094881979,2460.6420572549514,1938.6650032063005,428.38171800059433,748.0370144520826,529.6197351889109,2982.8985310815638,2189.8453870865933,16555.483419062315,2189.8453870865933,2982.8985310815638,529.6197351889109,748.0370144520826
elefante,19711.999999992266,9032.459383868894,9032.459383868894,1770.4846079364152,19082.947845797506,1770.4846079364152,2995.5773833626345,8843.104609697904,8843.104609697904,2995.5773833626345,1889.628787255277,1854.8592299392092,19027.71993150255,1854.8592299392092,1889.628787255277,1217.031791045642,2985.325383121333,8866.731103539494,8866.731103539494,2985.325383121333,1217.031791045642,2251.8009454908406,1842.7819496063207,1787.4371464121477,19087.344282940787,1787.4371464121477,1842.7819496063207,2251.8009454908406,636.6349170470361,1214.5729835823813,3008.148120647202,8851.945901423598,8851.945901423598,3008.148120647202,1214.5729835823813,636.6349170470361,1867.864260401047,2268.7213282948283,1868.9873452547004,1822.902452136301,19043.707412415628,1822.902452136301,1868.9873452547004,2268.7213282948283,1867.864260401047
elefante,20776.999999991847,11610.99892957069,11610.99892957069,3867.589901598808,20110.88208615991,3867.589901598808,3935.5608797973805,11676.445760757915,11676.445760757915,3935.5608797973805,5551.041218671202,3831.143164483703,20018.036296596958,3831.143164483703,5551.041218671202,2878.5690153675664,3899.9967754252234,11709.515431352656,11709.515431352656,3899.9967754252234,2878.5690153675664,421.2080537422252,5542.690712379255,3813.744178934785,20037.812295583775,3813.744178934785,5542.690712379255,421.2080537422252,729.9921138095715,2843.0589542458606,3917.8501619320236,11695.230359922474,11695.230359922474,3917.8501619320236,2843.0589542458606,729.9921138095715,1244.1448740494118,426.8426693101683,5551.121105157721,3831.727121991638,20035.170140571958,3831.727121991638,5551.121105157721,426.8426693101683,1244.1448740494118
elefante,35903.999999985914,9638.08691703615,9638.08691703615,4722.1868154241165,34532.213151913886,4722.1868154241165,1217.4532208727853,9647.52739170889,9647.52739170889,1217.4532208727853,5729.795450392963,4729.04047106858,34532.80003700806,4729.04047106858,5729.795450392963,2784.6259189833336,1215.0600604855822,9643.722758344013,9643.722758344013,1215.0600604855822,2784.6259189833336,2728.227359402982,5731.9785512184135,4726.253499447518,34529.990469836426,4726.253499447518,5731.9785512184135,2728.227359402982,1384.2070013843108,2781.589969236641,1215.1545262555867,9643.609933424848,9643.609933424848,1215.1545262555867,2781.589969236641,1384.2070013843108,623.7050856811804,2731.2713849887314,5727.032111689618,4725.428998248982,34532.33985779913,4725.428998248982,5727.032111689618,2731.2713849887314,623.7050856811804
elefante,20792.999999991844,11782.69516701492,11782.69516701492,4525.2669856753755,20038.05215418715,4525.2669856753755,2296.863193365738,11540.646492477805,11540.646492477805,2296.863193365738,2218.591341985382,4418.849038374686,20125.97539604622,4418.849038374686,2218.591341985382,1795.9706115723563,2282.336942538723,11587.351117912734,11587.351117912734,2282.336942538723,1795.9706115723563,2196.4372208939294,2172.4651345982525,4450.620794114816,20063.873284421068,4450.620794114816,2172.4651345982525,2196.4372208939294,1571.1863928770201,1811.1167006673775,2293.767765241125,11567.114149281404,11567.114149281404,2293.767765241125,1811.1167006673775,1571.1863928770201,2889.6219291301168,2179.5299726296353,2181.9466781133788,4436.646667318652,20105.892856971688,4436.646667318652,2181.9466781133788,2179.5299726296353,2889.6219291301168
elefante,33770.99999998674,3795.530771960081,3795.530771960081,5111.4578974872475,33443.61224488483,5111.4578974872475,1170.9105006419504,3600.610059046204,3600.610059046204,1170.9105006419504,2086.248570394413,5105.628866212894,33265.59589367322,5105.628866212894,2086.248570394413,1922.6869218761592,1127.4366494091482,3563.983629931823,3563.983629931823,1127.4366494091482,1922.6869218761592,981.136195842984,2109.0779214166314,5121.078963460457,33299.43013129717,5121.078963460457,2109.0779214166314,981.136195842984,296.93778605242653,1922.0257388386524,1136.8341741030854,3589.678017862986,3589.678017862986,1136.8341741030854,1922.0257388386524,296.93778605242653,1978.110744904522,992.6305736607941,2102.3646861231887,5114.970984270532,33316.91917823422,5114.970984270532,2102.3646861231887,992.6305736607941,1978.110744904522
elefante,7029.999999997243,3093.6859272332717,3093.6859272332717,2801.372514827028,6508.526077094953,2801.372514827028,1435.469725858339,2852.1582558992495,2852.1582558992495,1435.469725858339,848.5949371716824,2816.3079711561604,6434.944174492672,2816.3079711561604,848.5949371716824,972.6490908537207,1381.463446810609,2896.1774221272744,2896.1774221272744,1381.463446810609,972.6490908537207,682.3314249719515,850.4485588707564,2793.049885022074,6469.750887763507,2793.049885022074,850.4485588707564,682.3314249719515,1108.129401452487,981.2814937868462,1409.3285965686127,2867.71063888098,2867.71063888098,1409.3285965686127,981.2814937868462,1108.129401452487,449.0177484338893,696.9224089293588,870.715267481236,2797.8816002535978,6458.86044066435,2797.8816002535978,870.715267481236,696.9224089293588,449.0177484338893
elefante,11366.99999999554,8612.532923745814,8612.532923745814,3363.8159300894813,11363.126984122526,3363.8159300894813,1257.5259550026524,8609.445961588302,8609.445961588302,1257.5259550026524,609.880605282843,3362.554207253292,11363.007959641986,3362.554207253292,609.880605282843,1799.8769340696251,1259.2744432266957,8610.963215260172,8610.963215260172,1259.2744432266957,1799.8769340696251,1695.0063099675763,610.7899095885674,3363.744332517303,11364.923281753849,3363.744332517303,610.7899095885674,1695.0063099675763,724.6408715881449,1799.9430176160524,1257.1835741582872,8611.725779465727,8611.725779465727,1257.1835741582872,1799.9430176160524,724.6408715881449,385.20643607252845,1695.3489019760616,609.4660355952115,3363.459625114767,11364.187133862271,3363.459625114767,609.4660355952115,1695.3489019760616,385.20643607252845
elefante,12515.99999999509,6286.6379378885,6286.6379378885,1871.7876508984639,11895.428571423907,1871.7876508984639,975.500533528326,6170.443390103187,6170.443390103187,975.500533528326,867.3568205722447,1904.3004511177287,11930.512780164077,1904.3004511177287,867.3568205722447,1354.9615871514723,924.4386569761073,6199.26806473844,6199.26806473844,924.4386569761073,1354.9615871514723,531.2425125689175,896.3230477212007,1908.50556666328,11856.444998644642,1908.50556666328,896.3230477212007,531.2425125689175,1211.4695571183472,1359.7116316198094,959.4167126446052,6160.001701428311,6160.001701428311,959.4167126446052,1359.7116316198094,1211.4695571183472,795.4751580938956,534.8987991413404,867.8437812852842,1891.701993548274,11901.721953957467,1891.701993548274,867.8437812852842,534.8987991413404,795.4751580938956
elefante,16524.999999993517,11452.75964430489,11452.75964430489,3858.0117682031428,16493.0181405831,3858.0117682031428,1254.812996652802,11485.730368960141,11485.730368960141,1254.812996652802,209.35535716354084,3846.055411656306,16458.096271608767,3846.055411656306,209.35535716354084,1556.3761518710194,1221.9078603227908,11507.772829007317,11507.772829007317,1221.9078603227908,1556.3761518710194,1878.6217649356768,180.53299461633588,3844.1283047643037,16444.549766923083,3844.1283047643037,180.53299461633588,1878.6217649356768,2062.483611463442,1565.524682971675,1210.9630945052354,11509.397577878011,11509.397577878011,1210.9630945052354,1565.524682971675,2062.483611463442,1908.1959755132414,1883.8956069788667,175.34590323210543,3848.03949184367,16449.464396542426,3848.03949184367,175.34590323210543,1883.8956069788667,1908.1959755132414
gatto,662.99999999974,451.2016831104423,451.2016831104423,300.5273772082276,190.26077097498208,300.5273772082276,187.17516833735957,168.59892844969417,168.59892844969417,187.17516833735957,105.86985544983929,175.03147268433688,260.6958366111863,175.03147268433688,105.86985544983929,57.99988212720136,160.52099674821787,264.024699280604,264.024699280604,160.52099674821787,57.99988212720136,46.1981956024605,123.93622574957476,216.30978107103994,240.76586843646461,216.30978107103994,123.93622574957476,46.1981956024605,51.0241795449576,79.62951955379647,156.58474137522364,221.66153843348394,221.66153843348394,156.58474137522364,79.62951955379647,51.0241795449576,53.070929634907834,46.28040824694625,103.22420732979084,202.51825353329525,251.20252430137967,202.51825353329525,103.22420732979084,46.28040824694625,53.070929634907834
gatto,23906.99999999062,12204.469175926357,12204.469175926357,3481.9108268006075,22867.10430838105,3481.9108268006075,5210.1769908591405,12029.006036639681,12029.006036639681,5210.1769908591405,4552.740086016594,3389.099223497351,22937.987088704038,3389.099223497351,4552.740086016594,2866.057790314925,5221.362962133425,12041.90302864811,12041.90302864811,5221.362962133425,2866.057790314925,1718.4556660270782,4579.571722047601,3439.3027402824096,22914.419931761036,3439.3027402824096,4579.571722047601,1718.4556660270782,1055.7040318586041,2874.169654126916,5192.060229983406,12035.269393946592,12035.269393946592,5192.060229983406,2874.169654126916,1055.7040318586041,1259.0464337194,1721.0204881556467,4578.437068641568,3417.7895786963354,22931.656298306763,3417.7895786963354,4578.437068641568,1721.0204881556467,1259.0464337194
gatto,35086.999999986234,7016.399252592586,7016.399252592586,2908.546014848144,34481.60317458965,2908.546014848144,1639.6038302845664,6748.204770728844,6748.204770728844,1639.6038302845664,8973.518860522647,2862.5178938164822,34434.196507614484,2862.5178938164822,8973.518860522647,771.8763647897634,1585.0013470196513,6786.287648048313,6786.287648048313,1585.0013470196513,771.8763647897634,6687.442533949212,8970.566494831575,2874.3632048660734,34460.11081002299,2874.3632048660734,8970.566494831575,6687.442533949212,2461.883329725736,796.1414467667147,1601.8941672017952,6785.144956962824,6785.144956962824,1601.8941672017952,796.1414467667147,2461.883329725736,1294.1729808415803,6685.7939663961015,8954.883284435015,2861.400992978027,34446.74858573171,2861.400992978027,8954.883284435015,6685.7939663961015,1294.1729808415803
gatto,23070.99999999095,3902.5087578958187,3902.5087578958187,4937.623222806741,21992.63718819999,4937.623222806741,2420.0134206285284,3736.303130496575,3736.303130496575,2420.0134206285284,4406.793353030107,4908.03898065653,22031.159624839027,4908.03898065653,4406.793353030107,1788.2615475931345,2411.0349853169746,3774.485742235836,3774.485742235836,2411.0349853169746,1788.2615475931345,2382.2421444470237,4447.429585846988,4895.598141492468,22015.075662478186,4895.598141492468,4447.429585846988,2382.2421444470237,1232.4198763479822,1765.6273135773795,2419.183693534415,3752.487044337811,3752.487044337811,2419.183693534415,1765.6273135773795,1232.4198763479822,1678.738322592749,2401.789815572211,4409.549832888474,4929.551152444832,22022.80714366174,4929.551152444832,4409.549832888474,2401.789815572211,1678.738322592749
gatto,31439.999999987667,1577.3287522954186,1577.3287522954186,5924.987612095931,30475.854875271492,5924.987612095931,3748.244117691282,1607.5745521187869,1607.5745521187869,3748.244117691282,2320.354240379459,5981.183123875695,30469.480555929244,5981.183123875695,2320.354240379459,1818.619088256194,3721.087252768308,1565.2174216003136,1565.2174216003136,3721.087252768308,1818.619088256194,2207.963307294182,2338.946185237087,6022.918982847144,30535.18474376348,6022.918982847144,2338.946185237087,2207.963307294182,2006.4800032223911,1861.0216854128666,3744.164331313259,1610.2986083422493,1610.2986083422493,3744.164331313259,1861.0216854128666,2006.4800032223911,2696.625758718577,2225.2438363677247,2322.903996638088,6030.214395394651,30493.466099335492,6030.214395394651,2322.903996638088,2225.2438363677247,2696.625758718577
gatto,1337.9999999994752,1317.3245594175955,1317.3245594175955,1256.6137199405573,1337.9999999994752,1256.6137199405573,1159.7110008438258,1317.3245594175955,1317.3245594175955,1159.7110008438258,1032.6894883529806,1256.6137199405573,1337.9999999994752,1256.6137199405573,1032.6894883529806,883.388638134388,1159.7110008438258,1317.3245594175955,1317.3245594175955,1159.7110008438258,883.388638134388,720.838569671537,1032.6894883529806,1256.6137199405573,1337.9999999994752,1256.6137199405573,1032.6894883529806,720.838569671537,554.6539371926343,883.388638134388,1159.7110008438258,1317.3245594175955,1317.3245594175955,1159.7110008438258,883.388638134388,554.6539371926343,394.55531773586625,720.838569671537,1032.6894883529806,1256.6137199405573,1337.9999999994752,1256.6137199405573,1032.6894883529806,720.838569671537,394.55531773586625
gatto,24789.999999990272,11625.349055671033,11625.349055671033,4274.071978722278,23484.92517005881,4274.071978722278,6979.247655823772,11667.960069850818,11667.960069850818,6979.247655823772,3415.6863752595123,4272.5041223626795,23543.055609536168,4272.5041223626795,3415.6863752595123,2634.1742761275614,6991.901677978679,11685.032053983576,11685.032053983576,6991.901677978679,2634.1742761275614,1208.7657784900778,3430.7651852295,4267.937299260055,23555.424313654188,4267.937299260055,3430.7651852295,1208.7657784900778,2583.98573633993,2654.3019383832484,6987.437027533088,11693.294786223658,11693.294786223658,6987.437027533088,2654.3019383832484,2583.98573633993,1030.8573902511546,1210.0110694754483,3432.2007000392373,4259.853353942456,23557.97087254173,4259.853353942456,3432.2007000392373,1210.0110694754483,1030.8573902511546
gatto,29443.99999998845,10285.849680845184,10285.849680845184,3471.4423819324393,28115.90476189373,3471.4423819324393,1299.3250179808574,10238.079727537159,10238.079727537159,1299.3250179808574,1847.0434801769866,3419.682358691796,28173.19752571125,3419.682358691796,1847.0434801769866,980.380004653512,1345.1689408444095,10210.648491997768,10210.648491997768,1345.1689408444095,980.380004653512,1828.5609195829181,1821.2779750001414,3403.696047752678,28188.79790393052,3403.696047752678,1821.2779750001414,1828.5609195829181,109.40437710372146,970.6118389053111,1347.1371482568245,10212.590965360221,10212.590965360221,1347.1371482568245,970.6118389053111,109.40437710372146,1231.0758947927723,1822.2864252519616,1826.5026573251212,3413.064268630441,28176.810746901952,3413.064268630441,1826.5026573251212,1822.2864252519616,1231.0758947927723
gatto,2760.9999999989172,2496.8284546875198,2496.8284546875198,1839.1966477703106,2760.9999999989172,1839.1966477703106,1178.2300138999194,2496.8284546875198,2496.8284546875198,1178.2300138999194,1002.2564229971675,1839.1966477703106,2760.9999999989172,1839.1966477703106,1002.2564229971675,1110.1612409545519,1178.2300138999194,2496.8284546875198,2496.8284546875198,1178.2300138999194,1110.1612409545519,1045.199784460224,1002.2564229971675,1839.1966477703106,2760.9999999989172,1839.1966477703106,1002.2564229971675,1045.199784460224,787.9363291428097,1110.1612409545519,1178.2300138999194,2496.8284546875198,2496.8284546875198,1178.2300138999194,1110.1612409545519,787.9363291428097,530.902254787679,1045.199784460224,1002.2564229971675,1839.1966477703106,2760.9999999989172,1839.1966477703106,1002.2564229971675,1045.199784460224,530.902254787679
gatto,17467.999999993146,6903.7392583882265,6903.7392583882265,2535.3367583555773,16556.94784579849,2535.3367583555773,898.037935531455,6600.822297469175,6600.822297469175,898.037935531455,1462.8648924419203,2476.956352261376,16606.90631989106,2476.956352261376,1462.8648924419203,675.9483270999415,875.0250880423798,6654.444014410955,6654.444014410955,875.0250880423798,675.9483270999415,515.2880078352932,1493.4776926766694,2536.035842100578,16607.972368640076,2536.035842100578,1493.4776926766694,515.2880078352932,1717.843358778583,676.1165951672566,870.8095189605401,6633.02266536006,6633.02266536006,870.8095189605401,676.1165951672566,1717.843358778583,666.1600752487498,507.07551694330255,1491.2325332204264,2496.510221964371,16601.687196848143,2496.510221964371,1491.2325332204264,507.07551694330255,666.1600752487498
gatto,26547.99999998958,3370.263561884845,3370.263561884845,2689.1429864338575,25278.734693867635,2689.1429864338575,1389.4228927920253,3407.4075394650617,3407.4075394650617,1389.4228927920253,2614.1777344635834,2654.8047839919054,25338.97320559883,2654.8047839919054,2614.1777344635834,4832.641757549836,1445.8843521255064,3404.827825473918,3404.827825473918,1445.8843521255064,4832.641757549836,1102.3706278495658,2597.9485919363847,2631.6452387752183,25319.170149028287,2631.6452387752183,2597.9485919363847,1102.3706278495658,1000.8631458451763,4832.3347922489265,1437.5771630424538,3394.736270640859,3394.736270640859,1437.5771630424538,4832.3347922489265,1000.8631458451763,2399.9894916916137,1067.2832142461814,2618.502312030194,2634.878789309571,25314.510167110166,2634.878789309571,2618.502312030194,1067.2832142461814,2399.9894916916137
gatto,15971.999999993732,10734.480939235138,10734.480939235138,456.18942271713286,15812.888888882684,456.18942271713286,5247.406853706408,10583.28413885803,10583.28413885803,5247.406853706408,3264.660188246838,367.0981126973521,15715.593811214469,367.0981126973521,3264.660188246838,1123.4355198028325,5276.221541647726,10555.15826063294,10555.15826063294,5276.221541647726,1123.4355198028325,2206.547943587739,3253.738375144012,383.31362423794855,15735.722834701482,383.31362423794855,3253.738375144012,2206.547943587739,1026.91383016619,1140.3373565481586,5250.262881538778,10587.250204811888,10587.250204811888,5250.262881538778,1140.3373565481586,1026.91383016619,1744.1344615423227,2216.899698591326,3242.6769730616875,399.8477488847223,15754.757451523978,399.8477488847223,3242.6769730616875,2216.899698591326,1744.1344615423227
gatto,36254.99999998578,8296.640714237878,8296.640714237878,2572.136342603853,35284.30612243514,2572.136342603853,1992.2842585137014,8332.971883699638,8332.971883699638,1992.2842585137014,6726.27191284159,2492.2208836427462,35263.50972587198,2492.2208836427462,6726.27191284159,4298.674972145929,1937.4139052866558,8251.796279984212,8251.796279984212,1937.4139052866558,4298.674972145929,715.3431258403463,6717.060981478674,2498.5702045249436,35315.87918308456,2498.5702045249436,6717.060981478674,715.3431258403463,1721.3169107893114,4289.656048636039,1937.3972412727112,8282.955804305027,8282.955804305027,1937.3972412727112,4289.656048636039,1721.3169107893114,2528.080436173319,727.5871972643206,6722.15687791265,2508.6594823036194,35284.609587921084,2508.6594823036194,6722.15687791265,727.5871972643206,2528.080436173319
gatto,24913.999999990225,15981.54373291017,15981.54373291017,6434.062504328209,23826.539682530336,6434.062504328209,2499.614966728322,15833.381143703145,15833.381143703145,2499.614966728322,1809.595355643698,6376.654162175247,23983.711138867908,6376.654162175247,1809.595355643698,3221.8609461707592,2472.8819019142447,15809.501095643482,15809.501095643482,2472.8819019142447,3221.8609461707592,3282.382895409659,1792.1937399564097,6399.392063675945,23953.446366114586,6399.392063675945,1792.1937399564097,3282.382895409659,860.8400046488551,3234.285373275388,2449.467500409074,15835.902284935628,15835.902284935628,2449.467500409074,3234.285373275388,860.8400046488551,1601.855497769881,3267.474705169449,1786.4043211665462,6399.722643412721,23948.187123343138,6399.722643412721,1786.4043211665462,3267.474705169449,1601.855497769881
gatto,20270.999999992047,7009.7106119647715,7009.7106119647715,2961.6753927999175,20185.852607701832,2961.6753927999175,2306.7100068488376,7023.506008192711,7023.506008192711,2306.7100068488376,764.0515100331997,2991.099648848955,20133.779027249264,2991.099648848955,764.0515100331997,1559.2405669238417,2292.0215615758707,7018.3487332761715,7018.3487332761715,2292.0215615758707,1559.2405669238417,1508.3304807514285,768.2804661735435,2992.3646608451622,20129.552995877275,2992.3646608451622,768.2804661735435,1508.3304807514285,3004.053288109015,1555.8571622566394,2276.4370796754165,7013.484647224717,7013.484647224717,2276.4370796754165,1555.8571622566394,3004.053288109015,1727.8250661312725,1510.6193996568156,762.6077893039663,2996.462520088525,20120.401845073306,2996.462520088525,762.6077893039663,1510.6193996568156,1727.8250661312725
gatto,17142.999999993273,8301.219580823672,8301.219580823672,6355.882818586509,16652.623582759905,6355.882818586509,3360.6729576991647,8062.251281256535,8062.251281256535,3360.6729576991647,2434.002484564161,6319.614964270565,16554.50810618383,6319.614964270565,2434.002484564161,4330.065156633907,3321.002949875856,8087.63226027204,8087.63226027204,3321.002949875856,4330.065156633907,2832.7082115924654,2400.792368627976,6279.872138562215,16647.754642260665,6279.872138562215,2400.792368627976,2832.7082115924654,2806.722959251933,4308.25374913173,3315.6944498711287,8095.3520030739355,8095.3520030739355,3315.6944498711287,4308.25374913173,2806.722959251933,1442.404624172821,2839.2787451032227,2420.4444190999584,6311.657338317486,16604.93131148326,6311.657338317486,2420.4444190999584,2839.2787451032227,1442.404624172821
gatto,32959.99999998706,6131.373043437701,6131.373043437701,4194.3749992512685,31574.671201801666,4194.3749992512685,2409.2476054967747,6131.3730434376985,6131.3730434376985,2409.2476054967747,2058.397851933788,4194.3749992512685,31574.914156126255,4194.3749992512685,2058.397851933788,1347.4501742820412,2409.2476054967747,6131.3730434377,6131.3730434377,2409.2476054967747,1347.4501742820412,1723.5107879974364,2058.0597121348333,4194.3749992512685,31575.316643607297,4194.3749992512685,2058.0597121348333,1723.5107879974364,3343.26193559709,1347.450174282041,2409.2476054967747,6131.3730434376985,6131.3730434376985,2409.2476054967747,1347.450174282041,3343.26193559709,185.01170452582926,1723.5107879974362,2057.5932541131824,4194.3749992512685,31575.919691011837,4194.3749992512685,2057.5932541131824,1723.5107879974362,185.01170452582926
gatto,26083.99999998977,5672.4703040011655,5672.4703040011655,6644.448786690274,24710.08616779076,6644.448786690274,4441.986065791837,5680.766506566966,5680.766506566966,4441.986065791837,3052.576319832503,6647.482184027237,24710.36049793098,6647.482184027237,3052.576319832503,1455.244454420528,4440.113837821392,5676.223591899426,5676.223591899426,4440.113837821392,1455.244454420528,2914.3613932617686,3049.0396639411,6643.5434863487735,24706.198530153517,6643.5434863487735,3049.0396639411,2914.3613932617686,3839.857412953999,1455.126756646161,4444.487929477945,5675.323497033791,5675.323497033791,4444.487929477945,1455.126756646161,3839.857412953999,2659.421148952205,2914.908517848104,3052.02696160876,6645.4788406273165,24709.24060823645,6645.4788406273165,3052.02696160876,2914.908517848104,2659.421148952205
gatto,22678.9999999911,8939.77823952134,8939.77823952134,2380.98927720803,21447.38548751993,2380.98927720803,759.8543385405645,8902.653240365207,8902.653240365207,759.8543385405645,2057.2341176925593,2386.939044474117,21345.654387823855,2386.939044474117,2057.2341176925593,1368.915661083763,752.0808490385947,8942.958393695886,8942.958393695886,752.0808490385947,1368.915661083763,1131.73812552415,2049.5271249222665,2377.8517415654815,21397.574354986624,2377.8517415654815,2049.5271249222665,1131.73812552415,599.6856092024375,1373.4936827988379,767.0486274378331,8913.308694258294,8913.308694258294,767.0486274378331,1373.4936827988379,599.6856092024375,1276.4735566132736,1130.5525572558308,2062.771742064635,2387.0549776865514,21375.933298471427,2387.0549776865514,2062.771742064635,1130.5525572558308,1276.4735566132736
gatto,10811.999999995758,5905.250603429524,5905.250603429524,1589.02946153751,9711.097505665124,1589.02946153751,761.8874292918822,5728.060935961964,5728.060935961964,761.8874292918822,2025.7520844953447,1665.917603586131,9826.398013169668,1665.917603586131,2025.7520844953447,1105.2321384218358,756.3257337216791,5719.864942710303,5719.864942710303,756.3257337216791,1105.2321384218358,1379.9494727493839,1989.8989933214632,1643.4743750164134,9791.849070726546,1643.4743750164134,1989.8989933214632,1379.9494727493839,503.02050529764045,1091.7269987484285,780.6317422135872,5740.186290437165,5740.186290437165,780.6317422135872,1091.7269987484285,503.02050529764045,213.53107710177207,1379.1264924879315,1992.6831748113216,1639.5078256679737,9799.06307625462,1639.5078256679737,1992.6831748113216,1379.1264924879315,213.53107710177207
gatto,23065.99999999095,5668.983620769216,5668.983620769216,1373.138604541287,21680.67120180555,1373.138604541287,4864.10188135659,5668.983620769215,5668.983620769215,4864.10188135659,4089.5645986061268,1373.1386045412864,21680.914156130137,1373.1386045412864,4089.5645986061268,868.4627252780887,4864.10188135659,5668.983620769215,5668.983620769215,4864.10188135659,868.4627252780887,558.4878453216567,4089.67203049002,1373.1386045412864,21681.31664361118,1373.1386045412864,4089.67203049002,558.4878453216567,1055.1988817122697,868.4627252780888,4864.10188135659,5668.983620769215,5668.983620769215,4864.10188135659,868.4627252780888,1055.1988817122697,1580.0201447445247,558.4878453216566,4089.8205438589853,1373.1386045412864,21681.919691015722,1373.1386045412864,4089.8205438589853,558.4878453216566,1580.0201447445247
gatto,7094.999999997218,4763.085366440622,4763.085366440622,1841.367361817536,6188.446712015714,1841.367361817536,1617.4981453306082,4623.944498298557,4623.944498298557,1617.4981453306082,1680.9616607763523,1784.676624018703,6246.923488667395,1784.676624018703,1680.9616607763523,1160.0299966085884,1638.5998865553358,4623.337736256661,4623.337736256661,1638.5998865553358,1160.0299966085884,948.1416349826834,1677.7878073665006,1753.667290950956,6256.42146115935,1753.667290950956,1677.7878073665006,948.1416349826834,1032.5668897759797,1154.970884418641,1597.8697311034048,4642.9734620168665,4642.9734620168665,1597.8697311034048,1154.970884418641,1032.5668897759797,1101.9703456048594,954.5696398683862,1699.0400437257524,1773.1311001301415,6269.006812210852,1773.1311001301415,1699.0400437257524,954.5696398683862,1101.9703456048594
gatto,33997.999999986656,9321.449078131232,9321.449078131232,4457.535270847824,33819.115646245235,4457.535270847824,4639.056004385496,9448.761688012919,9448.761688012919,4639.056004385496,2147.4285039976257,4407.642845667968,33701.20576301761,4407.642845667968,2147.4285039976257,1738.2372327681353,4660.276763929081,9480.57334476221,9480.57334476221,4660.276763929081,1738.2372327681353,1495.176552610035,2140.683148807566,4414.627278538231,33713.50981104608,4414.627278538231,2140.683148807566,1495.176552610035,2667.808250290479,1726.0123711366432,4644.816093342021,9459.08887955727,9459.08887955727,4644.816093342021,1726.0123711366432,2667.808250290479,3031.4283024440483,1502.2760038046886,2132.749446744465,4421.613592678063,33731.69953276652,4421.613592678063,2132.749446744465,1502.2760038046886,3031.4283024440483
gatto,39358.99999998456,1976.542953522244,1976.542953522244,8003.61055494846,38242.85941041583,8003.61055494846,3344.7786607815565,2134.680743821938,2134.680743821938,3344.7786607815565,532.8501138349345,8081.757776340116,38159.82385424328,8081.757776340116,532.8501138349345,1495.6356411388515,3370.459775253814,2038.64449623363,2038.64449623363,3370.459775253814,1495.6356411388515,1257.574966830123,514.5334388111146,8029.4847702564975,38163.70920797171,8029.4847702564975,514.5334388111146,1257.574966830123,1722.8459390753214,1477.77272096601,3367.931193386032,2078.893983937668,2078.893983937668,3367.931193386032,1477.77272096601,1722.8459390753214,1979.0668405116198,1273.433824183727,532.9650528290431,8061.85345133496,38179.6770826745,8061.85345133496,532.9650528290431,1273.433824183727,1979.0668405116198
gatto,13485.99999999471,4546.12390437736,4546.12390437736,1369.0736259652451,12207.827664394303,1369.0736259652451,421.6556557186406,4432.527853131633,4432.527853131633,421.6556557186406,335.0202899390288,1284.943705752802,12287.420642628651,1284.943705752802,335.0202899390288,720.5883209730176,472.83185743334786,4395.244602959853,4395.244602959853,472.83185743334786,720.5883209730176,444.6956807775422,312.4002901287135,1281.6399470098086,12283.901952981956,1281.6399470098086,312.4002901287135,444.6956807775422,228.787587529046,720.8217326692167,461.305438047643,4416.177052831705,4416.177052831705,461.305438047643,720.8217326692167,228.787587529046,161.9362174146846,458.46787688835155,322.8391416505324,1299.3097333125972,12265.07341887012,1299.3097333125972,322.8391416505324,458.46787688835155,161.9362174146846
gatto,4870.999999998089,4535.791058919565,4535.791058919565,3696.3517062087544,4870.999999998089,3696.3517062087544,2810.6767532108215,4535.791058919565,4535.791058919565,2810.6767532108215,2393.507016854617,3696.3517062087544,4870.999999998089,3696.3517062087544,2393.507016854617,2408.242810229044,2810.6767532108215,4535.791058919565,4535.791058919565,2810.6767532108215,2408.242810229044,2381.9981517698757,2393.507016854617,3696.3517062087544,4870.999999998089,3696.3517062087544,2393.507016854617,2381.9981517698757,2124.850668094536,2408.242810229044,2810.6767532108215,4535.791058919565,4535.791058919565,2810.6767532108215,2408.242810229044,2124.850668094536,1745.1585353729438,2381.9981517698757,2393.507016854617,3696.3517062087544,4870.999999998089,3696.3517062087544,2393.507016854617,2381.9981517698757,1745.1585353729438
gatto,4499.999999998235,2805.050841222768,2805.050841222768,990.6978538064008,4029.5918367331137,990.6978538064008,121.69221185583892,2498.0280704543425,2498.0280704543425,121.69221185583892,634.3163883202752,899.8525468518542,3988.623012015034,899.8525468518542,634.3163883202752,525.5108119919453,101.12181566618702,2557.7333009009767,2557.7333009009767,101.12181566618702,525.5108119919453,437.65053503130997,596.0052880746583,932.6018135524291,4007.412285206011,932.6018135524291,596.0052880746583,437.65053503130997,505.54453379712123,512.523244443676,105.02334043313738,2540.853702201514,2540.853702201514,105.02334043313738,512.523244443676,505.54453379712123,401.73710984332735,452.2693889461708,616.2469717345122,911.2687085333042,4004.1086850213346,911.2687085333042,616.2469717345122,452.2693889461708,401.73710984332735
gatto,32141.999999987387,11475.909811284017,11475.909811284017,3919.9918428696287,31450.503401348204,3919.9918428696287,7988.918496515557,11224.310341240842,11224.310341240842,7988.918496515557,3508.725549956108,3867.843493957999,31507.28625417185,3867.843493957999,3508.725549956108,3848.3720170822294,8029.061934235523,11274.288174858753,11274.288174858753,8029.061934235523,3848.3720170822294,1844.130813470375,3490.985477377545,3861.1707189895133,31508.311173487018,3861.1707189895133,3490.985477377545,1844.130813470375,2737.3626642986223,3815.341763994589,8009.717864021843,11246.70955815106,11246.70955815106,8009.717864021843,3815.341763994589,2737.3626642986223,1531.6681703970498,1816.2880915877167,3516.295051178522,3882.701805632806,31492.672036567623,3882.701805632806,3516.295051178522,1816.2880915877167,1531.6681703970498
gatto,5452.999999997861,2088.627601344637,2088.627601344637,1288.5878838853807,5436.995464850475,1288.5878838853807,484.21397350630957,2097.979127240404,2097.979127240404,484.21397350630957,827.0010665549443,1286.7696061876986,5430.822635628086,1286.7696061876986,827.0010665549443,579.8242552302377,483.8228374768277,2098.125167536037,2098.125167536037,483.8228374768277,579.8242552302377,148.24651817820467,827.4995441843452,1281.2447957162576,5433.674007651776,1281.2447957162576,827.4995441843452,148.24651817820467,262.1821858345061,584.7886788969835,478.56919415621195,2096.7371615516836,2096.7371615516836,478.56919415621195,584.7886788969835,262.1821858345061,433.95649710502704,145.14040893663662,822.610260203103,1280.8539367188005,5430.103177373905,1280.8539367188005,822.610260203103,145.14040893663662,433.95649710502704
gatto,11717.999999995405,5004.443231663187,5004.443231663187,3743.526738140524,10332.671201810008,3743.526738140524,1121.7789737936585,5004.4432316631855,5004.4432316631855,1121.7789737936585,1555.489369070423,3743.5267381405242,10332.914156134593,3743.5267381405242,1555.489369070423,518.0557644498512,1121.7789737936585,5004.4432316631855,5004.4432316631855,1121.7789737936585,518.0557644498512,452.7138723340429,1556.1289291124788,3743.526738140524,10333.316643615635,3743.526738140524,1556.1289291124788,452.7138723340429,350.3190966823847,518.0557644498513,1121.7789737936585,5004.4432316631855,5004.4432316631855,1121.7789737936585,518.0557644498513,350.3190966823847,618.9907087178655,452.71387233404283,1557.0119434505818,3743.526738140524,10333.919691020175,3743.526738140524,1557.0119434505818,452.71387233404283,618.9907087178655
gatto,1494.9999999994138,1269.5117653381913,1269.5117653381913,706.8930296922316,1494.9999999994138,706.8930296922316,86.8636811330382,1269.5117653381913,1269.5117653381913,86.8636811330382,335.099505139689,706.8930296922316,1494.9999999994138,706.8930296922316,335.099505139689,406.454256355308,86.8636811330382,1269.5117653381913,1269.5117653381913,86.8636811330382,406.454256355308,212.1759069210373,335.099505139689,706.8930296922316,1494.9999999994138,706.8930296922316,335.099505139689,212.1759069210373,103.41690339989069,406.454256355308,86.8636811330382,1269.5117653381913,1269.5117653381913,86.8636811330382,406.454256355308,103.41690339989069,236.34660401837925,212.1759069210373,335.099505139689,706.8930296922316,1494.9999999994138,706.8930296922316,335.099505139689,212.1759069210373,236.34660401837925
gatto,40500.99999998411,5269.556914493215,5269.556914493215,10539.055971883592,40500.27437640134,10539.055971883592,4682.728706802012,5269.804195315968,5269.804195315968,4682.728706802012,7636.191978871623,10538.557495229928,40498.960726224715,10538.557495229928,7636.191978871623,4639.129549952996,4683.448494888861,5270.22334063981,5270.22334063981,4683.448494888861,4639.129549952996,605.5485736946977,7635.178839032902,10537.907904820697,40497.29801560732,10537.907904820697,7635.178839032902,605.5485736946977,2418.225018645646,4638.774248958503,4684.415538087236,5270.808645712697,5270.808645712697,4684.415538087236,4638.774248958503,2418.225018645646,1219.5469828239238,607.0027216722123,7634.179695206974,10537.200003402655,40495.56556640101,10537.200003402655,7634.179695206974,607.0027216722123,1219.5469828239238
gatto,6695.999999997373,523.1360427490016,523.1360427490016,2811.634076847105,5310.671201811976,2811.634076847105,721.5382411681055,523.1360427490016,523.1360427490016,721.5382411681055,1393.5802456122824,2811.634076847105,5310.914156136563,2811.634076847105,1393.5802456122824,975.3138965453944,721.5382411681054,523.1360427490011,523.1360427490011,721.5382411681054,975.3138965453944,920.20947972822,1393.526643955689,2811.634076847105,5311.316643617605,2811.634076847105,1393.526643955689,920.20947972822,561.9309576061044,975.3138965453943,721.5382411681054,523.1360427490011,523.1360427490011,721.5382411681054,975.3138965453943,561.9309576061044,816.9710971460057,920.20947972822,1393.4532690360072,2811.634076847105,5311.919691022145,2811.634076847105,1393.4532690360072,920.20947972822,816.9710971460057
gatto,5230.999999997948,2876.017995461257,2876.017995461257,2652.143494445697,5122.691609975315,2652.143494445697,1459.0599007074188,2810.6299345465095,2810.6299345465095,1459.0599007074188,25.321084665012634,2611.327083762662,5020.673993858614,2611.327083762662,25.321084665012634,384.8368550523185,1450.7797239990848,2768.7136385201466,2768.7136385201466,1450.7797239990848,384.8368550523185,434.17770848388926,30.438875107799124,2596.223334451017,4998.456616299948,2596.223334451017,30.438875107799124,434.17770848388926,114.16680386651123,380.1525545833685,1455.306284939446,2767.743447205207,2767.743447205207,1455.306284939446,380.1525545833685,114.16680386651123,651.6570331459778,432.62880867262544,34.26790941405261,2603.1459858749513,5019.245467152256,2603.1459858749513,34.26790941405261,432.62880867262544,651.6570331459778
gatto,13686.99999999463,6217.449804341968,6217.449804341968,3850.436766270934,12513.988662126609,3850.436766270934,3634.4825207535896,6025.698865279395,6025.698865279395,3634.4825207535896,856.671776359196,3756.5687894398175,12642.151526365225,3756.5687894398175,856.671776359196,1417.8772628530571,3649.027286398211,5987.7233662975195,5987.7233662975195,3649.027286398211,1417.8772628530571,339.510645919232,830.8016408266848,3776.5530398716633,12627.285941829818,3776.5530398716633,830.8016408266848,339.510645919232,519.2857111087685,1436.3980877144386,3619.5353935019484,6014.628516825998,6014.628516825998,3619.5353935019484,1436.3980877144386,519.2857111087685,1060.212686226555,336.4346022929659,822.354847283305,3784.4272599988017,12615.416662008927,3784.4272599988017,822.354847283305,336.4346022929659,1060.212686226555
gatto,33634.9999999868,18325.441746997996,18325.441746997996,3397.2651177478438,32374.999999987296,3397.2651177478438,7492.432245346674,18210.794376940892,18210.794376940892,7492.432245346674,5606.228388049429,3392.20847413325,32473.194456000958,3392.20847413325,5606.228388049429,2141.5540318204985,7478.103086340202,18168.878258668723,18168.878258668723,7478.103086340202,2141.5540318204985,1520.8474177076675,5627.913755739838,3381.7728400720976,32480.819137592884,3381.7728400720976,5627.913755739838,1520.8474177076675,1785.1256648116985,2153.3004776360235,7471.199763707613,18182.486649986917,18182.486649986917,7471.199763707613,2153.3004776360235,1785.1256648116985,1173.3677526795143,1510.242699290995,5619.71317092021,3379.210645603926,32467.85128809059,3379.210645603926,5619.71317092021,1510.242699290995,1173.3677526795143
gatto,21314.99999999164,11120.540861234718,11120.540861234718,6401.464458088966,19929.67120180624,6401.464458088966,1521.7512663991333,11120.540861234718,11120.540861234718,1521.7512663991333,499.73733785010654,6401.464458088965,19929.914156130828,6401.464458088965,499.73733785010654,896.5232614306434,1521.7512663991336,11120.54086123472,11120.54086123472,1521.7512663991336,896.5232614306434,664.9901493824707,499.2027404847588,6401.464458088965,19930.31664361187,6401.464458088965,499.2027404847588,664.9901493824707,519.8355494098214,896.5232614306433,1521.7512663991336,11120.540861234718,11120.540861234718,1521.7512663991336,896.5232614306433,519.8355494098214,1081.852225481936,664.9901493824707,498.46555033118193,6401.464458088965,19930.91969101641,6401.464458088965,498.46555033118193,664.9901493824707,1081.852225481936
gatto,42573.999999983294,5178.675322167342,5178.675322167342,1824.8079420117208,41289.12471653709,1824.8079420117208,2158.8539950158183,5262.247908177803,5262.247908177803,2158.8539950158183,2198.3043450984464,1771.4696313778352,41313.835007002475,1771.4696313778352,2198.3043450984464,1007.3853066993237,2134.7832833606653,5254.337705602033,5254.337705602033,2134.7832833606653,1007.3853066993237,962.1443477812079,2223.559988361262,1781.4453971275584,41293.841350742805,1781.4453971275584,2223.559988361262,962.1443477812079,1068.4523976563946,1027.0532422337433,2149.1807155517417,5247.514847992898,5247.514847992898,2149.1807155517417,1027.0532422337433,1068.4523976563946,1276.8798866360314,955.453832636138,2218.017189005121,1780.7680058436592,41307.96835440981,1780.7680058436592,2218.017189005121,955.453832636138,1276.8798866360314
gatto,23983.99999999059,7221.373478532076,7221.373478532076,5039.596722380134,22598.67120180519,5039.596722380134,1516.4103359434062,7221.373478532076,7221.373478532076,1516.4103359434062,3509.081409196691,5039.596722380134,22598.91415612978,5039.596722380134,3509.081409196691,1869.9493091671068,1516.4103359434064,7221.373478532077,7221.373478532077,1516.4103359434064,1869.9493091671068,1002.5521130219429,3508.40281629571,5039.596722380135,22599.31664361082,5039.596722380135,3508.40281629571,1002.5521130219429,601.219714018506,1869.9493091671068,1516.4103359434062,7221.373478532076,7221.373478532076,1516.4103359434062,1869.9493091671068,601.219714018506,1532.883191319232,1002.552113021943,3507.4660769353886,5039.596722380134,22599.919691015362,5039.596722380134,3507.4660769353886,1002.552113021943,1532.883191319232
gatto,20880.999999991807,5882.6424927450225,5882.6424927450225,430.96927606391574,19503.57596371117,430.96927606391574,1158.7574019251851,5877.694582023903,5877.694582023903,1158.7574019251851,381.0835161346231,420.1586578955298,19515.190383628793,420.1586578955298,381.0835161346231,2225.0581018024177,1146.60284639024,5872.55146322699,5872.55146322699,1146.60284639024,2225.0581018024177,1318.4416295637143,368.6906332988533,411.4413841493942,19524.775589376874,411.4413841493942,368.6906332988533,1318.4416295637143,1628.522698916823,2211.4376605086436,1138.8735401607064,5869.475325948379,5869.475325948379,1138.8735401607064,2211.4376605086436,1628.522698916823,1346.4312925876945,1308.182958166915,363.20846616368453,407.68614157041037,19529.272766100617,407.68614157041037,363.20846616368453,1308.182958166915,1346.4312925876945
gatto,16508.999999993524,8978.687839573606,8978.687839573606,1292.868650476087,15925.675736955203,1292.868650476087,2747.979869998027,8648.39670636498,8648.39670636498,2747.979869998027,3574.575803672229,1256.9767036245182,15855.79001032898,1256.9767036245182,3574.575803672229,644.0260114659777,2696.147800585219,8720.853068178556,8720.853068178556,2696.147800585219,644.0260114659777,2442.206560649271,3578.812600552475,1305.169019272538,15852.167167061998,1305.169019272538,3578.812600552475,2442.206560649271,1134.0143417587685,636.1235140596359,2718.5006385290862,8693.248495594684,8693.248495594684,2718.5006385290862,636.1235140596359,1134.0143417587685,1003.934484474989,2448.304700373344,3595.239350969408,1279.1200959441214,15845.542217274296,1279.1200959441214,3595.239350969408,2448.304700373344,1003.934484474989
gatto,15603.999999993881,5504.483260808797,5504.483260808797,6615.12288252694,15361.791383213927,6615.12288252694,2873.1895500142277,5508.762641635116,5508.762641635116,2873.1895500142277,480.3097345049828,6685.209925892432,15238.225739269325,6685.209925892432,480.3097345049828,791.0958219680143,2865.6722511959124,5500.450904629287,5500.450904629287,2865.6722511959124,791.0958219680143,1994.8234017245393,457.5627045168162,6673.101172984406,15258.58448173827,6673.101172984406,457.5627045168162,1994.8234017245393,1758.5650864530678,784.9410166038889,2860.899540160607,5488.519978750147,5488.519978750147,2860.899540160607,784.9410166038889,1758.5650864530678,2070.6362954953224,1996.401088988644,458.1536543561719,6665.947520936401,15255.82613466487,6665.947520936401,458.1536543561719,1996.401088988644,2070.6362954953224
gatto,10880.999999995733,6106.36380595024,6106.36380595024,973.3201936520546,9649.099773238844,973.3201936520546,2476.682099052075,5953.537612663364,5953.537612663364,2476.682099052075,19.804871987559274,890.3642039345309,9765.22330201539,890.3642039345309,19.804871987559274,1548.953679670077,2513.020700369058,5902.680689613906,5902.680689613906,2513.020700369058,1548.953679670077,778.7091625957162,17.9894166168245,893.641652152059,9767.583304049293,893.641652152059,17.9894166168245,778.7091625957162,577.5062150558841,1570.518095950911,2486.0049611550785,5925.523604388277,5925.523604388277,2486.0049611550785,1570.518095950911,577.5062150558841,542.5346432623761,772.9919309535882,31.101933421071646,908.8188958812569,9746.905875939821,908.8188958812569,31.101933421071646,772.9919309535882,542.5346432623761
gatto,10705.9999999958,7470.733730591243,7470.733730591243,883.6914949745498,10705.9999999958,883.6914949745498,4329.160681141568,7470.733730591243,7470.733730591243,4329.160681141568,4423.045674536095,883.6914949745498,10705.9999999958,883.6914949745498,4423.045674536095,1974.5344944049873,4329.160681141568,7470.733730591243,7470.733730591243,4329.160681141568,1974.5344944049873,1654.5334874978926,4423.045674536095,883.6914949745498,10705.9999999958,883.6914949745498,4423.045674536095,1654.5334874978926,1726.4424721036928,1974.5344944049873,4329.160681141568,7470.733730591243,7470.733730591243,4329.160681141568,1974.5344944049873,1726.4424721036928,1562.3938930160714,1654.5334874978926,4423.045674536095,883.6914949745498,10705.9999999958,883.6914949745498,4423.045674536095,1654.5334874978926,1562.3938930160714
gatto,28869.99999998867,10843.281376441257,10843.281376441257,6040.243460801174,27549.84126983046,6040.243460801174,2910.8219244645948,10856.358411514191,10856.358411514191,2910.8219244645948,3308.7543319931233,6078.403094317349,27595.750073261115,6078.403094317349,3308.7543319931233,4089.6989730188634,2867.2294115364075,10877.47266294871,10877.47266294871,2867.2294115364075,4089.6989730188634,2034.4327218317571,3322.8322856959385,6077.910935370613,27592.18635898284,6077.910935370613,3322.8322856959385,2034.4327218317571,1397.1785046947716,4089.12253745606,2887.9119470924325,10886.492109087625,10886.492109087625,2887.9119470924325,4089.12253745606,1397.1785046947716,276.35126446451164,2057.600777971452,3323.1844629657803,6070.714742053513,27585.911041892068,6070.714742053513,3323.1844629657803,2057.600777971452,276.35126446451164
gatto,20771.99999999185,10487.909767093883,10487.909767093883,5378.958736500331,20702.15419500322,5378.958736500331,1758.2319997371694,10517.855287022518,10517.855287022518,1758.2319997371694,2928.9862061874082,5408.4665776722195,20664.374165077432,5408.4665776722195,2928.9862061874082,4024.7817281746716,1727.7302283739332,10515.416257478906,10515.416257478906,1727.7302283739332,4024.7817281746716,2454.995918210416,2961.2313912971676,5416.040006545402,20674.03325083694,5416.040006545402,2961.2313912971676,2454.995918210416,735.8558594313987,4025.212796097507,1726.8792810337472,10509.074368804862,10509.074368804862,1726.8792810337472,4025.212796097507,735.8558594313987,590.9136545003198,2441.8364684716475,2953.2756395551064,5410.510807639986,20679.446464894285,5410.510807639986,2953.2756395551064,2441.8364684716475,590.9136545003198
gatto,17133.999999993277,328.66061173293826,328.66061173293826,2867.2543575965224,16035.437641717066,2867.2543575965224,253.6524034798939,311.48135967946655,311.48135967946655,253.6524034798939,1184.2749561096603,2845.0242673702987,16048.830795804093,2845.0242673702987,1184.2749561096603,1230.609578846235,194.61059923712006,311.6775848118695,311.6775848118695,194.61059923712006,1230.609578846235,171.1903612820896,1153.3333884228464,2887.8735610992007,16006.939102532822,2887.8735610992007,1153.3333884228464,171.1903612820896,468.04574933961226,1198.0800274835537,193.17157148678578,308.77742552981334,308.77742552981334,193.17157148678578,1198.0800274835537,468.04574933961226,251.48706407873493,177.5969412987607,1158.9957197863455,2851.548395030858,16046.408842226927,2851.548395030858,1158.9957197863455,177.5969412987607,251.48706407873493
gatto,27049.999999989384,15342.172611992464,15342.172611992464,1914.6525890799992,27049.999999989384,1914.6525890799992,2516.153828140825,15342.172611992464,15342.172611992464,2516.153828140825,3728.869645832146,1914.6525890799992,27049.999999989384,1914.6525890799992,3728.869645832146,2905.504186449059,2516.153828140825,15342.172611992464,15342.172611992464,2516.153828140825,2905.504186449059,1269.3878863059006,3728.869645832146,1914.6525890799992,27049.999999989384,1914.6525890799992,3728.869645832146,1269.3878863059006,674.3555106594056,2905.504186449059,2516.153828140825,15342.172611992464,15342.172611992464,2516.153828140825,2905.504186449059,674.3555106594056,914.3668470374595,1269.3878863059006,3728.869645832146,1914.6525890799992,27049.999999989384,1914.6525890799992,3728.869645832146,1269.3878863059006,914.3668470374595
gatto,27293.99999998929,4325.6187802918885,4325.6187802918885,3235.6829413445184,25908.671201803892,3235.6829413445184,4550.0170671271035,4325.618780291888,4325.618780291888,4550.0170671271035,4245.62627534963,3235.682941344518,25908.914156128478,3235.682941344518,4245.62627534963,763.7099714562207,4550.0170671271035,4325.618780291888,4325.618780291888,4550.0170671271035,763.7099714562207,2103.5787063851994,4245.040619341764,3235.682941344518,25909.31664360952,3235.682941344518,4245.040619341764,2103.5787063851994,2114.1620247898272,763.7099714562205,4550.0170671271035,4325.618780291887,4325.618780291887,4550.0170671271035,763.7099714562205,2114.1620247898272,1993.1853017414126,2103.5787063851994,4244.232215713936,3235.682941344518,25909.91969101406,3235.682941344518,4244.232215713936,2103.5787063851994,1993.1853017414126
gatto,20988.999999991767,9281.629486209424,9281.629486209424,6102.59313459161,19905.03174602394,6102.59313459161,2688.3984410673256,9118.148607863734,9118.148607863734,2688.3984410673256,1393.7789303345505,6096.50306209036,19957.84983108107,6096.50306209036,1393.7789303345505,858.5369311398327,2702.9142352219023,9156.767733992318,9156.767733992318,2702.9142352219023,858.5369311398327,1285.3839992262392,1315.940216744061,6083.7530683296945,19952.743855797427,6083.7530683296945,1315.940216744061,1285.3839992262392,974.1066795994426,856.4144740185354,2669.2257492987396,9137.63021196068,9137.63021196068,2669.2257492987396,856.4144740185354,974.1066795994426,1435.9249894168718,1288.4498339530833,1347.4803688699023,6100.4903335554545,19972.078361957047,6100.4903335554545,1347.4803688699023,1288.4498339530833,1435.9249894168718
gatto,25831.999999989865,1324.899792637861,1324.899792637861,5201.414155904103,24446.67120180447,5201.414155904103,1624.1392507842434,1324.899792637861,1324.899792637861,1624.1392507842434,1571.5371584516924,5201.414155904104,24446.914156129056,5201.414155904104,1571.5371584516924,1702.138534478278,1624.139250784243,1324.8997926378615,1324.8997926378615,1624.139250784243,1702.138534478278,1454.5924804753688,1570.899249121429,5201.414155904103,24447.316643610095,5201.414155904103,1570.899249121429,1454.5924804753688,896.1768112964884,1702.138534478278,1624.139250784243,1324.899792637861,1324.899792637861,1624.139250784243,1702.138534478278,896.1768112964884,935.0277637699633,1454.5924804753688,1570.018767386007,5201.414155904103,24447.919691014642,5201.414155904103,1570.018767386007,1454.5924804753688,935.0277637699633
gatto,24522.999999990378,10962.725636431722,10962.725636431722,890.0916631663509,23137.67120180498,890.0916631663509,4282.325078672113,10962.725636431722,10962.725636431722,4282.325078672113,2807.5888891676914,890.0916631663505,23137.91415612957,890.0916631663505,2807.5888891676914,1085.5335899549214,4282.325078672114,10962.725636431722,10962.725636431722,4282.325078672114,1085.5335899549214,2649.553570019951,2807.860652720871,890.09166316635,23138.31664361061,890.09166316635,2807.860652720871,2649.553570019951,1253.624001383506,1085.5335899549214,4282.325078672114,10962.725636431722,10962.725636431722,4282.325078672114,1085.5335899549214,1253.624001383506,135.21763795691137,2649.553570019951,2808.236077996762,890.0916631663505,23138.91969101515,890.0916631663505,2808.236077996762,2649.553570019951,135.21763795691137
gatto,12732.999999995003,6880.899513985748,6880.899513985748,2405.066474815702,11450.560090698455,2405.066474815702,2024.3555834595672,6820.642245830404,6820.642245830404,2024.3555834595672,1652.3975038185229,2329.1283931762564,11547.183658039186,2329.1283931762564,1652.3975038185229,1145.7660632302704,2046.1580475060023,6794.181120437283,6794.181120437283,2046.1580475060023,1145.7660632302704,696.7674157783915,1649.8109954655845,2303.6660565414722,11567.14005191643,2303.6660565414722,1649.8109954655845,696.7674157783915,872.8158433163035,1158.179834130166,2040.689402058484,6803.330229769949,6803.330229769949,2040.689402058484,1158.179834130166,872.8158433163035,1286.1513746125827,706.071295495143,1649.753451717338,2313.7175465909604,11546.752933585052,2313.7175465909604,1649.753451717338,706.071295495143,1286.1513746125827
gatto,9778.999999996164,4831.081245494971,4831.081245494971,2206.9102090486854,9210.378684803643,2206.9102090486854,2667.531665295783,4603.627993570495,4603.627993570495,2667.531665295783,975.1203946170795,2254.7686595121013,9191.08817313413,2254.7686595121013,975.1203946170795,1221.4390251321918,2674.0342380339885,4657.142850410409,4657.142850410409,2674.0342380339885,1221.4390251321918,1450.6460591282346,1018.7766660223969,2234.445873511576,9210.193518915123,2234.445873511576,1018.7766660223969,1450.6460591282346,942.8226517720032,1229.1797621056573,2672.3826082309934,4637.167453256136,4637.167453256136,2672.3826082309934,1229.1797621056573,942.8226517720032,636.9222697163716,1471.4192453669739,1000.9962601324662,2248.5340546755574,9201.473038642338,2248.5340546755574,1000.9962601324662,1471.4192453669739,636.9222697163716
gatto,8433.999999996691,3042.883157765431,3042.883157765431,1567.6713637534062,8062.140589565999,1567.6713637534062,519.0141426780867,2914.0765716991355,2914.0765716991355,519.0141426780867,396.9719460644158,1429.5047923648938,8043.899949092129,1429.5047923648938,396.9719460644158,12.471979014035549,591.7787175546874,2870.943169191401,2870.943169191401,591.7787175546874,12.471979014035549,335.36647275485814,362.06863672006745,1476.4555687523498,8022.374369522087,1476.4555687523498,362.06863672006745,335.36647275485814,442.75711295432865,12.983405153480014,536.7954887190067,2920.0912215011194,2920.0912215011194,536.7954887190067,12.983405153480014,442.75711295432865,107.30644850689691,324.92901791488504,363.5733361295714,1468.305169847112,8054.582540364021,1468.305169847112,363.5733361295714,324.92901791488504,107.30644850689691
gatto,27913.99999998905,5511.97721015642,5511.97721015642,6426.395627376714,26576.244897948756,6426.395627376714,3867.342444127666,5494.822584883324,5494.822584883324,3867.342444127666,3009.4558594649066,6414.281110515829,26595.586622847324,6414.281110515829,3009.4558594649066,3076.6969558243404,3898.107251890128,5486.125628956299,5486.125628956299,3898.107251890128,3076.6969558243404,1696.6346684592415,3025.157694332766,6426.733935352009,26610.244087908613,6426.733935352009,3025.157694332766,1696.6346684592415,774.0975673291615,3071.7846526814183,3899.0837376153772,5480.0318172342195,5480.0318172342195,3899.0837376153772,3071.7846526814183,774.0975673291615,1933.217571442707,1704.3669403885929,3038.4314260880874,6414.60116343491,26623.464979494227,6414.60116343491,3038.4314260880874,1704.3669403885929,1933.217571442707
gatto,45476.99999998216,3449.143109983632,3449.143109983632,5939.114864061857,44213.48979590101,5939.114864061857,8385.001034649315,3496.6371165550477,3496.6371165550477,8385.001034649315,6386.448751588491,6025.940205823725,44291.27652056818,6025.940205823725,6386.448751588491,4094.77471465333,8346.479092364747,3511.591703769783,3511.591703769783,8346.479092364747,4094.77471465333,1496.9846274482454,6413.159439600884,6017.801271694835,44272.09351239646,6017.801271694835,6413.159439600884,1496.9846274482454,1963.0095106011706,4097.489275800824,8345.7485036643,3503.1160336090816,3503.1160336090816,8345.7485036643,4097.489275800824,1963.0095106011706,1440.8130387038414,1498.487319297022,6401.890005515568,5996.645211659729,44250.35505663816,5996.645211659729,6401.890005515568,1498.487319297022,1440.8130387038414
gatto,20089.999999992116,3888.5100405855337,3888.5100405855337,2766.3239832140516,19383.69160996972,2766.3239832140516,2208.007948734882,4119.178776294355,4119.178776294355,2208.007948734882,1754.0216243580198,2656.356132948769,19271.502954008512,2656.356132948769,1754.0216243580198,2751.181123906537,2102.4465463480396,4026.295470726601,4026.295470726601,2102.4465463480396,2751.181123906537,2234.424464876636,1753.7687937758403,2667.9928082516894,19292.266539457356,2667.9928082516894,1753.7687937758403,2234.424464876636,1201.4104343276858,2719.122348397412,2138.8246753686835,4058.5465342405255,4058.5465342405255,2138.8246753686835,2719.122348397412,1201.4104343276858,159.14419753241464,2261.8540938123015,1750.020100373872,2670.2094458965157,19282.64740058831,2670.2094458965157,1750.020100373872,2261.8540938123015,159.14419753241464
gatto,19987.999999992157,3974.225819493524,3974.225819493524,2236.930500484948,18682.2766439836,2236.930500484948,2046.3239739066019,3964.5211423170194,3964.5211423170194,2046.3239739066019,1084.872001113332,2286.1016206850745,18735.333425880013,2286.1016206850745,1084.872001113332,1323.549828958991,2025.2590509096863,3968.6433671651416,3968.6433671651416,2025.2590509096863,1323.549828958991,1075.3142581170464,1078.490161547269,2284.5946650577134,18729.105545572824,2284.5946650577134,1078.490161547269,1075.3142581170464,898.9470810308095,1303.3472617988502,2037.4633962302914,3978.0317139968242,3978.0317139968242,2037.4633962302914,1303.3472617988502,898.9470810308095,727.8606804765417,1054.5018333989237,1072.6328425819522,2276.080933089426,18721.066919704957,2276.080933089426,1072.6328425819522,1054.5018333989237,727.8606804765417
gatto,17079.9999999933,3938.5589331139336,3938.5589331139336,4068.448024153888,16363.142857136438,4068.448024153888,3614.784314281759,3696.024544215267,3696.024544215267,3614.784314281759,2485.6829621725155,4043.0753069852103,16325.829299513856,4043.0753069852103,2485.6829621725155,1538.6061190140583,3572.350059508798,3714.993373603912,3714.993373603912,3572.350059508798,1538.6061190140583,927.0894974557574,2453.1097401529423,4056.4230225502206,16399.048341074536,4056.4230225502206,2453.1097401529423,927.0894974557574,1487.2706032399426,1567.0511508072625,3596.191707482554,3725.5450396328397,3725.5450396328397,3596.191707482554,1567.0511508072625,1487.2706032399426,1470.3816160394676,916.6146757612881,2468.155111066664,4044.9605765033407,16321.449606455042,4044.9605765033407,2468.155111066664,916.6146757612881,1470.3816160394676
gatto,19065.99999999252,6067.944709418218,6067.944709418218,2037.9200568988083,18243.04308389307,2037.9200568988083,5091.086657272758,5851.2699105897,5851.2699105897,5091.086657272758,2928.871418601973,1990.8086495022635,18245.809647207738,1990.8086495022635,2928.871418601973,2114.2375706610514,5045.756519433561,5916.326042970642,5916.326042970642,5045.756519433561,2114.2375706610514,280.81737414042016,2965.8973978589743,2006.45738125488,18217.760484485323,2006.45738125488,2965.8973978589743,280.81737414042016,2770.1006969004357,2163.55733790954,5067.958408411624,5883.91159102458,5883.91159102458,5067.958408411624,2163.55733790954,2770.1006969004357,1844.7801109079192,276.4187302659142,2935.191820609867,1997.5957309621638,18205.57184080517,1997.5957309621638,2935.191820609867,276.4187302659142,1844.7801109079192
gatto,13400.999999994743,689.7537150535355,689.7537150535355,3235.1246647040334,12092.360544212943,3235.1246647040334,1250.9133139714554,747.5723585690696,747.5723585690696,1250.9133139714554,901.5760943530853,3222.8963171423698,12167.828142590133,3222.8963171423698,901.5760943530853,1486.78384632981,1273.4332370148757,774.6714119076491,774.6714119076491,1273.4332370148757,1486.78384632981,1625.1851824544985,897.4790511957902,3210.0909040366973,12188.105485738244,3210.0909040366973,897.4790511957902,1625.1851824544985,1037.4711788288005,1500.3374726560007,1254.6259333141265,763.4022955715769,763.4022955715769,1254.6259333141265,1500.3374726560007,1037.4711788288005,901.1520504602336,1650.7286114715803,896.8110509383826,3205.8166362888032,12176.000747605147,3205.8166362888032,896.8110509383826,1650.7286114715803,901.1520504602336
gatto,38560.999999984866,3734.4668682244132,3734.4668682244132,1165.130510083812,38219.90702946346,1165.130510083812,3985.3279682702882,3781.1069025083443,3781.1069025083443,3985.3279682702882,6451.317888624126,1191.0056193287392,38116.05452973345,1191.0056193287392,6451.317888624126,3375.304356157874,3894.480372253482,3807.394596647147,3807.394596647147,3894.480372253482,3375.304356157874,2293.9094515534516,6459.272264839445,1207.931249469348,38140.77753449659,1207.931249469348,6459.272264839445,2293.9094515534516,1819.194587946981,3384.555746689954,3917.30048884038,3775.1382386108053,3775.1382386108053,3917.30048884038,3384.555746689954,1819.194587946981,1616.7850244237761,2262.023864200506,6446.011344478985,1202.4253071705268,38148.24991321773,1202.4253071705268,6446.011344478985,2262.023864200506,1616.7850244237761
gatto,17109.999999993284,2382.280494223649,2382.280494223649,6473.631838091779,15755.206349200169,6473.631838091779,3996.5658619506353,2414.4588387269496,2414.4588387269496,3996.5658619506353,3082.8106305650454,6505.9061906659645,15779.21813441311,6505.9061906659645,3082.8106305650454,2299.9515880248136,3974.608832268602,2426.7760932262377,2426.7760932262377,3974.608832268602,2299.9515880248136,974.8173765037135,3097.971781939435,6510.365738990933,15781.616109996032,6510.365738990933,3097.971781939435,974.8173765037135,1715.8824596004986,2285.189599508839,3977.7410471132657,2423.4625611675933,2423.4625611675933,3977.7410471132657,2285.189599508839,1715.8824596004986,771.3641128899918,985.6694526165157,3099.141917942166,6506.464431664473,15780.731528707327,6506.464431664473,3099.141917942166,985.6694526165157,771.3641128899918
gatto,36266.99999998577,3591.7469011026687,3591.7469011026687,3173.1256925549033,34888.065759623496,3173.1256925549033,2752.7779739683297,3597.344259886197,3597.344259886197,2752.7779739683297,2148.231000463475,3177.1368943243647,34896.6499297995,3177.1368943243647,2148.231000463475,1445.8277353614176,2753.321174260207,3601.6801452410214,3601.6801452410214,2753.321174260207,1445.8277353614176,511.6244151118588,2142.2777107397146,3180.7600891887373,34902.81465773444,3180.7600891887373,2142.2777107397146,511.6244151118588,886.5113512093051,1438.908819918107,2752.776938096541,3602.764037676518,3602.764037676518,2752.776938096541,1438.908819918107,886.5113512093051,1163.8857318118398,507.20051060345594,2139.7023429947494,3183.0488596025866,34905.662545619954,3183.0488596025866,2139.7023429947494,507.20051060345594,1163.8857318118398
gatto,37315.99999998535,14838.763674081001,14838.763674081001,299.3347734923985,36529.36507935074,299.3347734923985,4061.2550841761717,14798.08739507986,14798.08739507986,4061.2550841761717,3847.322904990878,366.58380845010976,36694.385425811255,366.58380845010976,3847.322904990878,1663.756496681075,4043.651081947316,14771.407407249715,14771.407407249715,4043.651081947316,1663.756496681075,1749.5605597382105,3818.3431465834065,330.9367654410005,36597.8127816783,330.9367654410005,3818.3431465834065,1749.5605597382105,1304.7792533397626,1615.0544928456684,4040.6129806167196,14783.45823368831,14783.45823368831,4040.6129806167196,1615.0544928456684,1304.7792533397626,1585.9088222040666,1777.0404855074032,3824.7827162515414,344.0865522234523,36618.25472895696,344.0865522234523,3824.7827162515414,1777.0404855074032,1585.9088222040666
gatto,35892.999999985914,5201.066426858861,5201.066426858861,2826.320173089065,34514.11564624496,2826.320173089065,4292.908640489777,5207.071134779695,5207.071134779695,4292.908640489777,4163.069919042799,2823.2205695716702,34521.66830177429,2823.2205695716702,4163.069919042799,1594.1979768171254,4292.868593162719,5211.052010919694,5211.052010919694,4292.868593162719,1594.1979768171254,1358.1528048159562,4158.460541814002,2822.3021200235457,34524.94350914901,2822.3021200235457,4158.460541814002,1358.1528048159562,1200.7208009074654,1602.1889365310597,4292.71462991341,5210.610154084692,5210.610154084692,4292.71462991341,1602.1889365310597,1200.7208009074654,700.2669838486371,1353.0229618175242,4157.412369034885,2823.628055153255,34523.99580755273,2823.628055153255,4157.412369034885,1353.0229618175242,700.2669838486371
gatto,25780.999999989883,4405.7343731937135,4405.7343731937135,3004.0640069384604,24395.671201804485,3004.0640069384604,3054.7841820656627,4405.734373193714,4405.734373193714,3054.7841820656627,2965.4317742049952,3004.06400693846,24395.914156129074,3004.06400693846,2965.4317742049952,2040.5197762268108,3054.784182065662,4405.734373193714,4405.734373193714,3054.784182065662,2040.5197762268108,661.2075219591824,2964.729432941763,3004.064006938461,24396.316643610116,3004.064006938461,2964.729432941763,661.2075219591824,764.0522804739834,2040.5197762268108,3054.784182065662,4405.734373193714,4405.734373193714,3054.784182065662,2040.5197762268108,764.0522804739834,991.1302654624081,661.2075219591826,2963.759897569443,3004.0640069384604,24396.919691014653,3004.0640069384604,2963.759897569443,661.2075219591826,991.1302654624081
gatto,33758.99999998676,7796.5859728424575,7796.5859728424575,6259.596381017481,32590.90929703937,6259.596381017481,3207.155684233529,7823.234754525213,7823.234754525213,3207.155684233529,2692.3378979987688,6301.342048378645,32638.671988510494,6301.342048378645,2692.3378979987688,2426.324372545263,3183.834728996227,7783.082973976413,7783.082973976413,3183.834728996227,2426.324372545263,3567.215930788476,2729.1210917697235,6305.314851764778,32610.106556526003,6305.314851764778,2729.1210917697235,3567.215930788476,881.2316471447772,2419.781024395071,3215.7458339858804,7796.8058730870935,7796.8058730870935,3215.7458339858804,2419.781024395071,881.2316471447772,1663.5607119934716,3586.6441638646925,2729.6186112922587,6283.736172335539,32614.876300851418,6283.736172335539,2729.6186112922587,3586.6441638646925,1663.5607119934716
gatto,36719.99999998559,8795.345341454798,8795.345341454798,7554.364100216678,35349.38321994078,7554.364100216678,2858.8393048103553,8786.105723827677,8786.105723827677,2858.8393048103553,3445.227306003061,7560.924348657884,35348.17973990931,7560.924348657884,3445.227306003061,4023.5706870185077,2862.0029374152214,8789.988495901505,8789.988495901505,2862.0029374152214,4023.5706870185077,1095.3624293176388,3444.329469124011,7556.117277648802,35344.38260390499,7556.117277648802,3444.329469124011,1095.3624293176388,899.5844752252143,4023.2108038014003,2858.5778965396903,8792.718949413236,8792.718949413236,2858.5778965396903,4023.2108038014003,899.5844752252143,1844.4861408681854,1096.9250824049054,3443.679241166325,7555.177266165332,35345.90872445899,7555.177266165332,3443.679241166325,1096.9250824049054,1844.4861408681854
gatto,16689.99999999345,12426.062642860716,12426.062642860716,7745.229244147562,16049.233560084404,7745.229244147562,3252.1465186154014,12296.91130271817,12296.91130271817,3252.1465186154014,952.8195959759275,7622.829560381113,16173.663535249025,7622.829560381113,952.8195959759275,2392.1920834387897,3195.101852433043,12294.56132389548,12294.56132389548,3195.101852433043,2392.1920834387897,2454.4710953201106,955.3111068689198,7638.702843611799,16161.39384677845,7638.702843611799,955.3111068689198,2454.4710953201106,1838.6615616011734,2400.0308303003303,3224.980893378654,12292.395483840979,12292.395483840979,3224.980893378654,2400.0308303003303,1838.6615616011734,900.1706010397432,2425.9199626081086,959.2607692955455,7648.771346631742,16151.300604885282,7648.771346631742,959.2607692955455,2425.9199626081086,900.1706010397432
gatto,16737.99999999343,11572.752840772984,11572.752840772984,6115.600821518773,16634.462585027486,6115.600821518773,5144.354349937654,11615.838015700445,11615.838015700445,5144.354349937654,4109.758072522776,6132.567718924708,16551.04296048836,6132.567718924708,4109.758072522776,3891.615670180086,5124.85238770619,11635.463201461476,11635.463201461476,5124.85238770619,3891.615670180086,2722.8090655686087,4128.905375543167,6123.963335097515,16544.61075507243,6123.963335097515,4128.905375543167,2722.8090655686087,904.371926310215,3891.2516182128147,5135.19478611072,11630.521895229364,11630.521895229364,5135.19478611072,3891.2516182128147,904.371926310215,2404.5189603596677,2707.71122767563,4110.3576435907335,6116.423995228295,16558.373151202544,6116.423995228295,4110.3576435907335,2707.71122767563,2404.5189603596677
gatto,31879.999999987493,15135.444168633256,15135.444168633256,3605.113688807439,31869.66893422786,3605.113688807439,4128.678776344551,15144.28006511947,15144.28006511947,4128.678776344551,5124.251749011009,3601.499723454581,31858.28454192219,3601.499723454581,5124.251749011009,2335.2556161598945,4141.329259610953,15150.213865711588,15150.213865711588,4141.329259610953,2335.2556161598945,1284.5522194410603,5129.141320100757,3599.517028497661,31853.833379067335,3599.517028497661,5129.141320100757,1284.5522194410603,1652.6888574349055,2335.221074607402,4144.073150344082,15150.48296455722,15150.48296455722,4144.073150344082,2335.221074607402,1652.6888574349055,1344.2121233508049,1276.7698376084857,5130.5508999026415,3599.4522192236573,31855.525993838863,3599.4522192236573,5130.5508999026415,1276.7698376084857,1344.2121233508049
gatto,44542.99999998252,8135.2210698772515,8135.2210698772515,3721.5804058791664,44228.986394540465,3721.5804058791664,2814.5206544663556,8095.533292796766,8095.533292796766,2814.5206544663556,5190.814044158416,3666.317072414376,44146.61306244122,3666.317072414376,5190.814044158416,5401.625610881549,2782.7715637833885,8104.95288877617,8104.95288877617,2782.7715637833885,5401.625610881549,502.1425682951222,5186.021924660052,3698.753968016425,44160.97248681112,3698.753968016425,5186.021924660052,502.1425682951222,1514.391510139085,5374.281226850528,2786.6064361542226,8093.555302277529,8093.555302277529,2786.6064361542226,5374.281226850528,1514.391510139085,614.6219030716765,512.6117231356113,5183.737558013266,3689.8473383338214,44129.92297569958,3689.8473383338214,5183.737558013266,512.6117231356113,614.6219030716765
gatto,15596.999999993883,3717.0551607391644,3717.0551607391644,6138.283281123023,14211.671201808484,6138.283281123023,2235.4889713564485,3717.055160739165,3717.055160739165,2235.4889713564485,2717.596350670967,6138.283281123023,14211.914156133073,6138.283281123023,2717.596350670967,1530.1693034606442,2235.4889713564485,3717.0551607391644,3717.0551607391644,2235.4889713564485,1530.1693034606442,864.0436103424455,2718.260705735527,6138.283281123023,14212.316643614115,6138.283281123023,2718.260705735527,864.0436103424455,876.0642675079453,1530.1693034606444,2235.4889713564485,3717.055160739165,3717.055160739165,2235.4889713564485,1530.1693034606444,876.0642675079453,397.1556663679915,864.0436103424455,2719.177875109567,6138.283281123023,14212.919691018655,6138.283281123023,2719.177875109567,864.0436103424455,397.1556663679915
gatto,45487.999999982145,4497.616795130088,4497.616795130088,4449.483807350756,44269.75056687605,4449.483807350756,3676.6026670080864,4568.330664882353,4568.330664882353,3676.6026670080864,5865.74176521898,4425.419036708085,44382.67394756615,4425.419036708085,5865.74176521898,1657.5643690402583,3694.0037853494887,4603.650095558861,4603.650095558861,3694.0037853494887,1657.5643690402583,2823.7863680974096,5849.834633558372,4412.664468961277,44362.09883548898,4412.664468961277,5849.834633558372,2823.7863680974096,1942.8428889354002,1688.0659907001132,3690.2372287741778,4598.945305453379,4598.945305453379,3690.2372287741778,1688.0659907001132,1942.8428889354002,2714.10733509014,2800.2814099249426,5862.721900326519,4417.179698081328,44333.34227996919,4417.179698081328,5862.721900326519,2800.2814099249426,2714.10733509014
gatto,41586.99999998368,6142.925156201462,6142.925156201462,5544.129492444362,40215.66666665088,5544.129492444362,185.87689913385898,6139.053866991433,6139.053866991433,185.87689913385898,3250.0693900393744,5543.59904406108,40230.760716969424,5543.59904406108,3250.0693900393744,2602.24554644926,199.46844453393777,6136.595370045686,6136.595370045686,199.46844453393777,2602.24554644926,1816.9099163232597,3260.6884969131656,5543.440359477462,40235.417587880016,5543.440359477462,3260.6884969131656,1816.9099163232597,1093.0001444595991,2586.997697500401,201.7338533701405,6136.726842699297,6136.726842699297,201.7338533701405,2586.997697500401,1093.0001444595991,632.5981632765875,1830.5434305244626,3259.4537275870443,5543.777774483305,40231.12880325922,5543.777774483305,3259.4537275870443,1830.5434305244626,632.5981632765875
gatto,48807.99999998084,2167.181736020746,2167.181736020746,5278.012379706509,48735.142857123734,5278.012379706509,992.3335628325237,2137.605571749393,2137.605571749393,992.3335628325237,5206.9807694659485,5276.064119829364,48756.94380425995,5276.064119829364,5206.9807694659485,2421.1318391816076,985.3448937503001,2157.921118907668,2157.921118907668,985.3448937503001,2421.1318391816076,2075.1188595006342,5214.086895377749,5273.312295335845,48768.11055797147,5273.312295335845,5214.086895377749,2075.1188595006342,1147.8596595751212,2423.792025914698,1000.2830523062715,2152.364278520195,2152.364278520195,1000.2830523062715,2423.792025914698,1147.8596595751212,1690.8963886806728,2076.5532559444887,5203.739499161368,5278.095426163525,48750.284268865864,5278.095426163525,5203.739499161368,2076.5532559444887,1690.8963886806728
gatto,12812.999999994974,5375.675123174951,5375.675123174951,3759.756433106651,12571.512471650396,3759.756433106651,3633.370964566572,5300.073880395536,5300.073880395536,3633.370964566572,1366.4388717644388,3813.6342075006055,12530.094605637794,3813.6342075006055,1366.4388717644388,739.9603384199642,3660.476874094963,5335.100494698135,5335.100494698135,3660.476874094963,739.9603384199642,1071.2215248140528,1320.4561832558727,3830.662336753088,12595.51950748217,3830.662336753088,1320.4561832558727,1071.2215248140528,1229.29968084775,723.0938115033782,3678.5573426179503,5346.225607792327,5346.225607792327,3678.5573426179503,723.0938115033782,1229.29968084775,724.5728969437888,1060.0857490648823,1353.846289028758,3826.2881634934047,12558.859119725415,3826.2881634934047,1353.846289028758,1060.0857490648823,724.5728969437888
gatto,3929.9999999984584,2835.484079966043,2835.484079966043,1835.8202367140964,3929.9999999984584,1835.8202367140964,887.461687112332,2835.484079966043,2835.484079966043,887.461687112332,1016.7148299534529,1835.8202367140964,3929.9999999984584,1835.8202367140964,1016.7148299534529,1098.1660560708335,887.461687112332,2835.484079966043,2835.484079966043,887.461687112332,1098.1660560708335,1441.6283305882907,1016.7148299534529,1835.8202367140964,3929.9999999984584,1835.8202367140964,1016.7148299534529,1441.6283305882907,1053.8090768498455,1098.1660560708335,887.461687112332,2835.484079966043,2835.484079966043,887.461687112332,1098.1660560708335,1053.8090768498455,909.0892647209945,1441.6283305882907,1016.7148299534529,1835.8202367140964,3929.9999999984584,1835.8202367140964,1016.7148299534529,1441.6283305882907,909.0892647209945
gatto,23254.999999990876,1586.5163616854566,1586.5163616854566,10843.250200065499,23254.741496589515,10843.250200065499,2058.9179375971758,1586.519650710204,1586.519650710204,2058.9179375971758,6426.4403858701135,10843.710947629332,23254.275363651082,10843.710947629332,6426.4403858701135,2604.3933414632993,2059.497514763811,1586.5243333613496,1586.5243333613496,2059.497514763811,2604.3933414632993,2156.239473901597,6426.760242808618,10844.289042299186,23253.69206402861,10844.289042299186,6426.760242808618,2156.239473901597,1564.709642502282,2604.0706927709625,2060.149336913033,1586.5293318065817,1586.5293318065817,2060.149336913033,2604.0706927709625,1564.709642502282,3994.859293410422,2155.4520030589974,6427.086928906287,10844.876856304238,23253.101743389103,10844.876856304238,6427.086928906287,2155.4520030589974,3994.859293410422
gatto,5590.999999997807,2276.239672499641,2276.239672499641,653.4330769610458,5585.2040816304625,653.4330769610458,1158.2224149903034,2282.3151054883338,2282.3151054883338,1158.2224149903034,3164.0059519526403,646.4932913313847,5577.883304793654,646.4932913313847,3164.0059519526403,2373.164398681793,1154.075925728237,2287.660127601372,2287.660127601372,1154.075925728237,2373.164398681793,392.73461061518697,3173.222205129766,642.1499559527847,5573.386361437665,642.1499559527847,3173.222205129766,392.73461061518697,310.25156437213803,2363.559180733163,1152.3168304717044,2289.877845298802,2289.877845298802,1152.3168304717044,2363.559180733163,310.25156437213803,1246.4827503939234,398.2332061474,3176.1769414889727,641.2148619441083,5572.5662473323855,641.2148619441083,3176.1769414889727,398.2332061474,1246.4827503939234
gatto,45167.999999982276,6043.290850676576,6043.290850676576,6384.4599279104195,45167.83673467616,6384.4599279104195,1504.1764720105007,6043.496273311683,6043.496273311683,1504.1764720105007,9232.657782605957,6384.363076768822,45167.53044254479,6384.363076768822,9232.657782605957,1768.1958352566683,1504.5129722736287,6043.810425665836,6043.810425665836,1504.5129722736287,1768.1958352566683,789.6605008157477,9232.214469310476,6384.233165193735,45167.118779855744,6384.233165193735,9232.214469310476,789.6605008157477,1471.4663205966708,1768.1703122109918,1504.9260897315974,6044.195097100248,6044.195097100248,1504.9260897315974,1768.1703122109918,1471.4663205966708,2890.7559888799046,789.1085846052647,9231.708939397431,6384.086171725377,45166.651596681695,6384.086171725377,9231.708939397431,789.1085846052647,2890.7559888799046
gatto,3358.9999999986826,2594.244269833209,2594.244269833209,2215.566353726289,3358.9999999986826,2215.566353726289,2112.942112169753,2594.244269833209,2594.244269833209,2112.942112169753,2141.957781315474,2215.566353726289,3358.9999999986826,2215.566353726289,2141.957781315474,1759.9119497325762,2112.942112169753,2594.244269833209,2594.244269833209,2112.942112169753,1759.9119497325762,1457.621315890204,2141.957781315474,2215.566353726289,3358.9999999986826,2215.566353726289,2141.957781315474,1457.621315890204,1076.4606970839154,1759.9119497325762,2112.942112169753,2594.244269833209,2594.244269833209,2112.942112169753,1759.9119497325762,1076.4606970839154,647.721264128252,1457.621315890204,2141.957781315474,2215.566353726289,3358.9999999986826,2215.566353726289,2141.957781315474,1457.621315890204,647.721264128252
gatto,10850.999999995744,3688.336205278294,3688.336205278294,3776.8313379542965,10216.315192739756,3776.8313379542965,863.6729024488897,3397.651884548272,3397.651884548272,863.6729024488897,1951.776896332309,3726.5296497806726,10164.761303156734,3726.5296497806726,1951.776896332309,212.7890848179079,878.3158516619292,3458.894316573359,3458.894316573359,878.3158516619292,212.7890848179079,2089.9695266254002,1934.1772301806602,3764.485166358273,10203.762915833126,3764.485166358273,1934.1772301806602,2089.9695266254002,317.2801375077899,228.07639368153895,884.3652330763982,3434.5263953282865,3434.5263953282865,884.3652330763982,228.07639368153895,317.2801375077899,1100.8681267385937,2084.0609540501578,1956.3568174190204,3742.8766343927264,10194.762026229448,3742.8766343927264,1956.3568174190204,2084.0609540501578,1100.8681267385937
gatto,23280.99999999087,5235.33178812213,5235.33178812213,6448.967199470498,22097.780045342806,6448.967199470498,2359.767917550994,5336.339018474137,5336.339018474137,2359.767917550994,2514.828465734707,6479.051772703769,22056.378962460687,6479.051772703769,2514.828465734707,2174.9383796509305,2392.39899746843,5293.701598127755,5293.701598127755,2392.39899746843,2174.9383796509305,4173.339176400169,2533.591218544036,6515.804522700735,22101.358058390637,6515.804522700735,2533.591218544036,4173.339176400169,251.18764968318246,2203.510290206085,2390.6433262540854,5320.2650695650855,5320.2650695650855,2390.6433262540854,2203.510290206085,251.18764968318246,2373.7979325386455,4199.261958687115,2525.1714177456965,6493.826436846424,22077.743322650676,6493.826436846424,2525.1714177456965,4199.261958687115,2373.7979325386455
gatto,44126.99999998268,6463.116632980589,6463.116632980589,7128.393659660224,42914.12018138905,7128.393659660224,1026.4614785709944,6437.874176799804,6437.874176799804,1026.4614785709944,6369.769868041006,7060.463865559361,42976.21634502456,7060.463865559361,6369.769868041006,5827.106088387552,990.2404642846673,6449.8600327177965,6449.8600327177965,990.2404642846673,5827.106088387552,1259.9863662970738,6346.924566210593,7080.719301902092,42952.90811421394,7080.719301902092,6346.924566210593,1259.9863662970738,1164.7995725874541,5844.052235831416,989.9954471313833,6444.162031639245,6444.162031639245,989.9954471313833,5844.052235831416,1164.7995725874541,5902.90199199027,1289.9148852300918,6346.803958653304,7078.0481546075025,42969.22073791409,7078.0481546075025,6346.803958653304,1289.9148852300918,5902.90199199027
gatto,30899.99999998788,5789.323167700272,5789.323167700272,8191.545577413104,29625.859410419216,8191.545577413104,1191.6086315186915,5830.8927662527485,5830.8927662527485,1191.6086315186915,1569.3569176831156,8289.427274332545,29730.183472923996,8289.427274332545,1569.3569176831156,1184.8531152962153,1212.5271593340917,5835.178590428334,5835.178590428334,1212.5271593340917,1184.8531152962153,4166.455095570979,1570.596704470083,8324.756324877224,29766.76229956813,8324.756324877224,1570.596704470083,4166.455095570979,1597.1947271721758,1151.3330046554538,1222.0655440066612,5824.4108477165,5824.4108477165,1222.0655440066612,1151.3330046554538,1597.1947271721758,2110.4347992381763,4176.8304567212335,1569.2462747957252,8321.954091446809,29766.260395197474,8321.954091446809,1569.2462747957252,4176.8304567212335,2110.4347992381763
gatto,5890.99999999769,2939.514798114232,2939.514798114232,2959.0997583374856,4838.492063490166,2959.0997583374856,2252.4603794527097,2886.744616856356,2886.744616856356,2252.4603794527097,943.0089140442909,2834.6623155932557,5003.4083483714,2834.6623155932557,943.0089140442909,514.3126341505568,2260.9088781109467,2890.0428715545368,2890.0428715545368,2260.9088781109467,514.3126341505568,494.4593591643388,902.3366243034252,2862.5180634899634,4958.573880878129,2862.5180634899634,902.3366243034252,494.4593591643388,315.436930832688,534.8810301870406,2238.750221507328,2889.106203972525,2889.106203972525,2238.750221507328,534.8810301870406,315.436930832688,520.7523898532137,520.9008294419747,936.4642921298138,2869.469129817183,4946.7344362319745,2869.469129817183,936.4642921298138,520.9008294419747,520.7523898532137
gatto,23898.99999999063,5494.872901892328,5494.872901892328,5073.844611567544,23729.44897958253,5073.844611567544,1895.779487250608,5405.790687438741,5405.790687438741,1895.779487250608,3445.145924968071,5133.979857753904,23612.844848587774,5133.979857753904,3445.145924968071,2594.7303386451435,1985.1323120642573,5381.188634659913,5381.188634659913,1985.1323120642573,2594.7303386451435,3257.5497175093283,3499.2177617227403,5121.783882466147,23623.088024538327,5121.783882466147,3499.2177617227403,3257.5497175093283,770.3748903403014,2624.637467325809,1964.4654834724322,5397.527319105565,5397.527319105565,1964.4654834724322,2624.637467325809,770.3748903403014,796.8052679602188,3280.1253424181878,3474.6176421025843,5115.332574827363,23645.72864845569,5115.332574827363,3474.6176421025843,3280.1253424181878,796.8052679602188
gatto,28702.999999988737,9857.464282871262,9857.464282871262,6584.398511923321,28053.97959182573,6584.398511923321,1763.8805827240496,9735.051203416444,9735.051203416444,1763.8805827240496,2281.1570476274796,6569.179769099293,28053.335138125884,6569.179769099293,2281.1570476274796,3873.0335949069076,1699.7649052434922,9727.53551181186,9727.53551181186,1699.7649052434922,3873.0335949069076,2984.4971120555174,2254.020215704396,6513.54645553508,28008.76438149812,6513.54645553508,2254.020215704396,2984.4971120555174,2340.8954115826277,3858.248979606613,1739.68684892207,9755.491002247873,9755.491002247873,1739.68684892207,3858.248979606613,2340.8954115826277,1948.5883221123954,2979.818736360159,2268.20430478506,6547.762584316131,28038.942066370735,6547.762584316131,2268.20430478506,2979.818736360159,1948.5883221123954
gatto,10767.999999995774,7557.244939874472,7557.244939874472,2061.377116549489,10695.836734689681,2061.377116549489,4099.700967332791,7476.404667278475,7476.404667278475,4099.700967332791,3260.342904171994,2008.785364997759,10622.687090251435,2008.785364997759,3260.342904171994,776.6430522559097,4120.690697828783,7427.718188579373,7427.718188579373,4120.690697828783,776.6430522559097,1826.1031068365323,3271.0491885185024,1992.413128841402,10601.231369011586,1992.413128841402,3271.0491885185024,1826.1031068365323,1119.748048543297,775.8744778368185,4120.501523322441,7428.636180042585,7428.636180042585,4120.501523322441,775.8744778368185,1119.748048543297,174.4546592760966,1820.2554247888618,3266.2628447688144,2000.4168441057197,10614.507544294662,2000.4168441057197,3266.2628447688144,1820.2554247888618,174.4546592760966
gatto,8608.999999996624,2647.8490588841564,2647.8490588841564,4545.244752571337,8607.72562357939,4545.244752571337,4306.967922880164,2649.395040621911,2649.395040621911,4306.967922880164,753.8559174759338,4546.887492420867,8605.649359059978,4546.887492420867,753.8559174759338,2805.874424924605,4305.676674338434,2651.3307747262324,2651.3307747262324,4305.676674338434,2805.874424924605,1150.8594074796158,756.6530915373859,4548.568449391915,8603.505027197285,4548.568449391915,756.6530915373859,1150.8594074796158,838.1822465015111,2804.5857962625664,4304.607302060908,2652.9964797589305,2652.9964797589305,4304.607302060908,2804.5857962625664,838.1822465015111,753.3147403924802,1152.9112601489458,758.811156363862,4549.746162455793,8601.96925238387,4549.746162455793,758.811156363862,1152.9112601489458,753.3147403924802
gatto,16776.99999999342,7723.261656105898,7723.261656105898,2446.8597141961113,16155.494331059423,2446.8597141961113,4067.353078472072,7878.236349053978,7878.236349053978,4067.353078472072,1360.3428410246352,2462.1501083562566,16064.91589923321,2462.1501083562566,1360.3428410246352,2976.830338702635,4027.153813897117,7808.367471984395,7808.367471984395,4027.153813897117,2976.830338702635,974.7998858589623,1378.710240850878,2465.697341773141,16117.770017282905,2465.697341773141,1378.710240850878,974.7998858589623,3122.973936828749,2993.155438810766,4060.2283927938784,7834.959489173057,7834.959489173057,4060.2283927938784,2993.155438810766,3122.973936828749,1274.007246955967,940.9114911779169,1367.2362592743334,2451.5034927234638,16119.41801695075,2451.5034927234638,1367.2362592743334,940.9114911779169,1274.007246955967
gatto,7040.999999997237,6131.962506313704,6131.962506313704,3803.814597712442,7040.999999997237,3803.814597712442,1111.4339265551555,6131.962506313704,6131.962506313704,1111.4339265551555,1293.8975071389928,3803.814597712442,7040.999999997237,3803.814597712442,1293.8975071389928,2095.561815407429,1111.4339265551555,6131.962506313704,6131.962506313704,1111.4339265551555,2095.561815407429,1658.1343979544997,1293.8975071389928,3803.814597712442,7040.999999997237,3803.814597712442,1293.8975071389928,1658.1343979544997,626.9671571493727,2095.561815407429,1111.4339265551555,6131.962506313704,6131.962506313704,1111.4339265551555,2095.561815407429,626.9671571493727,749.1899477068891,1658.1343979544997,1293.8975071389928,3803.814597712442,7040.999999997237,3803.814597712442,1293.8975071389928,1658.1343979544997,749.1899477068891
gatto,28387.99999998886,4217.706809665362,4217.706809665362,5513.472512806098,27014.94784579439,5513.472512806098,3335.489440549892,4221.821520898217,4221.821520898217,3335.489440549892,2582.6194333820185,5516.336095806252,27007.955018731594,5516.336095806252,2582.6194333820185,3483.651164598473,3335.836471514435,4216.836861438452,4216.836861438452,3335.836471514435,3483.651164598473,2910.483835008791,2582.82836666737,5512.361908309258,27011.035536410596,5512.361908309258,2582.82836666737,2910.483835008791,1841.2470180020414,3483.602864616409,3335.5318734531925,4219.576761480455,4219.576761480455,3335.5318734531925,3483.602864616409,1841.2470180020414,812.3251674000254,2910.003683020957,2581.0674836631865,5516.969987493868,27013.071016661866,5516.969987493868,2581.0674836631865,2910.003683020957,812.3251674000254
gatto,14307.999999994388,6262.504617758459,6262.504617758459,7335.5448364998265,13113.464852602567,7335.5448364998265,3728.003702324175,6252.30735565822,6252.30735565822,3728.003702324175,1587.4312899510105,7314.213054303279,13166.08727844363,7314.213054303279,1587.4312899510105,1882.3529317590874,3812.4778578398677,6200.692770199587,6200.692770199587,3812.4778578398677,1882.3529317590874,137.45515903672592,1603.3088282317847,7300.0324148925865,13135.129858065497,7300.0324148925865,1603.3088282317847,137.45515903672592,511.59103489062977,1885.8425546216356,3776.1590158979698,6219.408374423842,6219.408374423842,3776.1590158979698,1885.8425546216356,511.59103489062977,572.4209904164841,173.6673168788086,1575.7563901376757,7322.306354682142,13142.160590126543,7322.306354682142,1575.7563901376757,173.6673168788086,572.4209904164841
gatto,35208.99999998619,4013.1021929387034,4013.1021929387034,3490.298337866047,35199.72562356896,3490.298337866047,3310.711029597514,4020.4600149734765,4020.4600149734765,3310.711029597514,7976.707257338015,3482.300242165993,35189.70248506186,3482.300242165993,7976.707257338015,2319.1003256788285,3323.3765140109304,4025.5270944623912,4025.5270944623912,3323.3765140109304,2319.1003256788285,1404.395631371953,7965.334271239863,3478.928845165401,35185.79411091492,3478.928845165401,7965.334271239863,1404.395631371953,1790.8009855709422,2329.2703370752233,3326.6060806637834,4026.2951334346394,4026.2951334346394,3326.6060806637834,2329.2703370752233,1790.8009855709422,2932.580101514928,1396.3661739609126,7963.972694747669,3479.5793025110756,35186.835160195566,3479.5793025110756,7963.972694747669,1396.3661739609126,2932.580101514928
gatto,27257.999999989304,10610.763321207218,10610.763321207218,7231.673137009578,25880.689342393474,7231.673137009578,3907.215007006134,10617.594831905668,10617.594831905668,3907.215007006134,3269.103589111898,7225.809498611231,25892.97394603084,7225.809498611231,3269.103589111898,1468.6662426482815,3893.672623720489,10625.212009712333,10625.212009712333,3893.672623720489,1468.6662426482815,1048.7725514213867,3263.0480487901314,7220.479581637842,25903.99621714416,7220.479581637842,3263.0480487901314,1048.7725514213867,1003.0930126744964,1460.275397627205,3883.9270432955914,10630.4734210049,10630.4734210049,3883.9270432955914,1460.275397627205,1003.0930126744964,1081.8286371363622,1037.6870512167504,3258.8566057832986,7217.460587537849,25910.142809664176,7217.460587537849,3258.8566057832986,1037.6870512167504,1081.8286371363622
gatto,15063.99999999409,12826.298679281013,12826.298679281013,7442.9416263502235,15063.99999999409,7442.9416263502235,2726.7828531600967,12826.298679281013,12826.298679281013,2726.7828531600967,3587.9912252114673,7442.9416263502235,15063.99999999409,7442.9416263502235,3587.9912252114673,3820.620071028413,2726.7828531600967,12826.298679281013,12826.298679281013,2726.7828531600967,3820.620071028413,2357.2816568042354,3587.9912252114673,7442.9416263502235,15063.99999999409,7442.9416263502235,3587.9912252114673,2357.2816568042354,1365.8855784892532,3820.620071028413,2726.7828531600967,12826.298679281013,12826.298679281013,2726.7828531600967,3820.620071028413,1365.8855784892532,1308.8244416655198,2357.2816568042354,3587.9912252114673,7442.9416263502235,15063.99999999409,7442.9416263502235,3587.9912252114673,2357.2816568042354,1308.8244416655198
gatto,18626.99999999269,4178.8493393847575,4178.8493393847575,5626.0463466395,17241.671201807294,5626.0463466395,2520.5916584055876,4178.849339384757,4178.849339384757,2520.5916584055876,1412.099095726331,5626.0463466395,17241.914156131883,5626.0463466395,1412.099095726331,520.6030085865897,2520.5916584055876,4178.8493393847575,4178.8493393847575,2520.5916584055876,520.6030085865897,545.8331307474158,1412.7131331406622,5626.0463466395,17242.316643612925,5626.0463466395,1412.7131331406622,545.8331307474158,1195.7195569025457,520.6030085865898,2520.5916584055876,4178.849339384757,4178.849339384757,2520.5916584055876,520.6030085865898,1195.7195569025457,652.5493142325564,545.8331307474159,1413.5609644868869,5626.0463466395,17242.919691017465,5626.0463466395,1413.5609644868869,545.8331307474159,652.5493142325564
gatto,24538.999999990374,5920.307073498932,5920.307073498932,4212.520901444226,23252.7505668843,4212.520901444226,6383.749737919926,5874.918305025139,5874.918305025139,6383.749737919926,5019.290177859962,4145.375179705415,23322.134558122492,4145.375179705415,5019.290177859962,2102.540672828298,6335.233954378096,5861.601578221327,5861.601578221327,6335.233954378096,2102.540672828298,1988.6922267303482,4996.357284205589,4142.502809729082,23327.169062737667,4142.502809729082,4996.357284205589,1988.6922267303482,2567.1039350627057,2106.018469240051,6353.819221776734,5864.063037476267,5864.063037476267,6353.819221776734,2106.018469240051,2567.1039350627057,123.02207131189807,1982.9218233151094,5007.096196505074,4156.033060097049,23326.500777485016,4156.033060097049,5007.096196505074,1982.9218233151094,123.02207131189807
gatto,51597.99999997975,11261.705389128123,11261.705389128123,6211.502641390634,50216.91609975354,6211.502641390634,3698.7450048484066,11264.488321753215,11264.488321753215,3698.7450048484066,6052.726532947108,6212.337020929133,50218.43722521052,6212.337020929133,6052.726532947108,1924.0510610256495,3695.90363339442,11263.858512538114,11263.858512538114,3695.90363339442,1924.0510610256495,936.4415256328491,6051.477820081341,6212.465056697374,50217.08732004225,6212.465056697374,6051.477820081341,936.4415256328491,1253.9664097343032,1924.7175782481654,3697.95216849134,11262.950895732978,11262.950895732978,3697.95216849134,1924.7175782481654,1253.9664097343032,2130.4473176478846,935.1330491061437,6051.699497633599,6211.926180783755,50217.48060902382,6211.926180783755,6051.699497633599,935.1330491061437,2130.4473176478846
gatto,30378.999999988082,4917.215675877611,4917.215675877611,5731.387741544075,29880.78231291345,5731.387741544075,4949.537440009095,4886.932280794726,4886.932280794726,4949.537440009095,891.4350039679889,5751.233497052026,29725.10868926904,5751.233497052026,891.4350039679889,1821.178598787919,5012.289055557859,4875.219301321753,4875.219301321753,5012.289055557859,1821.178598787919,1908.6293213591985,882.2619527472182,5813.678341584081,29715.60379749482,5813.678341584081,882.2619527472182,1908.6293213591985,3342.749144937682,1750.2226493868861,4961.744303333437,4873.80533202375,4873.80533202375,4961.744303333437,1750.2226493868861,3342.749144937682,544.1002931771727,1925.208721263606,864.4672311630334,5766.797479543287,29717.644197099653,5766.797479543287,864.4672311630334,1925.208721263606,544.1002931771727
gatto,52954.99999997922,2534.9500508369547,2534.9500508369547,5668.293682070721,51569.67120179382,5668.293682070721,5065.288433700791,2534.9500508369524,2534.9500508369524,5065.288433700791,8161.0416617155715,5668.29368207072,51569.91415611841,5668.29368207072,8161.0416617155715,787.9290972620286,5065.288433700791,2534.9500508369533,2534.9500508369533,5065.288433700791,787.9290972620286,1112.9334210871812,8160.390723058427,5668.293682070721,51570.31664359945,5668.293682070721,8160.390723058427,1112.9334210871812,1453.2238160687787,787.9290972620288,5065.288433700792,2534.9500508369524,2534.9500508369524,5065.288433700792,787.9290972620288,1453.2238160687787,3473.3395052715828,1112.933421087181,8159.492148483342,5668.293682070721,51570.91969100399,5668.293682070721,8159.492148483342,1112.933421087181,3473.3395052715828
gatto,12928.999999994929,5633.81831559672,5633.81831559672,1606.9135165413818,11787.2811791337,1606.9135165413818,586.9574472600783,5582.018728043499,5582.018728043499,586.9574472600783,1572.7393216966595,1562.2043422051943,11752.053480798142,1562.2043422051943,1572.7393216966595,839.6952772666024,656.2833035780473,5615.650968295466,5615.650968295466,656.2833035780473,839.6952772666024,977.020557152886,1535.4025572884552,1554.8687828363356,11810.98170162788,1554.8687828363356,1535.4025572884552,977.020557152886,1232.4109972796614,838.4054394708523,636.3428259479266,5602.176329463499,5602.176329463499,636.3428259479266,838.4054394708523,1232.4109972796614,830.0923902410955,999.4821028558347,1545.3814410548355,1551.8719286022463,11771.197398026208,1551.8719286022463,1545.3814410548355,999.4821028558347,830.0923902410955
gatto,29656.999999988362,8882.159836651808,8882.159836651808,7291.092990816924,28487.793650782474,7291.092990816924,2866.2569767960813,8854.034158844926,8854.034158844926,2866.2569767960813,2736.761313648599,7293.015235203933,28461.221142414055,7293.015235203933,2736.761313648599,548.8089942552665,2892.6342101393157,8883.894004972984,8883.894004972984,2892.6342101393157,548.8089942552665,1446.7492476199463,2726.695482882169,7285.157679490166,28465.864754406255,7285.157679490166,2726.695482882169,1446.7492476199463,2340.5521473135627,540.434240031151,2869.7493863567674,8850.77458885115,8850.77458885115,2869.7493863567674,540.434240031151,2340.5521473135627,1800.570043668994,1459.013361607404,2732.1268998966893,7299.2573595477015,28462.419161118978,7299.2573595477015,2732.1268998966893,1459.013361607404,1800.570043668994
gatto,26760.9999999895,7201.388078426238,7201.388078426238,1945.5797588857024,25449.068027200898,1945.5797588857024,3142.93552693693,7138.984371133134,7138.984371133134,3142.93552693693,1892.843023279406,1994.2024090294824,25470.887670250857,1994.2024090294824,1892.843023279406,2245.652273584625,3141.1565967578395,7141.884532100632,7141.884532100632,3141.1565967578395,2245.652273584625,1255.3668750372283,1896.1140861644378,1983.6620191960085,25462.427030810257,1983.6620191960085,1896.1140861644378,1255.3668750372283,1178.8390351564415,2254.1465233362715,3147.031504495064,7146.458925062979,7146.458925062979,3147.031504495064,2254.1465233362715,1178.8390351564415,1988.9957336110112,1241.390212921395,1886.4189614981788,1977.6324698563099,25460.58200365639,1977.6324698563099,1886.4189614981788,1241.390212921395,1988.9957336110112
gatto,34217.999999986576,11195.701021406194,11195.701021406194,3660.3854783168263,32981.5646258374,3660.3854783168263,3270.4244522438166,11159.870382319426,11159.870382319426,3270.4244522438166,3131.0554670566553,3583.7270717595757,32969.585172831714,3583.7270717595757,3131.0554670566553,3020.346558921207,3216.4621124155365,11172.001654797394,11172.001654797394,3216.4621124155365,3020.346558921207,1669.811145076073,3097.7754760816997,3624.3842231329836,32972.619578410115,3624.3842231329836,3097.7754760816997,1669.811145076073,909.5792019719545,3057.124886024042,3247.3965410703745,11160.888645904499,11160.888645904499,3247.3965410703745,3057.124886024042,909.5792019719545,835.0060910320173,1673.8326922975123,3114.5179959681104,3600.776826335974,32981.82862866523,3600.776826335974,3114.5179959681104,1673.8326922975123,835.0060910320173
gatto,28002.999999989013,3950.6451223023573,3950.6451223023573,3023.526890323998,26617.671201803616,3023.526890323998,2550.2271273354513,3950.6451223023564,3950.6451223023564,2550.2271273354513,3254.630538209833,3023.526890323997,26617.9141561282,3023.526890323997,3254.630538209833,2639.5861449616655,2550.2271273354513,3950.645122302357,3950.645122302357,2550.2271273354513,2639.5861449616655,1595.896945446838,3253.903682125996,3023.526890323998,26618.316643609243,3023.526890323998,3253.903682125996,1595.896945446838,1070.9585133080561,2639.5861449616655,2550.2271273354513,3950.6451223023564,3950.6451223023564,2550.2271273354513,2639.5861449616655,1070.9585133080561,1915.7179888123367,1595.8969454468381,3252.9002855427652,3023.526890323998,26618.919691013783,3023.526890323998,3252.9002855427652,1595.8969454468381,1915.7179888123367
gatto,5470.9999999978545,1678.9111562598541,1678.9111562598541,1271.1409025409778,4492.3061224472185,1271.1409025409778,877.9471516084421,1689.722291129403,1689.722291129403,877.9471516084421,548.0961213872914,1193.0860301831665,4616.012232555612,1193.0860301831665,548.0961213872914,605.8743686876311,837.1745635338606,1560.4318842653258,1560.4318842653258,837.1745635338606,605.8743686876311,704.9615410620918,555.4500482197595,1219.1203359381175,4560.771536430412,1219.1203359381175,555.4500482197595,704.9615410620918,269.9969240187135,628.4761638343963,842.3061853655472,1595.9464954328848,1595.9464954328848,842.3061853655472,628.4761638343963,269.9969240187135,502.3832359258128,718.1506228503131,582.8307104358089,1211.7025861563645,4576.041340587506,1211.7025861563645,582.8307104358089,718.1506228503131,502.3832359258128
gatto,29029.999999988606,4473.3434889510145,4473.3434889510145,4029.4077936245694,27767.224489785018,4029.4077936245694,3182.317091966109,4436.734292161299,4436.734292161299,3182.317091966109,527.0697212120173,4029.0903727230793,27719.1127462214,4029.0903727230793,527.0697212120173,3042.8509208661944,3158.604101862504,4460.267814107925,4460.267814107925,3158.604101862504,3042.8509208661944,1562.45988096681,514.7283461153902,4024.004799017486,27747.560374160632,4024.004799017486,514.7283461153902,1562.45988096681,1964.7252890847979,3059.156588263639,3173.9512301518653,4444.381528278284,4444.381528278284,3173.9512301518653,3059.156588263639,1964.7252890847979,1791.2356575742474,1575.8029018900206,526.1503261949373,4024.4381716669486,27733.5152502739,4024.4381716669486,526.1503261949373,1575.8029018900206,1791.2356575742474
gatto,24725.9999999903,10267.565175592768,10267.565175592768,9372.22461575487,23844.417233550736,9372.22461575487,1545.0094567319506,10074.846247309924,10074.846247309924,1545.0094567319506,4434.392715078251,9403.928586074238,23899.980717901373,9403.928586074238,4434.392715078251,1796.361412168118,1549.7303944648374,10078.786650100514,10078.786650100514,1549.7303944648374,1796.361412168118,1186.6517360856428,4413.257803911976,9354.675886600913,23915.284275328195,9354.675886600913,4413.257803911976,1186.6517360856428,2676.0217219398655,1784.5146389999277,1550.1995524887368,10088.41632910767,10088.41632910767,1550.1995524887368,1784.5146389999277,2676.0217219398655,326.7936215124452,1145.4359908017254,4416.21805037291,9396.431549286652,23878.956251077383,9396.431549286652,4416.21805037291,1145.4359908017254,326.7936215124452
gatto,25580.999999989963,8354.902502880564,8354.902502880564,8749.63736256489,24195.671201804565,8749.63736256489,4221.30399445057,8354.902502880564,8354.902502880564,4221.30399445057,1774.5607970242897,8749.63736256489,24195.914156129154,8749.63736256489,1774.5607970242897,565.4191057158689,4221.30399445057,8354.902502880564,8354.902502880564,4221.30399445057,565.4191057158689,1139.492040821706,1775.1445250272636,8749.63736256489,24196.316643610196,8749.63736256489,1775.1445250272636,1139.492040821706,1198.9608864509503,565.4191057158687,4221.30399445057,8354.902502880564,8354.902502880564,4221.30399445057,565.4191057158687,1198.9608864509503,555.5210246340968,1139.492040821706,1775.9505129992613,8749.63736256489,24196.919691014737,8749.63736256489,1775.9505129992613,1139.492040821706,555.5210246340968
gatto,11120.999999995636,3102.942654907854,3102.942654907854,1581.1787875242765,9929.648526073202,1581.1787875242765,416.1034622417819,3210.8198703740914,3210.8198703740914,416.1034622417819,908.2834055457329,1569.1022981026174,10020.310287376327,1569.1022981026174,908.2834055457329,695.2877890250858,392.78031653248536,3207.8754980654044,3207.8754980654044,392.78031653248536,695.2877890250858,829.8424439469361,886.9032633091718,1548.6492364033516,10012.365022252354,1548.6492364033516,886.9032633091718,829.8424439469361,672.1747317116531,700.0913877736571,362.38405372924296,3194.9908069710427,3194.9908069710427,362.38405372924296,700.0913877736571,672.1747317116531,858.57146918008,864.1201823144278,864.4266009583283,1559.3963353446393,10007.626058387059,1559.3963353446393,864.4266009583283,864.1201823144278,858.57146918008
gatto,44915.99999998238,4004.3230714237566,4004.3230714237566,3608.1936651205274,44915.99999998238,3608.1936651205274,1842.5104077905658,4004.3230714237566,4004.3230714237566,1842.5104077905658,9190.253067381262,3608.1936651205274,44915.99999998238,3608.1936651205274,9190.253067381262,778.2351305652916,1842.5104077905658,4004.3230714237566,4004.3230714237566,1842.5104077905658,778.2351305652916,1330.7257295863783,9190.253067381262,3608.1936651205274,44915.99999998238,3608.1936651205274,9190.253067381262,1330.7257295863783,1298.9751755111295,778.2351305652916,1842.5104077905658,4004.3230714237566,4004.3230714237566,1842.5104077905658,778.2351305652916,1298.9751755111295,4370.8649609911745,1330.7257295863783,9190.253067381262,3608.1936651205274,44915.99999998238,3608.1936651205274,9190.253067381262,1330.7257295863783,4370.8649609911745
gatto,21393.999999991607,5410.8250681393065,5410.8250681393065,4249.955645777073,20306.70748298523,4249.955645777073,2901.7495907667076,5295.479151712072,5295.479151712072,2901.7495907667076,691.9247689983229,4266.428404490671,20307.773520284507,4266.428404490671,691.9247689983229,409.71212744758856,2862.3374055946215,5378.965567706491,5378.965567706491,2862.3374055946215,409.71212744758856,1480.9239752339174,732.3641906319364,4220.975957957335,20260.188392072887,4220.975957957335,732.3641906319364,1480.9239752339174,1177.6931650891604,389.5605602396273,2871.6506567026636,5364.2660289374335,5364.2660289374335,2871.6506567026636,389.5605602396273,1177.6931650891604,1260.029426521708,1479.7165385358378,735.9476295338346,4248.0584859974,20301.914424128056,4248.0584859974,735.9476295338346,1479.7165385358378,1260.029426521708
gatto,31935.99999998747,10459.99750640573,10459.99750640573,3583.4853123767925,31137.442176858534,3583.4853123767925,4161.530612833124,10171.877344740766,10171.877344740766,4161.530612833124,3779.427220994749,3558.753880528767,31168.272170533994,3558.753880528767,3779.427220994749,2098.8776223172385,4125.765783801251,10207.628052026907,10207.628052026907,4125.765783801251,2098.8776223172385,530.8653316556466,3790.714160195488,3566.246890269959,31170.949770608735,3566.246890269959,3790.714160195488,530.8653316556466,2505.116402092317,2095.2086988988085,4129.866892293081,10204.273859302344,10204.273859302344,4129.866892293081,2095.2086988988085,2505.116402092317,267.72864215232414,534.5888093556288,3781.8079247708188,3569.1584952607745,31168.952306082458,3569.1584952607745,3781.8079247708188,534.5888093556288,267.72864215232414
gatto,13992.999999994512,1654.9859439744798,1654.9859439744798,4675.286080117206,13737.916099767855,4675.286080117206,3418.821496209702,1508.983193221956,1508.983193221956,3418.821496209702,2792.9160194403566,4749.254752754117,13759.788714573406,4749.254752754117,2792.9160194403566,2063.0438355990063,3480.59894642072,1598.5770596589987,1598.5770596589987,3480.59894642072,2063.0438355990063,2121.4613777559507,2793.7746161164478,4683.480464002257,13773.096464051776,4683.480464002257,2793.7746161164478,2121.4613777559507,483.9891464276619,2072.336960636568,3451.009327017178,1570.3869395507377,1570.3869395507377,3451.009327017178,2072.336960636568,483.9891464276619,2265.020091658354,2130.2987719500393,2786.6396321238217,4707.6051593609645,13742.0476408161,4707.6051593609645,2786.6396321238217,2130.2987719500393,2265.020091658354
gatto,38745.99999998479,16753.91397286117,16753.91397286117,3112.707195152134,38341.8594104158,3112.707195152134,4067.0981734255065,16653.065896813812,16653.065896813812,4067.0981734255065,6587.361348904018,3040.893470947299,38278.59962668373,3040.893470947299,6587.361348904018,1271.3113097952466,4060.8392395683986,16581.29623467677,16581.29623467677,4060.8392395683986,1271.3113097952466,1028.501720076919,6582.4026274336165,3059.086003976018,38317.3848804321,3059.086003976018,6582.4026274336165,1028.501720076919,753.9231710325929,1294.4208797936717,4056.7373578727534,16609.867163219922,16609.867163219922,4056.7373578727534,1294.4208797936717,753.9231710325929,3273.8752437262106,1034.784225352836,6588.428654413086,3070.2336017960224,38281.911498711605,3070.2336017960224,6588.428654413086,1034.784225352836,3273.8752437262106
gatto,37192.999999985404,7811.914898533845,7811.914898533845,2272.302871765975,35807.67120180001,2272.302871765975,2133.8657292345965,7811.914898533845,7811.914898533845,2133.8657292345965,1844.570539519196,2272.3028717659745,35807.91415612459,2272.3028717659745,1844.570539519196,4877.462172540996,2133.8657292345965,7811.914898533846,7811.914898533846,2133.8657292345965,4877.462172540996,3144.91922181764,1844.0813735950826,2272.302871765974,35808.31664360564,2272.302871765974,1844.0813735950826,3144.91922181764,2424.9872674513767,4877.462172540996,2133.8657292345965,7811.914898533845,7811.914898533845,2133.8657292345965,4877.462172540996,2424.9872674513767,592.5102414894636,3144.91922181764,1843.4063569143884,2272.302871765975,35808.919691010175,2272.302871765975,1843.4063569143884,3144.91922181764,592.5102414894636
gatto,24985.9999999902,4012.4250824895407,4012.4250824895407,2546.6831318227255,23600.6712018048,2546.6831318227255,779.0608389590674,4012.4250824895407,4012.4250824895407,779.0608389590674,3283.5937678405467,2546.683131822725,23600.914156129387,2546.683131822725,3283.5937678405467,3165.0815090325555,779.0608389590672,4012.4250824895416,4012.4250824895416,779.0608389590672,3165.0815090325555,1327.1238165635355,3282.9361079328332,2546.6831318227255,23601.31664361043,2546.6831318227255,3282.9361079328332,1327.1238165635355,1076.3712801758927,3165.0815090325555,779.0608389590674,4012.4250824895403,4012.4250824895403,779.0608389590674,3165.0815090325555,1076.3712801758927,1018.7876323031195,1327.1238165635355,3282.028281963393,2546.683131822725,23601.91969101497,2546.683131822725,3282.028281963393,1327.1238165635355,1018.7876323031195
gatto,23524.99999999077,6795.504272975868,6795.504272975868,2614.274436109845,23486.19274375496,2614.274436109845,2743.8412396606896,6771.206216654468,6771.206216654468,2743.8412396606896,5450.151996792986,2632.117138206661,23447.782544301044,2632.117138206661,5450.151996792986,4107.648410322831,2756.2348428933333,6751.276496041573,6751.276496041573,2756.2348428933333,4107.648410322831,2822.184931146756,5417.53532891689,2644.3452186345353,23438.213291355587,2644.3452186345353,5417.53532891689,2822.184931146756,1584.4255393824524,4077.6670659033784,2752.4411742057405,6746.672174440031,6746.672174440031,2752.4411742057405,4077.6670659033784,1584.4255393824524,2749.8794863642966,2823.700451712208,5418.159053647575,2644.5818987117686,23447.1979655821,2644.5818987117686,5418.159053647575,2823.700451712208,2749.8794863642966
gatto,37596.99999998525,13104.169808924793,13104.169808924793,3546.2064624191894,36530.05668932807,3546.2064624191894,4068.178375954242,13033.883057846926,13033.883057846926,4068.178375954242,10797.256223930177,3731.0320915712678,36696.04101684586,3731.0320915712678,10797.256223930177,2211.6083304224,4071.7326473810253,13016.97413122829,13016.97413122829,4071.7326473810253,2211.6083304224,396.76600938424826,10835.01577542347,3688.969984874132,36664.80023101157,3688.969984874132,10835.01577542347,396.76600938424826,1305.2388585398173,2227.3861656506638,4057.530472089855,13027.84974201577,13027.84974201577,4057.530472089855,2227.3861656506638,1305.2388585398173,2364.750467499034,403.3950538209947,10806.311412166951,3677.7515760698593,36664.21766847372,3677.7515760698593,10806.311412166951,403.3950538209947,2364.750467499034
gatto,17005.999999993328,7809.957387674117,7809.957387674117,3735.8446505017246,16606.421768700966,3735.8446505017246,1673.4230690579056,7887.719697637516,7887.719697637516,1673.4230690579056,4132.025500358715,3804.090764031975,16510.15339286995,3804.090764031975,4132.025500358715,1068.7288380197406,1663.2926116085011,7921.3601211350915,7921.3601211350915,1663.2926116085011,1068.7288380197406,744.7175081134495,4075.382070431485,3789.7067115177642,16535.148930793355,3789.7067115177642,4075.382070431485,744.7175081134495,190.8624607869852,1062.67748249242,1670.4495019770284,7917.843206481587,7917.843206481587,1670.4495019770284,1062.67748249242,190.8624607869852,388.1683579583478,733.4495233883289,4090.7688829572458,3789.04266387646,16529.889988594212,3789.04266387646,4090.7688829572458,733.4495233883289,388.1683579583478
gatto,22237.999999991276,293.8221009555477,293.8221009555477,3505.77442452431,20886.993197270716,3505.77442452431,1462.7192301094876,282.5690224693997,282.5690224693997,1462.7192301094876,1668.9449377741141,3474.3110787071323,20902.764804779923,3474.3110787071323,1668.9449377741141,1733.3536422789693,1489.3293128490939,284.06823885481504,284.06823885481504,1489.3293128490939,1733.3536422789693,427.25465156018305,1665.0642579658318,3476.618623745643,20899.469044464502,3476.618623745643,1665.0642579658318,427.25465156018305,815.3233222376527,1733.1000750995347,1482.1981827798493,284.4750686970488,284.4750686970488,1482.1981827798493,1733.1000750995347,815.3233222376527,1472.1830620512749,417.090032374787,1661.6937679617126,3480.8003544646263,20897.345205593956,3480.8003544646263,1661.6937679617126,417.090032374787,1472.1830620512749
gatto,4439.999999998258,1684.5797324774287,1684.5797324774287,440.62011497879234,3122.9569160985484,440.62011497879234,1006.9820268546948,1674.543912242752,1674.543912242752,1006.9820268546948,274.18062133162545,474.14666917791374,3173.1416230879,474.14666917791374,274.18062133162545,201.75850755769318,983.9346182188315,1644.172619090586,1644.172619090586,983.9346182188315,201.75850755769318,540.3228945250752,307.6929218802677,483.56231570500324,3187.1364792619315,483.56231570500324,307.6929218802677,540.3228945250752,302.16239192957124,192.4524851865746,969.0483814698372,1629.7952026693767,1629.7952026693767,969.0483814698372,192.4524851865746,302.16239192957124,416.68061470357526,538.5768219298968,301.6351142476364,478.7901902407903,3193.5286862415333,478.7901902407903,301.6351142476364,538.5768219298968,416.68061470357526
gatto,46695.99999998168,6146.283547723254,6146.283547723254,1275.870135792731,45486.643990911856,1275.870135792731,5646.91688633745,6212.8058960535445,6212.8058960535445,5646.91688633745,6822.4575898145085,1367.1963409822235,45541.91309174945,1367.1963409822235,6822.4575898145085,6061.6325351938385,5647.624881404125,6227.648090951689,6227.648090951689,5647.624881404125,6061.6325351938385,4232.616621513403,6775.173115855345,1335.5416673830534,45531.07760543896,1335.5416673830534,6775.173115855345,4232.616621513403,1806.1485014825882,6022.536367142933,5641.616477152861,6234.983301866324,6234.983301866324,5641.616477152861,6022.536367142933,1806.1485014825882,3148.716642092985,4241.980514927682,6769.935260148955,1326.352657821858,45534.76743543604,1326.352657821858,6769.935260148955,4241.980514927682,3148.716642092985
gatto,7643.9999999970005,5350.159615460001,5350.159615460001,3681.793873648417,6723.514739226386,3681.793873648417,3307.9033772868092,5165.763352448943,5165.763352448943,3307.9033772868092,2213.632735656573,3638.846236154933,6882.473598960695,3638.846236154933,2213.632735656573,1954.023109190788,3245.1770432846415,5192.229042747715,5192.229042747715,3245.1770432846415,1954.023109190788,1141.2778384792928,2190.8600897807746,3647.8292975096047,6805.877925034887,3647.8292975096047,2190.8600897807746,1141.2778384792928,963.9672566189015,1983.232195975198,3231.763066298176,5205.53821110667,5205.53821110667,3231.763066298176,1983.232195975198,963.9672566189015,820.8123054171796,1174.4675129694124,2208.057025673093,3646.926559055064,6818.322657841607,3646.926559055064,2208.057025673093,1174.4675129694124,820.8123054171796
gatto,11556.999999995465,7925.498376370391,7925.498376370391,1279.1025928345553,11003.820861673688,1279.1025928345553,2668.2425849030224,7589.935697511683,7589.935697511683,2668.2425849030224,2198.801923756331,1238.6805396159846,10951.628534402664,1238.6805396159846,2198.801923756331,2087.6319965724056,2602.692310243043,7662.7094811643055,7662.7094811643055,2602.692310243043,2087.6319965724056,1696.4512537247203,2185.827186033237,1265.2314601365888,10983.883269766047,1265.2314601365888,2185.827186033237,1696.4512537247203,384.70272599611997,2064.9030120681628,2629.366477583709,7634.849835823409,7634.849835823409,2629.366477583709,2064.9030120681628,384.70272599611997,685.1989194412558,1673.347758698942,2197.158220773949,1245.878265455133,10962.571803919578,1245.878265455133,2197.158220773949,1673.347758698942,685.1989194412558
gatto,31858.999999987504,10293.750819756773,10293.750819756773,4114.364897393268,30811.099773230544,4114.364897393268,7092.175399265605,10381.448642753727,10381.448642753727,7092.175399265605,8274.066473084249,4116.529974762515,30757.75533341382,4116.529974762515,8274.066473084249,2648.800540933982,7075.429924124203,10391.001035274334,10391.001035274334,7075.429924124203,2648.800540933982,2767.5525171039785,8273.092615694193,4115.73658078861,30831.48758603601,4115.73658078861,8273.092615694193,2767.5525171039785,3174.408773861533,2655.595013665056,7087.819832249004,10389.299065469204,10389.299065469204,7087.819832249004,2655.595013665056,3174.408773861533,1252.2829552526014,2743.495214230113,8268.263917765275,4133.919553942889,30758.872020838236,4133.919553942889,8268.263917765275,2743.495214230113,1252.2829552526014
gatto,13077.999999994869,11042.802210616206,11042.802210616206,6613.559481976456,12558.820861673077,6613.559481976456,2184.9651467796634,10733.336620702312,10733.336620702312,2184.9651467796634,681.6029183483842,6535.630941562046,12548.878862197555,6535.630941562046,681.6029183483842,1627.881891630199,2204.11927537127,10804.804726920785,10804.804726920785,2204.11927537127,1627.881891630199,1581.7678895234114,707.541817631559,6563.313584944615,12559.033482225195,6563.313584944615,707.541817631559,1581.7678895234114,1068.6209228726993,1630.9026289776482,2194.228478006914,10773.52109662107,10773.52109662107,2194.228478006914,1630.9026289776482,1068.6209228726993,468.0091042720681,1559.915677019881,689.1676783263622,6547.945092971387,12550.538213487971,6547.945092971387,689.1676783263622,1559.915677019881,468.0091042720681
gatto,26502.999999989603,6294.289750167136,6294.289750167136,2690.341408012221,25117.6712018042,2690.341408012221,1489.229938803443,6294.289750167136,6294.289750167136,1489.229938803443,4836.463694397343,2690.341408012221,25117.91415612879,2690.341408012221,4836.463694397343,2860.9467688563564,1489.2299388034423,6294.289750167136,6294.289750167136,1489.2299388034423,2860.9467688563564,761.8950678247465,4836.2806926928415,2690.34140801222,25118.316643609833,2690.34140801222,4836.2806926928415,761.8950678247465,816.4122912030446,2860.946768856356,1489.2299388034428,6294.289750167136,6294.289750167136,1489.2299388034428,2860.946768856356,816.4122912030446,1363.3466130269683,761.8950678247468,4836.0282341667025,2690.341408012221,25118.91969101437,2690.341408012221,4836.0282341667025,761.8950678247468,1363.3466130269683
gatto,9431.9999999963,1137.1871950126915,1137.1871950126915,3011.100926119356,8174.571428568222,3011.100926119356,1207.6099302345392,1121.2956182906285,1121.2956182906285,1207.6099302345392,1607.987395072732,2987.634737967022,8296.338192416571,2987.634737967022,1607.987395072732,705.1921535618291,1168.6118248970881,1102.820975357852,1102.820975357852,1168.6118248970881,705.1921535618291,888.5043548334964,1557.9999683224603,2976.1557308840315,8324.427213931245,2976.1557308840315,1557.9999683224603,888.5043548334964,545.5040681897751,719.929985779872,1171.8442431743154,1094.287447936107,1094.287447936107,1171.8442431743154,719.929985779872,545.5040681897751,345.7358612698711,873.9033396647379,1574.8540287096575,2975.857146962005,8300.634100312192,2975.857146962005,1574.8540287096575,873.9033396647379,345.7358612698711
gatto,18622.999999992695,5405.352011672686,5405.352011672686,2048.1248475516813,17880.77324262337,2048.1248475516813,553.1628093838028,5698.555194060176,5698.555194060176,553.1628093838028,2379.0695468647955,2070.6998818574034,17928.08010550456,2070.6998818574034,2379.0695468647955,869.2926847313338,560.7938587273393,5638.710764418743,5638.710764418743,560.7938587273393,869.2926847313338,3325.1604391604346,2355.319182055133,2039.6778108812214,17913.032417082235,2039.6778108812214,2355.319182055133,3325.1604391604346,1591.526544855403,862.8677813958114,571.8402608071341,5649.866219606955,5649.866219606955,571.8402608071341,862.8677813958114,1591.526544855403,301.81111803187133,3317.3902649875367,2354.6928407351074,2063.7589821602787,17914.717498427715,2063.7589821602787,2354.6928407351074,3317.3902649875367,301.81111803187133
gatto,19422.999999992382,1784.66739875987,1784.66739875987,1619.5509754599775,18202.99999999286,1619.5509754599775,2547.921555285771,1865.623895874716,1865.623895874716,2547.921555285771,646.7547984681709,1642.7923792946044,18128.853672073965,1642.7923792946044,646.7547984681709,2324.258479145376,2538.4513645501693,1803.5688473819266,1803.5688473819266,2538.4513645501693,2324.258479145376,1311.3518787676612,646.3093144421056,1629.3326203134097,18148.279255889276,1629.3326203134097,646.3093144421056,1311.3518787676612,1501.4292081707886,2333.3352574774076,2556.2976540144355,1828.1540847608492,1828.1540847608492,2556.2976540144355,2333.3352574774076,1501.4292081707886,1363.1217516986787,1319.8940447008831,650.6770091731942,1625.7289176077766,18136.162250732006,1625.7289176077766,650.6770091731942,1319.8940447008831,1363.1217516986787
gatto,12336.999999995161,171.17365907418318,171.17365907418318,2390.780240223942,10968.074829927671,2390.780240223942,1728.8802306094904,160.59015328891417,160.59015328891417,1728.8802306094904,1560.8056958527156,2382.968950148115,10979.997824976026,2382.968950148115,1560.8056958527156,1400.2659814970966,1742.3287817985242,156.44020782104752,156.44020782104752,1742.3287817985242,1400.2659814970966,1760.420683963996,1549.667476446955,2384.517833498111,10982.862776091162,2384.517833498111,1549.667476446955,1760.420683963996,1502.9481727446607,1398.8439050184002,1742.561429197513,155.43580029906394,155.43580029906394,1742.561429197513,1398.8439050184002,1502.9481727446607,280.92264842360544,1768.7462342993103,1548.0754797097952,2384.3994296641677,10985.973902495247,2384.3994296641677,1548.0754797097952,1768.7462342993103,280.92264842360544
gatto,4934.999999998065,4486.19990750229,4486.19990750229,3377.455538240359,4818.854875281557,3377.455538240359,1963.159728081852,4392.4651851462295,4392.4651851462295,1963.159728081852,675.6049470264603,3316.2170706293564,4801.41010689802,3316.2170706293564,675.6049470264603,310.88771893443925,1930.0396349402884,4407.459780222451,4407.459780222451,1930.0396349402884,310.88771893443925,605.2938301200961,665.5943957373917,3332.8854829054976,4819.783400893668,3332.8854829054976,665.5943957373917,605.2938301200961,495.9730224565353,326.831499184643,1938.8281341590573,4411.689684811452,4411.689684811452,1938.8281341590573,326.831499184643,495.9730224565353,171.84828849894745,608.7794293510665,671.8263469632333,3332.3806613340403,4813.756014358874,3332.3806613340403,671.8263469632333,608.7794293510665,171.84828849894745
gatto,19440.999999992375,3862.1281792479303,3862.1281792479303,825.0158266451341,18247.244897952027,825.0158266451341,2695.480469312574,3754.257307434955,3754.257307434955,2695.480469312574,2166.946729793285,748.3507830183595,18269.529594143416,748.3507830183595,2166.946729793285,1266.6410834993742,2733.7913013768807,3780.167013133163,3780.167013133163,2733.7913013768807,1266.6410834993742,1297.4428303055447,2158.1288062386584,788.1994004369592,18282.606544772905,788.1994004369592,2158.1288062386584,1297.4428303055447,296.2890767595706,1302.0565441249682,2699.749808941723,3770.6149765054065,3770.6149765054065,2699.749808941723,1302.0565441249682,296.2890767595706,217.89137608355784,1301.607370136129,2176.1469953865226,776.9792118256076,18278.512705927034,776.9792118256076,2176.1469953865226,1301.607370136129,217.89137608355784
gatto,7815.999999996933,1669.4600380902855,1669.4600380902855,4373.695353236009,6471.8004535122,4373.695353236009,960.0713976108854,1658.3101879945827,1658.3101879945827,960.0713976108854,2285.91003216441,4345.361674894941,6499.934163231905,4345.361674894941,2285.91003216441,570.1620349965096,973.177207724078,1651.7184385490252,1651.7184385490252,973.177207724078,570.1620349965096,1028.1459197004713,2300.83441950512,4342.0983817379665,6500.762759036068,4342.0983817379665,2300.83441950512,1028.1459197004713,86.50528303571004,562.6292795776782,974.5568042742947,1651.46509984035,1651.46509984035,974.5568042742947,562.6292795776782,86.50528303571004,588.1160002221868,1029.0376483706045,2296.085619162419,4345.465000247843,6497.1536007113355,4345.465000247843,2296.085619162419,1029.0376483706045,588.1160002221868
gatto,27015.9999999894,3468.723007577021,3468.723007577021,4406.413960973075,25849.609977314125,4406.413960973075,2718.768601444166,3469.790784804163,3469.790784804163,2718.768601444166,2068.6968256485457,4460.406638918118,25942.53690590865,4460.406638918118,2068.6968256485457,3087.783148673192,2738.841383820144,3482.709728362588,3482.709728362588,2738.841383820144,3087.783148673192,923.418855175602,2090.702256500151,4446.293867905071,25903.526218670057,4446.293867905071,2090.702256500151,923.418855175602,634.5341819742831,3087.3828735623147,2720.515373572959,3489.410151497494,3489.410151497494,2720.515373572959,3087.3828735623147,634.5341819742831,1419.6530263665923,944.9497200874646,2093.1613787682404,4448.662894964485,25911.202009939218,4448.662894964485,2093.1613787682404,944.9497200874646,1419.6530263665923
gatto,31478.99999998765,14140.773782204871,14140.773782204871,5291.706174056711,31468.097505656588,5291.706174056711,7724.391052840216,14141.710990983494,14141.710990983494,7724.391052840216,5612.430154750493,5276.434784999374,31453.902185805295,5276.434784999374,5612.430154750493,2604.8140171703058,7734.628230813826,14142.709527593037,14142.709527593037,7734.628230813826,2604.8140171703058,2262.47445276584,5621.947096398211,5266.105579247715,31444.76188342413,5266.105579247715,5621.947096398211,2262.47445276584,1083.6450763393589,2594.840554279613,7740.096777912228,14143.290755945045,14143.290755945045,7740.096777912228,2594.840554279613,1083.6450763393589,2276.225964162002,2249.243851857383,5624.613662781236,5263.680717273269,31443.21236941535,5263.680717273269,5624.613662781236,2249.243851857383,2276.225964162002
gatto,7509.999999997054,4749.63658011812,4749.63658011812,262.2011432437376,6678.585034010986,262.2011432437376,1930.9479932058525,4419.97761088791,4419.97761088791,1930.9479932058525,1019.3458512583644,265.4757768949213,6774.155860981193,265.4757768949213,1019.3458512583644,954.5513870787343,1867.3195565162634,4481.717448310205,4481.717448310205,1867.3195565162634,954.5513870787343,840.8889122266692,1015.9664697660037,251.83162857905558,6724.677806237427,251.83162857905558,1015.9664697660037,840.8889122266692,811.5664028430908,940.9580766536599,1886.5594212270628,4463.389531244225,4463.389531244225,1886.5594212270628,940.9580766536599,811.5664028430908,660.2438644514687,856.3270826170198,1011.4845713091821,267.262554443224,6747.1063064107475,267.262554443224,1011.4845713091821,856.3270826170198,660.2438644514687
gatto,17569.99999999311,4433.319177149302,4433.319177149302,7896.431663260286,16484.126984120518,7896.431663260286,5795.630555405243,4442.924190475905,4442.924190475905,5795.630555405243,1011.6014799221751,7848.814374761634,16608.26504387952,7848.814374761634,1011.6014799221751,2159.0457853089383,5795.286699771154,4467.5824549409845,4467.5824549409845,5795.286699771154,2159.0457853089383,2685.159210525419,1010.4789072461357,7893.531398927224,16565.085613927236,7893.531398927224,1010.4789072461357,2685.159210525419,1211.5079292517846,2141.699856150789,5829.343826184375,4471.266542356061,4471.266542356061,5829.343826184375,2141.699856150789,1211.5079292517846,2237.091089886243,2674.384026083387,999.715645245709,7897.130134785467,16570.065260475698,7897.130134785467,999.715645245709,2674.384026083387,2237.091089886243
gatto,29932.999999988257,5535.15909829641,5535.15909829641,1736.0148866150198,28606.59637187086,1736.0148866150198,3484.4872942443217,5510.247195553628,5510.247195553628,3484.4872942443217,3484.823211278739,1715.3722918013912,28638.371588987175,1715.3722918013912,3484.823211278739,1357.1464485957679,3509.863127839316,5511.436732262012,5511.436732262012,3509.863127839316,1357.1464485957679,1194.3170176191509,3466.900196983736,1710.55135804252,28632.41049933967,1710.55135804252,3466.900196983736,1194.3170176191509,1364.9110829032536,1346.2871324570096,3509.875658051674,5520.09411361099,5520.09411361099,3509.875658051674,1346.2871324570096,1364.9110829032536,949.354706665577,1184.9757317300125,3475.3114292454334,1712.6141775707056,28629.628635689653,1712.6141775707056,3475.3114292454334,1184.9757317300125,949.354706665577
gatto,2976.999999998832,1598.0787537336446,1598.0787537336446,634.6274146709367,2547.3582766429918,634.6274146709367,554.2471462860923,1585.1185810197294,1585.1185810197294,554.2471462860923,804.9316409735812,673.2758680901924,2720.9992595667054,673.2758680901924,804.9316409735812,356.50639002163257,592.8561392187678,1593.1000166836996,1593.1000166836996,592.8561392187678,356.50639002163257,171.21817783030028,817.9097208936653,633.1960012726807,2644.9262998021213,633.1960012726807,817.9097208936653,171.21817783030028,280.3108340586312,368.66391968542365,582.57942367665,1599.5078039237353,1599.5078039237353,582.57942367665,368.66391968542365,280.3108340586312,114.93026850280437,169.5923794953827,808.8672880932854,643.2436783103518,2685.491677754838,643.2436783103518,808.8672880932854,169.5923794953827,114.93026850280437
gatto,20666.999999991895,4293.738455849299,4293.738455849299,8016.277282107216,19349.4172335525,8016.277282107216,1768.5252037884727,4291.676525231176,4291.676525231176,1768.5252037884727,2286.9722315541935,8028.134748224558,19325.411155837977,8028.134748224558,2286.9722315541935,2050.72242734732,1764.1756605753599,4294.768492080727,4294.768492080727,1764.1756605753599,2050.72242734732,953.8018021181069,2289.233114695604,8013.617340144725,19320.954489621257,8013.617340144725,2289.233114695604,953.8018021181069,2446.5642461844495,2048.1202040388876,1775.2096309381466,4295.351478036692,4295.351478036692,1775.2096309381466,2048.1202040388876,2446.5642461844495,303.61998613458303,957.477209730252,2291.317724627364,8027.024741895381,19345.791905522245,8027.024741895381,2291.317724627364,957.477209730252,303.61998613458303
gatto,30496.999999988035,11198.378811384078,11198.378811384078,2629.1087358208024,29478.297052142632,2629.1087358208024,2989.568393868883,10926.293058011976,10926.293058011976,2989.568393868883,982.8959610442225,2690.192204186051,29607.320329480724,2690.192204186051,982.8959610442225,1707.1791739786786,3024.4624524944225,10936.717536693252,10936.717536693252,3024.4624524944225,1707.1791739786786,3374.728383800239,939.8497273377341,2653.2194876578706,29558.08217662083,2653.2194876578706,939.8497273377341,3374.728383800239,874.5247958399507,1705.0631278738813,3035.9219617637264,10955.053440795888,10955.053440795888,3035.9219617637264,1705.0631278738813,874.5247958399507,1598.085461520878,3396.8671349529022,959.8749150414163,2667.739663380415,29574.156686157105,2667.739663380415,959.8749150414163,3396.8671349529022,1598.085461520878
gatto,32610.999999987205,11947.12878871395,11947.12878871395,2706.3275814771623,31330.129251688388,2706.3275814771623,3027.0950105151046,11885.476114570529,11885.476114570529,3027.0950105151046,3335.1367093289086,2698.2024832782067,31367.706248927178,2698.2024832782067,3335.1367093289086,944.8320429253831,3018.9636391632384,11891.659612200137,11891.659612200137,3018.9636391632384,944.8320429253831,147.15440203561076,3369.808313100331,2694.5388863843386,31355.42420259329,2694.5388863843386,3369.808313100331,147.15440203561076,1435.163762740004,916.4563165897213,3007.7176243478984,11891.586451392583,11891.586451392583,3007.7176243478984,916.4563165897213,1435.163762740004,1784.2776686224472,133.6855023264326,3363.249221583136,2704.8306178718562,31359.880166954827,2704.8306178718562,3363.249221583136,133.6855023264326,1784.2776686224472
gatto,39219.999999984604,5423.145879878485,5423.145879878485,6101.203941682137,38512.4625850189,6101.203941682137,1436.1984928310435,5380.468455241191,5380.468455241191,1436.1984928310435,6656.68976113194,5963.029583214935,38373.217455674705,5963.029583214935,6656.68976113194,1047.6896216223497,1468.5563577146263,5466.35315726513,5466.35315726513,1468.5563577146263,1047.6896216223497,2441.3179835957667,6679.0134986319745,5989.104891598256,38477.20636933907,5989.104891598256,6679.0134986319745,2441.3179835957667,1539.8888467692746,1097.2332383145988,1452.0370986678117,5438.398659424042,5438.398659424042,1452.0370986678117,1097.2332383145988,1539.8888467692746,2223.4403666162966,2422.065289225275,6669.455409706311,6009.233986757767,38446.417316778,6009.233986757767,6669.455409706311,2422.065289225275,2223.4403666162966
gatto,9951.999999996096,5355.033208007815,5355.033208007815,3101.150121338877,8708.326530608829,3101.150121338877,2724.256381185544,5227.2001773842485,5227.2001773842485,2724.256381185544,251.93232097156877,3035.799203970495,8812.79152204754,3035.799203970495,251.93232097156877,335.56951615839125,2771.843465818533,5185.777480762074,5185.777480762074,2771.843465818533,335.56951615839125,406.1222673634419,250.13675712741576,3038.3238201392264,8810.894312355616,3038.3238201392264,250.13675712741576,406.1222673634419,260.75087027675784,350.38128417453254,2750.133377180014,5205.792183459652,5205.792183459652,2750.133377180014,350.38128417453254,260.75087027675784,182.22229794170252,423.5861271720393,267.5951143715917,3050.9172439390954,8792.352701435451,3050.9172439390954,267.5951143715917,423.5861271720393,182.22229794170252
gatto,20056.99999999213,3131.835482685394,3131.835482685394,9626.55574222528,18691.430838994936,9626.55574222528,2181.445449033419,3125.292042288638,3125.292042288638,2181.445449033419,1804.1992837302043,9628.69060386194,18704.823098393023,9628.69060386194,1804.1992837302043,739.8207534567312,2189.5923761534305,3120.91266628909,3120.91266628909,2189.5923761534305,739.8207534567312,2019.3960076118678,1801.175593030921,9634.18526030409,18704.450263529707,9634.18526030409,1801.175593030921,2019.3960076118678,1266.3153243106294,740.9033850091151,2185.3673287992633,3119.289514652588,3119.289514652588,2185.3673287992633,740.9033850091151,1266.3153243106294,2346.645510210864,2016.8594359878946,1806.9256568583794,9635.865125223823,18704.998000812026,9635.865125223823,1806.9256568583794,2016.8594359878946,2346.645510210864
gatto,5034.9999999980255,2628.234116550364,2628.234116550364,1092.266766499269,3682.442176869304,1092.266766499269,404.0403196384383,2629.280327437517,2629.280327437517,404.0403196384383,56.50926609071395,1095.1434384098113,3679.9797152406627,1095.1434384098113,56.50926609071395,366.5917664245477,401.01209134901245,2610.373736350655,2610.373736350655,401.01209134901245,366.5917664245477,195.01603576474534,51.033297426292094,1103.6068712301126,3694.818012544554,1103.6068712301126,51.033297426292094,195.01603576474534,162.62163960215102,356.2114427555266,405.69923780365457,2608.921223083496,2608.921223083496,405.69923780365457,356.2114427555266,162.62163960215102,166.56226923774244,200.02549406273147,51.01082188403117,1106.7117067373317,3706.1112786157664,1106.7117067373317,51.01082188403117,200.02549406273147,166.56226923774244
gatto,22359.99999999123,8147.258704683042,8147.258704683042,3429.6727017395806,21148.84807255406,3429.6727017395806,5790.100340452007,8052.94333953399,8052.94333953399,5790.100340452007,3252.7093372692857,3475.465811163219,21136.11816063465,3475.465811163219,3252.7093372692857,2035.6292658122152,5787.574553168885,8087.221265372682,8087.221265372682,5787.574553168885,2035.6292658122152,1987.5574061132227,3265.1342949405084,3436.5519126552285,21117.005906578073,3436.5519126552285,3265.1342949405084,1987.5574061132227,2390.5144108211693,2054.694512055851,5786.702402308596,8082.365936992584,8082.365936992584,5786.702402308596,2054.694512055851,2390.5144108211693,1448.5761813261647,1975.9720661614479,3263.9156455562556,3458.309841817554,21129.406612893297,3458.309841817554,3263.9156455562556,1975.9720661614479,1448.5761813261647
gatto,38188.99999998501,3159.459832308402,3159.459832308402,7884.079176894903,36829.272108829085,7884.079176894903,7237.210756817117,3144.189123697849,3144.189123697849,7237.210756817117,1828.5528123144884,7884.685275368738,36840.476020779344,7884.685275368738,1828.5528123144884,1260.0693041850416,7230.623837475843,3140.9321671101493,3140.9321671101493,7230.623837475843,1260.0693041850416,1668.7055599426662,1812.4691980660634,7879.708522966095,36841.80159398558,7879.708522966095,1812.4691980660634,1668.7055599426662,600.0256015207837,1248.1745021890265,7224.781406215743,3138.484706745842,3138.484706745842,7224.781406215743,1248.1745021890265,600.0256015207837,140.7095500274352,1674.13572888043,1815.562025072261,7878.5495588192525,36846.70520393346,7878.5495588192525,1815.562025072261,1674.13572888043,140.7095500274352
gatto,38166.999999985026,8906.536180300649,8906.536180300649,3177.3803234388183,37163.72108842079,3177.3803234388183,2538.8203150775544,8861.144518359684,8861.144518359684,2538.8203150775544,4923.27988991126,3285.315305988516,37206.52538292769,3285.315305988516,4923.27988991126,1337.4772198484625,2518.490943449145,8871.524671370407,8871.524671370407,2518.490943449145,1337.4772198484625,2129.9947037569013,4897.489949989824,3241.0814873947834,37194.525814216875,3241.0814873947834,4897.489949989824,2129.9947037569013,1619.9420931083705,1362.0427047984936,2492.663820684953,8850.873030227083,8850.873030227083,2492.663820684953,1362.0427047984936,1619.9420931083705,487.2537303641133,2125.3672793978562,4882.801873724935,3244.438849205417,37213.78341965738,3244.438849205417,4882.801873724935,2125.3672793978562,487.2537303641133
gatto,1532.9999999993988,161.77911625785455,161.77911625785455,500.1125426812176,836.5510204078353,500.1125426812176,201.97302863864783,163.2536736516854,163.2536736516854,201.97302863864783,264.7904359404228,382.223011295686,947.1968624180654,382.223011295686,264.7904359404228,211.14605961866036,207.21405999564303,209.26960444549334,209.26960444549334,207.21405999564303,211.14605961866036,172.52678123483537,279.9957078641588,432.60635152044745,929.3231818070535,432.60635152044745,279.9957078641588,172.52678123483537,275.5526575922937,192.02212411178192,203.25960962387853,203.6442918649462,203.6442918649462,203.25960962387853,192.02212411178192,275.5526575922937,178.29583855253796,182.32328672921906,289.85043175430997,445.9681581411942,953.5367662484764,445.9681581411942,289.85043175430997,182.32328672921906,178.29583855253796
gatto,10215.999999995991,4733.321530963463,4733.321530963463,1790.6792068942361,9479.274376413516,1790.6792068942361,1164.0869829208648,4422.027145125688,4422.027145125688,1164.0869829208648,1069.5832289326465,1779.3446946781498,9464.821818065919,1779.3446946781498,1069.5832289326465,1585.2253313147298,1130.364717997431,4501.823000137468,4501.823000137468,1130.364717997431,1585.2253313147298,1122.5505761070676,1047.557730973685,1782.873531356217,9469.100114014502,1782.873531356217,1047.557730973685,1122.5505761070676,916.9747759877101,1578.9458044259352,1148.450502694303,4466.177617881761,4466.177617881761,1148.450502694303,1578.9458044259352,916.9747759877101,783.992731027875,1110.5035232225114,1055.4107275904364,1783.3412688742567,9470.12849306815,1783.3412688742567,1055.4107275904364,1110.5035232225114,783.992731027875
gatto,45482.99999998215,7294.816689016098,7294.816689016098,2594.6454220283645,44297.1859410257,2594.6454220283645,3423.8824910728977,7368.657250607789,7368.657250607789,3423.8824910728977,3500.442836105026,2539.595960833685,44296.28057751976,2539.595960833685,3500.442836105026,3393.0000000276746,3426.7991278041645,7359.64981886526,7359.64981886526,3426.7991278041645,3393.0000000276746,492.3892917403362,3508.23513685226,2547.9321539703005,44300.975209051474,2547.9321539703005,3508.23513685226,492.3892917403362,891.8686018694597,3382.401574142647,3409.64854955729,7370.022494980749,7370.022494980749,3409.64854955729,3382.401574142647,891.8686018694597,2122.1340268866443,478.5408849233388,3502.438367219743,2542.309284391696,44309.01821866163,2542.309284391696,3502.438367219743,478.5408849233388,2122.1340268866443
gatto,20468.99999999197,4699.89310616361,4699.89310616361,6734.380112530188,19348.836734686287,6734.380112530188,4086.3323713406567,4693.325666735894,4693.325666735894,4086.3323713406567,3036.883789800553,6561.734083302191,19461.40526323145,6561.734083302191,3036.883789800553,2022.0479727398686,4095.6714296706955,4698.472547716176,4698.472547716176,4095.6714296706955,2022.0479727398686,2640.012510987514,3070.338628529198,6594.282493795054,19432.924200411795,6594.282493795054,3070.338628529198,2640.012510987514,1740.5511351369619,1991.61003304555,4100.857449189405,4694.472966406827,4694.472966406827,4100.857449189405,1991.61003304555,1740.5511351369619,1892.6345106347014,2653.991888805972,3044.850879361031,6590.114314885333,19438.908579754236,6590.114314885333,3044.850879361031,2653.991888805972,1892.6345106347014
gatto,19384.999999992397,2095.8205579980736,2095.8205579980736,6977.643611245476,18061.72108842829,6977.643611245476,2384.306669477419,2155.0405552570014,2155.0405552570014,2384.306669477419,1673.5473275709353,7039.936199089473,18108.34237276967,7039.936199089473,1673.5473275709353,976.802814272841,2411.1721636284124,2171.470073075226,2171.470073075226,2411.1721636284124,976.802814272841,277.26823986958135,1694.3029523040927,7043.479384835662,18103.89131249612,7043.479384835662,1694.3029523040927,277.26823986958135,820.0367995083694,968.2346063561803,2402.2588339574827,2152.971226829452,2152.971226829452,2402.2588339574827,968.2346063561803,820.0367995083694,707.3313125514703,269.42984110613304,1686.2329569617755,7026.377222956667,18088.743960011063,7026.377222956667,1686.2329569617755,269.42984110613304,707.3313125514703
gatto,18438.999999992768,11413.844214066245,11413.844214066245,7431.064798241688,17881.956916092757,7431.064798241688,5257.363398299447,11166.720601271662,11166.720601271662,5257.363398299447,2680.8269265355525,7376.364476789498,17848.46321747954,7376.364476789498,2680.8269265355525,527.7624295081342,5294.716920029036,11164.145701534964,11164.145701534964,5294.716920029036,527.7624295081342,602.5136023477858,2681.87426403249,7407.771063695693,17826.94025747533,7407.771063695693,2681.87426403249,602.5136023477858,1817.5723065658171,520.2097844873773,5312.968448587099,11201.819472716546,11201.819472716546,5312.968448587099,520.2097844873773,1817.5723065658171,658.230323410701,596.2307530619578,2656.297145394818,7409.011334612332,17822.569889494254,7409.011334612332,2656.297145394818,596.2307530619578,658.230323410701
gatto,28544.999999988802,9500.764678094834,9500.764678094834,5682.528316889895,27522.641723345212,5682.528316889895,3013.4397323533876,9592.043092417936,9592.043092417936,3013.4397323533876,2090.6833120472534,5721.549579656737,27447.92933498854,5721.549579656737,2090.6833120472534,438.08438108337214,3065.7712821360487,9551.854343572671,9551.854343572671,3065.7712821360487,438.08438108337214,2803.4635182219786,2080.5907853238687,5699.465236869379,27474.110006724863,5699.465236869379,2080.5907853238687,2803.4635182219786,4160.339942112625,441.9142047445394,3035.834929204002,9565.115631206072,9565.115631206072,3035.834929204002,441.9142047445394,4160.339942112625,1392.455448217021,2810.233643665968,2094.6108774179984,5713.38419209448,27472.411282253328,5713.38419209448,2094.6108774179984,2810.233643665968,1392.455448217021
gatto,15157.999999994054,9022.162558551478,9022.162558551478,5413.894560989215,13832.575963713392,5413.894560989215,3183.175713311778,9052.015002275855,9052.015002275855,3183.175713311778,3412.061980631033,5397.379980966182,13865.467197304326,5397.379980966182,3412.061980631033,887.3399252137673,3174.5478665496726,9052.498018348397,9052.498018348397,3174.5478665496726,887.3399252137673,491.6262047835757,3397.1491356599277,5400.720396512976,13857.99089509404,5400.720396512976,3397.1491356599277,491.6262047835757,508.3887301161842,880.3205642212785,3183.9241199118924,9045.477680418786,9045.477680418786,3183.9241199118924,880.3205642212785,508.3887301161842,1272.0239371913815,490.9396460146415,3398.42718701745,5403.045740235113,13854.065072463056,5403.045740235113,3398.42718701745,490.9396460146415,1272.0239371913815
gatto,33163.99999998699,10115.279031633436,10115.279031633436,3770.0723110546746,32440.612244885226,3770.0723110546746,534.728477186282,10106.463984363734,10106.463984363734,534.728477186282,8126.715301396322,3860.8528763845343,32421.700649408045,3860.8528763845343,8126.715301396322,3240.115561371671,555.40977081582,10193.716964760133,10193.716964760133,555.40977081582,3240.115561371671,2850.6628787881764,8184.540483252524,3814.79209667643,32414.34765026751,3814.79209667643,8184.540483252524,2850.6628787881764,2739.9586544864364,3241.932182871111,524.3752188807578,10129.151566000575,10129.151566000575,524.3752188807578,3241.932182871111,2739.9586544864364,2135.2838976321177,2867.931052926778,8166.445202798005,3823.3592092172157,32464.120949025415,3823.3592092172157,8166.445202798005,2867.931052926778,2135.2838976321177
gatto,16963.999999993346,7391.797648529284,7391.797648529284,2519.3155375331144,15580.589569154885,2519.3155375331144,3530.009967243441,7390.613725945351,7390.613725945351,3530.009967243441,2664.1734638126136,2517.1196359513933,15583.4279543956,2517.1196359513933,2664.1734638126136,1234.172000659315,3532.569329488459,7389.530808736985,7389.530808736985,3532.569329488459,1234.172000659315,1218.0251887056147,2662.457418940758,2515.4735980160385,15585.63682878319,2515.4735980160385,2662.457418940758,1218.0251887056147,861.6320550749426,1232.8974435945725,3533.830564125677,7389.088233708078,7389.088233708078,3533.830564125677,1232.8974435945725,861.6320550749426,138.86398507741126,1219.7126569553031,2661.9654698086297,2514.9189404347917,15586.662017970342,2514.9189404347917,2661.9654698086297,1219.7126569553031,138.86398507741126
gatto,11049.999999995664,7295.385106250903,7295.385106250903,2904.0871847621966,10045.709750562952,2904.0871847621966,1354.2164784849826,7315.291765168603,7315.291765168603,1354.2164784849826,1628.7684705563338,2938.0964877200477,10028.360251125996,2938.0964877200477,1628.7684705563338,873.3689488418778,1305.4087246850484,7219.581348603337,7219.581348603337,1305.4087246850484,873.3689488418778,688.1174624427849,1671.7982896133722,2945.780175630661,10059.493284506378,2945.780175630661,1671.7982896133722,688.1174624427849,918.3486148198305,862.5377630864059,1288.1475470533226,7281.399452723841,7281.399452723841,1288.1475470533226,862.5377630864059,918.3486148198305,279.6888388233645,659.8935627911557,1669.9869229686778,2953.9455981966526,10072.663633395587,2953.9455981966526,1669.9869229686778,659.8935627911557,279.6888388233645
gatto,29188.999999988548,6484.167999447631,6484.167999447631,2319.7941964955103,28435.23129250585,2319.7941964955103,921.9958577732673,6407.730212875956,6407.730212875956,921.9958577732673,2169.931621246711,2389.2339619138393,28465.856433265093,2389.2339619138393,2169.931621246711,109.56699560358967,976.3570262044723,6384.473306430289,6384.473306430289,976.3570262044723,109.56699560358967,2225.1006050288465,2153.4187832657303,2378.8246720231527,28416.88095927813,2378.8246720231527,2153.4187832657303,2225.1006050288465,1713.750557450736,75.65887905445159,926.4933010303895,6388.004427803251,6388.004427803251,926.4933010303895,75.65887905445159,1713.750557450736,2155.7381255962196,2216.385936373876,2164.475046294331,2363.272012462229,28460.634923068017,2363.272012462229,2164.475046294331,2216.385936373876,2155.7381255962196
gatto,30974.999999987846,6266.021060173352,6266.021060173352,2507.803823260651,30115.11337867299,2507.803823260651,1715.1904682550582,6307.341221956869,6307.341221956869,1715.1904682550582,2330.8524306823415,2506.032822555057,30080.220294001494,2506.032822555057,2330.8524306823415,855.0814057377528,1683.836290317787,6283.8049401827,6283.8049401827,1683.836290317787,855.0814057377528,1205.5123290082215,2356.9199039336913,2491.6641984827243,30055.35114761677,2491.6641984827243,2356.9199039336913,1205.5123290082215,637.4653806483934,848.4486154020481,1715.8436920881181,6280.566928883217,6280.566928883217,1715.8436920881181,848.4486154020481,637.4653806483934,548.9327758772996,1215.597722711079,2324.697707757066,2505.1117456469206,30075.85153092172,2505.1117456469206,2324.697707757066,1215.597722711079,548.9327758772996
gatto,19468.99999999236,3656.6193275784344,3656.6193275784344,6758.247100718255,18757.739229017585,6758.247100718255,794.7529122949668,3541.863424628091,3541.863424628091,794.7529122949668,4540.544682358156,6649.83663184217,18852.8083514511,6649.83663184217,4540.544682358156,1201.5092483903902,688.4255102415956,3528.3118476334034,3528.3118476334034,688.4255102415956,1201.5092483903902,3733.6172926583963,4571.4635050414545,6701.372588537819,18837.244634654355,6701.372588537819,4571.4635050414545,3733.6172926583963,1907.7432157381809,1178.6252207442424,718.6050394653976,3524.659984191188,3524.659984191188,718.6050394653976,1178.6252207442424,1907.7432157381809,806.5410073341998,3718.4676697105288,4548.9951849254785,6691.436716687575,18825.465799445687,6691.436716687575,4548.9951849254785,3718.4676697105288,806.5410073341998
gatto,22866.99999999103,2570.155581370441,2570.155581370441,8584.512913184846,22106.215419492462,8584.512913184846,4327.026077957987,2758.3435871610322,2758.3435871610322,4327.026077957987,1473.8609803667148,8616.043092003192,22052.9215450266,8616.043092003192,1473.8609803667148,2037.0787170979895,4335.084483179715,2768.6041552409315,2768.6041552409315,4335.084483179715,2037.0787170979895,2248.651322183064,1477.7694444269623,8568.449914151262,22056.091582365698,8568.449914151262,1477.7694444269623,2248.651322183064,1304.557113402897,2040.6545304617284,4337.1059937107,2718.9712849498424,2718.9712849498424,4337.1059937107,2040.6545304617284,1304.557113402897,1581.7254952900591,2220.936339238867,1502.2404311155449,8594.98620271442,22056.71027192702,8594.98620271442,1502.2404311155449,2220.936339238867,1581.7254952900591
gatto,9934.999999996104,3902.7541109175168,3902.7541109175168,3776.765636403795,8742.174603171174,3776.765636403795,1727.8747767902755,3895.0879524485704,3895.0879524485704,1727.8747767902755,1952.8674728988494,3790.6862331124166,8684.47592823637,3790.6862331124166,1952.8674728988494,1859.3681312194349,1708.9004806006817,3879.639750494458,3879.639750494458,1708.9004806006817,1859.3681312194349,1078.192010670571,1959.5668517377721,3787.7781130387216,8706.172831096175,3787.7781130387216,1959.5668517377721,1078.192010670571,831.8912245450028,1849.810838670742,1716.8490241889115,3887.7526690954032,3887.7526690954032,1716.8490241889115,1849.810838670742,831.8912245450028,1427.6986382711045,1095.9392592412323,1961.2737801788508,3781.3528869522233,8685.329761173318,3781.3528869522233,1961.2737801788508,1095.9392592412323,1427.6986382711045
gatto,34350.999999986525,8003.6015884527405,8003.6015884527405,5407.6850039232895,33170.41496597338,5407.6850039232895,2097.642351182879,7967.787953942589,7967.787953942589,2097.642351182879,2141.0584740642043,5395.457280498583,33141.9091582081,5395.457280498583,2141.0584740642043,2029.9840650327185,2101.4590851621674,7997.905083675017,7997.905083675017,2101.4590851621674,2029.9840650327185,2343.663006816488,2164.719203261986,5419.616586944565,33130.18818341901,5419.616586944565,2164.719203261986,2343.663006816488,404.28799144872335,2022.1932802246429,2101.406436743341,7990.674523065651,7990.674523065651,2101.406436743341,2022.1932802246429,404.28799144872335,658.3193564288711,2346.993618194857,2156.56675160192,5409.833134507769,33125.47484210972,5409.833134507769,2156.56675160192,2346.993618194857,658.3193564288711
gatto,19536.99999999234,3284.6802723890555,3284.6802723890555,3799.455696268862,18711.65306121715,3799.455696268862,588.1980057807993,3458.9744813128295,3458.9744813128295,588.1980057807993,1630.56574098065,3836.6174990546892,18593.58679253285,3836.6174990546892,1630.56574098065,1387.0346140969993,613.7718684642712,3377.569355876526,3377.569355876526,613.7718684642712,1387.0346140969993,1158.7242199609914,1638.9722924982682,3808.1233191024485,18588.266255371098,3808.1233191024485,1638.9722924982682,1158.7242199609914,1180.1688966004867,1388.9622236183604,629.7630558734606,3387.7995497063794,3387.7995497063794,629.7630558734606,1388.9622236183604,1180.1688966004867,159.66558491815655,1175.2777051002017,1623.0312395783321,3825.4513424218953,18580.82729976342,3825.4513424218953,1623.0312395783321,1175.2777051002017,159.66558491815655
gatto,31481.999999987645,12947.271449596423,12947.271449596423,2088.952168663809,30102.249433094767,2088.952168663809,3039.170968379005,12953.081158129084,12953.081158129084,3039.170968379005,3589.04617945205,2096.613628453329,30111.528745726842,2096.613628453329,3589.04617945205,2538.7242737747365,3039.69106948504,12960.10404781392,12960.10404781392,3039.69106948504,2538.7242737747365,335.2214367867823,3579.652146677215,2104.5872084762154,30121.204587893,2104.5872084762154,3579.652146677215,335.2214367867823,1043.4622402508646,2533.8619129777244,3040.435537722335,12965.761632360323,12965.761632360323,3040.435537722335,2533.8619129777244,1043.4622402508646,1542.917079585681,342.2744982062984,3572.260854618434,2110.490702590548,30128.47801478186,2110.490702590548,3572.260854618434,342.2744982062984,1542.917079585681
gatto,42298.9999999834,10676.786920500535,10676.786920500535,4900.433509196281,41083.19047617436,4900.433509196281,696.042974662417,10609.504427605754,10609.504427605754,696.042974662417,3725.8941610713505,4943.529676996518,41099.870192959024,4943.529676996518,3725.8941610713505,3459.968177169119,693.8817215724177,10615.993654489035,10615.993654489035,693.8817215724177,3459.968177169119,2137.729296732747,3740.3940440468737,4934.8569842607985,41052.71950664084,4934.8569842607985,3740.3940440468737,2137.729296732747,688.0999641848208,3448.312674753895,690.6423687285921,10633.043160147052,10633.043160147052,690.6423687285921,3448.312674753895,688.0999641848208,1733.517496661186,2132.2442998278634,3716.1569709198357,4920.492642840623,41068.275387828355,4920.492642840623,3716.1569709198357,2132.2442998278634,1733.517496661186
gatto,26167.999999989734,11314.668127226942,11314.668127226942,3680.649504861569,24800.494331056027,3680.649504861569,800.0802129136403,11312.897572797347,11312.897572797347,800.0802129136403,1804.956886176744,3668.3035088359566,24814.896138944714,3668.3035088359566,1804.956886176744,3433.9539753383083,806.0839214655331,11311.667566072978,11311.667566072978,806.0839214655331,3433.9539753383083,1722.4282871243295,1809.9377038831365,3667.0024536062233,24815.040495269277,3667.0024536062233,1809.9377038831365,1722.4282871243295,817.1417450187063,3430.6397830621972,804.7023693722963,11311.903680300506,11311.903680300506,804.7023693722963,3430.6397830621972,817.1417450187063,1120.6544995652398,1716.9291848992027,1810.1541717691666,3670.8173075150244,24810.805363357093,3670.8173075150244,1810.1541717691666,1716.9291848992027,1120.6544995652398
gatto,6711.999999997368,2291.483133322486,2291.483133322486,3826.093253633482,5740.920634918383,3826.093253633482,694.7226603273995,2065.2974051427173,2065.2974051427173,694.7226603273995,2015.8655996921266,3754.217220977001,5812.73148533562,3754.217220977001,2015.8655996921266,671.2699226473377,676.9355876823071,2116.9095200641,2116.9095200641,676.9355876823071,671.2699226473377,1045.895863380577,1992.975356711921,3766.33722078311,5760.46961743561,3766.33722078311,1992.975356711921,1045.895863380577,686.6030735921004,679.4900102324971,682.4574491006307,2110.9916197964844,2110.9916197964844,682.4574491006307,679.4900102324971,686.6030735921004,493.926529559951,1039.971336482623,1989.8975507606392,3760.5904613285975,5791.057363926254,3760.5904613285975,1989.8975507606392,1039.971336482623,493.926529559951
gatto,10644.999999995824,5126.361488552063,5126.361488552063,915.4804532544052,9331.108843533755,915.4804532544052,966.5335962190602,5147.898150668551,5147.898150668551,966.5335962190602,1724.8301058792545,920.5161057068632,9384.453992931361,920.5161057068632,1724.8301058792545,1418.3409862930798,964.8384263204205,5129.415610603779,5129.415610603779,964.8384263204205,1418.3409862930798,1574.2067506278638,1733.8921229236546,915.9300300215259,9399.043028874814,915.9300300215259,1733.8921229236546,1574.2067506278638,1627.5243669721171,1397.9127408260304,983.4895210939666,5109.378647744388,5109.378647744388,983.4895210939666,1397.9127408260304,1627.5243669721171,1626.324410655612,1562.7996104395622,1753.9115469248995,908.8378714785047,9408.950551312744,908.8378714785047,1753.9115469248995,1562.7996104395622,1626.324410655612
gatto,40739.999999984015,5789.233087703636,5789.233087703636,9717.668478140078,39354.671201798614,9717.668478140078,1222.1701317082145,5789.233087703635,5789.233087703635,1222.1701317082145,4790.074024179043,9717.668478140076,39354.9141561232,9717.668478140076,4790.074024179043,539.3708542338895,1222.1701317082145,5789.233087703635,5789.233087703635,1222.1701317082145,539.3708542338895,3343.3146390266584,4789.3506335613065,9717.668478140076,39355.316643604245,9717.668478140076,4789.3506335613065,3343.3146390266584,1055.398018078464,539.3708542338894,1222.1701317082143,5789.233087703635,5789.233087703635,1222.1701317082143,539.3708542338894,1055.398018078464,150.86358211399468,3343.314639026658,4788.352022572277,9717.668478140076,39355.919691008785,9717.668478140076,4788.352022572277,3343.314639026658,150.86358211399468
gatto,8083.999999996829,3342.6055035622326,3342.6055035622326,553.1400634925336,6830.675736958772,553.1400634925336,904.8297606483383,3377.314098715223,3377.314098715223,904.8297606483383,749.9360309585918,506.0797338675055,6886.396100387568,506.0797338675055,749.9360309585918,70.04212950956435,913.5707995393306,3378.504816484727,3378.504816484727,913.5707995393306,70.04212950956435,323.95882204196016,757.652832462493,510.89402569739303,6876.655125719964,510.89402569739303,757.652832462493,323.95882204196016,339.50699128493704,59.38910015158552,905.1390891711478,3371.0222143154647,3371.0222143154647,905.1390891711478,59.38910015158552,339.50699128493704,194.4928277369354,325.3707256636868,762.5424332483194,507.62338329601533,6879.330544597477,507.62338329601533,762.5424332483194,325.3707256636868,194.4928277369354
gatto,26243.999999989705,5815.6043741809835,5815.6043741809835,4359.379549077858,26164.9614512369,4359.379549077858,4365.093338797646,5859.176254152274,5859.176254152274,4365.093338797646,4746.307885943531,4372.6154567195545,26162.385857734193,4372.6154567195545,4746.307885943531,784.0392044648559,4355.584359430643,5841.476585288856,5841.476585288856,4355.584359430643,784.0392044648559,1429.816932354852,4761.862676595094,4349.52103719746,26161.22746401367,4349.52103719746,4761.862676595094,1429.816932354852,1041.0120068033918,784.936080437013,4378.9051314712215,5849.115824435543,5849.115824435543,4378.9051314712215,784.936080437013,1041.0120068033918,2232.4034581905034,1419.8116498723,4737.616429315765,4344.4147631820815,26149.80029554556,4344.4147631820815,4737.616429315765,1419.8116498723,2232.4034581905034
gatto,21722.99999999148,8421.12168412914,8421.12168412914,4261.324842242056,20648.87755101231,4261.324842242056,2112.9822771023023,8399.313069293748,8399.313069293748,2112.9822771023023,938.0876815168518,4199.213436480253,20724.34795686169,4199.213436480253,938.0876815168518,1318.891867428769,2110.784106290964,8422.494495429111,8422.494495429111,2110.784106290964,1318.891867428769,1227.5780409058498,960.3429306781679,4244.863844680121,20631.29658661263,4244.863844680121,960.3429306781679,1227.5780409058498,1241.7334381005821,1340.2836825650718,2101.7562283395982,8440.222470919969,8440.222470919969,2101.7562283395982,1340.2836825650718,1241.7334381005821,2242.3793967444544,1207.6912462701391,943.2516850377315,4236.153202268609,20640.131933129884,4236.153202268609,943.2516850377315,1207.6912462701391,2242.3793967444544
gatto,35821.99999998594,8205.825114691812,8205.825114691812,5894.305734434143,34569.81859409074,5894.305734434143,3799.1147966587114,8104.334867732635,8104.334867732635,3799.1147966587114,3488.0685023657047,5974.62626733473,34685.09920247918,5974.62626733473,3488.0685023657047,2448.1946670463685,3794.1500605995816,8060.672465937612,8060.672465937612,3794.1500605995816,2448.1946670463685,2684.061317768181,3470.4541559855716,5994.995123857452,34702.4445065999,5994.995123857452,3470.4541559855716,2684.061317768181,370.16296792882116,2449.5285064392842,3783.927239184782,8079.72138643778,8079.72138643778,3783.927239184782,2449.5285064392842,370.16296792882116,1431.866546750493,2686.6560306205542,3483.051440545119,5977.849987843651,34672.11050194052,5977.849987843651,3483.051440545119,2686.6560306205542,1431.866546750493
gatto,2275.999999999108,937.0931642890083,937.0931642890083,895.3482046862797,2194.2811791374615,895.3482046862797,791.1710052804972,866.6935608913508,866.6935608913508,791.1710052804972,1008.3461467816242,849.0673871789946,2160.117235101811,849.0673871789946,1008.3461467816242,143.7535116358794,768.9491606547163,866.9605881173135,866.9605881173135,768.9491606547163,143.7535116358794,379.04175146774753,979.4618648814621,864.9441317999913,2167.800241518759,864.9441317999913,979.4618648814621,379.04175146774753,289.56819421345347,127.61263572063979,784.2964516892299,876.3866586560492,876.3866586560492,784.2964516892299,127.61263572063979,289.56819421345347,366.66209806311366,384.9135899931683,986.9907978253166,870.1934627473514,2167.7660631905246,870.1934627473514,986.9907978253166,384.9135899931683,366.66209806311366
gatto,23308.999999990854,15830.793601681686,15830.793601681686,4669.6544725241565,23164.215419492044,4669.6544725241565,3201.03527042493,15844.081376140315,15844.081376140315,3201.03527042493,4446.170089023913,4600.676439761043,23094.5261542168,4600.676439761043,4446.170089023913,2848.511103460883,3196.0949420182237,15838.969511654823,15838.969511654823,3196.0949420182237,2848.511103460883,2697.915015558739,4457.746767879219,4611.194380980831,23124.966196596695,4611.194380980831,4457.746767879219,2697.915015558739,1412.1059327307903,2901.9377508988077,3220.52721707212,15833.617211299012,15833.617211299012,3220.52721707212,2901.9377508988077,1412.1059327307903,2241.106356138099,2726.839584845003,4459.185790220859,4618.202042775716,23132.82585214448,4618.202042775716,4459.185790220859,2726.839584845003,2241.106356138099
gatto,37210.999999985404,4336.832553837916,4336.832553837916,12153.066953486537,35827.739229010884,12153.066953486537,5408.7452259737565,4337.075551603935,4337.075551603935,5408.7452259737565,1478.4834463284296,12151.419878539342,35828.88841067902,12151.419878539342,1478.4834463284296,950.6336802972112,5407.035690419928,4337.054626790419,4337.054626790419,5407.035690419928,950.6336802972112,588.0246323170907,1480.0650778688712,12152.134271676314,35828.21858775442,12152.134271676314,1480.0650778688712,588.0246323170907,1231.3905884446197,951.2007865105826,5408.336980865171,4336.919714886374,4336.919714886374,5408.336980865171,951.2007865105826,1231.3905884446197,1272.3173219871953,587.332861472302,1478.8530183299797,12152.857795518088,35828.2331095565,12152.857795518088,1478.8530183299797,587.332861472302,1272.3173219871953
gatto,20753.999999991855,8867.006470112601,8867.006470112601,2328.999547664888,19410.12244897198,2328.999547664888,327.95463716733406,8891.679105003888,8891.679105003888,327.95463716733406,354.79083370775743,2336.1997058190964,19397.39006894514,2336.1997058190964,354.79083370775743,696.2361059750394,323.8839850201958,8873.506015970948,8873.506015970948,323.8839850201958,696.2361059750394,1328.65503446056,353.7652869921582,2321.5296152901437,19399.425146712038,2321.5296152901437,353.7652869921582,1328.65503446056,1067.562126119066,692.6543366476099,321.7740492028505,8885.889620571683,8885.889620571683,321.7740492028505,692.6543366476099,1067.562126119066,735.7282078482068,1325.9067616546015,353.51445371855607,2335.850531868713,19406.323971576636,2335.850531868713,353.51445371855607,1325.9067616546015,735.7282078482068
gatto,11774.999999995382,3863.9495684134117,3863.9495684134117,908.8253257375985,10471.081632648955,908.8253257375985,265.9245510036248,3864.525282350192,3864.525282350192,265.9245510036248,427.7946763638776,887.470003478006,10459.295309049223,887.470003478006,427.7946763638776,798.3463960131137,274.56911116313245,3879.0127523262286,3879.0127523262286,274.56911116313245,798.3463960131137,982.779006084216,416.84180410697905,891.5260265988081,10474.042319888149,891.5260265988081,416.84180410697905,982.779006084216,1254.7634676151267,785.6752467028106,286.709938684721,3871.6732834827303,3871.6732834827303,286.709938684721,785.6752467028106,1254.7634676151267,918.1050029239079,988.6896780150715,416.50347824057394,894.0600015691446,10466.443235704464,894.0600015691446,416.50347824057394,988.6896780150715,918.1050029239079
gatto,13433.99999999473,273.4630578578873,273.4630578578873,2600.7364212580655,12138.049886616554,2600.7364212580655,1101.5954013060293,222.69880449974946,222.69880449974946,1101.5954013060293,554.2393662368253,2615.9964738684394,12130.200903939585,2615.9964738684394,554.2393662368253,2747.4000319310694,1101.2272830098514,243.57748375134028,243.57748375134028,1101.2272830098514,2747.4000319310694,665.4464083191087,547.5838903400239,2606.326294854412,12117.980826946718,2606.326294854412,547.5838903400239,665.4464083191087,1479.2236288839645,2758.6748098565445,1108.574871781256,232.41662782584,232.41662782584,1108.574871781256,2758.6748098565445,1479.2236288839645,665.7545732313363,657.2827843661622,552.3272808317257,2613.4267701894732,12139.254872918595,2613.4267701894732,552.3272808317257,657.2827843661622,665.7545732313363
gatto,30479.99999998804,17087.270330270305,17087.270330270305,3121.7913274364705,29283.73242629236,3121.7913274364705,1970.1778551302273,17079.155708474966,17079.155708474966,1970.1778551302273,3011.5282871906784,3053.4498080739863,29297.32537367539,3053.4498080739863,3011.5282871906784,3437.5491544159663,1930.0561007018036,17096.065294041236,17096.065294041236,1930.0561007018036,3437.5491544159663,2037.0285874101962,2994.9867426557475,3070.5940817947144,29306.53705424096,3070.5940817947144,2994.9867426557475,2037.0285874101962,1232.1821576308728,3461.572103162006,1952.8229557365705,17081.482270345074,17081.482270345074,1952.8229557365705,3461.572103162006,1232.1821576308728,1221.502110432926,2026.6660850152205,2980.5933083766613,3067.563585772763,29298.87637552811,3067.563585772763,2980.5933083766613,2026.6660850152205,1221.502110432926
gatto,12190.99999999522,2262.3559680993426,2262.3559680993426,7171.328832850119,10811.59410430415,7171.328832850119,1309.9143962835994,2259.637102652885,2259.637102652885,1309.9143962835994,3593.6675895677686,7164.457785549976,10819.653739949788,7164.457785549976,3593.6675895677686,1959.0721649367003,1315.6559099963392,2256.743109536725,2256.743109536725,1315.6559099963392,1959.0721649367003,1348.0422747233924,3596.605295317041,7159.33098043364,10825.261425926397,7159.33098043364,3596.605295317041,1348.0422747233924,1683.911791446519,1954.927294038304,1319.3942104230418,2254.801787454753,2254.801787454753,1319.3942104230418,1954.927294038304,1683.911791446519,647.1278945088789,1350.247549673851,3600.223853702878,7157.4892762241425,10826.962934620484,7157.4892762241425,3600.223853702878,1350.247549673851,647.1278945088789
gatto,18602.999999992702,1540.9063796357486,1540.9063796357486,2983.9107715107607,17531.149659857067,2983.9107715107607,1921.3596099314393,1671.8820290264425,1671.8820290264425,1921.3596099314393,1197.912417746025,2887.6744017923284,17550.440603445382,2887.6744017923284,1197.912417746025,430.6847330254428,1889.1600825909995,1597.5949413492913,1597.5949413492913,1889.1600825909995,430.6847330254428,1540.636390342868,1161.1784644971278,2942.3222533823823,17500.016936715736,2942.3222533823823,1161.1784644971278,1540.636390342868,1236.8821893368474,410.7808825693552,1904.916562626719,1600.7783374063574,1600.7783374063574,1904.916562626719,410.7808825693552,1236.8821893368474,424.29256102592393,1528.3472403120097,1180.884736546839,2921.601983904456,17501.524019151835,2921.601983904456,1180.884736546839,1528.3472403120097,424.29256102592393
gatto,11797.999999995372,2125.202357594415,2125.202357594415,2582.5265688022723,10716.975056685138,2582.5265688022723,1929.2812773122482,2122.206519245283,2122.206519245283,1929.2812773122482,1400.138350656445,2599.5811815203165,10821.742329580651,2599.5811815203165,1400.138350656445,2014.869274060483,1875.7459874017607,2102.7315484776805,2102.7315484776805,1875.7459874017607,2014.869274060483,1426.2797397714512,1407.8232705844537,2601.6232276863157,10800.263419930541,2601.6232276863157,1407.8232705844537,1426.2797397714512,871.9024080352174,2004.7716238383512,1892.2538459733296,2108.261100903986,2108.261100903986,1892.2538459733296,2004.7716238383512,871.9024080352174,412.3889707371614,1431.1623418876795,1405.4246632917036,2586.8390344690815,10806.679462001177,2586.8390344690815,1405.4246632917036,1431.1623418876795,412.3889707371614
gatto,11283.999999995574,1534.9498508834881,1534.9498508834881,2831.901150717735,9952.81632652671,2831.901150717735,1424.0257605705435,1522.9818830741383,1522.9818830741383,1424.0257605705435,545.6370994550675,2822.555684823258,9970.846838504734,2822.555684823258,545.6370994550675,523.7632560416259,1424.6031300591535,1522.3313500685827,1522.3313500685827,1424.6031300591535,523.7632560416259,1058.6321034175937,555.469806860534,2822.662221969109,9954.027030459558,2822.662221969109,555.469806860534,1058.6321034175937,920.1341798295706,525.5502057608811,1432.7632093379093,1526.3723599712491,1526.3723599712491,1432.7632093379093,525.5502057608811,920.1341798295706,929.5279174401711,1056.6675701110735,549.2120256924293,2826.7607108679244,9957.398103163898,2826.7607108679244,549.2120256924293,1056.6675701110735,929.5279174401711
gatto,17442.999999993157,2280.553379656578,2280.553379656578,5328.725057460904,16063.317460311158,5328.725057460904,3741.4033483899007,2280.211564801102,2280.211564801102,3741.4033483899007,3529.7776899985497,5325.8550574300325,16072.42267881579,5325.8550574300325,3529.7776899985497,3684.9025596810984,3749.8136180931438,2279.513524188647,2279.513524188647,3749.8136180931438,3684.9025596810984,2436.1555876258076,3535.3179952014343,5322.770157421392,16081.381917254472,5322.770157421392,3535.3179952014343,2436.1555876258076,1664.7006381486901,3679.627093221948,3756.910041261343,2278.387139810382,2278.387139810382,3756.910041261343,3679.627093221948,1664.7006381486901,1290.5329683300085,2435.3429107979223,3538.076799275064,5320.199429514622,16087.46022401403,5320.199429514622,3538.076799275064,2435.3429107979223,1290.5329683300085
gatto,30637.99999998798,6972.574366483212,6972.574366483212,4854.704071556256,29578.81632651901,4854.704071556256,5540.650693675996,7059.424346070277,7059.424346070277,5540.650693675996,4397.625247520428,4751.117216778853,29697.30677031553,4751.117216778853,4397.625247520428,2604.0933156722067,5553.494629543507,6982.998724620273,6982.998724620273,5553.494629543507,2604.0933156722067,978.7667172245272,4480.490529301551,4758.936713857442,29667.516234493123,4758.936713857442,4480.490529301551,978.7667172245272,1546.2451537954464,2654.1812479158916,5556.125966895239,6983.699811638586,6983.699811638586,5556.125966895239,2654.1812479158916,1546.2451537954464,317.01374160917186,987.4158358066546,4429.973936881603,4746.80371763883,29686.292510733943,4746.80371763883,4429.973936881603,987.4158358066546,317.01374160917186
gatto,20329.999999992022,11413.040411162061,11413.040411162061,2818.7155696352334,19542.385487520674,2818.7155696352334,448.68881269028014,11326.193895624037,11326.193895624037,448.68881269028014,3010.8884949821454,2884.7646849106277,19557.555185331767,2884.7646849106277,3010.8884949821454,5179.828364216417,478.516885188202,11288.35706793512,11288.35706793512,478.516885188202,5179.828364216417,3152.6397766634022,2989.987555513038,2870.4243229675185,19558.974483541606,2870.4243229675185,2989.987555513038,3152.6397766634022,656.6333280493093,5160.619936320994,447.3965697193841,11295.88250748426,11295.88250748426,447.3965697193841,5160.619936320994,656.6333280493093,2542.0896881444082,3150.5349366506857,3011.105710682395,2866.834735645017,19548.936339313583,2866.834735645017,3011.105710682395,3150.5349366506857,2542.0896881444082
gatto,26542.999999989584,12434.58475854165,12434.58475854165,6325.418158658126,25578.356009060255,6325.418158658126,815.6637418688126,12305.444294221557,12305.444294221557,815.6637418688126,3421.4976686025016,6196.955860714573,25644.08713960769,6196.955860714573,3421.4976686025016,1843.6180944575194,836.8678868882471,12325.52599068909,12325.52599068909,836.8678868882471,1843.6180944575194,2898.8359916985614,3449.795676273748,6240.902047159005,25603.789141567195,6240.902047159005,3449.795676273748,2898.8359916985614,608.6874630301326,1843.579513940165,835.2560531125863,12308.921846693449,12308.921846693449,835.2560531125863,1843.579513940165,608.6874630301326,894.7277827204463,2893.0507325938215,3425.0085415368344,6231.032197646298,25613.286401995323,6231.032197646298,3425.0085415368344,2893.0507325938215,894.7277827204463
gatto,42665.99999998325,16053.87733336565,16053.87733336565,4820.02963493407,42058.70748297669,4820.02963493407,1696.5820616162073,15900.731628270772,15900.731628270772,1696.5820616162073,5349.807227606776,4919.682995010694,41970.80849027307,4919.682995010694,5349.807227606776,3572.548200005584,1610.3440069478804,15995.207464547077,15995.207464547077,1610.3440069478804,3572.548200005584,1772.7617859710647,5309.301082450935,4849.891544761126,41989.1914807315,4849.891544761126,5309.301082450935,1772.7617859710647,1506.2538848316224,3536.0917788600204,1613.5935220413012,15987.592702093789,15987.592702093789,1613.5935220413012,3536.0917788600204,1506.2538848316224,2918.5438667251774,1745.2628602013267,5353.747034825194,4883.239703097596,41998.57263541917,4883.239703097596,5353.747034825194,1745.2628602013267,2918.5438667251774
