Clase,m00,m10,m01,m20,m11,m02,m30,m21,m12,m03,mu20,mu11,mu02,mu30,mu21,mu12,mu03,nu20,nu11,nu02,nu30,nu21,nu12,nu03
Motorcycles,3480240.0,293664630.0,484401315.0,28783542180.0,40437174015.0,72841560135.0,3127210870710.0,3943492179315.0,5976277802955.0,11641582068825.0,4003953728.3308883,-436884366.31521577,5419590968.008856,22727431431.698658,10949966485.861328,-48517924516.515625,-5620853782.869236,0.0003305754984127024,-3.607016387863584e-05,0.00044745371874948164,1.005836451822592e-06,4.846071352503855e-07,-2.1472332758828176e-06,-2.4875928642290176e-07
Motorcycles,969765.0,115662645.0,119113560.0,14037601335.0,14575530465.0,18211616010.0,1733210697735.0,1813223970435.0,2278169779935.0,3192509787120.0,242663954.91717094,369006817.55324775,3581225991.9300556,1079295173.1500278,1002166229.7695312,15445193208.295898,75883005960.9193,0.00025803122234207936,0.00039237504481588634,0.00380801557650518,1.165397199666171e-06,1.0821152052081575e-06,1.6677351442902208e-05,8.19366609330828e-05
Motorcycles,6884490.0,696339210.0,984930105.0,102898789320.0,99993680400.0,189943016625.0,17757417845640.0,15145642346850.0,19210523562600.0,39867901494465.0,32466804469.499218,371856383.85398597,49033913447.377396,781827843174.1157,349195299871.48047,-107868247985.50781,-1336392556227.3008,0.000685008560091501,7.845699945738466e-06,0.0010345536308568333,6.286829744730595e-06,2.80794732129185e-06,-8.673895613567198e-07,-1.074619245973217e-05
Motorcycles,1049835.0,132262380.0,161379045.0,19649510010.0,20474045370.0,26175263715.0,3251507933520.0,3068713852860.0,3335534606340.0,4412498576175.0,2986570440.1967454,142872782.0913288,1368321514.4522743,23464680368.255127,12221595957.743164,-6053378757.015625,-31795907682.34428,0.0027097590003784017,0.00012963056285910876,0.0012414981040775976,2.077839624972829e-05,1.0822442906898578e-05,-5.3603757003706226e-06,-2.815584779229864e-05
Motorcycles,2672145.0,324516570.0,376458540.0,46910408940.0,43212644760.0,57148819590.0,7629312081030.0,6019856027190.0,6213114479100.0,9199367451960.0,7499746642.645291,-2506069661.563125,4112389179.624969,110712184996.41423,19694434592.183594,-21156588164.277344,-10630223511.063066,0.0010503318875986333,-0.0003509725066065486,0.0005759359209569473,9.485175482018334e-06,1.687304501596133e-06,-1.8125733074951256e-06,-9.10735664902431e-07
Motorcycles,1097520.0,134016015.0,222186600.0,17292022005.0,27383356815.0,45476082900.0,2322238076175.0,3560963626455.0,5656758065565.0,9405268085790.0,927589214.2716063,252586789.4888452,495685987.3605901,-15789021745.524408,-1392345512.71875,1493279510.5058594,-1800404322.0041945,0.0007700710625984131,0.00020969387568045022,0.0004115112909130314,-1.2511924501622141e-05,-1.1033566370410214e-06,1.1833412352202713e-06,-1.4267206235051325e-06
Motorcycles,4115955.0,496086690.0,375950325.0,74766566100.0,44316617280.0,46463752725.0,12716608567530.0,6907075752900.0,5242691741280.0,6586777195275.0,14974366235.046148,-995819890.3952724,12124541808.55275,95511918028.52856,317963666420.85156,-175562751651.1914,127883984711.13895,0.0008839083056526535,-5.878135062533975e-05,0.0007156886000110302,2.778951847660391e-06,9.251261376880446e-06,-5.108058168570074e-06,3.720828174480203e-06
Motorcycles,2338605.0,259443120.0,304911405.0,32384456850.0,34037801880.0,44495021145.0,4349797952430.0,4312032761490.0,5040988114200.0,7032600277335.0,3602027788.514885,211154696.40824455,4740139538.626103,-42122521624.99239,42840014201.34375,49681732560.884766,-4793650268.734828,0.0006586175683917075,3.860886169349233e-05,0.000866717127147564,-5.036422752419133e-06,5.1222104924884214e-06,5.940247606182758e-06,-5.731577395943835e-07
Motorcycles,1423920.0,180839115.0,175957905.0,26302995765.0,21912946365.0,23287054665.0,4170628836765.0,3167001706935.0,2874181767495.0,3222857240985.0,3336266233.858347,-433865125.43069303,1543428385.44144,-17292775588.222427,26867107091.771484,23932905530.47461,-36243131868.45633,0.0016454682996666031,-0.00021398511395220732,0.0007612289616684493,-7.147443491548601e-06,1.1104702581730593e-05,9.89193949779475e-06,-1.4979997610271649e-05
Motorcycles,2331210.0,324309000.0,398524455.0,58375529730.0,54168980115.0,71702135475.0,11814534314580.0,9772831477875.0,9572733703095.0,13421515496265.0,13258904680.776636,-1272214576.4241939,3573678050.2947927,4498364389.94939,147403096539.3672,32782084692.214844,-57943950626.92766,0.002439747342808928,-0.00023409792943257691,0.0006575861081422758,5.421271269867817e-07,1.776450511976897e-05,3.950782073265465e-06,-6.98320206113708e-06
Motorcycles,1834980.0,253212195.0,273624945.0,40325656395.0,37693927620.0,45998106405.0,6903827224005.0,6069687369840.0,6371703048390.0,8210124151755.0,5384449571.646056,-64071339.2280402,5196239067.888409,-146802516046.85437,74167950399.06445,43449631290.68164,-198616321431.57822,0.0015991111214019623,-1.9028350021552003e-05,0.0015432150626277482,-3.2185122114990284e-05,1.626065141724512e-05,9.525938155552863e-06,-4.354482968987562e-05
Motorcycles,495720.0,55793490.0,70708185.0,6539674920.0,7905775710.0,10329989055.0,796843027590.0,923549896500.0,1146306337860.0,1541293235235.0,260094660.216049,-52459609.768519014,244361228.81944376,2252402035.4411736,2556725643.119629,-1372782319.0756836,-1859058594.783631,0.0010584212584733345,-0.0002134775321573089,0.0009943961137623043,1.301831598178154e-05,1.4777229720597207e-05,-7.934335754775537e-06,-1.0744890048369947e-05
Motorcycles,9487020.0,1202793690.0,1219841970.0,210344831970.0,147004682760.0,228099103950.0,41486228687460.0,24623072090610.0,26457133989630.0,47433904736460.0,57850933917.31158,-7650648873.449629,71251702787.83517,149021306182.7411,-483141433849.96094,-494532364881.7344,-218202596162.6241,0.0006427628120674567,-8.500385821027606e-05,0.0007916543735311903,5.375561382633352e-07,-1.7428087974005063e-06,-1.7838986593371298e-06,-7.871098969457223e-07
Motorcycles,3948420.0,550722480.0,550309125.0,92987218800.0,76295503005.0,82910932815.0,17043809861220.0,13045795423515.0,11584201709745.0,13159243370055.0,16172885477.46835,-461175891.021705,6211865071.886149,-437535827347.4096,214395736254.73438,148403102486.48047,-127979102481.32742,0.001037387056752295,-2.958148073815543e-05,0.00039845137299983504,-1.4123920457093265e-05,6.9208237038779784e-06,4.7905416747521105e-06,-4.131242633488897e-06
Motorcycles,3631200.0,475755285.0,542683350.0,71484609765.0,72360730350.0,92407450800.0,11740934649135.0,10959458311440.0,12460355939190.0,17162928653310.0,9151747018.406258,1259036187.1875093,11303347922.928368,-22990475848.72195,-53841352812.67969,-23079025324.695312,-25951716585.571537,0.0006940706293302542,9.548559821783379e-05,0.0008572485439803981,-9.150030377512743e-07,-2.14284391956066e-06,-9.185272379479141e-07,-1.032858113372983e-06
Motorcycles,10534560.0,1366496805.0,1304156445.0,244871778675.0,169417750680.0,222825817935.0,49410919599015.0,30836250633870.0,28871875623810.0,43530556683885.0,67615821323.65282,248310730.66579357,61373983873.10865,105575018273.18016,457218192285.4531,-93590457280.23438,749246423256.339,0.0006092780405906706,2.2374981546629427e-06,0.0005530335934020555,2.9310293191343603e-07,1.269353251128646e-06,-2.598307618282885e-07,2.080097422420964e-06
Motorcycles,1839570.0,237146175.0,242709000.0,33038026185.0,31612333170.0,34112127750.0,4878743914125.0,4475168922750.0,4503085763790.0,5051212397340.0,2466583773.3871617,323765195.9218165,2089612335.5281348,-16271417541.779285,32725496863.98633,20123946138.140625,-868172990.1026114,0.0007288920833671242,9.567479147612813e-05,0.0006174944897903024,-3.545149821656784e-06,7.130097244023173e-06,4.384522975916372e-06,-1.891539758676091e-07
Motorcycles,966195.0,69107295.0,104650215.0,6267984915.0,7581226500.0,12607971375.0,675372447255.0,687572579280.0,923340882690.0,1653048679965.0,1325071504.9564526,96098467.02691956,1273129547.4742668,37501523316.56728,-5070395679.776123,735976191.0473633,11668340758.4576,0.0014194161535064677,0.00010294064578024495,0.0013637759460013007,4.0868335023562416e-05,-5.525605655905978e-06,8.02050660480803e-07,1.2715901038480365e-05
Motorcycles,2938875.0,325668660.0,360505740.0,44909642730.0,39727098975.0,49399861230.0,6704279558430.0,5502984889245.0,5477128212075.0,7457909169630.0,8820977473.33015,-222004429.57093462,5177365011.907159,-227316714367.2692,43213985300.666016,57394855389.68164,127936599053.21205,0.0010213027093069987,-2.570392295915845e-05,0.0005994411537405065,-1.5352481541361264e-05,2.9185795400210985e-06,3.876324978529874e-06,8.640562489635331e-06
Motorcycles,1681215.0,230292285.0,264705810.0,35429074485.0,36453026220.0,43558939860.0,5877020814495.0,5660850504210.0,6023552327670.0,7418640975540.0,3883712035.5088735,193710286.18079817,1881244950.2138627,-40021536700.13395,29505418681.13086,-4136141059.232422,-32076151711.498188,0.0013740435840362507,6.853401422530457e-05,0.0006655778106636217,-1.0920326410636508e-05,8.050885334429518e-06,-1.1285926071674979e-06,-8.752338754785613e-06
Motorcycles,1972935.0,179918310.0,316253550.0,19024185240.0,28293604560.0,53138866560.0,2301850550010.0,2965033262610.0,4651144240170.0,9301285512300.0,2616853891.9038386,-546577325.1105077,2444693722.272195,89694996479.71785,15221139670.726562,-19532202773.789062,-410351597.634764,0.0006722857726908986,-0.00014041905835251157,0.0006280567719715649,1.6405379224523972e-05,2.7839743389050715e-06,-3.5724756805890068e-06,-7.5054059187235e-08
Motorcycles,2207280.0,253767840.0,266799870.0,37608387870.0,30340858545.0,33814019490.0,6260088224940.0,4495014539235.0,3825580496535.0,4444263252720.0,8433060490.48059,-332742775.2587817,1565201654.4662662,-2768524620.2287498,25697477548.433594,18469831222.833984,-21308491680.454865,0.001730893548296062,-6.829576564613607e-05,0.0003212591026183412,-3.824765554731158e-07,3.5501518120003253e-06,2.5516397342696057e-06,-2.9438056792843427e-06
Motorcycles,1868385.0,321671025.0,244466460.0,62161148805.0,42471953400.0,32846691780.0,12672063581175.0,8232901290570.0,5749009336260.0,4517903090610.0,6780567005.9860735,383317082.3665853,859788617.6798126,-364684374452.62604,-32482982725.558594,-6359794352.292969,-4876433734.636723,0.0019423758426492113,0.00010980583780181325,0.0002462969010248959,-7.642777663188407e-05,-6.807536384887916e-06,-1.3328373142154096e-06,-1.0219658815664837e-06
Motorcycles,1438200.0,197753265.0,165465930.0,29760533115.0,23634009195.0,22001222520.0,4848385198185.0,3686930414475.0,3185510385705.0,3179356220550.0,2569353989.5930886,882355806.2074497,2964249921.776597,49720984308.28691,20311187449.73633,-42700736149.78906,-33978145690.527573,0.001242182406692895,0.0004265846058400857,0.0014330991824348903,2.0044328266533845e-05,8.188174759399579e-06,-1.7214212158434038e-05,-1.3697820258066259e-05
Motorcycles,987870.0,133288245.0,54543990.0,19543024305.0,7448035665.0,3574534920.0,3042089709075.0,1116458223975.0,495525418425.0,264149897250.0,1559123331.005422,88694150.02581364,562957642.5038718,-15479643838.164925,13480810490.339355,3437439397.245117,4620496643.199163,0.001597647178707702,9.088566358970484e-05,0.0005768675712769012,-1.5959213033430974e-05,1.389845455928407e-05,3.5439334524538245e-06,4.7636425630972275e-06
Motorcycles,1485375.0,325961145.0,230039325.0,71760095445.0,50604222660.0,38511762345.0,15848070214545.0,11166741066690.0,8482172801250.0,6885082403505.0,228887467.41114995,122774021.08583066,2885680684.506435,72423772.66071628,-595827415.6367188,-7147307019.175781,26975940111.570984,0.00010374084796479833,5.56460395125664e-05,0.0013079045548116113,2.6933380634619708e-08,-2.2157982093896065e-07,-2.6579827781377913e-06,1.0031972048809604e-05
Motorcycles,2135370.0,294826920.0,320368995.0,45705185100.0,44054329890.0,53549412225.0,7608284729520.0,6914349927780.0,7391292446370.0,9514083565395.0,4998931496.79007,-178474757.13159236,5484536836.982923,-82540796755.11961,106496538957.32812,51368818634.828125,-165607769770.9707,0.0010963037797310324,-3.914087459601761e-05,0.00120280073218034,-1.2387561233375264e-05,1.598279213841743e-05,7.709331764908279e-06,-2.4854089970162173e-05
Motorcycles,1401480.0,105057450.0,208800120.0,8327045910.0,15541477350.0,32128983060.0,692722494000.0,1222020967950.0,2376299790030.0,5096566148070.0,451751363.8755455,-110553479.47598319,1020804483.0567718,784041804.3900764,-2013090308.9550781,795414787.5478516,5645324709.302382,0.0002299988494153513,-5.628576936702908e-05,0.0005197191981157391,3.3718788191957153e-07,-8.657569705960057e-07,3.420789885934821e-07,2.4278489626693994e-06
Motorcycles,2887620.0,393542520.0,380444955.0,66669405240.0,52628799495.0,53792235975.0,12505375443570.0,9064970877765.0,7590221195325.0,8101779397305.0,13035022929.325327,779433473.159661,3668478768.3897114,-133724330215.93628,68801263062.3125,53704906034.99609,47986559336.28801,0.001563261805904131,9.347575262736929e-05,0.0004399526395532537,-9.437573099357189e-06,4.855638075959471e-06,3.7902151065624312e-06,3.38664370792929e-06
Motorcycles,1178355.0,150209025.0,166923255.0,20361390195.0,21216377910.0,25056518025.0,2898964637115.0,2880587952210.0,3186249961440.0,3944607335625.0,1213721460.6621938,-61912064.902619146,1410525892.0731447,-6007466615.028559,12021157088.863281,9748808870.916016,-4469720128.51011,0.0008741112971653449,-4.458851319370031e-05,0.001015848081431034,-3.985666841905588e-06,7.975462916524741e-06,6.467868530085922e-06,-2.965445578046885e-06
Motorcycles,11091480.0,1382454705.0,1487266845.0,241760781735.0,186325151850.0,278911880655.0,47702151999975.0,32245637153160.0,35206594632450.0,57582314635605.0,69450052114.0083,950517674.8713698,79482889371.93822,256145442776.07343,-409237611918.2656,187788437176.8125,-1133107020490.6335,0.0005645385131601736,7.726471306651672e-06,0.0006460924192547568,6.251912374961422e-07,-9.988534882848425e-07,4.5834774241396203e-07,-2.7656497522597277e-06
Motorcycles,1551675.0,223983330.0,196241625.0,34894845660.0,28181811795.0,29585941755.0,5730957679200.0,4368944981625.0,4292637318945.0,4968449146755.0,2562990008.5981946,-145545836.01889697,4767100578.438786,-46023843688.4602,-2216205095.3535156,58739464867.13086,20892206507.147873,0.0010644993170898268,-6.045027195877493e-05,0.001979943461824926,-1.534549770226324e-05,-7.389380693342362e-07,1.958520303632828e-05,6.965982874460197e-06
Motorcycles,2770575.0,371246850.0,344087055.0,52252784400.0,45560026605.0,46279593765.0,7676371964340.0,6342048299475.0,6061753836105.0,6637777336035.0,2507073262.4482284,-546371992.5931892,3546261724.3322577,2814051258.637795,-977584101.171875,-3829786357.5371094,9314063550.1805,0.000326608289402634,-7.117846317107982e-05,0.00046198828446965333,2.2024559252419823e-07,-7.651196435883699e-08,-2.997434971974049e-07,7.289779953797142e-07
Motorcycles,5298135.0,659094420.0,260039055.0,112344497280.0,31332857505.0,19353947415.0,21846833730840.0,5316263385285.0,2279369197935.0,1845056195715.0,30352352029.806034,-1016316333.0719072,6590907189.469125,319303196341.5705,55117706857.37305,-28521195294.64746,248160542697.32367,0.0010813002667772991,-3.620619321367967e-05,0.00023480057477189608,4.941920053775108e-06,8.530678801760781e-07,-4.4142829949461465e-07,3.84083083590464e-06
Motorcycles,2140980.0,277219425.0,278960310.0,38934806325.0,36582307650.0,39689694300.0,5812849290315.0,5240227318770.0,5289986345970.0,6000215915970.0,3039744438.6999736,461831636.20176005,3342388601.0695596,-15713812931.911776,47594485450.08008,30516558733.742188,-42174459616.36431,0.000663150118995433,0.00010075310957194625,0.000729174916913806,-2.3428800421060937e-06,7.096187956320233e-06,4.5499228430960165e-06,-6.28807916639542e-06
Motorcycles,2366145.0,247229640.0,359291940.0,31404664230.0,38443684740.0,57665319030.0,4593664284210.0,5034577279050.0,6291230310060.0,9632725875960.0,5572563959.505337,902613934.4907885,3107927936.485614,147795668772.34323,77252781856.63672,-8121541775.15625,-67436734686.36544,0.0009953420488808507,0.00016122015098131182,0.0005551217325732091,1.716162149075229e-05,8.970377903113134e-06,-9.43050814846651e-07,-7.830565840480556e-06
Motorcycles,2120835.0,260056650.0,250321260.0,37478606130.0,30691347630.0,32592822450.0,6018613047030.0,4467743610900.0,3989872827030.0,4568021139450.0,5590476591.7650585,-3029018.5271138023,3047509774.573764,51981043336.670166,44902382476.56055,-5941918069.572266,1711475611.2153814,0.0012428967989852283,-6.734233422893315e-07,0.0006775343893351386,7.935563795931308e-06,6.854916674607863e-06,-9.071089551991328e-07,2.6127840124361387e-07
Motorcycles,2172090.0,291006000.0,290070150.0,48870060990.0,41104651560.0,45743820150.0,9092462188320.0,7322907465390.0,6910207225830.0,7977368242140.0,9882499684.529238,2242470862.6532106,7006616847.640295,-102927678052.09637,195720804803.66602,182735599160.85156,-2843246545.3743873,0.0020946486048248514,0.0004753036796115702,0.0014850898733068025,-1.4802587440881517e-05,2.814767011104222e-05,2.6280197283487512e-05,-4.089027013956957e-07
Motorcycles,1532295.0,166476495.0,260156610.0,19569890595.0,28252414665.0,46542719850.0,2438104472805.0,3338029853505.0,5063040539955.0,8694310626450.0,1483018688.816775,-12351965.369445443,2372725347.184226,-10315903464.901724,18092262203.097656,10591776811.988281,-13514291026.563538,0.0006316286997066058,-5.260794003444793e-06,0.0010105613888106823,-3.549370278277773e-06,6.224964972672408e-06,3.644289415709558e-06,-4.649832471279102e-06
Motorcycles,7983285.0,933906390.0,1449739005.0,155673482220.0,176214024960.0,285293705475.0,29431741096680.0,29769839672520.0,35247783603840.0,58978180923315.0,46422572941.07133,6619613561.466442,22025742146.82243,359356130012.19495,-48727249151.5,-530851197003.28125,-829851448914.1458,0.0007283932958973578,0.00010386503448923472,0.00034559486690396887,1.9955884118823673e-06,-2.705937804548887e-07,-2.9479405211139205e-06,-4.608358663537096e-06
Motorcycles,508725.0,70152540.0,72722175.0,10510364580.0,10072645860.0,10802587695.0,1663192325220.0,1523803880460.0,1505468269170.0,1652806311135.0,836417224.4511281,44349058.04511311,406961891.80451196,-16855553698.918163,9117221778.972656,3125578526.7666016,-7772549028.967069,0.003231891756387055,0.0001713634665923919,0.001572488878561507,-9.131357001182157e-05,4.939179596817148e-05,1.693256351760586e-05,-4.210714240567803e-05
Motorcycles,6811050.0,1143846360.0,747398880.0,212267423340.0,118159367340.0,108979093470.0,42045898065840.0,21200439465480.0,16276477489440.0,18531023591250.0,20170096894.70161,-7358649464.468738,26964560347.316357,-376974084818.34644,379258347164.2031,-410471900983.8281,654570355780.192,0.0004347903010225176,-0.0001586243949386284,0.0005812529990091037,-3.1136968291582742e-06,3.1325641749777807e-06,-3.390379095071719e-06,5.40656167979268e-06
Motorcycles,2568870.0,326491290.0,252267420.0,47725269090.0,31981472445.0,32757914550.0,7712868289050.0,4738413864525.0,4080147414735.0,5114940915630.0,6229762331.828472,-80529672.96307085,7984823193.311498,63664183347.72761,72180840463.03125,-67413089874.26172,329811235897.4076,0.0009440331056453252,-1.2203142465888751e-05,0.001209987963537326,6.019214986227639e-06,6.824433673491735e-06,-6.3736603456101705e-06,3.118244245586154e-05
Motorcycles,1162800.0,160797390.0,171717000.0,23146789620.0,23634932295.0,26592786180.0,3459400033200.0,3387363019485.0,3642821775195.0,4301528141040.0,910978963.9868455,-110892798.42104901,1234402890.526315,6605539492.51072,-179746309.40820312,-1800045616.0878906,9844801879.288897,0.0006737492617333632,-8.201500146693543e-05,0.0009129497705785045,4.53049583698631e-06,-1.232813621674363e-07,-1.2345848782401192e-06,6.752186400617598e-06
Motorcycles,1295145.0,63768105.0,179137755.0,3764141445.0,8831125320.0,25685099145.0,247823022195.0,522648246330.0,1268305947060.0,3799817712405.0,624438002.3036029,11050988.319550594,907691776.3732992,1000756662.2723901,923459432.1733398,610517057.984375,-3906760059.9900355,0.0003722652854005117,6.588162965032096e-06,0.0005411300032040891,5.242428389823408e-07,4.837509583081877e-07,3.198172021139741e-07,-2.0465424436160667e-06
Motorcycles,1902300.0,252188625.0,218018880.0,38918859645.0,29834391570.0,26873385630.0,6517817342805.0,4762494224190.0,3807519543960.0,3518194282110.0,5486118973.50201,931546818.2573724,1886668478.9437013,-96264190848.1068,55088865876.90625,31379209053.552734,5833385152.678619,0.0015160279416908092,0.0002574225991620903,0.0005213598437439904,-1.9287113887668912e-05,1.1037388054161415e-05,6.287014656112342e-06,1.168754059002846e-06
Motorcycles,1235220.0,245017770.0,195770130.0,49103746560.0,38916348660.0,31776822960.0,9937525012620.0,7814271173910.0,6328123828380.0,5273426959620.0,502114773.1337703,83460036.75061658,749197273.7118051,-1874094236.2333317,-1296281050.0585938,-1569881107.3359375,-365285653.39010835,0.00032908976041568687,5.47003294229456e-05,0.0004910294707545252,-1.1051739451736702e-06,-7.644311659729996e-07,-9.257761233688864e-07,-2.1541295996079528e-07
Motorcycles,1482825.0,209308335.0,223776015.0,32246927955.0,31308076605.0,35838945165.0,5280987759855.0,4829080403805.0,4983297575415.0,6021722703435.0,2701985631.7506437,-279052768.04471326,2068469964.433358,-33629289815.262104,41413016723.69141,8671906285.521484,-11116142958.468786,0.0012288623437466636,-0.0001269131243848402,0.0009407395874330591,-1.2560095663934858e-05,1.546721487843124e-05,3.2388424832390093e-06,-4.1517326039094536e-06
Motorcycles,2695095.0,363056250.0,445764735.0,60004270320.0,58441512510.0,79180049745.0,11056661157090.0,9520231298940.0,10176764278620.0,14787575266455.0,11096962538.989494,-1607455363.6162412,5451220531.328415,-16257822744.666952,28694182307.984375,42161191582.35547,-111935750045.37628,0.0015277629134143997,-0.00022130476523403507,0.0007504911845331927,-1.3634122395102664e-06,2.406349237278898e-06,3.535718499242269e-06,-9.387146978256358e-06
Motorcycles,2515320.0,304253505.0,341668125.0,42679602195.0,41230904865.0,48412850325.0,6609383562375.0,5827066565925.0,5851711955865.0,7102352940615.0,5877050112.249087,-97325570.10492769,2002410444.1833963,25074308976.108074,53234065070.0625,22126333233.67578,-17793776437.902023,0.0009289084334730141,-1.538297974941696e-05,0.00031649482535458194,2.4988826578087432e-06,5.305258148290116e-06,2.2050900964494576e-06,-1.7733114559594452e-06
Motorcycles,6592260.0,827007585.0,939056625.0,138243914745.0,113617319325.0,164648690955.0,26091070118925.0,19029487563885.0,19172368177545.0,32698577892375.0,34494738340.01412,-4188554778.7975745,30881614875.417175,93371822169.05843,387787924805.1953,-289718580516.0156,446571127200.6237,0.0007937508430771723,-9.638191350153991e-05,0.0007106100530848929,8.368160764276837e-07,3.4754293338515614e-06,-2.596513168358734e-06,4.002255603765545e-06
Motorcycles,1950240.0,274225215.0,279903555.0,46457074275.0,40375043775.0,45654477585.0,8581730010645.0,7072457945235.0,6778545781635.0,7982405502705.0,7897989987.016866,1017522367.8196899,5481985942.105776,-171734786430.20035,118667219664.36719,66948651256.78906,-143622722036.6619,0.0020765407561499963,0.00026752713925254075,0.0014413245967818255,-3.233241355340488e-05,2.2341412017771265e-05,1.2604385659261672e-05,-2.7039770689920387e-05
Motorcycles,4643040.0,573937170.0,659110995.0,81967611060.0,79604449050.0,108215667075.0,13042414000860.0,11285595662460.0,12661781983980.0,19221484173795.0,11021878284.144335,-1869821941.8898253,14650394380.84057,185322529666.64255,112003994917.76172,-184145104630.91406,-299908714353.38257,0.0005112705300613545,-8.6735203447638e-05,0.0006795860657865853,3.989533873596128e-06,2.411167883938773e-06,-3.964186836341087e-06,-6.456289891206091e-06
Motorcycles,10917570.0,1402367655.0,1165969650.0,252062867925.0,151889413035.0,191229051750.0,50614942359945.0,27917553880515.0,25080890006745.0,37441840916460.0,71927999104.35593,2119993294.923149,66706358080.88476,-241045911272.16956,453230414419.27344,64596770183.296875,2770897793817.585,0.0006034565547011161,1.7786173196444656e-05,0.00055964839180007,-6.120470461366589e-07,1.1508112081245565e-06,1.6401963498154634e-07,7.035671341206623e-06
Motorcycles,2394960.0,305465775.0,377948505.0,50895052455.0,49093493775.0,65242881435.0,9556232755605.0,8369607340605.0,8610377404755.0,11980771639725.0,11934343425.89278,887956734.7503191,5598848786.548663,20472839261.83914,111352600835.74219,8700891751.644531,-82311901313.16469,0.002080664236615331,0.00015480866904234443,0.0009761177486408295,2.306388244576598e-06,1.2544538951629265e-05,9.802076886683713e-07,-9.272929814444205e-06
Motorcycles,8395875.0,1037362440.0,1077917640.0,176364152640.0,134512160340.0,211676503680.0,34034451169800.0,22746729728910.0,26541258554910.0,45850790501880.0,48191587907.586334,1328749063.6956718,73286349154.9303,334826753078.7708,-224410257813.8047,46126307474.69531,-143597735295.2603,0.0006836586425543688,1.8849986493982475e-05,0.0010396595787029038,1.639287930044434e-06,-1.0986966352888308e-06,2.2583111536191222e-07,-7.030442821152241e-07
Motorcycles,2985285.0,348359835.0,434350935.0,43406898915.0,49136579850.0,69126223905.0,5697067879065.0,5988277942560.0,7582043843850.0,11823641807625.0,2755981283.608955,-1548838811.4328997,5929331569.636974,-11387599836.775068,34166136284.882812,-33751894881.316406,40558648546.46306,0.00030924640973562065,-0.0001737939384942396,0.0006653254544752122,-7.395502710102735e-07,2.2188675147558326e-06,-2.1919652397670435e-06,2.6340194557487823e-06
Motorcycles,3852540.0,469151805.0,501356265.0,68144707995.0,64663722120.0,73398233805.0,10843182473295.0,9865823027850.0,10038277265490.0,11661447759675.0,11012681816.230137,3609924710.288913,8153459070.733707,-137482714088.46036,118492262333.96875,160474410025.53125,-12471247301.796112,0.0007419912406486654,0.00024322254643623762,0.0005493480436850381,-4.719328468804277e-06,4.067448847466857e-06,5.508557615910689e-06,-4.280968180115743e-07
Motorcycles,2692290.0,296469885.0,368785590.0,40997851695.0,38361789960.0,56531642580.0,6645540150075.0,5221353784980.0,5528932669500.0,9395401232580.0,8351148437.953684,-2248182018.114227,6015980674.46675,291708872129.52496,100664558583.77539,-80320163812.31445,3668125278.0146255,0.0011521327635026263,-0.0003101614323624146,0.000829970690995184,2.4527034550101313e-05,8.463928739399693e-06,-6.753361385661609e-06,3.0841789202769563e-07
Motorcycles,3857895.0,612540600.0,720148305.0,104266634820.0,114097367025.0,139428227055.0,18804777663660.0,19460411145375.0,22008577624995.0,27876770687055.0,7009973700.824902,-244800098.1806513,4999067838.802307,23723735028.26918,74829024649.13281,-37866123647.375,-16456537688.124317,0.00047099422485087373,-1.6447912275683107e-05,0.0003358831548022148,8.11534629198824e-07,2.559729515591967e-06,-1.29531334660212e-06,-5.629404558226002e-07
Motorcycles,11590260.0,1454486340.0,1296728040.0,255230677590.0,164128189290.0,216351564540.0,50559834467280.0,29188273480860.0,27548405550720.0,42363388682040.0,72704098095.95969,1399033872.0047474,71272540452.34004,282811416133.09875,281715076543.8672,84938108010.77344,2209730040210.1357,0.0005412183768285255,1.0414582687418202e-05,0.0005305616831275228,6.183921819633768e-07,6.159949384573414e-07,1.8572468771877102e-07,4.83177022978614e-06
Motorcycles,3271395.0,395621280.0,428012655.0,53642632320.0,53101786245.0,64594630125.0,7872567095700.0,7432095869235.0,8276187863655.0,10711909416795.0,5798762292.431209,1340713544.4247384,8595634943.999527,-17154072823.67558,89492760289.33203,113708255210.76172,11458934316.34389,0.0005418378446252511,0.00012527661948122512,0.0008031783467519067,-8.862062029392087e-07,4.623335816617123e-06,5.874346117622463e-06,5.919864497835927e-07
Motorcycles,2364105.0,201803685.0,445245045.0,20568407355.0,37234986525.0,86830923375.0,2290900809975.0,3769160655645.0,7097040546015.0,17491996230495.0,3342130485.0728083,-771824005.4082607,2975447371.585595,-35429405517.612946,27166285077.867188,-24258499918.867188,17880324811.054768,0.0005979844335735101,-0.00013809716369659992,0.0005323763446915927,-4.122844561462998e-06,3.16128281161135e-06,-2.822910037540212e-06,2.0806953666722373e-06
Motorcycles,9141495.0,1197452460.0,1016527155.0,212473133880.0,133386327945.0,180710970105.0,42188897754300.0,23467573467105.0,23223054956505.0,37547535200145.0,55617784294.39593,230542987.33701485,67673938760.30266,-213989529963.99915,-219672309610.46094,-499706158089.9844,2402036439883.6753,0.0006655477679824651,2.7587825116150907e-06,0.0008098172097991998,-8.469337889372719e-07,-8.694252542836522e-07,-1.9777511072510815e-06,9.50684747771693e-06
Motorcycles,9167505.0,1235755500.0,1068991875.0,234306312420.0,142377997185.0,182386972395.0,48860816111880.0,27686641720095.0,23869088513145.0,35073741989925.0,67729729611.45506,-1719288716.296188,57735431019.67317,-982634861909.5011,828483119288.1562,-315233494693.53125,341543325685.22363,0.0008058923455827338,-2.045721464205467e-05,0.0006869736848883745,-3.861573266502402e-06,3.2557854287550302e-06,-1.2388093309137834e-06,1.342202100641378e-06
Motorcycles,3264765.0,437486415.0,440834055.0,64570941135.0,58500213765.0,65568843855.0,10269324105945.0,8672078873475.0,8614692739665.0,10407705523575.0,5946702235.85957,-572616999.8062897,6043988605.772874,22916650950.672337,106670490672.03125,-17052664933.996094,-78124644652.96783,0.0005579205281309589,-5.3723015930107636e-05,0.0005670479504785366,1.18992978417624e-06,5.538784625055339e-06,-8.854467412457747e-07,-4.05656314052399e-06
Motorcycles,9812910.0,1290779910.0,1226303160.0,227843724000.0,163323866760.0,231101175090.0,44834374672740.0,28669143449130.0,30928998152670.0,48752515545360.0,58055885727.80468,2017232693.4982538,77852094009.46573,-409171173313.5043,-334799886383.4531,26011002421.109375,414087995792.1311,0.0006029074131837701,2.094885866919579e-05,0.0008084900268381722,-1.3564709275911608e-06,-1.109917662972836e-06,8.623082681023678e-08,1.3727710170974024e-06
Motorcycles,2481660.0,339716865.0,331083330.0,55224734175.0,46215661950.0,50492271540.0,9724426910715.0,7794589294710.0,7248669450540.0,8383174712250.0,8720560208.611286,893341035.2250352,6321768165.69051,-222873007330.0609,182364041956.27344,98368102316.0586,-39902386263.510124,0.0014159888171805678,0.00014505500627792826,0.0010264883004404337,-2.297215677630526e-05,1.8796782133316576e-05,1.0139080973792488e-05,-4.1128528033749375e-06
Motorcycles,4949040.0,670353690.0,831427755.0,107617974360.0,111525428100.0,148111850685.0,18948878735880.0,18013631349330.0,19751637577320.0,27471622425495.0,16817724271.77762,-1092506596.9646502,8433829940.706141,-184074982119.6048,230012877357.0078,56778569321.53125,-244569824159.67264,0.0006866339927943373,-4.460485584763967e-05,0.0003443363818524174,-3.378254446581557e-06,4.2213342451797075e-06,1.0420343496563255e-06,-4.488492061513489e-06
Motorcycles,5369025.0,652761240.0,350611995.0,112207461810.0,39488217015.0,33715264875.0,21738905578050.0,6403383372975.0,3516832081035.0,3889600910265.0,32845336201.283775,-3138874610.588224,10819344100.207548,110210110570.8924,-160827200279.2207,-172285389676.55078,274836605962.51007,0.0011394174314076084,-0.00010888877569678226,0.00037532723637311136,1.6499959287778561e-06,-2.4078029168363837e-06,-2.5793476667583883e-06,4.114679484198194e-06
Motorcycles,1790865.0,235427730.0,233232690.0,33727835610.0,30833816385.0,32488720740.0,5132369330250.0,4454840341875.0,4324561882275.0,4773330630750.0,2778425100.0213575,172966589.7928229,2113741227.5096111,-32009003137.256027,16830726186.703125,8530969583.5703125,-8391519027.302441,0.0008663093385656866,5.3930758110496126e-05,0.000659061770169294,-7.457873745544875e-06,3.9214414272142865e-06,1.9876562168628975e-06,-1.955165213068365e-06
Motorcycles,2176170.0,272642175.0,304090560.0,37924929825.0,36616816290.0,47366072520.0,5661612920295.0,4973071647270.0,5545160669070.0,7910318998080.0,3766865156.922308,-1481269647.8486085,4873496718.884462,-33690283425.481426,44734251136.8418,24861795539.916016,-70465688049.70934,0.0007954162076444982,-0.0003127868497297905,0.001029093985745489,-4.822504229228852e-06,6.40336302827415e-06,3.5587742799096004e-06,-1.0086619763436684e-05
Motorcycles,1354050.0,188290215.0,222812370.0,27448192605.0,31836253005.0,38148096900.0,4160258062245.0,4755656260725.0,5589998771295.0,6762711417660.0,1265108476.0932245,852619422.8135642,1483754944.3728864,-8451498613.675849,1860879900.0605469,4635102485.076172,-2966210631.816285,0.000690014730888524,0.0004650351908160621,0.0008092687607371073,-3.961384252114681e-06,8.722311471776249e-07,2.1725640422642577e-06,-1.390321482904623e-06
Motorcycles,2995485.0,370732770.0,402020505.0,54700455960.0,50386159920.0,61495590645.0,9086460656220.0,7667461530450.0,7684419912750.0,10234097325765.0,8817139317.829231,630552592.4891452,7540893345.412446,134035081108.35953,170098683612.90234,-95762864306.14453,-43262069499.49859,0.0009826376600834553,7.027276100652973e-05,0.0008404047531483613,8.630791168757453e-06,1.0952999798288955e-05,-6.166365377734251e-06,-2.7857325432330876e-06
Motorcycles,1088340.0,141374295.0,147342825.0,22169964945.0,19029544065.0,22167912195.0,3823105479795.0,3052696513635.0,2872102136415.0,3551068376955.0,3805583146.3460646,-110143907.21766546,2220186227.9486895,-45434161338.4714,79873470574.5752,22335400562.188477,-51243243372.61687,0.0032128617094001476,-9.298893978000074e-05,0.0018743911367073392,-3.676808727925894e-05,6.463847138070906e-05,1.8075164878027103e-05,-4.146914984873525e-05
Motorcycles,4210560.0,575331510.0,643442520.0,90046957110.0,88829578440.0,105868567770.0,15145152590280.0,14109379760610.0,14914466900970.0,18403885723890.0,11433578747.292887,909502101.0319858,7540013719.244186,-283447894161.3515,100181118277.35938,170597295901.3047,-79040274411.81343,0.0006449149825334942,5.130078207053907e-05,0.00042529709407039323,-7.791545010363348e-06,2.753824277142966e-06,4.689456288232783e-06,-2.172695117503844e-06
Motorcycles,8660055.0,1048206060.0,742365690.0,175436250990.0,87263125170.0,108432296460.0,33438723313950.0,14286322925430.0,12809771703690.0,20458311372240.0,48562236423.03437,-2592218126.789844,44794499969.19526,448193525980.56165,-125074694852.85938,129639458289.84375,3483336463248.582,0.0006475262493742359,-3.456449712443564e-05,0.0005972874540821023,2.0307850304191227e-06,-5.667190694817011e-07,5.874022179831242e-07,1.5783154230088344e-05
Motorcycles,3333615.0,457629630.0,451069245.0,71018205840.0,63195297735.0,68372389335.0,11924613014460.0,10097557570155.0,9834397255485.0,11190515122395.0,8196050835.916783,1273734598.9661977,7338507562.548765,-74837037458.59688,138421354368.35547,103724624913.04688,-46844970931.86192,0.0007375199290984162,0.00011461674285902243,0.000660354076075439,-3.688314813879763e-06,6.8220435924733066e-06,5.112028530559706e-06,-2.308736504158681e-06
Motorcycles,1889040.0,238837845.0,241047930.0,33175637955.0,30592395645.0,33745996200.0,4939225206825.0,4296878671215.0,4338734765445.0,5037052159110.0,2978545143.7074776,115874161.64821734,2987460352.540495,-8460645453.948954,34253673543.873047,42540156861.927734,-31471957728.06526,0.000834683596287137,3.2471645482902833e-05,0.0008371819228900138,-1.7250457238304971e-06,6.984000617206402e-06,8.673536325942558e-06,-6.416835026934424e-06
Motorcycles,10388190.0,1339352310.0,1255202820.0,232437856530.0,159323972715.0,231215583390.0,45114097382760.0,27172889018715.0,29110425081915.0,48460345387740.0,59754779853.279976,-2509686130.815705,79549689780.43448,-262583726746.86032,-265379356992.9375,-93776564759.21875,1298670237003.805,0.0005537234067077447,-2.3256247576086936e-05,0.0007371548407662421,-7.549498394838928e-07,-7.629875066755346e-07,-2.6961534665312075e-07,3.733783883392364e-06
Motorcycles,6897750.0,959286030.0,759242355.0,188145825330.0,105630864165.0,126066011325.0,39926351085630.0,21440767156905.0,17298916068465.0,24360502305705.0,54735700672.95082,41275598.3223604,42495433437.145836,-1463964283517.3057,719884301384.1484,-242461900705.07812,1129257154318.188,0.0011504183015589493,8.675179660448726e-07,0.0008931560893114105,-1.171552773851507e-05,5.7609496326812786e-06,-1.9403267929588465e-06,9.036998828649997e-06
Motorcycles,1651380.0,167953455.0,257971770.0,19636784235.0,26328752295.0,42453563310.0,2515334044635.0,3125938168005.0,4347599085135.0,7331128350210.0,2555093136.3812532,91756531.47776316,2154277793.0790577,-1554374482.233916,39696576625.631836,1195577375.1308594,26143076928.043564,0.0009369419718380942,3.364673651527184e-05,0.0007899646610116108,-4.435454276925598e-07,1.1327537384711552e-05,3.4116159538970216e-07,7.4600055326330046e-06
Motorcycles,2967690.0,242201040.0,440028255.0,27870406560.0,37115900505.0,71627763195.0,3646249627740.0,4415039447175.0,6230085471915.0,12556214208345.0,8103738283.636363,1204029322.233201,6383460320.257346,48936857732.3822,86083028947.99414,27303988011.714844,42762513788.54758,0.0009201281978930558,0.00013670990988367727,0.0007248015218680754,3.225445784333478e-06,5.67376320607597e-06,1.799615608944216e-06,2.8184925681385546e-06
Motorcycles,5336130.0,730284810.0,656058390.0,116756695470.0,88329275070.0,97283833650.0,20917458832110.0,14310038563440.0,12956864158470.0,16225685669400.0,16812371827.821842,-1456670304.279849,16623765194.135519,336760704553.6501,353924064921.1875,1110752164.578125,177314183800.51053,0.0005904405601814379,-5.115739999488749e-05,0.0005838168066986959,5.1198284098212075e-06,5.380765801950098e-06,1.6886947947252258e-08,2.6957367157470316e-06
Motorcycles,2433975.0,321613140.0,342794460.0,50041818120.0,45812591610.0,52807287000.0,8509799315100.0,7270084748850.0,7089762380640.0,8742766835190.0,7545485240.385543,517466288.1686751,4529041822.177056,-96517783000.92369,85579593526.8086,-33682412586.367188,29815254861.02399,0.001273664216756164,8.734737046340032e-05,0.0007644940413142079,-1.0442802266668437e-05,9.259337973539731e-06,-3.6442898248130148e-06,3.2258802612676956e-06
Motorcycles,1427490.0,143215905.0,228362700.0,17348734515.0,21677210340.0,38941181580.0,2293789929375.0,2524004689530.0,3543171413790.0,6948909522390.0,2980300799.19882,-1233752783.204717,2408860687.181134,-44767725270.16447,-3801328475.538086,31055512215.38672,-51420586890.026146,0.0014625608706465363,-0.0006054551759512183,0.0011821308053391634,-1.8387908806789818e-05,-1.561358789865333e-06,1.2755750333940975e-05,-2.1120507169381563e-05
Motorcycles,321810.0,46763175.0,28794090.0,6917832525.0,3981539655.0,3449024430.0,1041638936115.0,558835542405.0,464218497225.0,477367294530.0,122535498.55388248,-202615808.27258337,872660678.3201268,775970661.9630991,-1255117704.2033691,-711297876.8249512,12600941490.503883,0.0011832127787847042,-0.001956474787806021,0.008426482760644763,1.3208285974545378e-05,-2.1364149936922887e-05,-1.2107449715202872e-05,0.00021448857142875358
Motorcycles,5942775.0,740055900.0,553577460.0,129067135140.0,78140485890.0,77639350200.0,25769841182580.0,14812056134220.0,11848400101110.0,13699249957770.0,36907708756.734604,9203286453.70736,26072867501.25209,504804209404.9189,497102308912.7422,465347055173.1094,1609595240523.2842,0.0010450534648277043,0.0002605939712931585,0.000738261502489104,5.86340304799636e-06,5.773943915168548e-06,5.405100216764462e-06,1.8695774447780776e-05
Motorcycles,1669485.0,220628040.0,251917050.0,32533188150.0,33317501340.0,39509453160.0,5158582908990.0,4945574269500.0,5237820660390.0,6391001889030.0,3376452968.6467085,25818585.089354154,1496413162.2147548,-33206138371.99238,29652656852.60742,8722168493.171875,-22382397736.879364,0.001211422573529307,9.26333554302899e-06,0.0005368914363287865,-9.220661308837635e-06,8.23393261457012e-06,2.421966705468712e-06,-6.215131265776139e-06
Motorcycles,1068960.0,96162540.0,167911635.0,9409691250.0,14950146375.0,27956469315.0,988422340200.0,1463849575095.0,2466736120155.0,4873846392795.0,759008250.4007626,-155011270.89217696,1581004219.6051981,5377012316.111185,13669879355.726562,499117007.4609375,-14226573846.030668,0.0006642378020905657,-0.00013565642510778885,0.001383598620136174,4.55132024838988e-06,1.157073762288898e-05,4.224727802029001e-07,-1.2041946308481242e-05
Motorcycles,3840555.0,387345510.0,443995035.0,61248115440.0,50460635220.0,69727172715.0,11700933149250.0,8297261094000.0,8405482145910.0,12567570940365.0,22181745054.167713,5680783539.828028,18398239499.70918,1049300452142.727,70660731985.80664,59556453051.41406,252691327582.21335,0.001503861120151256,0.0003851414519768559,0.00124734988141274,3.630069062413755e-05,2.444517550577562e-06,2.060363523598563e-06,8.741890549301716e-06
Motorcycles,3210195.0,451537425.0,469412925.0,70188880815.0,68265132255.0,72718927065.0,11713480678485.0,10930047844875.0,10903384385445.0,11800751729055.0,6676836787.883065,2238768306.324561,4078706094.9169865,-37391118252.88849,36833196461.32031,20204194263.11328,-25445424982.040226,0.0006478999288948756,0.00021724326542055163,0.0003957852307660889,-2.0250694351778334e-06,1.994852891246653e-06,1.094241043766198e-06,-1.3781013995819583e-06
Motorcycles,1446360.0,192240165.0,194484675.0,28556827545.0,26038120125.0,27470416365.0,4599802811235.0,3897828928965.0,3699006186825.0,4047534343245.0,3005594768.0791597,188562606.83621192,1319050999.6306455,5261129077.934238,7812655407.642578,-2881620665.3125,-1005030634.8694988,0.0014367381401574316,9.013693127441619e-05,0.0006305343954246003,2.091163310032557e-06,3.1053293124685093e-06,-1.1453699993802792e-06,-3.994737931659037e-07
Motorcycles,9041025.0,1171446285.0,1287951195.0,198866627385.0,170036145060.0,234909078105.0,37992844756065.0,29007364061340.0,31275390060360.0,48288612728955.0,47082244680.57199,3156212458.988436,51432284190.37992,24781057350.34589,-140346193375.14062,-61041602569.0625,170620396134.11874,0.0005759991196908382,3.8612763904282674e-05,0.0006292170353885503,1.0082672419163472e-07,-5.710267617206262e-07,-2.4836005741943613e-07,6.942034546496915e-07
Motorcycles,1922955.0,321109260.0,238362780.0,55666500510.0,39790680675.0,32273681280.0,10013389753560.0,6916274058585.0,5373202427595.0,4683666728010.0,2045299359.818323,-12900738.67988602,2727064282.031562,34706990117.69707,20357762502.609375,-12897507881.947266,7059299473.059284,0.0005531190801709449,-3.4888021051246602e-06,0.0007374916928435948,6.7685267413402175e-06,3.970152969920161e-06,-2.515260663617545e-06,1.3766983854404345e-06
Motorcycles,3173985.0,455301225.0,525711570.0,78985608675.0,74412527925.0,94090653270.0,14895511899525.0,13023480164415.0,13233887108265.0,17535963227730.0,13673641073.86117,-999650083.9298638,7016311446.751025,-357709350536.59076,227778695009.625,67935011851.671875,-372646064833.83875,0.0013572955828529195,-9.922892051849176e-05,0.0006964647150787302,-1.993049650102318e-05,1.2691148489931852e-05,3.785135932218841e-06,-2.076272560432036e-05
Motorcycles,669630.0,118820055.0,108855420.0,21202263915.0,19308453120.0,18183584370.0,3804585650895.0,3444565390860.0,3224005759710.0,3106555233720.0,118672274.53731748,-7000177.265804993,487987602.5666393,312459909.21113455,397984198.5546875,-238196605.95507812,-8033277198.200726,0.000264654609180961,-1.5611305890125956e-05,0.0010882758314522433,8.515439088804409e-07,1.0846224111295726e-06,-6.491548609520408e-07,-2.189301111859951e-05
Motorcycles,363120.0,66228855.0,28781595.0,12112872555.0,5258079090.0,3089828625.0,2221439247555.0,963537584820.0,566567497110.0,421497607725.0,33501452.854634177,8651677.784409827,808543620.7478932,-28051975.1068216,291898568.6064453,1647277479.8581543,48418333191.634155,0.00025407580016720234,6.561452619385926e-05,0.006132013686182303,-3.530514670679585e-07,3.673724131335122e-06,2.0732006524221722e-05,0.0006093746875646826
Motorcycles,2748900.0,357516630.0,439945635.0,52907206710.0,55179096060.0,77871825795.0,8622259913880.0,8030348485950.0,9380477396340.0,14841336029565.0,6409283640.205937,-2039384353.4053793,7461057212.820497,74092566506.97636,93331130099.01562,-94598540012.53516,-9800408472.739931,0.000848186994408707,-0.0002698865243391652,0.0009873758204045225,5.913945057136915e-06,7.4495351092218555e-06,-7.550697654221824e-06,-7.822522552221993e-07
Motorcycles,2395215.0,318455730.0,428694270.0,55255193670.0,55113616650.0,79234711290.0,10786510948680.0,9376485139290.0,9874703968440.0,15050142629880.0,12914922767.45768,-1883415641.3254564,2507245433.7687626,5852280426.861567,-12240260378.019531,14240987761.023438,-28733469763.653484,0.0022511415702080417,-0.00032828963211851953,0.0004370265718423817,6.591190613120841e-07,-1.3785718287772284e-06,1.60390579407631e-06,-3.236136384020619e-06
Motorcycles,7303965.0,863447085.0,876365895.0,142502487165.0,110157388800.0,168972078255.0,27158974559685.0,18375118700610.0,21703548441360.0,36761770227315.0,40429042317.578476,6556731152.93214,63821357801.22579,754133541857.1895,-273259338761.375,154891027763.53125,1172458218135.596,0.0007578374920035683,0.00012290512977398114,0.0011963236069857084,5.2306004750754745e-06,-1.8953014921258166e-06,1.074309838294234e-06,8.132061727003169e-06
Motorcycles,1216860.0,163589640.0,203562675.0,23525811930.0,27498282255.0,35238160575.0,3555812238090.0,3980206296465.0,4782029175705.0,6280913290815.0,1533495381.3998325,132155732.07460196,1185136683.0521796,-19214485695.914185,9153073180.683594,540794624.3339844,-10421304464.65125,0.0010356219373940587,8.924929083509555e-05,0.0008003633807223417,-1.1763247259564871e-05,5.60357767120294e-06,3.3107838447306873e-07,-6.379998045483334e-06
Motorcycles,7932795.0,1110363840.0,1151300520.0,194188744950.0,159477512040.0,194250937920.0,37653834346380.0,27860591370810.0,27058079514720.0,36113197869000.0,38769645227.95429,-1671549089.2989142,27160664270.89268,-380299250789.79865,145574443233.09375,353707766676.3281,37466725685.186646,0.0006160831972043057,-2.6562360866709416e-05,0.00043160644839068744,-2.1456549922747e-06,8.213335425247602e-07,1.9956253760670208e-06,2.113879184448919e-07
Motorcycles,1554735.0,203858985.0,249912240.0,30002916225.0,32703582975.0,42290377080.0,4804723873785.0,4856048473995.0,5537656696605.0,7485861441390.0,3272646587.2609453,-65252605.00328353,2118818774.6826272,12472543652.21695,50411924568.28516,13462221384.689453,6824590236.946722,0.0013538992807252109,-2.6995110111578823e-05,0.0008765588151792535,4.13822494177599e-06,1.6726009499620128e-05,4.466586917571525e-06,2.2643087347234083e-06
Motorcycles,2568615.0,323483055.0,357786930.0,49494419055.0,45883917150.0,52675177110.0,8413682363745.0,7171374626250.0,6886676948850.0,8139523366380.0,8756010662.876999,825389828.6726896,2838402319.3735743,-24891746832.749622,69315542848.28906,22995704320.58203,11572541012.916035,0.0013271140682696513,0.00012510108719743015,0.0004302054662199529,-2.354007484196991e-06,6.555156925401907e-06,2.174699125728316e-06,1.0944128726128357e-06
Motorcycles,8363490.0,994425540.0,955869795.0,163554560670.0,113068252815.0,157837371675.0,30921004070970.0,18400927397235.0,18601702175595.0,30787521828345.0,45316581715.72473,-585417729.5411371,48590267297.12162,697883722771.4714,-152637645025.9375,-31469778916.921875,1641326425838.299,0.0006478613313284692,-8.36933182699006e-06,0.0006946630586171508,3.449961226740554e-06,-7.545583023332822e-07,-1.5556963650953342e-07,8.113833787496186e-06
Motorcycles,3249720.0,464894580.0,394439865.0,79658298420.0,56942475375.0,56576790075.0,14783230057530.0,10016824292205.0,8243415484995.0,9065552212995.0,13151962331.544256,515166137.76365405,8701032440.121237,-375387668329.07104,200777258797.1289,24662120603.78125,86252592904.52388,0.001245370774789804,4.878153053962264e-05,0.0008239083444936143,-1.971810358057213e-05,1.0546288862410488e-05,1.2954347987681648e-06,4.530616491891331e-06
Motorcycles,2991660.0,400964550.0,447134850.0,59791850730.0,59866055475.0,72146498730.0,9600705258720.0,9000398992365.0,9713001277695.0,12353396831280.0,6051596036.384241,-62286622.55370711,5317522815.450051,-35203729815.731155,80578306787.625,62009066653.33203,-19170044828.719666,0.0006761537488552515,-6.959376186052324e-06,0.0005941346654126854,-2.2740923242450785e-06,5.205201548971077e-06,4.0056648329044405e-06,-1.2383475281913114e-06
Motorcycles,2730540.0,361727955.0,391989825.0,58081234485.0,51883711170.0,60503529975.0,10405749560355.0,8439833128590.0,7970412466890.0,9861535457595.0,10161367561.797258,-45093307.52380886,4230403449.2832527,19193205055.666973,113776772803.39062,-31838345289.308594,-38820641312.31556,0.0013628720192840533,-6.048044882484329e-06,0.0005673939512814097,1.5578518194506245e-06,9.234901206385459e-06,-2.5842179038566527e-06,-3.150948813667498e-06
Motorcycles,3572550.0,513350445.0,514858515.0,83750511645.0,76096885545.0,78720375015.0,14767439052225.0,12698538579795.0,11925648603375.0,12585136989705.0,9985643586.694864,2115318376.6498964,4521472139.461453,-136657903624.69751,20909626813.316406,4382588672.484375,-62885359356.59494,0.0007823830435057173,0.00016573686163925082,0.0003542609049567569,-5.664857177872331e-06,8.667632562646769e-07,1.81670713807864e-07,-2.606776263103065e-06
Motorcycles,847875.0,92485185.0,148146840.0,10895474505.0,15999570570.0,26522372010.0,1359974153625.0,1875022510260.0,2838015724140.0,4852237694580.0,807301785.5729325,-160108515.4375938,637086794.6255645,-4610113203.004541,6215449224.266602,937922877.6318359,-4575389241.272074,0.001122980597956801,-0.00022271566794130617,0.0008862065244551163,-6.96437286293934e-06,9.389510409472921e-06,1.4168946290195248e-06,-6.9119163166172805e-06
Motorcycles,1384650.0,141665760.0,184511625.0,15772762350.0,18940378725.0,30301804785.0,1846686600180.0,2147901843165.0,3113799374955.0,5535215306205.0,1278711466.1104972,62698744.88950265,5714696302.6105,-28704024849.17812,33271761462.79785,-3136673034.5341797,-25678091885.08404,0.000666948867487542,3.2702339820366155e-05,0.0029806647770623503,-1.2723095068067717e-05,1.474775005935691e-05,-1.3903342623731566e-06,-1.1381846481012119e-05
Motorcycles,2962080.0,260725260.0,404283120.0,28829570700.0,31899729135.0,63113262450.0,3514290058200.0,3361015487205.0,4495437686745.0,10731723081270.0,5880271153.037191,-3685677597.975204,7934185208.016528,-58492502344.65959,75010284496.07227,-53766684668.81836,-48181903664.36511,0.0006701990151223022,-0.00042007203952584306,0.0009042921616742294,-3.8735417536064176e-06,4.967396799565372e-06,-3.5605845137290987e-06,-3.190744251501495e-06
Motorcycles,1952280.0,327975645.0,219280875.0,57031314825.0,36225009300.0,29362406715.0,10229591351325.0,6186663274020.0,4755336733230.0,4474044564765.0,1932648796.9886353,-613347090.6250007,4732690618.556033,-808866076.7463915,-13036974875.269531,-39653589716.7832,112891801609.30876,0.0005070709496769187,-0.00016092447433253083,0.0012417206531354923,-1.5188726390325094e-07,-2.448057225177665e-06,-7.446072247523214e-06,2.1198598082538545e-05
Motorcycles,632400.0,77884905.0,99536955.0,9794087685.0,12460343715.0,16036561635.0,1255780753275.0,1591083191385.0,2037667288815.0,2638586005755.0,201964935.38104737,201605125.23991808,369886412.5584668,-183238690.31153688,-121200173.42382812,-821642282.6748047,-1934627106.4937377,0.0005050010166311389,0.0005041013332939216,0.0009248784400502398,-5.761525997422166e-07,-3.8108652102142613e-07,-2.5834682425222116e-06,-6.082997182762282e-06
Motorcycles,5363670.0,725180730.0,737796090.0,129868178370.0,99083321475.0,133903905270.0,25837730657250.0,17513065781955.0,17928413201505.0,27022223458290.0,31822047425.45403,-668435649.7570587,32416850619.11953,-325581320984.5949,-170117730809.7422,8184448443.25,-314996955668.6009,0.001106124517360552,-2.32346162579941e-05,0.001126799692239196,-4.886572604240819e-06,-2.553256557706004e-06,1.2283843994078275e-07,-4.727714382798624e-06
Motorcycles,2002515.0,267107400.0,261942120.0,39648382770.0,32924253855.0,38540078310.0,6354515052360.0,4686152006715.0,4570260539505.0,6162589246770.0,4020003889.0627728,-2015149157.555717,4276327861.1422315,-6447042552.84231,37468259940.83008,-43255578120.97461,2550201363.2275357,0.0010024781544821994,-0.0005025226502812642,0.0010663982872907449,-1.136111856060932e-06,6.6027382316536585e-06,-7.622592024360586e-06,4.494020289703555e-07
Motorcycles,2342175.0,379115640.0,340605540.0,65023805070.0,54474214860.0,52523479140.0,11693891360970.0,9287539099800.0,8291452131780.0,8495099280630.0,3658335584.3255253,-657825779.4251546,2991683318.2993994,-15483876627.953499,44555908547.61719,-18923565823.16797,-13127388784.178919,0.0006668756487614447,-0.00011991463968088438,0.0005453520344956352,-1.8442990799840575e-06,5.307096092064714e-06,-2.2540036888875196e-06,-1.5636156008596508e-06
Motorcycles,1012350.0,105975705.0,156818625.0,14499095745.0,15419465970.0,26072587965.0,2359292271015.0,2037346585770.0,2406631870200.0,4592045267025.0,3405254632.4924445,-996758005.4093183,1780513932.4118423,128541627260.68526,43287702.1796875,-13914829097.00879,1633958474.4161758,0.003322677709945769,-0.0009725867708046923,0.0017373367321851347,0.00012465711613151437,4.197955349309731e-08,-1.3494324785372665e-05,1.5845804634656794e-06
Motorcycles,2163165.0,262584465.0,299760915.0,37430128845.0,36450954090.0,43923736995.0,5984265287805.0,5226858372570.0,5332244201880.0,6761522835885.0,5555259725.290579,63272386.022040926,2384323144.629261,91963885254.41312,24611497083.92383,-17150854109.34375,13968503774.394096,0.0011872032408131014,1.3521812742142385e-05,0.0005095488427953708,1.3362668429255985e-05,3.5761350683505705e-06,-2.4920780163613757e-06,2.0296715811175656e-06
Motorcycles,1657245.0,260236425.0,259784565.0,41619232635.0,41045370435.0,43125844545.0,6766065057045.0,6597039201075.0,6858816599235.0,7511853305535.0,754425743.5743985,251518912.8773682,2402825189.2383413,-6318283406.933985,-6053890852.546875,7930295617.375,-1738564402.8183575,0.00027469013625696216,9.157927740130718e-05,0.000874880509122567,-1.7870319152827557e-06,-1.712252437626787e-06,2.2429654469635535e-06,-4.917269255762226e-07
Motorcycles,1248735.0,163660785.0,177852045.0,23797369845.0,23428851750.0,26394343395.0,3717452834295.0,3432728478030.0,3494524805220.0,4044668647125.0,2347780823.457217,119338283.5276683,1063628783.2673054,-16866725033.390347,12088480848.88086,1255156231.5136719,-17542356557.043907,0.0015056255711913152,7.6531322475303e-05,0.0006821022977707878,-9.679547466390122e-06,6.937388493714602e-06,7.203143643250476e-07,-1.0067281741422622e-05
Motorcycles,4855200.0,561265200.0,668123460.0,82566457650.0,69992913060.0,101656492050.0,13773163065390.0,9661954753200.0,9739534564980.0,16621641801630.0,17683728878.57143,-7242720364.285714,9716106936.642864,139903340193.69202,-25475955617.695312,-18701668860.75,-41359757191.08962,0.0007501698385512794,-0.00030724687104494907,0.000412171574335806,2.6934583991586917e-06,-4.904702528193774e-07,-3.6004978152439307e-07,-7.962696618913699e-07
Motorcycles,1350225.0,173093745.0,183242745.0,23568478275.0,23201815305.0,26632992795.0,3375625632645.0,3138501823695.0,3332338961385.0,4108187267775.0,1378513966.7365427,-289212468.98583704,1764616342.8271973,795172058.5369914,14110766005.388672,-3410480400.0253906,14788765759.368904,0.0007561341985907298,-0.00015863708583000979,0.0009679167541279994,3.753580625960245e-07,6.660935495235511e-06,-1.6099048020255513e-06,6.980982799919271e-06
Motorcycles,1395360.0,184525650.0,190845570.0,26161753050.0,23779180440.0,29907525060.0,3919848942690.0,3196609255350.0,3524488243110.0,5165318948700.0,1759652152.796053,-1458681369.0460522,3805277906.1293864,-5243077453.84416,4224195226.2578125,-31540127303.25586,33912337236.060364,0.0009037624371098049,-0.0007491829717373241,0.0019544017429007085,-2.2796627378978467e-06,1.8366580581115564e-06,-1.3713482891440036e-05,1.4744907400784377e-05
Motorcycles,3187500.0,431726985.0,500833515.0,65841260865.0,70237126815.0,85832571345.0,10793100071925.0,11032827065205.0,12435844952865.0,15547021988655.0,7366534723.136401,2402352409.383601,7139485934.096407,-120190184915.75777,36801704806.1875,55423166356.80469,-182928153945.07687,0.0007250414798627139,0.00023644837247297265,0.0007026945017795771,-6.6258792913024084e-06,2.028815031201208e-06,3.055384351720175e-06,-1.0084516201305505e-05
Motorcycles,11651205.0,1460687175.0,1486016070.0,255138859485.0,181159275660.0,262225097580.0,50125430505285.0,31095079554240.0,31513238035650.0,51673592142060.0,72015566811.88332,-5139447544.415523,72695880619.32985,82324270452.3171,-157155304451.09375,-50384243280.171875,-314610160401.374,0.0005304991543928013,-3.78594892334958e-05,0.0005355106528166751,1.7766455059100827e-07,-3.3915789821020867e-07,-1.087345674617857e-07,-6.78962260484896e-07
Motorcycles,2451570.0,323819655.0,350163960.0,46727462505.0,46336702545.0,52917598470.0,7181961725175.0,6734081791695.0,7036586620425.0,8366111312280.0,3955210860.4134626,84720051.8899554,2902792087.607657,-34973063526.614235,37499051878.68359,22677045048.277344,-21469780183.9597,0.0006580835654201591,1.4096056007616885e-05,0.00048297798375446926,-3.7164041057115764e-06,3.984827644743732e-06,2.4097706870514812e-06,-2.281480979316353e-06
Motorcycles,3982590.0,431408235.0,455234160.0,83742032895.0,49771348800.0,72956886690.0,18478253585505.0,10015921212000.0,8088490294920.0,13463236174530.0,37010367012.79389,458774450.81829023,20920864796.984253,1388832674508.0955,344307474751.39453,80660887041.375,341058985013.9518,0.0023334161207982365,2.8924644248453342e-05,0.0013190110533475147,4.3876899190350764e-05,1.0877584202504389e-05,2.5482908591362145e-06,1.077495581584064e-05
Motorcycles,4435470.0,541769430.0,682505205.0,85409612790.0,81950142540.0,110542523715.0,15331940199930.0,12928009266270.0,13015732001910.0,18709504564425.0,19235314399.406693,-1414293671.9196277,5522457103.774575,200617504965.60568,131155013342.44922,-51211180857.46875,312698680.4040965,0.0009777323770976604,-7.18886463224541e-05,0.00028070688107182285,4.8419434113151354e-06,3.165452350846922e-06,-1.235992042573751e-06,7.547044888077575e-09
Motorcycles,2139195.0,253792320.0,297972345.0,36120315990.0,34658966070.0,47310733695.0,5796061096290.0,4905777444600.0,5407871880030.0,8226396250005.0,6010605705.999521,-692225725.694364,5805626220.085821,84590226314.65349,38763398706.109375,-12191564325.126953,19046110931.85121,0.0013134619304258981,-0.0001512679723864522,0.0012686689820218496,1.2638462664041635e-05,5.791564683326264e-06,-1.8215181262931242e-06,2.845642722505616e-06
Motorcycles,5047215.0,661427415.0,650277285.0,101211848805.0,82960273785.0,96759458025.0,17116618959855.0,12703701949845.0,12045438339225.0,15695304513135.0,14533111062.783304,-2257261757.0302672,12978492207.81742,43938741795.868835,255304837202.85938,-53048866983.734375,-115338587100.43498,0.0005704991244970944,-8.86090975692244e-05,0.0005094723634785312,7.677469570863807e-07,4.460972341960827e-06,-9.269292778763986e-07,-2.015325101760813e-06
Motorcycles,1371390.0,185462010.0,213000480.0,28983174540.0,28239369375.0,35846391930.0,4930848719730.0,4350239508135.0,4664634218805.0,6321597758730.0,3901937872.647825,-566074117.9267385,2763749880.524359,-44103910726.69289,1761247753.6054688,-7264935277.818359,-104480008835.30905,0.0020747147453313423,-0.0003009894974611859,0.001469524327828567,-2.0025098205225238e-05,7.99683262743773e-07,-3.298597335153521e-06,-4.743847887719386e-05
Motorcycles,3070455.0,341958570.0,416242110.0,45061034190.0,45246104010.0,65799456930.0,6507921419340.0,5850971262720.0,7115047226940.0,11531755571340.0,6976885880.891119,-1111050453.876758,9372154091.413502,-64595895552.725464,-10190519887.673828,88155047089.40625,70693553525.86354,0.0007400416209622935,-0.00011784965282430991,0.0009941088652050834,-3.910191988533696e-06,-6.168641038694334e-07,5.336301260758095e-06,4.27930233449866e-06
Motorcycles,9301380.0,1103719305.0,982232205.0,176672375475.0,112203919095.0,154468911435.0,32386772732205.0,17019180702285.0,17274170945475.0,27588385656105.0,45702959729.19851,-4349608086.043844,50744506611.28975,576096319729.219,-605279764645.2656,-136758324231.58594,559050576403.0435,0.0005282622186212091,-5.027537890939492e-05,0.0005865354411213892,2.183366447916606e-06,-2.2939697485838763e-06,-5.183048847472111e-07,2.1187642229350905e-06
Motorcycles,1501185.0,263130420.0,256005465.0,47445952290.0,45043489425.0,45561743265.0,8781112801380.0,8162878341315.0,8035585812375.0,8386295714115.0,1323976697.8002355,170388822.64565757,1903701045.1095586,562474476.6265261,11922900578.929688,-8673609878.769531,-32900463115.29569,0.0005875054626181199,7.560885643963033e-05,0.0008447541146698048,2.0371231289112994e-07,4.318136651945311e-06,-3.1413356568936393e-06,-1.1915615223295485e-05
Motorcycles,1282140.0,292725975.0,215867700.0,67162201155.0,49350803055.0,37496462250.0,15483572760135.0,11336780009865.0,8583878885955.0,6702080112540.0,329798734.281025,65948863.1742234,1151863451.670645,-853377678.2336558,-1108037316.140625,837307029.1289062,1115091484.006002,0.00020062178292111382,4.011773586844393e-05,0.0007006967442116371,-4.584612722223452e-07,-5.95272422263399e-07,4.4982761514186894e-07,5.9906214263753e-07
Motorcycles,9588765.0,1245658680.0,1116233685.0,215285243280.0,133427428845.0,182378825145.0,41379999348240.0,22588279164345.0,20462788684935.0,34097691175155.0,53464034077.42364,-11580419259.384203,52437415638.282585,-478134436492.5199,535580939331.28125,-533539670445.1406,658326727578.3187,0.0005814821327422819,-0.0001259502206519807,0.0005703164904594754,-1.6793581876846838e-06,1.881128333344616e-06,-1.8739587564315759e-06,2.3122500613854236e-06
Motorcycles,2102730.0,239460300.0,287576760.0,33094992420.0,32629260420.0,43905669990.0,5274360415170.0,4577972622060.0,4987687941270.0,7228279301700.0,5825093157.56973,-120173517.13315666,4575659531.169054,178749507697.2786,79155788972.23438,20551558512.115234,-27981372293.74316,0.0013174551921710871,-2.717951796235168e-05,0.0010348721031374563,2.7879570383227447e-05,1.234593268714723e-05,3.20542769266747e-06,-4.3642561500301114e-06
Motorcycles,2719320.0,337335675.0,372311730.0,48466939905.0,46266818265.0,54322830540.0,7741624481205.0,6707587071885.0,6742941414285.0,8346019790880.0,6619949617.830552,80996533.8437744,3348313272.5975285,86799659693.9853,51711233561.34766,-18065244512.152344,-8370141547.859116,0.0008952288108636863,1.095332062373084e-05,0.00045279899130243036,7.1181515535328725e-06,4.240666366752061e-06,-1.4814706502592312e-06,-6.86407484455978e-07
Motorcycles,1944375.0,208887075.0,238689435.0,25281621825.0,25396336125.0,31824981495.0,3294349698375.0,3090476452755.0,3385925662005.0,4472233680225.0,2840575163.7049203,-246422041.79016113,2523716882.659674,-32026596736.97423,39878049544.31738,27421967724.42383,-54185331319.0711,0.0007513568127245,-6.518077122910187e-05,0.0006675450441878055,-6.075201965012237e-06,7.564562883223818e-06,5.201738841379655e-06,-1.027854548542832e-05
Motorcycles,6654735.0,808903350.0,879918045.0,125051690430.0,106377642375.0,133520872065.0,21892682734920.0,16719695005215.0,15749531367795.0,22082475839595.0,26727019403.84756,-579081570.5742128,17174275856.943325,194766533213.3132,325594124805.8906,-327200772755.9844,-113950492451.95055,0.0006035162899600468,-1.3076099350115892e-05,0.00038780812373117533,1.7048548877194657e-06,2.8500313987727808e-06,-2.8640949114583093e-06,-9.974457665269402e-07
Motorcycles,220320.0,19053090.0,30395745.0,1910059140.0,2650524825.0,4379693595.0,214751786850.0,271790875605.0,384675814275.0,655005424365.0,262363794.3749999,21926127.187499855,186241733.59374952,4193459536.6406136,4483361517.903564,-126374267.19384766,-613503454.0830598,0.005405004468458335,0.000451704152650855,0.0038367999848669793,0.00018405077457770425,0.00019677456116413722,-5.546561630197692e-06,-2.692664253547112e-05
Motorcycles,3579435.0,402200280.0,457941750.0,57491059170.0,49901356980.0,71167514460.0,9343829341530.0,7141662887640.0,7726917920520.0,12293840186430.0,12298154359.023296,-1554892420.7266495,12579875239.546913,120149529203.37572,135864511166.8789,128094662017.6211,-29969654766.241543,0.0009598668189069487,-0.00012135883141931434,0.000981855039050686,4.956622825850003e-06,5.604925310467084e-06,5.284389625458836e-06,-1.2363616893225709e-06
Motorcycles,1787040.0,198216345.0,245684595.0,26181202665.0,27048176655.0,38488865895.0,3759444541605.0,3630534941385.0,4256195488245.0,6507101616015.0,4195282134.3129277,-202865539.74957243,4711826645.562931,-75214605238.48117,76112185468.94922,42836836532.44922,-79974147075.39586,0.0013136891875648478,-6.352427740647433e-05,0.001475437293556349,-1.7618401245376653e-05,1.78286520151595e-05,1.003417583218495e-05,-1.8733284685381973e-05
Motorcycles,2956980.0,407424975.0,396554835.0,61791017835.0,54712183155.0,57766702695.0,10098372750585.0,8323359942885.0,7963195534665.0,8969527502535.0,5654314085.312602,73212402.40642774,4585505269.965937,26400181832.184864,16511738135.3125,-15777223235.050781,-7358992184.519212,0.000646670656510558,8.373130960633986e-06,0.0005244334960210398,1.7558440906441957e-06,1.0981756874041007e-06,-1.049323991786521e-06,-4.8943764942302e-07
Motorcycles,3835710.0,371228745.0,286424670.0,41129994225.0,27799678230.0,30757876110.0,5038287157515.0,3068543071200.0,2835909852030.0,3955595429190.0,5201631258.489235,78846680.9154407,9369634667.187878,50781265232.35781,-18026385772.72168,-152682876905.28906,259486090932.5908,0.0003535477131467255,5.359100317110898e-06,0.0006368411648169524,1.7623375927005698e-06,-6.255964116377942e-07,-5.298780416373076e-06,9.0053308191705e-06
Motorcycles,3403995.0,427813500.0,504091140.0,64448310870.0,63738024180.0,83208421680.0,10665398795070.0,9816144613800.0,10632953003070.0,14796326036940.0,10680784542.18518,383937313.7178786,8558524301.625587,-119172004199.39558,175610585560.48047,61619935683.63672,-60681886432.45191,0.0009217758536142067,3.31346581975183e-05,0.0007386199967474337,-5.574449166907706e-06,8.214448426493442e-06,2.8823648762491596e-06,-2.8384862161400594e-06
Motorcycles,1437435.0,153027030.0,211759650.0,19054300740.0,22560787635.0,33256809810.0,2700266479050.0,2855056760355.0,3548032524945.0,5511236751720.0,2763287991.1655135,17194141.492815185,2060860519.6860006,83425676081.89925,44359655783.84863,2499764668.326172,4716728082.60532,0.001337364279393203,8.321546911085688e-06,0.000997406442126678,3.3676674301574234e-05,1.7906785418149468e-05,1.0090869444457336e-06,1.9040147214515916e-06
Motorcycles,1165860.0,147724305.0,153763725.0,20400300135.0,19840214565.0,21837246045.0,3009117008535.0,2808756014595.0,2874574199745.0,3296007309045.0,1682383500.298557,357052427.31955457,1557552834.9442263,-2117638750.6298156,27704444745.882812,13428421005.256836,5074823848.33313,0.0012377478941442489,0.0002626873658327272,0.0011459086118762469,-1.4428987929934346e-06,1.8877020394766844e-05,9.149744003565348e-06,3.4578405798611154e-06
Motorcycles,3840555.0,308425305.0,539729685.0,29514940065.0,42516050295.0,82029700245.0,3166014661095.0,4032540299895.0,6293419701555.0,13279014705105.0,4746080156.902593,-828282155.3044349,6179170081.9899,33452614333.892303,17713549249.66992,-61374952752.91406,14258096306.026306,0.00032177114125410666,-5.6155245082639926e-05,0.0004189306845973543,1.157297703458948e-06,6.128026246959323e-07,-2.123274765969074e-06,4.932607641951322e-07
Motorcycles,649485.0,96012345.0,13336755.0,14796606795.0,1919866695.0,395764845.0,2397030466125.0,283271015385.0,56727898995.0,13570426545.0,603252995.6065959,-51684799.24617198,121903194.72320375,31315498259.980415,-5286783645.450073,345232994.2905884,437244317.7594959,0.001430082974827185,-0.00012252496381719304,0.0002889860218189204,9.21163057570037e-05,-1.5551372509303644e-05,1.0155223396243557e-06,1.2861788412518585e-06
Motorcycles,8289285.0,1038595110.0,958367010.0,176113676340.0,124771142235.0,162551390670.0,33808962462090.0,21659879738025.0,21244352851515.0,31849643592030.0,45984261979.66469,4693802612.665737,51749635650.55743,219954205174.715,122261198462.99219,-207660274396.6875,1090153790222.2421,0.0006692295010411753,6.831100566209329e-05,0.0007531355588744777,1.111833077111115e-06,6.180106644945733e-07,-1.0496892373247017e-06,5.5105518084746975e-06
Motorcycles,3812505.0,437702910.0,450867540.0,58665414750.0,49905933210.0,62494681920.0,8760842624940.0,6596600799210.0,6568291942590.0,9781629855330.0,8413982313.198446,-1856893142.3697429,9175004011.209951,93661378283.82306,85187393204.32812,-167352587613.14844,220922006710.36398,0.0005788696109668623,-0.00012775151776162945,0.0006312267847600882,3.300156151364409e-06,3.0015755144030205e-06,-5.896663935316794e-06,7.78418098020773e-06
Motorcycles,3288735.0,385735695.0,436336365.0,48913381665.0,53208551685.0,72289262265.0,6578848612365.0,7008045236955.0,9098725440945.0,13390270765995.0,3670445886.6131616,2030663832.3610091,14397877455.517551,-19214552169.16696,42057948548.35547,81077691544.15625,-21289895035.375927,0.0003393603234527223,0.00018775014160736097,0.001331192040770182,-9.796209542976462e-07,2.1442523005482846e-06,4.133606907070579e-06,-1.085428747328223e-06
Motorcycles,6920190.0,927552045.0,1053564120.0,163717415655.0,138316453320.0,208911434640.0,32125116740565.0,24017896039530.0,27091081200090.0,45263745050760.0,39392390448.5126,-2898680085.965062,48511596636.79859,-378818603525.6856,-130204181729.67188,-27876192171.367188,-1313263244578.194,0.0008225765012957705,-6.052910464028199e-05,0.0010130002007856364,-3.0070195548422783e-06,-1.0335461799906396e-06,-2.2127808453356145e-07,-1.042453623013392e-05
Motorcycles,4291905.0,548174775.0,638901735.0,85206337755.0,82667556480.0,104978621085.0,14703143722995.0,13063856893740.0,13792485461910.0,18339471751065.0,15191837446.55873,1065141041.9288794,9870405272.671856,-60353879032.29217,107781694808.34375,67187974548.03125,-226517304340.57874,0.0008247267933037045,5.782383855911774e-05,0.0005358395729137167,-1.58153911336801e-06,2.8243580823244977e-06,1.7606227039496739e-06,-5.935757277135942e-06
Motorcycles,8628690.0,1064959305.0,1175009400.0,169179114795.0,149000654205.0,178263774630.0,29918325433785.0,24217358741145.0,23134549934925.0,29154678065730.0,37741049305.79098,3980124554.210947,18257204676.929474,-277942573285.61945,196981195314.0625,49118303312.46094,-92679887327.0378,0.0005069022717164766,5.345728895604628e-05,0.00024521359888391353,-1.27084594564057e-06,9.006635812321654e-07,2.24585229543942e-07,-4.23763289155979e-07
Motorcycles,3241305.0,431470455.0,378940200.0,71241926265.0,49966327410.0,52725857340.0,13339028516505.0,8389764499770.0,6879155745780.0,8381067900720.0,13806185556.270947,-476781310.65140474,8424048292.088737,179912460412.37546,187822476677.5,-28033317367.671875,247193422749.36765,0.0013141166192766195,-4.5381560426943145e-05,0.0008018276892703656,9.511773388240901e-06,9.929967225614428e-06,-1.4820905762210966e-06,1.3068843674675715e-05
Motorcycles,14925915.0,1901578605.0,1898020335.0,333123608715.0,241832885280.0,327708465435.0,65617657393965.0,42408797100690.0,41760845141310.0,63680338612695.0,90860324286.96019,22928510.78803368,86350988049.29118,25911456263.60695,42042088299.0625,4581347228.90625,46772839536.84548,0.00040784238175126743,1.0291861187142301e-07,0.00038760144110175045,3.010505406632117e-08,4.8846322199265655e-08,5.322807974190419e-09,5.434271423292387e-08
Motorcycles,3463410.0,447190950.0,489765750.0,70162808340.0,65577706380.0,76970300580.0,12249702067620.0,10727482459830.0,10697258196720.0,13007820278580.0,12422100262.728611,2339796048.8632016,7711827031.369466,-17478125080.90474,201436832964.82812,97206290768.11719,-57740683323.734604,0.001035588495435659,0.00019506088492448674,0.0006429089432193731,-7.829518896346401e-07,9.023585097473484e-06,4.35446300383908e-06,-2.58655759172386e-06
Motorcycles,1521330.0,202576080.0,200278275.0,29559765750.0,26683954800.0,27475349085.0,4617279569010.0,3924291113070.0,3678927107130.0,3905853399015.0,2585297233.526651,15455619.242373098,1109348653.1570563,-7318795420.206822,28725541278.03711,16316520477.054688,-3273739095.9724708,0.001117026876104719,6.67789446284341e-06,0.0004793151999998959,-2.5637816452643307e-06,1.0062586976482705e-05,5.715694087876319e-06,-1.1467942091215444e-06
Motorcycles,1796985.0,267867555.0,219488445.0,42141619005.0,33214371690.0,30177321435.0,6973247913495.0,5312564225490.0,4629879914610.0,4634129858085.0,2211944009.561521,496328349.1251643,3368429046.6283545,31960972375.75706,17306364180.871094,10252046619.816406,125335481332.88611,0.000684991568307547,0.00015370223332648332,0.0010431301540223174,7.3834417663731515e-06,3.998017664006732e-06,2.3683694073392267e-06,2.8954288899659726e-05
Motorcycles,3420060.0,427796160.0,529894845.0,61225131780.0,65307675915.0,86437823025.0,9646519151850.0,9314148963075.0,10480586567655.0,14712486305895.0,7714504916.510591,-973903909.5630741,4337349127.590601,58281685212.96305,71733037849.26562,-29648763435.371094,-23990458056.74674,0.0006595391949019067,-8.326234896167332e-05,0.00037081469032409624,2.6943113952905405e-06,3.316155677205719e-06,-1.3706364338693868e-06,-1.1090579190417048e-06
Motorcycles,2670870.0,304322865.0,334165515.0,38270050905.0,36655789980.0,47419419795.0,5221832565075.0,4505576059620.0,4983504760110.0,7425791657745.0,3595055056.5280685,-1419521401.3103888,5610349561.250239,42034804653.80363,40908879939.08594,-64327402596.271484,89041633323.07367,0.0005039646167376187,-0.00019899237917461146,0.0007864740934260207,3.6055967905522107e-06,3.5090189529430097e-06,-5.517776953072835e-06,7.637676206166223e-06
Motorcycles,1765365.0,234381720.0,263816370.0,33983202300.0,34714362525.0,41793697260.0,5239314976710.0,5033004482145.0,5445136730115.0,6912882776610.0,2865110194.311713,-311671504.65188664,2368945392.8354764,-33305878946.80978,37309617292.08984,-10522897768.576172,-40803655682.6446,0.0009193318488112822,-0.00010000646438042019,0.000760126766520962,-8.043306514525017e-06,9.010201721418495e-06,-2.5412598270965814e-06,-9.854005357215997e-06
Motorcycles,2503845.0,275842680.0,297279255.0,32092328850.0,33859438305.0,39991568145.0,3923354508270.0,4069046289615.0,4660677844845.0,5791282401135.0,1703393388.9062016,1108886091.2633662,4695870746.2572565,12500924120.160303,14426361384.367188,-8412692588.707031,-71953341682.40042,0.0002717065302314187,0.00017687728169035435,0.0007490335204952708,1.2601536970120532e-06,1.4542470987104202e-06,-8.480401581182561e-07,-7.253245333056677e-06
Motorcycles,2929695.0,432500910.0,466248375.0,70637326110.0,67548250755.0,80513067855.0,12439897320300.0,10963487564655.0,11443537869735.0,14655102617025.0,6788687548.365391,-1282411301.4670577,6311641703.082948,7567365376.649378,100496569559.94531,-34152041125.32422,-167147627095.22385,0.0007909353764851098,-0.00014941098088670107,0.0007353557916904057,5.150965948779457e-07,6.840616013728514e-06,-2.324666408479294e-06,-1.1377430489130145e-05
Motorcycles,8531535.0,1024106265.0,966524205.0,172851358575.0,119804104080.0,180329650245.0,33422708682315.0,20389829573880.0,23014594068360.0,38935410244815.0,49919946817.063095,3784713241.816214,70833640576.0621,689464336712.3369,-100846372970.91406,510700162332.2969,2456883446173.8394,0.0006858351829974673,5.199704054786233e-05,0.0009731621514920208,3.242976971908354e-06,-4.7434283084841604e-07,2.402138555695164e-06,1.1556241584006547e-05
Motorcycles,3255330.0,352494405.0,358209465.0,52891631565.0,37789579395.0,45597784965.0,9119937944385.0,5639912283105.0,4732697775855.0,6285657365385.0,14722749898.22458,-998141736.357904,6181191005.067759,204289414539.83502,35993696986.396484,14934462825.060547,-92153917487.69199,0.0013893091421774537,-9.41894312609453e-05,0.0005832867658725398,1.0684601092269151e-05,1.882516991895665e-06,7.810917573606347e-07,-4.819769294771166e-06
Motorcycles,2488290.0,333720030.0,416393580.0,52454115060.0,55321802220.0,72163664820.0,8992407184500.0,8722981781970.0,9530027325900.0,12850460078970.0,7696848654.878056,-523327571.7073086,2483839130.3832846,-107084425991.29204,85617580166.6211,26858520636.742188,-56795938459.0848,0.0012431140030185488,-8.452236255714139e-05,0.000401163559617088,-1.096412119599802e-05,8.766181606382665e-06,2.749980426008932e-06,-5.81520185537054e-06
Motorcycles,9743805.0,1152228465.0,835408815.0,189308936685.0,95908092330.0,106112036415.0,35611966531305.0,15554262691470.0,12240673626360.0,16219735048815.0,53055138958.52085,-2881016909.6572957,34486230256.14274,677931195785.0391,4775085548.1953125,186691122451.51172,1208439964102.7441,0.0005588178735923121,-3.0345104637212867e-05,0.00036323572491289203,2.2875160979953026e-06,1.611238003017792e-08,6.299443816951281e-07,4.077590599949932e-06
Motorcycles,8138070.0,1232296425.0,1305354180.0,227861073945.0,194124209550.0,248563835700.0,46086761485665.0,35606824739610.0,35909530426740.0,50809867533930.0,41262226912.745346,-3537310856.2887754,39183781799.81576,-912954201631.1201,128956610095.5,-594141708418.0312,-1630240335506.2522,0.000623031235966756,-5.341096008832908e-05,0.0005916481448326806,-4.832205984268176e-06,6.825587766627041e-07,-3.1447526215350774e-06,-8.628753875007243e-06
Motorcycles,598485.0,125458470.0,112686540.0,26432713500.0,23631679515.0,21648884430.0,5596833308580.0,4981105663755.0,4541456321925.0,4234957975680.0,133261225.10438764,9565513.824029835,431550165.69663256,-40953067.64222544,176857545.08007812,-331236839.0878906,-3740857697.8336225,0.0003720465326953466,2.6705564569828732e-05,0.0012048271558794794,-1.477927954080709e-07,6.382494030665314e-07,-1.1953785444990046e-06,-1.3500131936797399e-05
Motorcycles,638775.0,84447075.0,85511445.0,11876920035.0,11591078550.0,12137445885.0,1749224908875.0,1666339050210.0,1683869051730.0,1803508512765.0,712881874.371256,286328975.77844155,690211372.0838329,-9411129146.193415,694835381.9755859,2618827648.8984375,-6099690123.804621,0.0017471160414017685,0.0007017290868025809,0.0016915556468442188,-2.8858380582467814e-05,2.1306501678734646e-06,8.030399306800386e-06,-1.8704150829666694e-05
Motorcycles,1566465.0,229845270.0,292047675.0,35305648620.0,42517030770.0,55605134505.0,5646416701980.0,6493330749270.0,8025803528640.0,10802985797175.0,1580766071.4764771,-334725709.2365295,1156522839.3032775,2179806422.340897,9264809841.324219,-8251125244.722656,4870382624.808978,0.0006442081493543406,-0.0001364104617245339,0.00047131669349260736,7.097676293449056e-07,3.016718388390752e-06,-2.6866521468844594e-06,1.5858472083502634e-06
Motorcycles,3610290.0,459873630.0,644756535.0,67338239640.0,82481818305.0,119711801985.0,10874451817440.0,12134994907365.0,15339384863985.0,22960509996105.0,8760187580.642744,353643500.0197727,4565653219.885218,65281577531.60211,19061643431.617188,-35648401508.6875,-49396727893.43114,0.0006720927783135878,2.713198093908755e-05,0.00035028274556010046,2.6359393872523344e-06,7.696709945901088e-07,-1.4394110740330456e-06,-1.9945409651390464e-06
Motorcycles,1695240.0,266174865.0,233613405.0,45501110895.0,37083950535.0,34350410715.0,8330664612195.0,6452279607675.0,5489064117435.0,5337784732995.0,3708173754.672838,403588734.8623683,2157197367.21796,21931130847.330406,55238597848.328125,-15633395543.314453,9561676256.555334,0.001290320785708133,0.0001404354185977209,0.0007506327335089432,5.861152859851642e-06,1.4762661716202995e-05,-4.178066404133609e-06,2.555383328211125e-06
Motorcycles,11709600.0,1468268070.0,1414368720.0,241610394720.0,172347604545.0,248108656110.0,44718468683280.0,27562615396905.0,29462033919855.0,49610344751370.0,57504095155.40984,-5000249419.505224,77271148755.8258,2023922627.8403995,-366841765545.46875,-440407232245.0469,975300524356.7203,0.0004193867008273624,-3.646763072599962e-05,0.0005635510315963542,4.313588933733482e-09,-7.818503328739751e-07,-9.386405079009934e-07,2.0786592783038773e-06
Motorcycles,997560.0,191500155.0,117553980.0,37826417205.0,22293905400.0,14428202430.0,7663580280765.0,4363610216640.0,2700521166930.0,1829297448930.0,1064408538.8305212,-272762660.935583,575463533.2515327,-6568440305.314844,10811680317.90039,-4954522692.318359,-6570746716.709495,0.0010696219257269718,-0.0002740986303782229,0.0005782821070736997,-6.608679507632107e-06,1.0877914213845146e-05,-4.9848748051084154e-06,-6.6110000484319776e-06
Motorcycles,1673310.0,224220225.0,236375055.0,34987755675.0,31635244155.0,35406117855.0,5980891725525.0,4984579149315.0,4720718108415.0,5584791159765.0,4942689728.432641,-38544931.59326576,2015313624.9093244,-32019483827.86245,52469997074.359375,-12741675590.330078,13879139175.575712,0.001765267542470469,-1.3766212407978354e-05,0.0007197635144860819,-8.84042838526069e-06,1.4486718586858559e-05,-3.517916502655159e-06,3.831964830862615e-06
Motorcycles,1600890.0,179752560.0,237723240.0,23071378980.0,26896675035.0,36588076770.0,3263238476160.0,3491772188085.0,4164554099775.0,5816366822280.0,2888241583.580759,204421999.816822,1287500942.7429116,24117067768.80551,19894846126.289062,-4372050760.953125,867977039.5812173,0.0011269652710233177,7.976358201348214e-05,0.0005023710125668134,7.4373937460277625e-06,6.13531485569879e-06,-1.3482842648428318e-06,2.6767296371853955e-07
Motorcycles,807075.0,124741155.0,132014775.0,19722476475.0,20584411155.0,22373010225.0,3181988688825.0,3282918894975.0,3512208173685.0,3905407155135.0,442538735.9620855,180265926.1611376,779105298.8151666,-3105733705.9045887,1152697331.796875,-4727263118.230469,-9067624005.54853,0.0006793968069923977,0.0002767488689484959,0.001196102418413451,-5.3073713830161905e-06,1.9698381804038024e-06,-8.07839414756799e-06,-1.5495613183932574e-05
Motorcycles,1799535.0,239307045.0,312316350.0,33866561475.0,41818978470.0,55534991400.0,5037244959255.0,5964022045740.0,7490928015480.0,10089420872820.0,2042861582.176563,286303182.3919521,1331265172.211987,-9752786297.316143,10200861919.042969,6356158933.457031,-10987049373.304663,0.0006308387252467663,8.84108527910147e-05,0.00041109668492999354,-2.2450600581142364e-06,2.348205626025473e-06,1.4631673564361087e-06,-2.529183451022947e-06
Motorcycles,799170.0,104787660.0,109927185.0,14333880990.0,14452255815.0,15415103175.0,2031597636780.0,1984465291395.0,2032258936185.0,2200442392005.0,594058814.1480548,38535972.492024265,294432977.1394394,-3656331380.069102,2710000127.510742,419787666.67285156,-930626512.3719611,0.0009301459487350483,6.0337592575620566e-05,0.0004610076213632178,-6.403945368587926e-06,4.746476990583145e-06,7.352444306426987e-07,-1.6299620368865256e-06
Motorcycles,2583915.0,292842510.0,365451975.0,36201506970.0,40409705925.0,59610093105.0,4796594388870.0,4929273973605.0,6401343061875.0,10596170190195.0,3012824036.118622,-1008016269.2119812,7922964839.789792,10869598105.632513,37653238646.99219,-69305629498.59375,-75834327085.79778,0.0004512501105287859,-0.0001509771056801313,0.0011866736048338079,1.0127865588484526e-06,3.5083812325154672e-06,-6.457626981841574e-06,-7.0659454402471516e-06
Motorcycles,46155.0,902445.0,4883505.0,18249075.0,95452110.0,518760525.0,379289805.0,1929646200.0,10138000320.0,55325736105.0,604031.6022099449,-32554.06077348028,2053319.1712707423,-1145620.996917046,46102.304721832275,1831191.053844452,2923700.7292212155,0.00028354510249399486,-1.5281558886721823e-05,0.0009638710834677279,-2.503191506321697e-06,1.0073392327139892e-07,4.001167842393886e-06,6.388310664790509e-06
Motorcycles,7161420.0,821301960.0,813317145.0,139038948900.0,84071199900.0,130993207005.0,26883563207340.0,14068622797980.0,13394231445120.0,24460769047245.0,44848563543.486694,-9203453072.469725,38625383535.499405,651141769858.3052,389054658033.72266,461834615188.6289,810655737462.1145,0.0008744807383324917,-0.00017945373947635834,0.0007531379211231082,4.744360633210997e-06,2.834736902447877e-06,3.3650275082673437e-06,5.9066141137571655e-06
Motorcycles,2184585.0,211439115.0,215508660.0,25485609075.0,19826172225.0,26842205760.0,3603031837335.0,2362827064695.0,2340541432005.0,3940693839150.0,5021081784.011906,-1032233534.0965338,5582340597.968951,164410403258.42902,48492593300.34082,-53772224392.84473,191325753840.59033,0.0010521057656948229,-0.0002162918071210472,0.0011697106284739003,2.330810287251878e-05,6.874688771506385e-06,-7.623170511068816e-06,2.7123833189978245e-05
Motorcycles,6355620.0,807567660.0,839561235.0,123652072440.0,108097301430.0,137426059875.0,21051728141670.0,16987552254900.0,18100016161170.0,25340175525525.0,21039656109.590755,1419667780.464611,26522156351.075455,-6690470168.8321085,292651958323.0625,263103685851.03125,179523813845.73505,0.0005208621400975944,3.514559337418668e-05,0.000656588066129417,-6.569946470247392e-08,2.873800573168418e-06,2.5836407435440414e-06,1.7628982976349244e-06
Motorcycles,3852540.0,496733625.0,565216680.0,71431293345.0,70752781950.0,90571443150.0,11087616863475.0,10026232239000.0,11057515525410.0,15450047356530.0,7384120776.865559,-2124366727.7204237,7646958173.796664,-26662921695.489677,94169313868.25,2879815075.5898438,-81749074457.39166,0.0004975130515667271,-0.00014313148515477666,0.0005152220028914043,-9.152502280254685e-07,3.232522188500349e-06,9.88545604531649e-08,-2.8061763032764517e-06
Motorcycles,4919460.0,779309835.0,746155245.0,137690860545.0,115619036175.0,121727576475.0,26347165795275.0,20218687441545.0,18450769476915.0,21029169583245.0,14237510191.967901,-2582173076.6932006,8555063711.198674,24214648328.25976,152637095462.9375,-49247510383.875,-28930486030.891018,0.0005883004500334948,-0.0001066965756372193,0.0003534991556461003,4.511122098506141e-07,2.84358692746761e-06,-9.174675154370712e-07,-5.389669636546606e-07
Motorcycles,5088525.0,710883135.0,858583470.0,120280779405.0,120858466605.0,153393218670.0,22347843954975.0,20833762722675.0,21832034834145.0,28569322514910.0,20968143301.72287,911623696.1455697,8524995568.562764,-314396367040.87915,284152614055.71875,94878733190.02344,-189447956717.80194,0.0008097969764825941,3.520722374917726e-05,0.00032923828956197594,-5.382669784629719e-06,4.864877111326147e-06,1.6243854696943127e-06,-3.2434719331606047e-06
Motorcycles,9860595.0,1295644545.0,1023340755.0,233226693675.0,132779581965.0,151469932425.0,46852273096245.0,24545302492275.0,19400201785185.0,26628014508285.0,62983945951.535324,-1683487139.0380032,45266777255.96912,-344524399013.94904,783249701851.7344,-152941780510.375,1512691240806.8186,0.0006477741641482731,-1.7314245048791314e-05,0.0004655575060863057,-1.1283976677915472e-06,2.5653252408173795e-06,-5.009199607625076e-07,4.954416212902258e-06
Motorcycles,3160470.0,351682230.0,392398335.0,48574002930.0,43219358400.0,54474358425.0,7264476040170.0,5994965280330.0,5994483830130.0,8332537886055.0,9440459217.26965,-444881887.3898627,5754878945.437713,-241590199963.84775,63112180781.71289,43305041862.302734,140067342497.91788,0.0009451261422246456,-4.4539094158176713e-05,0.0005761463940992972,-1.360504970117872e-05,3.5541357075472032e-06,2.4387050755221796e-06,7.887833018397924e-06
Motorcycles,696660.0,120853170.0,98556225.0,21032120010.0,17022303150.0,15430894815.0,3671840180790.0,2949143165070.0,2654154930030.0,2619461753925.0,67103073.40409939,-74748804.30087861,1488183181.993044,9426470.550465228,-328732305.5078125,-1571872684.375,15393522090.362808,0.00013826130794325543,-0.00015401481520222808,0.0030662999884137052,2.327002910407416e-08,-8.115031257630843e-07,-3.880298879361608e-06,3.800019372460378e-05
Motorcycles,1396890.0,182186790.0,169422000.0,28649553960.0,21242503425.0,22552539150.0,5046340040430.0,3327252055125.0,2692229623395.0,3238299468510.0,4888179441.960568,-854047008.7349404,2004168065.6626527,34711555829.37805,75261873399.82617,-41977085408.16211,16859976558.095755,0.002505086482450398,-0.0004376806625783347,0.0010270928859020337,1.5051111013876194e-05,3.2633939464458054e-05,-1.8201482400350555e-05,7.310573461892453e-06
Motorcycles,2005830.0,265589130.0,92889105.0,37161345840.0,11919136305.0,5441176995.0,5447720439840.0,1636443561915.0,682268585145.0,356947029105.0,1995062568.6575122,-380179481.1975595,1139523401.3749049,-1087971184.5373037,16196043250.481445,-2978121097.529785,-573139091.0489001,0.0004958705036051202,-9.449317217585966e-05,0.00028322722895343715,-1.9093347936336363e-07,2.8423242579251553e-06,-5.226452972268996e-07,-1.0058303231593543e-07
Motorcycles,13297995.0,1793662605.0,1562897805.0,315808322295.0,216200644575.0,258627692475.0,61349496410925.0,38386522857015.0,36267686889735.0,49130636377065.0,73875193234.9134,5393575669.869393,74942140715.21832,-1176314520238.353,-185054564104.0,115617667199.71875,1118701695707.0803,0.00041775946588899413,3.0500323483575554e-05,0.0004237929852611389,-1.8241394871076234e-06,-2.869686056270015e-07,1.792911236898957e-07,1.734797881284376e-06
Motorcycles,841755.0,98940510.0,89474145.0,14542589820.0,11625157515.0,11243304705.0,2489670178830.0,1824805328895.0,1559804559885.0,1600623699675.0,2913048541.2905173,1108299832.9975758,1732672010.830051,95519540970.18555,18463469744.066406,2645218366.0288086,37171425648.41093,0.00411127296098194,0.001564176865396529,0.0024453720861170405,0.00014693591604074052,2.8402008767836148e-05,4.069089735905991e-06,5.718010600463763e-05
Planes,2140980.0,255701505.0,348757380.0,34733190195.0,42171955590.0,59019211950.0,5147638183785.0,5776394961810.0,7221838713150.0,10291385307780.0,4194250242.6113634,519167172.6131504,2207980595.9171057,-2471207744.77802,-5518024867.8046875,3916039732.1640625,-41959601930.72484,0.0009150169047348912,0.00011326142024103053,0.0004816926634622774,-3.684492955481582e-07,-8.227201374130055e-07,5.838691966320519e-07,-6.256044561824333e-06
Planes,2481915.0,258205605.0,367992285.0,30784510095.0,39096759885.0,56780578935.0,4072264741005.0,4714553696085.0,6101840323665.0,9049967848725.0,3922133884.1241136,812745088.458851,2218548478.8718724,53526404442.05704,-18957680016.603516,-46328159385.759766,-26746073452.10438,0.0006367201688144714,0.00013194123536204008,0.00036015969972576456,5.515702222039903e-06,-1.9535203024050352e-06,-4.773949125308253e-06,-2.7560860533853046e-06
Planes,6058035.0,954916605.0,963067935.0,182313173865.0,141619860255.0,167898024885.0,37190654768115.0,26396854428195.0,23249310688275.0,31340706628125.0,31791474583.84265,-10186717764.862995,14795600183.728992,-1569486265905.7947,625289888005.1094,22701825018.046875,-54876320576.11743,0.000866257716006589,-0.00027756884448130445,0.00040315219692947543,-1.73751304692546e-05,6.922324598313174e-06,2.513224742053452e-07,-6.075129489154206e-07
Planes,656115.0,85662150.0,66881400.0,12829392210.0,8752775295.0,6850269510.0,2102903861550.0,1310497346145.0,897870602685.0,704819144220.0,1645371203.5872524,20762585.322580792,32681639.03225794,-1735400769.250467,-2694468629.0498047,-731130020.4462891,-129230305.28616665,0.003822116839053857,4.8230470310112175e-05,7.591784917636604e-05,-4.976796340752275e-06,-7.727218894295335e-06,-2.096740577073043e-06,-3.7060771313376574e-07
Planes,2137665.0,252313830.0,274609500.0,35727048360.0,30747332370.0,37042421490.0,5559915680010.0,4144640198880.0,3996620552370.0,5161858343700.0,5945829689.502565,-1665498779.5884519,1765435858.364548,-60636899219.68545,-51775111628.82422,52320737202.78906,-50282829427.348465,0.0013011673949595843,-0.0003644727181088791,0.000386342646317644,-9.075861676361786e-06,-7.749468681090596e-06,7.831135492885332e-06,-7.526110511115214e-06
Planes,148665.0,20249295.0,16371765.0,2925547425.0,2275208175.0,1965429075.0,441130164315.0,332303460885.0,277047655725.0,252999761895.0,167440621.1320752,45250221.50943373,162484944.13379073,-2964827175.186836,-2199919915.9609375,-624998408.473999,769084984.7623795,0.0075760591366356884,0.002047402546547669,0.007351833367839396,-0.00034791851796785585,-0.00025815767044190904,-7.334273033801347e-05,9.02510980502585e-05
Planes,1845690.0,212301015.0,245786085.0,30399883905.0,27332632725.0,33364648035.0,4868630998665.0,3825713020035.0,3592017407115.0,4608562083165.0,5979899525.158191,-938981315.4814887,633907997.6008581,-3803530693.5967803,-6553003391.984375,4323070521.330078,-3359608932.0480103,0.0017554011097586433,-0.000275638217047674,0.00018608386274583585,-8.218452080426835e-07,-1.415935579291198e-06,9.341044093497092e-07,-7.259251269746062e-07
Planes,388620.0,54010020.0,63880560.0,7726123620.0,8916775485.0,10525292280.0,1135149374370.0,1280377011345.0,1475258579565.0,1738157477670.0,219864908.66141707,38718969.09448788,24736606.299212642,267208071.62362525,-389619464.4604492,-265133587.70117188,-100824877.12376024,0.0014558131061035348,0.0002563737115019884,0.0001637909199342667,2.838158884362108e-06,-4.13835531935728e-06,-2.8161246885415922e-06,-1.0709145836604187e-06
Planes,1303305.0,148543365.0,175943115.0,21978507885.0,19771044030.0,24030570915.0,3744479850285.0,2875740373140.0,2677984949310.0,3315425873715.0,5048371588.796714,-281961483.4308348,278663482.8154955,88723349652.03003,-27033824181.842773,15244068874.84082,-3882610807.1303844,0.002972071075760969,-0.00016599601567427022,0.00016405442083239209,4.5753337173474186e-05,-1.394094877764764e-05,7.861143947581976e-06,-2.0022057560802058e-06
Planes,1260210.0,171765195.0,157788135.0,27363400515.0,22057683345.0,20122041585.0,4835967636075.0,3551661919545.0,2861496784845.0,2603922770475.0,3951999071.281872,551339341.2535429,365734662.52023673,29061162107.031063,-24743404522.466797,-19178665645.541016,-7099673956.83186,0.002488461871704584,0.0003471627660669327,0.00023029275726705746,1.63006781771001e-05,-1.3878807483371478e-05,-1.0757493296475339e-05,-3.982273658101765e-06
Planes,771375.0,61565925.0,83223075.0,6063274485.0,6891615465.0,9276403515.0,703894124325.0,693682846185.0,789119522565.0,1059462325335.0,1149499575.1239662,249313609.58677596,297527854.71074337,36474112713.07113,-276373635.88964844,-5056660915.860352,-5562067980.146578,0.0019318691007977876,0.00041900081495646797,0.0005000305190024552,6.979444164977233e-05,-5.288502493639227e-07,-9.67609076637585e-06,-1.0643204185561686e-05
Planes,1768425.0,231387765.0,144840255.0,36583874115.0,19105884690.0,12295584645.0,6486230697315.0,3006127303620.0,1641427440270.0,1076654625765.0,6308178062.47008,154409288.7361216,432656068.1788036,48676765027.70046,-30628281794.29883,7330878705.508789,-1269315505.065146,0.002017114968006762,4.937420669240756e-05,0.00013834692402146475,1.1704560032343088e-05,-7.364716261339171e-06,1.7627447068354759e-06,-3.052129598292809e-07
Planes,2119815.0,242830125.0,250136385.0,35604945945.0,24957545895.0,32507183505.0,5922752123835.0,3263654726685.0,2934177644235.0,4472824574895.0,7788146079.202454,-3696204378.773007,2991300703.4969296,59812930412.66041,-90879949292.25195,82696250404.79102,-68937634219.32736,0.0017331580431323764,-0.0008225457359150567,0.0006656779188487112,9.142188633371706e-06,-1.3890669353413946e-05,1.2639820775494315e-05,-1.053686638697224e-05
Planes,1067175.0,142080645.0,128416470.0,23025074295.0,17615702685.0,15702483330.0,4139072976405.0,2885244560505.0,2202417640875.0,1943839025700.0,4108861224.401432,518699019.97490895,249732124.93906727,-20504143526.980274,-23550103059.5,-12999656103.867188,-5791461645.555399,0.003607864245511466,0.00045545360287069117,0.00021928207240791355,-1.742819964651737e-05,-2.001721736277136e-05,-1.1049503317031842e-05,-4.9226513495222576e-06
Planes,234090.0,30220050.0,28527870.0,4248022050.0,3698524335.0,3844598280.0,640403493240.0,529176444975.0,500017129185.0,563723152140.0,346738688.8888888,15694407.222222097,367989425.5555557,2476372122.413451,7430140812.134033,-129858167.89501953,5501489867.75111,0.006327564479139366,0.0002864040755841457,0.006715364891370363,9.34025541069199e-05,0.00028024630181631266,-4.8979248487174645e-06,0.00020750241871585022
Planes,12029625.0,1544463855.0,1131730290.0,265514626395.0,146503648305.0,145073972700.0,51275767806135.0,25426211261235.0,18842968507995.0,21305556483480.0,67223441141.80543,1202649602.7405577,38602370359.65407,-74635348193.01775,138154250930.78906,-9128469571.851562,393886103159.7104,0.000464532989536263,8.310648872424951e-06,0.00026675329619810847,-1.4870115440585465e-07,2.752542474425858e-07,-1.8187279836661008e-08,7.847664633760217e-07
Planes,1462425.0,171917175.0,188512575.0,25067661015.0,21813968625.0,24511302525.0,4106161781355.0,3135871369155.0,2798479470225.0,3211823997375.0,4857725421.73496,-346859688.2301665,211259149.69485492,17190156542.00225,-13901816971.427734,6446333698.7265625,-2247676860.825547,0.0022713588724663425,-0.00016218348341333718,9.877984084940826e-05,6.646543094101197e-06,-5.375112516348237e-06,2.4924633247436575e-06,-8.69060213651261e-07
Planes,1228845.0,170011050.0,170975205.0,28212040770.0,24112681935.0,23992050105.0,5140078327050.0,4029573313185.0,3438001118385.0,3391962200505.0,4690964375.416059,458214426.06660867,203435003.18323094,-61057887773.40368,-22493860071.652344,-8812955696.800781,-2778688557.0901423,0.0031064754180087097,0.0003034411981921393,0.00013471981153026326,-3.647531150050612e-05,-1.3437584935909075e-05,-5.264762932414963e-06,-1.6599580230959708e-06
Planes,820080.0,96779895.0,131651910.0,12189466395.0,15561722820.0,21434130570.0,1620927471345.0,1951476135450.0,2539501385820.0,3535842773970.0,768204961.7117531,25119041.893655896,299332249.5335814,1099077919.9518032,-11294044601.338867,1935726779.1386719,-1201847873.3248432,0.0011422592058201824,3.7350001984466864e-05,0.00044508306333602033,1.8046289990224816e-06,-1.8544236067196397e-05,3.178363077270464e-06,-1.9733719377336053e-06
Planes,414630.0,66509100.0,48026190.0,10943932410.0,7678436070.0,5593668780.0,1845479131830.0,1258512534360.0,891684418200.0,655086611010.0,275480096.34686416,-25248355.461254112,30841859.815498672,1630491833.3346798,-1012551797.3007812,275905495.2788086,32626338.719103508,0.0016023920544596688,-0.00014686274876405428,0.00017939862722745337,1.472878164102396e-05,-9.146721263956394e-06,2.49234722335834e-06,2.947247014153689e-07
Planes,1358895.0,173621340.0,182158230.0,26598827130.0,23324380290.0,24589743840.0,4482525708450.0,3567786603060.0,3155554869390.0,3344191273920.0,4415825718.267967,50649807.050102316,171653585.24676147,-44304668851.59309,-10696682858.58789,228788889.50390625,1945963891.4755046,0.002391333363942914,2.7428748597371767e-05,9.295678127487423e-05,-2.0581865847791843e-05,-4.969175875104508e-06,1.0628455991868561e-07,9.0400332057906e-07
Planes,1576410.0,163226010.0,146678550.0,21241427070.0,14987316960.0,14459980530.0,3240181448580.0,1900050742920.0,1447375055040.0,1492957953870.0,4340538125.803947,-200200544.38369417,812136993.0378517,141919685207.65186,-34919125603.53906,-12597081314.60498,-3616623967.577653,0.0017466472842052644,-8.056137902934047e-05,0.00032680668437383165,4.548515576237998e-05,-1.1191554327640581e-05,-4.03735538806903e-06,-1.1591253479637564e-06
Planes,4055520.0,552857340.0,474317850.0,87750651000.0,61024648230.0,62361572940.0,15143270779020.0,9286084469640.0,7708313898780.0,8863749290190.0,12383931469.119732,-3635396564.6302695,6887201508.316154,-195498680050.1036,14279924406.074219,57411827292.5625,-40818415899.85426,0.0007529487992535537,-0.0002210338037621121,0.00041874505837139614,-5.902384002476696e-06,4.3113128615184397e-07,1.7333449559747872e-06,-1.232366197828007e-06
Planes,1184475.0,230433555.0,114620460.0,45788956935.0,22621768335.0,11628843540.0,9289760832435.0,4558190866755.0,2324189724795.0,1228129068120.0,959287022.2217478,322943899.2497329,537136369.6404738,8504610171.300144,1585173642.6542969,-644243024.8193359,-1138777435.7700818,0.0006837491061537376,0.00023018408185945913,0.00038285362369828936,5.5698008176592215e-06,1.0381547505590134e-06,-4.2192472719316e-07,-7.458029662886267e-07
Planes,91290.0,14026020.0,13648365.0,2232650460.0,2085909945.0,2060842935.0,366064555380.0,330159304605.0,313529463285.0,313996824225.0,77658269.83240227,-11058402.653631242,20336119.65083816,-828564311.5164852,-236331739.8585205,203074943.4375,-191434641.33689904,0.00931839887242729,-0.0013269238040048243,0.002440178938223646,-0.00032905478113842186,-9.38564307613926e-05,8.064887678449622e-05,-7.602606476271371e-05
Planes,278205.0,13515510.0,28249155.0,748457640.0,1404237570.0,2891141295.0,46017743700.0,79260669270.0,146911712820.0,298133465985.0,91859050.61411545,31862030.760769833,22699828.40513261,731603794.7949638,165904351.93893433,-13755719.878723145,-45217042.03300405,0.0011868397694251727,0.0004116646643822269,0.00029328693177456703,1.7921057031385694e-05,4.06392281451462e-06,-3.369542943984472e-07,-1.1076175312774744e-06
Planes,2084625.0,268222515.0,248495205.0,40718475225.0,30750155475.0,35193938985.0,6692816272875.0,4542185430165.0,4279371649275.0,5389239828945.0,6207079864.719264,-1222985425.9009194,5572368243.023851,-143602256144.0868,3104590763.7578125,42640918773.96289,-134506005728.60808,0.001428339510784238,-0.00028142676475882255,0.0012822831192152375,-2.2887133812103995e-05,4.948054866955033e-07,6.796052095947049e-06,-2.1437385695064816e-05
Planes,1979820.0,240439755.0,249383370.0,37281269025.0,31646342010.0,32080640160.0,6530649801645.0,4999948780380.0,4215160203570.0,4197379263690.0,8081000422.571482,1359913756.9899516,667650477.8284377,40217987653.79992,-26408751332.328125,-23478163336.38086,-11781168644.288843,0.00206164419338722,0.0003469444566262714,0.00017033258988361668,7.2921579763125715e-06,-4.788324774730407e-06,-4.25696276791171e-06,-2.136112419130881e-06
Planes,2223855.0,237016380.0,296445150.0,32007782580.0,31456867830.0,40956195150.0,4958062133070.0,4288872794490.0,4275294933420.0,5813540929620.0,6746799112.865498,-137978201.5789468,1439353018.4210525,108567645535.58632,51570578121.94336,-52992286609.61133,-29755444275.14379,0.0013642213605806715,-2.789957233639328e-05,0.0002910411441481747,1.4720896262039494e-05,6.992554061216078e-06,-7.185326254612878e-06,-4.034598026367922e-06
Planes,1224765.0,143440305.0,159860520.0,20953047315.0,18457701975.0,21015324690.0,3424576879005.0,2660008130925.0,2398250378475.0,2780434057860.0,4153807380.405995,-264617609.78451115,149782439.30668253,-2332195516.5654645,-12873097758.691406,6084725631.3828125,-1658286533.5027244,0.0027691138990814336,-0.00017640594136658714,9.985167739817452e-05,-1.404859971700969e-06,-7.754452671108792e-06,3.6652962487901566e-06,-9.989129796285423e-07
Planes,1392045.0,182396910.0,191390250.0,28561001130.0,24411904290.0,26599788480.0,4966647215520.0,3741106092420.0,3310417953450.0,3732551282550.0,4661893861.522256,-665582575.8179159,285820328.7818259,2678074581.479452,-11284624951.15039,8120115202.871094,-3209138625.7466187,0.002405779567864341,-0.0003434752075428855,0.000147498147209867,1.1713575486023932e-06,-4.935758963208076e-06,3.551640534652185e-06,-1.4036385617398289e-06
Planes,317220.0,24627645.0,66850800.0,2229997695.0,5164691970.0,14126674620.0,224742178125.0,465424719390.0,1086332448750.0,2993179493490.0,318009490.45417994,-25326850.90032188,38567121.60771751,2236531386.612927,-591447696.0092773,270765742.82666016,-124792346.46167544,0.003160231949234984,-0.0002516865873229035,0.00038326230365222656,3.946150052554073e-05,-1.0435540366927688e-05,4.77740780514335e-06,-2.20184401388557e-06
Planes,422535.0,13013925.0,24858675.0,550120935.0,769669815.0,1497304665.0,26333662065.0,32796956835.0,46467806715.0,92270327355.0,149296757.34459865,4031626.330718148,34813456.56608316,193564334.22861478,183771893.5085144,-123013902.96929932,84253188.30461535,0.0008362285626440445,2.258160961843751e-05,0.0001949942333826571,1.6678946514043379e-06,1.5835156795945872e-06,-1.059979523751207e-06,7.2598830098038e-07
Planes,2342175.0,309287205.0,286188285.0,48598078755.0,39925273245.0,36749039145.0,8443913796945.0,6455012722155.0,5320236324555.0,4879229847735.0,7756307676.104518,2133744101.6211214,1779946540.373434,-21985374136.85924,-46670675515.81836,-53961903048.0918,-46082814157.356636,0.0014138923546701385,0.0003889588446057865,0.000324465313941686,-2.6186985512732003e-06,-5.558987970794414e-06,-6.427452926492246e-06,-5.488967252558271e-06
Planes,1858185.0,212251545.0,175287000.0,29783225565.0,20935910295.0,18404507700.0,4711651872075.0,3020034436245.0,2233706537145.0,2102464230330.0,5538751330.794563,913718441.9740613,1869269083.2853014,44327199925.212364,1772766056.0097656,-40938411213.75391,13658174520.938217,0.001604109339790111,0.00026462720551471253,0.0005413696726927617,9.417766610241651e-06,3.76642264754524e-07,-8.697783817965507e-06,2.9018187518536104e-06
Planes,2386545.0,249494040.0,337627395.0,34192309950.0,34758248025.0,49397411955.0,5407091316360.0,4798596261015.0,4950990320325.0,7420923359415.0,8109719428.756275,-537974251.6492174,1632857817.329837,136949385890.8534,73850740385.30273,-60895139146.515625,-29392717025.807686,0.0014238576528567497,-9.445440893238108e-05,0.0002866877355815771,1.5564530321411055e-05,8.39326208371461e-06,-6.920835997233851e-06,-3.340532214882997e-06
Planes,3266295.0,436128795.0,441937185.0,66489384675.0,57046835145.0,62174767845.0,11082028400775.0,8386168940865.0,7833121205115.0,9030286051125.0,8255720591.335781,-1962388443.114996,2379655803.459284,-574415354.9379748,-85944962385.10547,62328386098.02344,-26048007356.317303,0.000773827525892661,-0.00018393914582934376,0.00022305056748160408,-2.9791167648566112e-08,-4.457403098565944e-06,3.2325657445408543e-06,-1.35093978145296e-06
Planes,293505.0,39463545.0,31213530.0,5611966815.0,4091370450.0,3400785570.0,839249509485.0,565955959170.0,436813897380.0,377430930990.0,305851471.2510861,-105479844.76107724,81303942.56298886,2438989935.6701226,-2497993363.5629883,1992487934.3168945,-1527139616.5598469,0.003550418646873016,-0.001224442721093073,0.0009438013574338929,5.226022173579375e-05,-5.3524487807480456e-05,4.269302621155958e-05,-3.272201078640568e-05
Planes,2649960.0,277853865.0,370121025.0,37262856495.0,40261832445.0,54680423925.0,5793622489725.0,5458564628745.0,6080498591325.0,8413475753055.0,8129295876.938507,1453866545.8876975,2985465077.677534,181786365274.83392,-50836086094.28125,-58982864906.05469,-57724317836.24149,0.001157642049868402,0.00020703601811210816,0.00042514136090648913,1.5902412329922926e-05,-4.447068409605508e-06,-5.159737017229821e-06,-5.049641112014226e-06
Planes,36210.0,5436090.0,3400680.0,816372810.0,510346035.0,320357520.0,122640312510.0,76613979135.0,48059572305.0,30269374140.0,270228.16901405406,-187037.1126760754,980981.4084507008,-229826.57805011934,82798.21166992188,466970.55841064453,-1418978.635189624,0.00020609790110486862,-0.00014264965970016674,0.0007481759212677504,-9.211469930248648e-07,3.3185597747077104e-07,1.871622200358841e-06,-5.68727913917078e-06
Planes,1073550.0,152344650.0,130348095.0,25632572460.0,17815215450.0,16131531795.0,4744175816730.0,2899588054740.0,2137262468730.0,2026013507295.0,4013744847.2921586,-682139038.3254181,304950946.2933486,-32434856194.776886,-19061774350.791992,13726986515.43457,-6694786446.093689,0.0034826129331899935,-0.0005918727591039036,0.0002645973149654071,-2.7161658593555542e-05,-1.5962747113612337e-05,1.149527899897443e-05,-5.60636072235284e-06
Planes,419985.0,61118910.0,70259895.0,9458700210.0,10073683965.0,11869699455.0,1537310125800.0,1536468326175.0,1678471953015.0,2024086314195.0,564284553.278688,-150986437.78688595,115820517.86885227,-3417187090.774083,-1946213835.8173828,1634660762.8173828,-364350087.0092521,0.0031991205299181564,-0.0008559933282892511,0.0006566258004886487,-2.9894019125432665e-05,-1.7025744299217508e-05,1.430023548877086e-05,-3.187384295935736e-06
Planes,3510585.0,431428380.0,586764435.0,66605588430.0,69300192300.0,104772158295.0,11685827152230.0,10442441107710.0,12157938770280.0,19320483427635.0,13585807661.43168,-2809393319.9651384,6699471782.3904915,161210287511.50974,396136475.65234375,221244927472.83594,-430811532060.27545,0.001102367691072067,-0.00022795732904678088,0.0005436026642068629,6.981424092678481e-06,1.715521247309086e-08,9.581303345367968e-06,-1.865686151769067e-05
Planes,948600.0,109105830.0,122679735.0,14912034330.0,14008768740.0,15976827375.0,2262841323210.0,1907793741930.0,1811680984050.0,2093950859235.0,2362928131.403226,-101577360.94354816,111006818.73790486,4135490849.320973,2629230686.703125,335797384.39941406,-999090920.6649264,0.0026259368160640407,-0.00011288355673428272,0.00012336257217645735,4.718666277210776e-06,2.999997492048821e-06,3.8315059843531483e-07,-1.1399799460282043e-06
Planes,2102220.0,301169790.0,354315360.0,46601295390.0,50311108830.0,60835368360.0,7552564554060.0,7725640458240.0,8568215743770.0,10630371213750.0,3454887112.729258,-449079240.2183402,1117843870.6841395,-113577714000.9179,-28858784.078125,4153101315.4179688,159367160.91988093,0.0007817673607698818,-0.00010161706618677228,0.00025294425664958376,-1.772546815963567e-05,-4.50383653872864e-09,6.481523754703082e-07,2.4871582963485722e-08
Planes,1450440.0,188140785.0,185985270.0,28388241945.0,24825929685.0,24368470140.0,4750056725415.0,3825398805975.0,3331163936685.0,3249734478390.0,3983954294.069093,701240145.1107599,520175376.36076045,34194848410.2385,3345783640.0839844,-9576650195.66211,-8357144920.480022,0.0018937158364035465,0.0003333244987009724,0.0002472579440451942,1.3496192447667959e-05,1.3205304890695825e-06,-3.779759819199952e-06,-3.2984394259246976e-06
Planes,2176680.0,262534485.0,234597450.0,35767373295.0,28810186875.0,28412606430.0,5242069549695.0,3964003418985.0,3520933712175.0,3768738108150.0,4102472705.930765,514837665.1651838,3128245133.666824,-61535043521.162415,-15111494907.066406,-16953438637.77539,32184421343.535374,0.0008658776437061697,0.00010866286173213569,0.0006602548558967632,-8.803108303663601e-06,-2.1618271262198264e-06,-2.425332752003758e-06,4.604253618191513e-06
Planes,4893705.0,561766785.0,678338760.0,81733611585.0,73801499730.0,106244969700.0,13497216515475.0,10397423947800.0,11270797775820.0,18267514094370.0,17246291501.497578,-4067555381.8399262,12217341692.521484,155174919898.14468,1815362166.1640625,202183279667.46094,153411623759.64813,0.0007201453331957783,-0.000169847008876838,0.0005101538265872152,2.929051887605654e-06,3.4266426449460736e-08,3.8163726286502755e-06,2.895768249461931e-06
Planes,1638120.0,196545840.0,195070410.0,28374720060.0,24006549150.0,23604893040.0,4526122096590.0,3502616903310.0,2970269369880.0,2899067737950.0,4792645962.067247,601500928.5056031,375541797.3754681,-28417523115.38207,-20637367590.33203,-5161975891.305664,-1287759871.4568155,0.0017860101511708614,0.00022415316565263787,0.00013994805116216628,-8.274122380877687e-06,-6.008831394919771e-06,-1.5029747694190976e-06,-3.7494762405417174e-07
Planes,834615.0,112401705.0,101731740.0,17146758195.0,14371458555.0,12807573900.0,2874970505955.0,2273469353205.0,1881032089905.0,1656652341750.0,2009068018.203483,670745018.0797433,407429014.72043884,24590153631.104954,2775304042.8740234,-7341901509.8046875,-3794335117.271571,0.0028841793880505437,0.0009629086413475769,0.000584897253703341,3.8640770502130654e-05,4.361090548807267e-06,-1.1537005239802629e-05,-5.962387818887231e-06
Planes,1687845.0,203155695.0,212815860.0,28760965245.0,25245787185.0,27201818490.0,4489175277405.0,3529354337985.0,3187206796155.0,3521516221680.0,4308342870.947275,-369570827.9234005,368436119.261218,-9746521522.032368,-8072805057.033203,6284807791.767578,-1198538659.088185,0.0015123250137740035,-0.00012972765264312373,0.00012932934444329671,-2.6334085563503872e-06,-2.181187807658679e-06,1.6980895775426534e-06,-3.2383265689453885e-07
Planes,1836000.0,297679605.0,250200645.0,52205980425.0,40363231665.0,34932896505.0,9619330947045.0,7033952831505.0,5629163110515.0,4988248578915.0,3941739012.7145886,-203015161.98541206,836838357.7145842,-123265053057.21529,-14578229897.351562,20654513474.03125,-307102452.70421547,0.001169344593459599,-6.022587525257737e-05,0.0002482539828326309,-2.6987227791057997e-05,-3.191707635477382e-06,4.522028313884137e-06,-6.723595731934137e-08
Planes,3160725.0,361558125.0,443271345.0,50417893905.0,47033123865.0,66661953375.0,7833277833255.0,6233812102605.0,6651347621055.0,10509006171795.0,9058940578.305773,-3673076884.64703,4495999266.968131,-6590021967.465113,3359892890.7734375,56078684589.28125,-100973822427.68497,0.0009067842909846167,-0.0003676686462159746,0.0004500417540356056,-3.710394465124985e-07,1.891727834426911e-07,3.1574104295678963e-06,-5.685151183225988e-06
Planes,1578960.0,213592080.0,229914885.0,35468334540.0,31553621205.0,33804120135.0,6534514022430.0,5260641561795.0,4695099609405.0,5014280414055.0,6574900482.945738,452137627.1317842,325846876.2960297,-42250866120.19209,-26284066058.97461,-9388581110.835938,-2885624063.2106814,0.002637223442415485,0.00018135452430997556,0.00013069871141543787,-1.348676517699106e-05,-8.390053492051342e-06,-2.996899245255105e-06,-9.211109192149345e-07
Planes,1289280.0,153109905.0,153212415.0,23528398395.0,17690028810.0,18421439445.0,4110956583585.0,2654945127600.0,2076701968950.0,2236717002885.0,5345658409.031845,-504884866.9907024,214343926.46855214,47155589697.53113,-21150826062.746094,9039720369.394531,-3349954156.424767,0.00321593092673683,-0.00030373711411367104,0.0001289486176153302,2.4984178034098823e-05,-1.1206221941225613e-05,4.789463657141947e-06,-1.7748871679271499e-06
Planes,1465740.0,160691565.0,165904275.0,18896123985.0,18503112630.0,20598187785.0,2323429337235.0,2202840173580.0,2327182517250.0,2716346772165.0,1279234862.6800642,314745259.2927992,1819803853.8282902,-28674200743.71773,-4987658522.362305,-2282598964.9160156,-27082409550.35031,0.000595437807482504,0.0001465025950873323,0.0008470532256301798,-1.1024247926401963e-05,-1.9175838452899333e-06,-8.775811096075921e-07,-1.0412258740736854e-05
Planes,1376235.0,123983550.0,161456565.0,14006119800.0,15094911405.0,20153828865.0,1825269528600.0,1753187560935.0,1948471257525.0,2671876884585.0,2836573413.9521956,549460882.737632,1212134763.6297956,52385291588.06846,11022731859.749512,3911366058.395508,23068933438.389313,0.0014976448282757453,0.0002901025742271547,0.0006399789799179158,2.3576420530589297e-05,4.960868859238534e-06,1.7603416578635513e-06,1.038235847215399e-05
Planes,870570.0,115488990.0,137926185.0,18460479180.0,18145790565.0,21991039605.0,3267339108210.0,2876460981465.0,2872430050095.0,3527381342805.0,3139819369.5079093,-151366240.54481456,139112122.25395563,-14661455728.61338,-8110274250.327148,3082132249.024414,-783658884.7437278,0.004142831501148257,-0.0001997200334609448,0.00018355134943816808,-2.073327224141254e-05,-1.1469019659240476e-05,4.358549941145846e-06,-1.1081991653860207e-06
Planes,2242215.0,296977080.0,290574030.0,50533396920.0,39490407465.0,38840005230.0,9502005606420.0,6782786770785.0,5353029268455.0,5309617119600.0,11199351770.30365,1004434017.6577961,1183818418.9935153,-157711340018.1475,-32028291939.740234,-51589031373.50195,-30580239927.309414,0.0022276059991463404,0.0001997868527903649,0.00023546729008391446,-2.0949313110728716e-05,-4.254422771185888e-06,-6.852739766197786e-06,-4.062073286326122e-06
Planes,4026195.0,520760490.0,597154920.0,85333067910.0,75175936470.0,93349279530.0,15996896759850.0,11984037855930.0,11520112119870.0,15190272386160.0,17976298566.975113,-2061924275.7191682,4780792787.503326,309434439156.79254,-138952696891.66016,57666784419.66016,-73203282284.0367,0.00110894667295949,-0.00012719882554987737,0.00029492413224324035,9.513309692879087e-06,-4.271987441970881e-06,1.7729182978845523e-06,-2.250575264993102e-06
Planes,1796475.0,200662815.0,232959840.0,26447953065.0,27880343145.0,32485779060.0,3914152144005.0,3883559450775.0,4150704570885.0,4817131972080.0,4034301150.1532993,1859175426.9134126,2276459669.067425,58719052141.33643,38559846641.09766,39924129398.74609,14098669285.499338,0.0012500458950493677,0.0005760736554090552,0.0007053710069351276,1.3574570324539376e-05,8.914199579944383e-06,9.229592140976852e-06,3.2593063191445144e-06
Planes,1770210.0,200468505.0,272136510.0,26786839395.0,30063546555.0,43255196610.0,4175543779185.0,3919992783345.0,4650331220355.0,7108603809930.0,4084661971.4541917,-754717558.081245,1419323987.5540178,216911862696.9539,-27043322966.802734,-16082478191.421875,22541705505.271736,0.0013034865147611998,-0.00024084346912608116,0.000452930913447192,5.202610694914746e-05,-6.486315664979871e-06,-3.857367319569821e-06,5.406606936347713e-06
Planes,665805.0,86168835.0,76001985.0,11708052405.0,9794721870.0,8975945685.0,1661395568445.0,1328929627170.0,1155521693610.0,1088314348275.0,556036236.2160089,-41495198.26694777,300279800.9345086,2208230947.0316253,3190052552.041504,3323455646.611328,-4848681688.787645,0.0012543218580739217,-9.360601126564702e-05,0.0006773794463710458,6.10487619933487e-06,8.819220619004724e-06,9.18802687002285e-06,-1.3404667423858257e-05
Planes,1594770.0,185537235.0,225035460.0,28931435295.0,26160462240.0,31933591860.0,5200514876685.0,4071431483880.0,3713729988570.0,4555558459170.0,7345836386.414294,-20402101.16085808,179195766.8883867,125356168525.7611,-6290163251.191406,4299823164.640625,-1111993203.0180573,0.0028883188621068403,-8.021928410834444e-06,7.045821418928581e-05,3.9030181083542086e-05,-1.958469324854884e-06,1.3387683966157952e-06,-3.462238562958603e-07
Planes,2278425.0,222975570.0,270780420.0,25290892350.0,26582326080.0,34213892130.0,3249203365920.0,3038716947240.0,3343545735810.0,4554563418570.0,3469632129.968662,82696513.81309387,2032874165.670958,95034349476.60477,16823728320.456055,-24415594095.945312,5202732319.121356,0.0006683653955593374,1.593007157406221e-05,0.00039159850236725234,1.2128127754809642e-05,2.147016605116343e-06,-3.115878059207397e-06,6.639641623044355e-07
Planes,1150815.0,189482595.0,106851120.0,33687343395.0,17625015285.0,10546638840.0,6288030992085.0,3124519024155.0,1726602413025.0,1110005104470.0,2488885078.125415,31894326.152226634,625702942.1759353,-78210368742.4772,-13793572526.964844,-15832630724.874023,14577696409.548187,0.0018792900571960398,2.408254625560772e-05,0.00047245143149606336,-5.504914126274834e-05,-9.708742392649686e-06,-1.1143953664306863e-05,1.02606557396121e-05
Planes,40545.0,8065140.0,5267280.0,1608452280.0,1040409690.0,709586970.0,321584860500.0,206050574340.0,139223559720.0,98694972030.0,4148833.9622640703,-7348371.886792505,25304355.660377417,-16192034.32061644,16853059.439941406,-16948127.627929688,-63531072.90258855,0.0025237797131873697,-0.004470092575775849,0.01539290799578971,-4.891681293495369e-05,5.091379746864839e-05,-5.120100244090852e-05,-0.00019193002850641905
Planes,1088595.0,129828660.0,159575940.0,17473146720.0,19055222310.0,23704308360.0,2512177336140.0,2569993185240.0,2829291470340.0,3565685612160.0,1989444372.115251,23782280.93464718,312247375.99438155,-46247990628.471146,2951212850.9179688,-4718193746.806641,-646793987.8615788,0.001678800653684843,2.00687736429402e-05,0.0002634912070315365,-3.740477358594181e-05,2.3869025873861557e-06,-3.816013764828575e-06,-5.231185689139318e-07
Planes,939675.0,122930400.0,124712085.0,18565607010.0,16267976685.0,16644216945.0,3064488886380.0,2451584558205.0,2164747809735.0,2233815295665.0,2483575196.7028503,-47139173.01899477,92638851.45997483,-14119441716.016113,-77862012.55078125,-173676556.40820312,233081560.72172356,0.0028126906446313614,-5.3385905577655545e-05,0.00010491505599539976,-1.6495798518081526e-05,-9.096649124540759e-08,-2.0290699444399123e-07,2.7231009138160094e-07
Planes,617355.0,50471130.0,59619255.0,4388502570.0,4825992300.0,5979457005.0,398554151790.0,417242220000.0,481857566070.0,616812273555.0,262294855.6753407,-48109585.63816611,221901681.4745974,-3109913835.202379,1301693905.6049805,2306195269.482666,-3495325489.5641003,0.0006882081845928819,-0.000126229736791101,0.0005822247370141536,-1.0385105952734731e-05,4.3468179004570714e-06,7.701204435368078e-06,-1.1672132242871411e-05
Planes,814725.0,95574765.0,94412730.0,13947159975.0,11821051065.0,11432197230.0,2350145089515.0,1816829165025.0,1522758949365.0,1445706050970.0,2735357581.793428,745566106.5680759,491372306.1877938,72249047083.77335,25667656735.82422,8859870873.45166,7026064312.03706,0.004120899489399718,0.0011232180422479567,0.0007402673417004679,0.00012058811767999916,4.2840902904095996e-05,1.478767118241121e-05,1.1726934877144646e-05
Planes,1500165.0,156409350.0,197883315.0,20038620630.0,20565442470.0,26347439715.0,2931683346690.0,2629034971320.0,2730791704890.0,3539310782895.0,3731157939.280979,-66155170.92299861,245106734.70168084,64396345796.46805,-418524612.36621094,1222683526.305664,-782326163.0329674,0.0016579276533135593,-2.939583074954493e-05,0.00010891236449605163,2.3362195384921046e-05,-1.5183553735177995e-07,4.4357441532099883e-07,-2.838182267869338e-07
Planes,1937235.0,278443680.0,291187815.0,44084103180.0,41391624480.0,44360096055.0,7421387830440.0,6515195824230.0,6239906412120.0,6844453345815.0,4062689705.6706595,-461535709.5274448,591351630.8727115,-82812983415.32066,21543645534.960938,2665581191.3085938,-1132358566.0342371,0.0010825526812058535,-0.00012298175741154774,0.0001575727756523385,-1.585413907939901e-05,4.124425162605061e-06,5.103124315965438e-07,-2.1678448780936373e-07
Planes,2079780.0,246623250.0,241666050.0,38504859240.0,30330160530.0,29174928420.0,6940571839410.0,4839798033660.0,3800967984510.0,3614806194330.0,9259925910.242765,1673058978.0750353,1093843053.950464,178501056900.36536,-31172801508.091797,-47448085821.7793,-29463473918.772797,0.0021407833421652183,0.0003867910850950966,0.0002528833396226269,2.8615233760618477e-05,-4.9972645407097375e-06,-7.606330689918301e-06,-4.723244826814488e-06
Planes,1397655.0,165075525.0,160377150.0,23222435115.0,19875654720.0,18931352490.0,3661954406325.0,2868254276940.0,2440172695440.0,2291311857990.0,3725542853.3004932,933682463.431856,528506120.815545,39137936434.92409,-17010116255.914062,-10064034101.387695,-2299203981.308167,0.00190717084156432,0.0004779684571228724,0.00027055156869682054,1.6947200489313206e-05,-7.365586354171319e-06,-4.357848654874621e-06,-9.955831703555736e-07
Planes,1102365.0,191084505.0,133165590.0,34637906385.0,22988247195.0,16238795250.0,6523752346935.0,4152322336275.0,2790906784695.0,1998978975690.0,1515221928.3136709,-94743328.2685636,152404299.59056118,-5698479323.0825,912162553.2363281,-1044202253.7021484,513161461.0692642,0.0012468821704860365,-7.796466285440556e-05,0.0001254141062203162,-4.4662747601228975e-06,7.149220621274316e-07,-8.184102996184256e-07,4.021985430670417e-07
Planes,1776075.0,218985330.0,227002275.0,30086061270.0,27243693060.0,31983969915.0,4564206343020.0,3665687815170.0,3789737221470.0,4766924321595.0,3085751736.219668,-745084498.1694206,2970537005.2548437,93744915366.63841,4086134688.9628906,36658970696.26367,-80321009016.39345,0.0009782241484952007,-0.00023620164909043397,0.0009416995536066164,2.2299466262672926e-05,9.719846914885845e-07,8.720211406330495e-06,-1.9106269643956916e-05
Planes,1048305.0,133090875.0,141156525.0,20041299405.0,17840683575.0,19089277305.0,3334672641825.0,2676435821505.0,2402208953085.0,2592235011225.0,3144326664.942837,-80289256.57990661,82247337.504257,-8129737439.2190275,-1781534771.7792969,291653508.2685547,-326834650.3619862,0.002861227195253587,-7.306041289361331e-05,7.484219799047456e-05,-7.225324832541243e-06,-1.5833435609464403e-06,2.5920779748982825e-07,-2.9047512703217714e-07
Planes,1543770.0,207674040.0,178294470.0,33078138960.0,24808629720.0,21023398500.0,5780009207370.0,4008204788250.0,3002285366010.0,2521381399980.0,5141006556.90783,823753155.1238856,431653594.6184352,-52969770187.327705,-33714374471.259766,-16140542922.173828,-6377651503.363579,0.0021571630053184333,0.0003456462877605003,0.0001811215673655291,-1.7888404060332745e-05,-1.138567056361412e-05,-5.450817561108914e-06,-2.1537946388041873e-06
Planes,1616445.0,220858305.0,187566780.0,33700649295.0,23554738110.0,24131234460.0,5623523108745.0,3347683496370.0,2771863138110.0,3402701757300.0,3524311165.664933,-2072908426.1381907,2366623254.813062,55863793781.72766,3626513708.529297,-44172064412.802734,53365558515.59964,0.0013488149824869475,-0.0007933379917579194,0.0009057477486927922,1.6816208961496143e-05,1.0916589833235806e-06,-1.3296745801559237e-05,1.606418616772862e-05
Planes,1346145.0,196258710.0,162059895.0,33750785610.0,23772991080.0,19735479945.0,6345529130820.0,4094128082220.0,2906128559430.0,2428474146885.0,5137611508.499716,145769691.9359728,225390342.90585274,-73161024834.68826,-11570721041.917969,-6266967927.916016,-1712258199.1321208,0.0028351600209568697,8.044212805120315e-05,0.0001243803055679154,-3.47976707305009e-05,-5.503396676589971e-06,-2.9807658781022623e-06,-8.144035318481451e-07
Planes,2578560.0,311989185.0,445986840.0,48028267995.0,52249176405.0,79108608180.0,8239534694055.0,7886089469025.0,9030097651515.0,14323292263920.0,10279582078.455795,-1712364428.7697773,1970879582.1835496,-59103715878.33213,-6492867105.800781,50804483416.66016,-41070362023.73231,0.001546040889190621,-0.00025753823490763043,0.00029641870637064124,-5.535688993986861e-06,-6.081257742066518e-07,4.7583779719321766e-06,-3.8466744037184995e-06
Planes,1035300.0,152155185.0,115259235.0,26319190815.0,17300905695.0,13424165685.0,4941661116255.0,3004165252785.0,2042707710615.0,1619158757685.0,3957363013.99138,361573883.5603457,592434541.5775858,-89603203766.8852,-32211141926.208008,-10712430119.198242,-7255007857.323563,0.003692100060738553,0.0003373375029621517,0.0005527235179610404,-8.215954077399046e-05,-2.9535245585059475e-05,-9.822509711333134e-06,-6.6523080516199836e-06
Planes,2120070.0,279259680.0,329014770.0,39495599010.0,43196382900.0,53580264930.0,5928049016220.0,6129979482120.0,6982901512500.0,9093762422610.0,2710979222.1145067,-142072615.84315482,2520291024.3492923,11422338303.88967,38065008629.43945,-30696935012.183594,-3637420745.0351453,0.0006031506327988728,-3.160894316347901e-05,0.0005607254802152033,1.7453378913274127e-06,5.816348643083172e-06,-4.6905040280705596e-06,-5.557993542222743e-07
Planes,1299480.0,184561605.0,156038325.0,29167175145.0,22604698635.0,20116025625.0,5075059923135.0,3656002215195.0,2967030719175.0,2714532079965.0,2954393078.191717,443000337.5951713,1379331817.62657,93316676066.00589,27844135615.748047,3617633266.251953,-32203689008.273098,0.0017495609535619237,0.00026234020746678953,0.0008168260032622659,4.84769470669446e-05,1.4464710331245496e-05,1.8793191501127589e-06,-1.6729448510469428e-05
Planes,1562130.0,220916190.0,195917010.0,37049387070.0,26720124000.0,25056905370.0,6712516003350.0,4356898655400.0,3314795985210.0,3255350744760.0,5807452657.296772,-986430131.4691446,485663023.11459327,-169580917297.0775,-10707346915.003906,18681587773.001953,-9021154285.334156,0.0023798595764753594,-0.00040423320402811964,0.0001990218198416171,-5.560118503581417e-05,-3.5106613795516136e-06,6.125208160714354e-06,-2.9578025443558354e-06
Planes,13321455.0,1782827145.0,1672749255.0,319452866955.0,225960570930.0,295747463115.0,63363324720015.0,40706351719200.0,39703265777400.0,59026960267545.0,80854858783.30624,2094425783.5031204,85703585017.37065,-1031271579224.6455,32675796665.65625,-402976644642.0,367259463764.3259,0.0004556200200201737,1.1802164171332177e-05,0.0004829427657039852,-1.592186341552767e-06,5.0448357346886926e-08,-6.221580449702186e-07,5.670140763999237e-07
Planes,1192890.0,181898640.0,162740745.0,30786083700.0,25081027095.0,22336848165.0,5582817817020.0,4272100000935.0,3476686910325.0,3083823304875.0,3049146317.802477,265394314.0337728,134842881.06348816,-41521302844.133316,-8847887422.945312,-1775680416.1738281,-286858818.5676152,0.0021427794333703574,0.00018650514556312005,9.476047462605403e-05,-2.6715910351099738e-05,-5.692966043849192e-06,-1.1425199972357387e-06,-1.845725917860408e-07
Planes,12271620.0,1571980650.0,1479010710.0,276608054340.0,188833164825.0,255239629110.0,54140514550170.0,33308103865035.0,32594678938485.0,50657375942220.0,75239110062.51894,-626435232.9191025,76985031893.43822,-568754424882.0719,131002006285.48438,49770504482.046875,1338254389377.6633,0.0004996200435621518,-4.159799313147677e-06,0.0005112137152642118,-1.0781272970995864e-06,2.483265760622029e-07,9.434465408095581e-08,2.5367865717274303e-06
Planes,2238135.0,288195390.0,347197800.0,42842506650.0,43615260945.0,56682724470.0,6741987220350.0,6505769444505.0,6924196450095.0,9650876387340.0,5732777872.579468,-1091964212.6164992,2822563074.534576,-251037428349.54855,140904969786.8711,-35814782603.57422,-17929387856.513683,0.0011444387569088204,-0.00021798963676111313,0.0005634703887216259,-3.3498300978318843e-05,1.880228425814345e-05,-4.779105550177392e-06,-2.39248798365724e-06
Planes,1650105.0,205685805.0,216047475.0,30476426235.0,27542855490.0,28611327675.0,4996909456545.0,4125454083030.0,3717280137840.0,3826506715695.0,4837663623.834028,612509352.2739909,324332935.9527111,-8011889214.28938,-17508875982.01172,-9516740477.753906,-4490538616.217016,0.0017766934728953626,0.00022495184719149492,0.00011911539436375274,-2.2906354876824763e-06,-5.005867105887669e-06,-2.7208792935538476e-06,-1.2838653703260919e-06
Planes,276420.0,7798155.0,64520865.0,271951635.0,1794028020.0,15257743185.0,10638105045.0,61524071340.0,419112154890.0,3642701307075.0,51955898.78690038,-26186530.336715795,197537626.97878164,34526049.11494461,-476295794.82547,896790120.8937988,-10917770305.405659,0.0006799796832168565,-0.0003427196722347551,0.002585299766776587,8.594551680468167e-07,-1.1856406767507235e-05,2.232375043809705e-05,-0.0002717754956928271
Planes,691305.0,119349435.0,102849405.0,22944683505.0,18270132390.0,15790827315.0,4719587771955.0,3594476456010.0,2883096267870.0,2495145707385.0,2339758566.196978,513833250.20472383,489332158.9487279,-49555715217.24379,3444331846.484375,4017993688.038086,252372900.24777088,0.004895889981320275,0.0010751840374007007,0.0010239160779861457,-0.00012471523330138774,8.668236305713237e-06,1.0111952133278967e-05,6.351385505257809e-07
Planes,1570035.0,192862620.0,226579740.0,29168568210.0,28410957090.0,33016749240.0,4948414059150.0,4317767018910.0,4220439865350.0,4857159408270.0,5477382858.549619,577971013.0534358,317874005.7105736,19675970944.802418,-33693049761.808594,-2147405659.7402344,596288608.5160742,0.0022220530862077283,0.00023447005740877958,0.0001289544539162315,6.370343303853914e-06,-1.0908549038757967e-05,-6.952496170867652e-07,1.930559439776041e-07
Planes,1522860.0,233435160.0,183003300.0,41580730440.0,27138497655.0,22541535900.0,8041251645900.0,4706370735885.0,3252945427935.0,2831292223290.0,5798075485.358337,-913591582.374415,549883475.6865393,-110091104196.31429,-10334734426.125,17187386743.58008,-9701983728.82134,0.002500137568885975,-0.00039394185941183844,0.00023711045838316626,-3.8468236636271686e-05,-3.6111819604268238e-06,6.005648369482814e-06,-3.3900850449826966e-06
Planes,2319225.0,286282380.0,256242615.0,41473176030.0,32469862215.0,32826645465.0,6750844224600.0,4894060804305.0,4212879716895.0,4650385173765.0,6134818993.289719,839578098.7009336,4515344171.66355,116895080138.50049,104569525594.88086,-24726192903.367188,25722766291.104153,0.0011405543515332147,0.00015609009083605255,0.0008394698277641247,1.4270494530687085e-05,1.2765796826609138e-05,-3.018561603911328e-06,3.140222798396832e-06
Planes,14686215.0,1847485200.0,1858715145.0,317772726270.0,233493338760.0,325561512315.0,61747632142140.0,40226106062700.0,41015368369710.0,64298909657205.0,85364201390.1014,-327882119.80831635,90319008357.89662,295542130960.1425,90682179922.34375,143625938603.3125,233339937477.8608,0.00039578198114990996,-1.5201903473370436e-06,0.00041875441322325414,3.575565151724489e-07,1.0971026071963668e-07,1.737633478128311e-07,2.8230227150386513e-07
Planes,3107940.0,298134525.0,432428490.0,34884514335.0,39438808215.0,66087996570.0,4779764795595.0,4463414390985.0,5650649099925.0,10886168375370.0,6285443890.597722,-2042643313.220377,5921327019.210694,227523192283.50696,1586662520.28125,-120543116948.42969,43155457708.38351,0.0006507148259873893,-0.00021146927905995547,0.0006130188015334743,1.3361158241168949e-05,9.31757716479019e-08,-7.078819720605929e-06,2.5342774669463194e-06
Planes,15300.0,3739575.0,2998800.0,914081925.0,732961545.0,588007050.0,223449801915.0,179162405085.0,143720601765.0,115344336150.0,67468.74999992915,4844.999999943179,242249.99999991475,-36227.708321519,-20612.5,-20612.5,-7649.999993360915,0.0002882171387070321,2.0697167755748554e-05,0.0010348583877992001,-1.2511583694866035e-06,-7.118722957069807e-07,-7.118722957069807e-07,-2.642000270434067e-07
Planes,436815.0,47714835.0,50448180.0,5497488135.0,5466507165.0,5914418490.0,664784408145.0,624051437955.0,635557704015.0,703295018400.0,285429302.13660234,-44124532.057793476,88110177.98598985,1917603233.9758961,-1218942982.3867188,-303009788.2453613,-118657450.38679402,0.0014959031231000423,-0.00023125174891466355,0.00046177561112160513,1.5205996806819782e-05,-9.665838464110982e-06,-2.4027733114221578e-06,-9.409166503886103e-07
Planes,2069835.0,250028775.0,267875970.0,39174754695.0,34120895415.0,35567959980.0,6946714718775.0,5441480222385.0,4709503251255.0,4811571269700.0,8972159643.703337,1762422091.7463336,899720577.6124145,46931839001.72646,-54266002169.0,-43162791110.87891,-24480311936.919746,0.002094235608539748,0.0004113755492973837,0.0002100081748650359,7.614269709776689e-06,-8.804171866584914e-06,-7.002775513077459e-06,-3.971710924439072e-06
Planes,3239010.0,366958770.0,381906105.0,50111749830.0,41961585945.0,52422053145.0,7738386025830.0,5743099504965.0,5543387734905.0,8151968193855.0,8537707489.929149,-1305892249.3528545,7392160357.922774,126517165155.63237,130407365959.68555,-87738966761.17383,227780101700.5045,0.0008137981414954763,-0.00012447518104482627,0.0007046067539805128,6.700677716510006e-06,6.906712856551301e-06,-4.646883596569715e-06,1.2063825883637462e-05
Planes,1625625.0,191698800.0,219037605.0,27956832180.0,28106403195.0,31393856565.0,4562878108200.0,4263702549525.0,4265747928495.0,4709240811375.0,5351108276.000003,2276801636.6000032,1880609411.3600006,4081798432.4200864,-40191551047.17578,-49869133228.65039,-27573347192.09593,0.0020248972922696615,0.0008615578738452868,0.0007116359281980833,1.2114364333288083e-06,-1.1928445281330439e-05,-1.4800653655966184e-05,-8.183490177275817e-06
Planes,1378020.0,169332495.0,161912250.0,26594892735.0,21071661330.0,19644534960.0,4733997519525.0,3383250354240.0,2667716068710.0,2443202960400.0,5787144035.470947,1175719860.6717246,620444816.1250914,43729876111.80438,-30498412896.685547,-22509772651.96582,-10757133021.401648,0.0030475669142315215,0.0006191456313902608,0.0003267323367346282,1.961730954816166e-05,-1.368164878839944e-05,-1.0097928858599201e-05,-4.825671305174898e-06
Planes,7797135.0,1354922100.0,834481380.0,256304155680.0,147571691070.0,115824743400.0,51386642987040.0,28203618189870.0,21164594434740.0,18331946378490.0,20856918064.07954,2562368568.786671,26515122165.186916,-400476679157.09216,-117638930337.64062,489051138620.5156,260392765383.9796,0.0003430678554048464,4.214746814220771e-05,0.00043613759564383803,-2.3590633134461337e-06,-6.929684029958546e-07,2.8808234275888094e-06,1.5338796286391802e-06
Planes,306765.0,48608100.0,47459835.0,7767321930.0,7520210355.0,7410148785.0,1251788736690.0,1201885439415.0,1174048698975.0,1167969956445.0,65180598.3291778,16051.0099757822,67603389.57606028,370318066.8781198,192359670.3173828,-122985254.71484375,622540374.0938109,0.0006926386583435398,1.7056532618093252e-07,0.0007183843391397216,7.104939452279961e-06,3.6906214762547713e-06,-2.3596007498056582e-06,1.1944088231568757e-05
Planes,3055920.0,387199395.0,341078055.0,61862201595.0,46474908210.0,40636167855.0,11120990911065.0,7603871480220.0,5742952645620.0,5012924617815.0,12802222443.593546,3258719126.5892057,2567684516.8946114,38556619401.044075,-126496967455.67188,-133266225145.9668,-95738821145.76425,0.0013708862086750282,0.00034894981150887646,0.00027495251765451834,2.361804776039933e-06,-7.748634256126812e-06,-8.163288481303791e-06,-5.864528803279261e-06
Planes,1677390.0,192687180.0,214892325.0,27984398700.0,24016083345.0,27870578175.0,4595755784010.0,3409773350745.0,3038732870205.0,3653973915615.0,5849803086.366677,-669288636.4077222,340480020.18470925,37126610095.01989,-21572860010.447266,8636630712.201172,-3795851360.5302024,0.002079089322962355,-0.00023787311083655618,0.00012101063304127503,1.0188263605380611e-05,-5.92001219464669e-06,2.3700593760924807e-06,-1.0416554102016412e-06
Planes,42075.0,6728430.0,1559325.0,1090853790.0,250728495.0,66525165.0,179195120310.0,40833792345.0,10707002985.0,3133873245.0,14875887.090908954,1368801.3636363319,8735635.454545451,-6688274.857295324,-31694390.829193115,-32836071.771347046,20914423.27823687,0.008403005040956674,0.0007732005955956514,0.004934535218767918,-1.8418480587207046e-05,-8.728147910579657e-05,-9.04254928789312e-05,5.75951059670734e-05
Planes,1488180.0,191908665.0,198433605.0,27972918855.0,25759774620.0,26863207815.0,4479351461055.0,3773141835240.0,3514331587500.0,3686201972805.0,3225283688.499829,170714004.55877322,404113086.34081894,40261238481.83387,-790165051.2792969,4653228637.908203,-3501155643.9726315,0.0014563206004197598,7.708293149702184e-05,0.00018247021638306807,1.4902134231966192e-05,-2.924685405513681e-07,1.722327488892953e-06,-1.2959037858963964e-06
Planes,1501185.0,175922460.0,200813775.0,25983630960.0,23319109950.0,27074475825.0,4370953709700.0,3407988073560.0,3114557110260.0,3679910828025.0,5367443126.753863,-214067706.2425701,211582690.74231255,67945169278.51609,-17673911010.171875,-1003531467.8398438,1546646215.4744627,0.0023817656024454964,-9.49910576195177e-05,9.388834925348852e-05,2.4607814503014748e-05,-6.400989625889677e-06,-3.634506539723837e-07,5.601514217467643e-07
Planes,2186625.0,225353700.0,261214350.0,30561478170.0,27848733600.0,32043649860.0,4754388301020.0,3852808508370.0,3514006095810.0,4020874407150.0,7336512707.8425665,927967457.8425661,838968377.8425683,92517723898.90608,10659783543.121094,-10124420441.519531,-7508296233.017915,0.0015344087126546865,0.000194081494720449,0.00017546761518279515,1.3085465203947193e-05,1.5076919400604633e-06,-1.4319715813847638e-06,-1.0619538068774885e-06
Planes,4353615.0,561254490.0,573472815.0,93404794560.0,70333742490.0,80267478885.0,17473573177920.0,11224692775200.0,9584299074330.0,11703741512955.0,21049613280.727455,-3596587204.217194,4727710314.737303,4816692224.454297,-151579365706.57812,183974758009.97266,-114860672706.31561,0.0011105652495827134,-0.0001897538312380542,0.00024943122306423445,1.2179342535671945e-07,-3.832790077197545e-06,4.6519301863317e-06,-2.9043322919109986e-06
Planes,16088205.0,2054264445.0,2036040360.0,353417891835.0,260026865235.0,348285785550.0,68345821124955.0,44821239326685.0,44469604980075.0,67245845944920.0,91113774626.69998,49737884.06180796,90615004530.67995,-49465033708.58276,81789446740.65625,-14763700769.234375,233054332294.5199,0.0003520212297512903,1.9216404088623902e-07,0.00035009421417890845,-4.764631642121399e-08,7.878223397723406e-08,-1.4220872920925697e-08,2.244854521935308e-07
Planes,1779900.0,200418270.0,238152150.0,27662727930.0,26895422730.0,32195251950.0,4266706171830.0,3701817271380.0,3647052609480.0,4397448513150.0,5095458448.684813,79285924.68481262,330289564.68480855,4353225318.471264,-17334831050.42383,622515154.4882812,1310071895.6057534,0.0016083925704948817,2.5026775017816946e-05,0.00010425662132288641,1.029964221783979e-06,-4.101385631671477e-06,1.4728581447891081e-07,3.099603355501225e-07
Planes,1649595.0,190188945.0,192629805.0,29014540305.0,23180462115.0,22980632385.0,5110934717475.0,3595927097205.0,2860566586155.0,2789474318115.0,7086833928.457257,971338427.97032,486479714.59421724,131579332210.79251,-16196425734.90918,-15824099239.80371,-7682390178.074762,0.0026043394677609326,0.0003569570036568723,0.00017877635256772554,3.7648211447093825e-05,-4.634211547586787e-06,-4.527679416897525e-06,-2.198128269718579e-06
Planes,804780.0,114367500.0,112521810.0,19977645540.0,13789482765.0,18024205290.0,3849434805330.0,2206310194965.0,1928972159775.0,3148600371690.0,3724849674.980986,-2201021602.870725,2291759496.5209107,-48272477036.26935,38674121296.92676,-16972606864.137695,-12340576530.405848,0.005751146101731798,-0.0033983644752702833,0.0035384632521016685,-8.308194348960453e-05,6.656217698725535e-05,-2.921161810897078e-05,-2.1239413116463423e-05
Planes,2196570.0,298246980.0,290878500.0,48397192560.0,39588257085.0,40169677230.0,8699001394800.0,6344976841875.0,5489632333935.0,5690697340800.0,7901664951.446478,93210638.98188573,1650394092.08498,-18049251880.956814,-89283099408.18164,10767165456.664062,-65833875585.380875,0.0016376780001460284,1.9318588396011927e-05,0.00034205627709939457,-2.5240420506497727e-06,-1.2485520109360231e-05,1.5057010982043583e-06,-9.20633561051163e-06
Planes,214965.0,28756860.0,22852590.0,4369951830.0,3080443605.0,2453949660.0,720477854250.0,473203345215.0,333342838845.0,265911365850.0,523013970.0711742,23347188.06049809,24526871.601423603,-4042751489.6120143,2394138471.397217,102663688.73486328,-178976959.29149735,0.011318210822698703,0.0005052415646755119,0.000530770341695456,-0.00018869381198242255,0.00011174545745453837,4.7917866901626915e-06,-8.353678130479546e-06
Planes,1471860.0,225097170.0,172466955.0,40557562830.0,25527254655.0,20629706805.0,7920899130660.0,4476063210045.0,2971629385605.0,2509050281085.0,6132593103.253633,-848775326.8035387,420685181.3591462,-157485579664.36072,-16704794692.324219,15562077879.148438,-6848853130.481377,0.0028308127600891,-0.0003917957681375426,0.0001941888136586217,-5.992037686554927e-05,-6.355868236056745e-06,5.921085430913427e-06,-2.6058630990206913e-06
Planes,1683255.0,264395475.0,244646235.0,45253915425.0,38325931605.0,35973396975.0,8184769349265.0,6557542635615.0,5626755942135.0,5346511071165.0,3724279570.3757005,-101613544.00393893,416229285.2113335,-93415356253.33275,12207730762.222656,5810429638.349609,-2894684434.434931,0.0013144450895485194,-3.586342577770713e-05,0.0001469037245281604,-2.541227178167454e-05,3.320933349821092e-06,1.5806418030201463e-06,-7.874562654405006e-07
Planes,285345.0,41713920.0,38905605.0,7158992400.0,5649868995.0,5963721465.0,1328949591120.0,958836411195.0,857626774005.0,1020671175555.0,1060931730.4021443,-37650654.97319082,659103895.3351208,-27797080134.520924,-6254330515.572754,-3928736245.876465,27810381572.100666,0.013030074672983246,-0.0004624150939490205,0.00809493460075459,-0.000639106907830634,-0.0001437987665256399,-9.032900080271382e-05,0.0006394127327805983
Planes,1523115.0,240661095.0,150538995.0,44594409945.0,22831941885.0,16387021905.0,8935097374995.0,4111336205145.0,2434343852655.0,1885103383185.0,6568546732.702158,-954101438.6489214,1508310175.67554,-186818453254.43414,5298603384.361328,33698010389.799805,-32680109598.292274,0.0028314174464037145,-0.0004112720163167839,0.0006501675210338528,-6.5251129556142e-05,1.8506729387631697e-06,1.1769893195370714e-05,-1.1414365273664292e-05
Planes,773925.0,117608550.0,107624535.0,19775325480.0,16655650125.0,15115072215.0,3506212240620.0,2820678397815.0,2372973943605.0,2141466328095.0,1903088463.3607917,300621529.49752957,148453312.69522282,-77321441424.1718,-20710023058.631836,-7580026092.010742,-1773722461.398735,0.003177321963437545,0.0005019059317231566,0.00024785183666061156,-0.0001467414316730063,-3.9303696072258785e-05,-1.4385451957090355e-05,-3.366188842088143e-06
Planes,1118175.0,160649235.0,145382130.0,26067631275.0,21015924705.0,19003841850.0,4575309991875.0,3418622902365.0,2761772555805.0,2496546076860.0,2987007306.4036484,128739812.50056978,101645214.10946383,-28142866592.71582,-7613298228.498047,-2003768632.3652344,-714013733.351296,0.0023890031844291003,0.00010296587536538971,8.129566327772213e-05,-2.1285991610006787e-05,-5.758354490378526e-06,-1.5155599788104301e-06,-5.400476986761226e-07
Planes,4580820.0,701429520.0,575963655.0,115089298920.0,89525252100.0,84544499025.0,19797338508510.0,14920809430800.0,13368444289620.0,13798508687115.0,7684211724.382104,1331891508.64396,12126431543.422686,-178756946324.62225,42314030292.84375,87798123101.71094,119008873479.67484,0.00036619538678529703,6.347203118002931e-05,0.0005778918448171954,-3.980199675939553e-06,9.421636088671253e-07,1.954911785542157e-06,2.6498499185454465e-06
Planes,4587195.0,593151675.0,609401805.0,86650406325.0,76358385240.0,95909078925.0,13720033244445.0,10964208793140.0,11775906597870.0,16503816177015.0,9952356742.345327,-2440903079.71899,14950985812.050144,-58179322263.78204,84082154106.24219,22831063289.648438,-209988510504.9243,0.00047296775187783,-0.00011599950364061261,0.000710518556654581,-1.2909239323735383e-06,1.8656742773512664e-06,5.065917727352044e-07,-4.659373522868139e-06
Planes,1864560.0,242831910.0,231614460.0,38516360760.0,31288481130.0,29300995830.0,6815972011530.0,5040075835380.0,4073831457690.0,3763125191970.0,6891024748.153719,1124055364.4474826,529994585.1531724,4862230936.871238,-37185888984.80664,-21457369054.191406,-8297098497.484883,0.001982125201300852,0.00032332179130915346,0.00015244693818093646,1.0242233543075334e-06,-7.833164743391298e-06,-4.519970110971426e-06,-1.7477742551616303e-06
Planes,1191615.0,171822060.0,149548830.0,29508398040.0,22123035765.0,19036767960.0,5536303044660.0,3833217707775.0,2871315781695.0,2451281480250.0,4732929199.272418,559201773.9963638,268245782.64498323,-83496159142.43362,-31380172902.66211,-14005927665.28711,-5181438808.143519,0.0033331747629167774,0.00039381895692618997,0.00018891262373174034,-5.386747199816985e-05,-2.0244890333797584e-05,-9.035911640333397e-06,-3.342800588369273e-06
Planes,1077120.0,138692715.0,177581745.0,21091537305.0,22515303285.0,29895266955.0,3513148500975.0,3387705089745.0,3763546672035.0,5104427581575.0,3233110022.922586,-350574563.7890617,617864105.5078125,-35258534731.25784,684401956.4472656,29752429928.103516,-28052035522.091675,0.0027867133877310184,-0.0003021706107687052,0.0005325553916846395,-2.928222242005658e-05,5.683960058511415e-07,2.470940092469335e-05,-2.3297222920752733e-05
Planes,1670250.0,239125485.0,236444415.0,37827505035.0,36144641715.0,35408534745.0,6377483510535.0,5967714159885.0,5687401451265.0,5530925144895.0,3592511724.7259526,2293490442.7854943,1936921881.8404531,-66846802245.049164,-43940579140.9082,-31292789802.20117,-29978316439.309902,0.0012877608963721991,0.0008221176532549296,0.0006943031644390974,-1.85407345309516e-05,-1.2187428352987316e-05,-8.679417548330844e-06,-8.314833142632077e-06
Planes,176970.0,32734350.0,13972215.0,6281459880.0,2609841360.0,1130544795.0,1244311342110.0,504461878380.0,212416081200.0,93352962495.0,226548483.02593637,25384242.492795292,27404194.863112308,-1387594961.5835686,-865472660.9802246,-710421583.8117676,-233575042.03751114,0.007233722705822777,0.000810522184203823,0.0008750195276893228,-0.00010532066364415253,-6.569075093518795e-05,-5.392212767102866e-05,-1.772871703859955e-05
Planes,214965.0,28756860.0,22852590.0,4369951830.0,3080443605.0,2453949660.0,720477854250.0,473203345215.0,333342838845.0,265911365850.0,523013970.0711742,23347188.06049809,24526871.601423603,-4042751489.6120143,2394138471.397217,102663688.73486328,-178976959.29149735,0.011318210822698703,0.0005052415646755119,0.000530770341695456,-0.00018869381198242255,0.00011174545745453837,4.7917866901626915e-06,-8.353678130479546e-06
Planes,1103895.0,136209015.0,144685725.0,20303746425.0,18660536370.0,19595198835.0,3342789115875.0,2835987482700.0,2624100446430.0,2734111950495.0,3496988746.7151766,807841968.0769227,631475818.974359,-25462472067.094646,-24549968064.901367,-5505751367.589844,268040215.78114828,0.00286971456700748,0.0006629348938591697,0.0005182045147059471,-1.9887543837602496e-05,-1.9174829718651783e-05,-4.3002844104593165e-06,2.0935365299730167e-07
Planes,1520565.0,189643755.0,210540240.0,29048558835.0,25988381610.0,29371376850.0,5015120397825.0,3933826239840.0,3594706872480.0,4126404788820.0,5396328374.283081,-270043180.9173209,219586127.96076024,46153121166.65095,-20931723872.441406,6311583154.861328,-1218932160.3604662,0.002333933027123409,-0.00011679472689171356,9.497185508356919e-05,1.6187828760495427e-05,-7.341630493105028e-06,2.213736032057322e-06,-4.2753045912816216e-07
Planes,1019235.0,107055120.0,125885595.0,11813129490.0,12954927435.0,18449198235.0,1369381483830.0,1400172307725.0,1847067084405.0,3030042113715.0,568618932.3617704,-267437847.78208765,2901083199.209405,9142548546.173021,-2685377585.051758,-24677886837.723633,34758919515.5426,0.0005473594975636353,-0.00025743892378590327,0.0027926179589449146,8.717289184117372e-06,-2.5604690923125344e-06,-2.3530011892297748e-05,3.314213226368702e-05
Planes,2702490.0,324061395.0,393134010.0,46905104175.0,50560357305.0,60741162690.0,7574812617345.0,7576008476055.0,8227902138225.0,9849933375540.0,8046204519.739104,3418811655.416119,3551552434.761273,20645159254.593838,-67239581247.08203,-50377591320.828125,-19442259962.078857,0.0011016987993197154,0.00046810899308265594,0.0004862840664189799,1.7195230358755964e-06,-5.600344732204439e-06,-4.1959196196956004e-06,-1.619334269210708e-06
Planes,1504500.0,219170715.0,188416695.0,37831281075.0,28778814225.0,24854650335.0,7095506344125.0,5068806374025.0,3962409793425.0,3450680596605.0,5903197117.797457,1330876863.0279658,1258205699.0923731,-135550344981.63692,-56765852669.01172,8318517277.220703,22854082542.094337,0.0026079718605554587,0.00058796772992332,0.000555862356032544,-4.8822514944449224e-05,-2.044592133382381e-05,2.9961630428737426e-06,8.23158204875269e-06
Planes,1038105.0,123276945.0,105989985.0,18789441675.0,12580222530.0,10968013335.0,3255365825715.0,1904186028960.0,1296032422440.0,1148882736735.0,4150069772.8002954,-6289962.8555632215,146490540.7737664,38426485084.705734,-12712383514.296875,-5155637072.898926,-858984280.6551555,0.003850993917724635,-5.836675050198838e-06,0.00013593366194017328,3.499672894311766e-05,-1.157773965248459e-05,-4.695470657063715e-06,-7.823156338712938e-07
Planes,1111290.0,111477075.0,131199285.0,14947012425.0,13658638695.0,15931493475.0,2389102553355.0,1864379873865.0,1709709872745.0,1984374850035.0,3764388401.9676456,497616339.0970627,442060127.70881194,134483829567.13934,-104617991.86328125,-5927007603.325195,-882371992.5309572,0.0030481730148713116,0.00040293947771220324,0.0003579534331601492,0.00010330029261575527,-8.0359618008605e-08,-4.552678353449439e-06,-6.77771337400009e-07
Planes,2089470.0,255707625.0,247641210.0,39494039685.0,32194972215.0,30402771780.0,6872065776525.0,5094981262125.0,4123850974275.0,3822612636960.0,8200750246.462658,1888844028.796683,1052664389.004149,31615410169.24531,-48110247482.453125,-44541875043.62695,-30204276892.244812,0.0018783707015133492,0.00043263715840517297,0.00024111134803608215,5.009662522527178e-06,-7.623374249207351e-06,-7.057942974474245e-06,-4.786059493047674e-06
Planes,861645.0,111673170.0,104203200.0,17934995580.0,14163855660.0,12843813990.0,3249541320480.0,2330535381180.0,1816100883750.0,1609028547870.0,3461637180.8345647,658639859.8224311,241980415.56969443,27794771609.053165,-9162212946.710938,-7822176484.488281,-2768404752.195991,0.004662563960721279,0.0008871381699113274,0.00032592935247003745,4.0331296135709424e-05,-1.3294727829023438e-05,-1.135028273155241e-05,-4.017063117293421e-06
Planes,1000365.0,117483600.0,116821365.0,16602015720.0,13457760660.0,13795449255.0,2602362287010.0,1868669865600.0,1559631216240.0,1647117480435.0,2804655487.524854,-261826207.90721297,153197356.47973517,-6152226103.25552,-8594500109.797852,634997766.0136719,321899468.0113462,0.0028026092094243626,-0.00026163517936992616,0.0001530855836088738,-6.1466157808566745e-06,-8.586662635091361e-06,6.344187004640494e-07,3.21605922266237e-07
Planes,13011885.0,1631947215.0,1554244380.0,283687544625.0,187298435340.0,260749276920.0,55631581931235.0,32046567524100.0,30598223650110.0,49958468244720.0,79009151560.02469,-7634488473.144802,75097805764.0849,232949982309.27942,75672645609.39062,-281032866200.8594,871899822059.1161,0.00046665611973835776,-4.5092001327951734e-05,0.0004435543218320542,3.814276226349294e-07,1.2390487016635256e-07,-4.601575710572784e-07,1.4276312580367132e-06
Planes,10128090.0,1077112095.0,1147941150.0,168918331395.0,115632042705.0,190740207060.0,31145262412605.0,17221517239365.0,19509256787055.0,36099740180760.0,54368552987.0979,-6450333835.217297,60629901576.604546,1616888372398.4248,-552104284165.7734,686420818401.1016,736937270817.1536,0.0005300205038834799,-6.28821074265089e-05,0.0005910602585223053,4.952918230484559e-06,-1.69122830051465e-06,2.1026721716106135e-06,2.257416223446256e-06
Planes,1133985.0,120372495.0,164295990.0,15054709125.0,16722048555.0,24334742820.0,2050685401425.0,2028065359695.0,2380265924115.0,3674695137840.0,2277170134.1623564,-717968936.2322918,530925018.1065878,-30814971201.385574,-692441757.7138672,5177299405.0859375,-4858265369.453101,0.0017708462637553764,-0.0005583300909956198,0.00041287498485226217,-2.2503159140231315e-05,-5.056674227388539e-07,3.7808113357586125e-06,-3.5478312810937187e-06
Planes,1360935.0,189671805.0,162957495.0,32927318445.0,21654328935.0,21458196705.0,6293802182175.0,3604148104425.0,2762567229135.0,3028048578795.0,6492996738.263072,-1056852873.7774003,1945769457.0601468,-105078547385.10492,-43963632349.27734,25059040063.686523,-7312709880.885946,0.0035056650444323357,-0.0005706105094548994,0.0010505497299794688,-4.863182889152907e-05,-2.0346987078384545e-05,1.1597676013704802e-05,-3.3844249326865985e-06
Planes,2792250.0,351178350.0,366175920.0,49738250820.0,47451663270.0,50792783430.0,7781201942100.0,6860488460580.0,6740863836720.0,7390256016720.0,5570918557.945208,1398102379.9178104,2772439840.4767137,124377220394.95946,-13866030251.933594,-13985738817.980469,2129731357.5024424,0.0007145262860362405,0.00017932067945893086,0.0003555932692014445,9.546740063821041e-06,-1.0643057154029605e-06,-1.0734941066520432e-06,1.6347038156408678e-07
Planes,3114570.0,391096815.0,337810740.0,59374439445.0,41065719945.0,43609510950.0,10087951057665.0,6208369550535.0,5111293883445.0,6141628351320.0,10264379724.67128,-1353202887.619944,6970072420.974293,54499699728.3036,108376085239.08008,-71215387041.3164,-100290054695.4169,0.0010581238853165362,-0.00013949759610202138,0.0007185237012707213,3.1834561290095673e-06,6.33050300299612e-06,-4.159858888887203e-06,-5.85817886869975e-06
Planes,9829995.0,1230856440.0,1054942650.0,202524958620.0,128625792870.0,159906386850.0,36867017773950.0,21442854596340.0,18734514908580.0,28206679345020.0,48404068844.422935,-3468165934.9806805,46691273842.412254,-613781483514.8518,576660077868.3281,-543661095301.72656,1024030746130.1432,0.0005009279634315325,-3.589163762733263e-05,0.000483202451245964,-2.0259584778714218e-06,1.9034288341790035e-06,-1.794506407733208e-06,3.380101595510515e-06
Planes,1850280.0,246407520.0,218920815.0,36347112480.0,29260021920.0,26741161755.0,5807929706130.0,4370692284210.0,3584308621200.0,3362893208775.0,3532259640.1323056,105658742.24917416,838961417.6109453,26668209924.000492,42044887974.75586,-1897329195.9003906,413389479.9114482,0.001031757679557774,3.086245911524148e-05,0.00024505698155313045,5.726644568192421e-06,9.028582346811514e-06,-4.07426293880994e-07,8.87699109325018e-08
Planes,3258645.0,452885100.0,446744190.0,72738913200.0,63041606940.0,62901756270.0,12865011065430.0,10240155941400.0,9009777769710.0,9077748575610.0,9797134085.671804,953288892.907113,1655326757.5013704,32584680021.620335,3033600610.9414062,6335932041.230469,353100696.61657757,0.0009226244316227462,8.977397015286348e-05,0.00015588690482691293,1.6998900592184806e-06,1.5825803778821256e-07,3.3053532781740515e-07,1.8420692291082165e-08
Planes,1766640.0,202451385.0,228605460.0,29794686285.0,27040083465.0,29970153570.0,4999700338725.0,4051847899785.0,3646521074475.0,3975397533240.0,6594394607.907765,842617090.6610849,388316669.54965717,73929300339.32288,3255114726.283203,-6035662685.980469,-3275747607.6126375,0.0021128993661911665,0.00026998158628006576,0.000124419919303745,1.7821589972472105e-05,7.846864463604139e-07,-1.4549725901366316e-06,-7.896602625512358e-07
Planes,1760265.0,250439835.0,207288225.0,42662949675.0,28198520415.0,25098504795.0,7942901595285.0,4633617944055.0,3294544542855.0,3102968809935.0,7031887900.308558,-1293191836.5319448,688311884.4719702,-127833077167.0733,-22381925888.59375,28253093074.359375,-14733585253.64366,0.0022694249810549655,-0.00041735617813150376,0.0002221412240245134,-3.109554040249647e-05,-5.444428751760624e-06,6.872596800912549e-06,-3.5839612538585635e-06
Planes,1426980.0,185123880.0,174888690.0,29256037800.0,23542568745.0,21760139910.0,5149085881770.0,3785281882635.0,3020478209175.0,2742234888030.0,5239687923.859903,854042724.370982,326024582.5839892,-5838467464.636882,-21889578124.882812,-11832233872.970703,-4571925932.662036,0.0025731769275837346,0.00041941487078170586,0.00016010856866304269,-2.400237124898083e-06,-8.9989673457859e-06,-4.864318793313209e-06,-1.8795525405128231e-06
Planes,11793495.0,1560652530.0,1567184610.0,274852044780.0,209261458095.0,284810796930.0,53797971052500.0,36826817382735.0,37809242945055.0,57653729660460.0,68328336634.501045,1873349093.0829613,76554669139.14136,-657652317860.68,-192843761788.57812,-378118692508.3281,-539511300556.21277,0.0004912649659699619,1.3468947493719134e-05,0.0005504103975288671,-1.376860804622814e-06,-4.037376738615261e-07,-7.916292440107126e-07,-1.1295207866115857e-06
Planes,2648940.0,336757845.0,334306530.0,47100662145.0,42354717915.0,47289162480.0,6983791728465.0,5910660009555.0,5990146399725.0,7267159654560.0,4288878499.827204,-145431809.88159454,5098378241.534464,-94565819897.95386,3350551199.220703,15017162674.185547,12213112771.67344,0.0006112227358330008,-2.072598436084268e-05,0.0007265873111648394,-8.280449041286067e-06,2.9338368234215733e-07,1.314944981204432e-06,1.069414488770378e-06
Planes,1779390.0,251335140.0,238777665.0,42051229920.0,34343256945.0,32456695545.0,7722832278390.0,5779734064665.0,4735177815585.0,4461710693145.0,6550663659.191747,616407934.0197775,414943426.0984499,-67351826762.39929,-37284373936.81445,-14695462946.058594,-5040508464.978011,0.0020689167241844694,0.00019468205817956268,0.00013105288845671086,-1.5946725391698676e-05,-8.827728974141444e-06,-3.4794084046359948e-06,-1.193428718854152e-06
Planes,5566905.0,709043565.0,249661065.0,119079381075.0,31756600440.0,16583221455.0,22505486519145.0,5219433147930.0,2095278014640.0,1416854370495.0,28770173882.15061,-42140794.00645858,5386578548.944619,9848065542.605043,-110229524793.32031,-13107996727.984375,189992657558.0113,0.0009283566796188117,-1.3598001791920975e-06,0.00017381424932251177,1.3468412375581974e-07,-1.5075211364689593e-06,-1.7926759787138134e-07,2.598377772013831e-06
Planes,3535575.0,464595975.0,431921295.0,66371822535.0,57215328180.0,57322724745.0,9998505046305.0,8196008987580.0,7709627930100.0,8172447073515.0,5321096702.228625,458253256.179221,4557331541.779296,-121603231431.34677,-32697454096.503906,65110172096.36719,56165397315.720345,0.0004256778406796506,3.665940829323576e-05,0.00036457804819697517,-5.17362539824565e-06,-1.391117464400184e-06,2.7701207942988605e-06,2.3895641804487746e-06
Planes,1480530.0,189808995.0,181710960.0,27212134515.0,22811113995.0,23259555210.0,4248478671105.0,3223475101905.0,2878903445415.0,3067991499570.0,2877974056.9815736,-484850759.57113063,957492445.9076841,21858048165.612114,7947543820.113281,15964224595.216797,-21773550418.4284,0.0013129628889655264,-0.0002211941599888151,0.0004368184087316357,8.19536590818637e-06,2.979819112103675e-06,5.985560147319139e-06,-8.163684673368824e-06
Planes,2347275.0,240722040.0,294419685.0,29005633410.0,29461730490.0,40293400935.0,3907168799430.0,3401603987910.0,3940072366410.0,5978723721645.0,4318666377.265616,-732135669.4220529,3364216704.1368833,46738467757.34369,-86418109201.58398,-8506034192.443359,80755373041.26013,0.0007838296886514601,-0.00013288122389696242,0.0006105988982249807,5.536872685474025e-06,-1.0237521496270718e-05,-1.0076673592802525e-06,9.566685444607111e-06
Planes,3448620.0,458497140.0,426554310.0,75840416490.0,54462970635.0,56552422020.0,14007706911330.0,8752822912935.0,6908820243855.0,7929694899210.0,14882808116.743555,-2247809674.130446,3792599430.217384,-32710406456.609875,-30060649851.9375,-53819289385.23828,-3385179109.863937,0.0012513943718375762,-0.00018900306669977912,0.00031889395767113423,-1.4810597665141507e-06,-1.361084250360258e-06,-2.436826466115385e-06,-1.5327393099545364e-07
Planes,527595.0,59672295.0,59545050.0,8070532995.0,6538613355.0,7521209190.0,1255281497955.0,854297298675.0,787674776205.0,1019662665090.0,1321449340.7443209,-196078576.10198167,800878293.1899467,43565967175.18822,-12199490417.485352,-18733162282.946777,-9966981329.752888,0.004747327317964103,-0.0007044153355679377,0.0028771677297016636,0.00021547440104346057,-6.033787520824702e-05,-9.265298544472092e-05,-4.929603246506094e-05
Planes,3134715.0,290107380.0,453455790.0,32685397650.0,41194074450.0,68498048490.0,4025922524850.0,4576995442170.0,6162924241290.0,10795287443820.0,5836930746.162042,-771741001.3983588,2902881629.687622,-79378419102.06168,-8304112314.662109,46933303798.75,46784419837.20224,0.0005940026964210264,-7.853720657397053e-05,0.00029541544870295114,-4.562546357627917e-06,-4.773072810366752e-07,2.6976522929123135e-06,2.6890946775786606e-06
Planes,2042040.0,274431000.0,256093950.0,43326267660.0,35629712565.0,33251407890.0,7581208062990.0,5723075503995.0,4718320172055.0,4413232430220.0,6445318334.325672,1213090563.2517462,1134450716.4860141,26184032208.9585,-36564041035.52539,-54626208408.8125,-41399369226.501045,0.0015456668127313865,0.00029091407548794416,0.0002720552705385078,4.394160484392659e-06,-6.136116201883028e-06,-9.16727891589122e-06,-6.947572890306503e-06
Planes,1783215.0,251714580.0,106767735.0,37902472230.0,15145213470.0,7510873275.0,5947548994230.0,2275146756720.0,1078862119710.0,590977079115.0,2371013721.3084497,74122450.08579935,1118290643.612183,-72051740624.12605,-15141578495.515625,9768328963.246582,7360607952.45801,0.0007456356256347731,2.3310004048735436e-05,0.0003516796786950385,-1.696817776117073e-05,-3.565840231909672e-06,2.300440500704018e-06,1.7334224417858653e-06
Planes,981495.0,122327070.0,154243380.0,16329105540.0,19598804790.0,24847507530.0,2319088701480.0,2677732846620.0,3226587658170.0,4108602237690.0,1083065514.5440373,374926173.9127044,607933947.0226033,13964275524.292984,18133285228.012695,11917635829.220703,12704531014.300028,0.001124290509865299,0.0003891970832508868,0.000631073889883949,1.463181428903158e-05,1.9000116507637787e-05,1.2487338416813067e-05,1.3311849806106695e-05
Planes,434775.0,61395075.0,70669935.0,8699379315.0,9986968410.0,11663956785.0,1236868356465.0,1416126453360.0,1649638058790.0,1952873701965.0,29710557.008798975,7586063.797655479,177004423.65395975,28130487.04019451,-45278324.24560547,91247490.34863281,-570838469.5568275,0.000157174347630579,4.013168208618017e-05,0.0009363861743587814,2.256918320999251e-07,-3.6326949969987075e-07,7.320816465736092e-07,-4.579856006165576e-06
Planes,2078760.0,240361470.0,275944425.0,35151783150.0,31469520930.0,37018122285.0,5821170196590.0,4569488277360.0,4160082515400.0,5016903122715.0,7359427966.832684,-437196358.81869,387955412.16205007,54761318225.36973,4378178030.197266,-4153131509.5625,-55417368.22214714,0.0017030812042943917,-0.00010117374674305112,8.977865854998357e-05,8.78947662356268e-06,7.027203635208829e-07,-6.665992255272215e-07,-8.89477606297413e-09
Planes,11856735.0,1407821085.0,1446149370.0,237951765135.0,170826837075.0,254714640210.0,45908762811075.0,28919096518455.0,30161465545965.0,50910520400040.0,70792744766.35912,-883129888.5415161,78329825979.82643,844033805642.3552,106171418534.71875,133100597103.29688,735773856801.9651,0.0005035684635867245,-6.281948278571292e-06,0.0005571818164680172,1.7436007934986827e-06,2.1932838278098306e-07,2.7495854451923975e-07,1.5199579353094034e-06
Planes,1651380.0,230015865.0,214435620.0,39327974505.0,30185720625.0,28000707990.0,7450756206195.0,5189317089225.0,3983145909945.0,3676566162600.0,7289740935.683288,317613574.46571517,155732802.71154654,-57854899885.808556,-5992844561.78125,523862654.73046875,163094570.7270906,0.0026731175271917126,0.00011646757000956888,5.710656773125833e-05,-1.6509069472808966e-05,-1.7100761976162456e-06,1.4948578215890862e-07,4.6539525676924686e-08
Planes,809880.0,101013150.0,91437900.0,16497515190.0,11270006775.0,10466938590.0,3065655278820.0,1813189644885.0,1280170888215.0,1214181057210.0,3898541918.7468514,-134683189.42065504,143323293.40050328,35485407043.84123,-15832676645.16211,5083045793.154297,68786209.58909525,0.005943754456673014,-0.00020533928428689943,0.00021851206980688908,6.011711154350803e-05,-2.6822710156137263e-05,8.611371726701147e-06,1.165332055910702e-07
Planes,8415.0,1189065.0,329460.0,168168675.0,46517355.0,13004490.0,23804821965.0,6573800805.0,1834587045.0,517239960.0,150187.2727272625,-36341.36363636648,105631.81818181911,-365248.04407667177,12667.341598510742,-141160.64738368988,-176818.73278241834,0.0021209229441281146,-0.0005132074812840082,0.001491717259015927,-5.622799508032419e-05,1.9500699117565508e-06,-2.173093139126939e-05,-2.7220304114515526e-05
Planes,2494665.0,308536740.0,352534185.0,42115836210.0,45512381895.0,53196218355.0,6189601080060.0,6421861869945.0,7121958355515.0,8470205014005.0,3956436078.1876717,1911438209.7930074,3377765138.390062,2119159332.297348,-2555766013.248047,2492449465.7539062,-1890775702.0231807,0.0006357402166215946,0.00030713958662242235,0.0005427564349177154,2.15592190999418e-07,-2.6001027203587374e-07,2.5356877752777455e-07,-1.923576344992086e-07
Planes,3085500.0,390048255.0,426077205.0,64595305875.0,55404195270.0,69461877855.0,12142015543395.0,9520091933790.0,9107476494990.0,11905243420245.0,15288016544.730991,1542367266.2640495,10624806190.565693,111091968900.78307,210163978874.78125,-99400612173.32422,-621121260097.1359,0.0016058317579231193,0.00016200808857716055,0.001116014700315643,6.64306936178857e-06,1.2567370106308363e-05,-5.9439504745962204e-06,-3.714176329516569e-05
Planes,1995885.0,155410005.0,247534110.0,18851644845.0,21603071385.0,34723147020.0,2941037019795.0,2844542210715.0,3232496239965.0,5225144521140.0,6750612143.165963,2328775885.6247597,4023414513.6220775,421874065283.7727,143857916378.99902,-48868860964.7168,-79283316924.76833,0.0016946192200398191,0.0005845971137506585,0.0010100055254801668,7.496249662733122e-05,2.5562008804977882e-05,-8.683472454712212e-06,-1.4087795071211231e-05
Planes,1773780.0,259956180.0,255056610.0,44010265380.0,38086871655.0,37072521690.0,8162990682840.0,6531090512025.0,5636546977725.0,5446821304740.0,5912409095.572168,707071443.3898798,397243862.59631795,-19915334329.796017,-4513833409.3828125,43233034.451171875,1821895412.3966093,0.0018791652333261402,0.00022473141699397411,0.00012625764619404205,-4.752676094220862e-06,-1.0771994977745811e-06,1.0317306549521335e-08,4.347845047076703e-07
Planes,841500.0,118607130.0,88765755.0,18396559860.0,12694188915.0,9713553075.0,3041658124380.0,1979686373625.0,1407036160575.0,1099512665115.0,1679208360.49091,182897836.17272806,350083959.4681819,-24646492955.075447,-12435432957.185547,-648665758.8105469,1019728233.1085002,0.002371353760584292,0.00025828567902325914,0.0004943835043570258,-3.7941965935191135e-05,-1.9143688090265372e-05,-9.985864588919702e-07,1.5698174159820106e-06
Planes,2748645.0,295518480.0,453857415.0,44283885480.0,51152669775.0,81401378205.0,7691339668740.0,8062127682705.0,9508978903995.0,15078053825475.0,12511440503.835238,2356534436.486227,6460251522.404676,239875297694.87964,243231921489.9414,-21052370487.867188,-496414758854.8947,0.0016560369029195493,0.00031191516185731353,0.0008550905804942978,1.9150887092642546e-05,1.941886934812878e-05,-1.6807548510412152e-06,-3.963218843002356e-05
Planes,4257990.0,514116465.0,831950250.0,78688350075.0,99860285565.0,165050333550.0,13658159564025.0,15127622802705.0,19678383214515.0,33246722823450.0,16613112795.415915,-590706942.2314093,2499172444.628103,145416221909.94437,-104307799997.64062,-19224449022.164062,21647015449.324093,0.0009163085510280038,-3.258087927192061e-05,0.00013784370874422633,3.886881174689239e-06,-2.788079753819776e-06,-5.138570375201893e-07,5.786106648424142e-07
Planes,1535865.0,193408320.0,210783255.0,29354929860.0,26307591375.0,29223100215.0,4953923645250.0,3946578080175.0,3626196649845.0,4089066134595.0,4999417985.439151,-235910321.88195175,295049514.9742647,-1815130634.323553,-22698925379.39453,10944771127.771484,-2519505297.6944966,0.0021194021035314875,-0.00010000940787460075,0.00012508027224442458,-6.209051721044291e-07,-7.764664373333624e-06,3.7438985780023975e-06,-8.618519465768476e-07
Planes,2491860.0,326094510.0,289499715.0,51024240810.0,38190300420.0,34260205995.0,8750458760250.0,6006569790750.0,4554369337050.0,4124957521275.0,8350242490.616048,305239578.67478716,626661179.0467695,-112262769762.196,-1222410363.8242188,20927225.720703125,-938932323.9169415,0.0013447817605711603,4.915792786467879e-05,0.00010092192227796501,-1.1453195030310764e-05,-1.2471190879762638e-07,2.135023019031738e-09,-9.579110731779699e-08
Planes,1710285.0,209537835.0,215881725.0,32709005295.0,25304452995.0,27711135345.0,5773506802485.0,3805323729015.0,3125450997645.0,3606940722135.0,7037199545.380947,-1144582851.40301,461338270.84240633,41775968780.64579,-42929433935.33008,19335780093.14258,-7378940040.030256,0.0024058186787394953,-0.00039130037247241486,0.0001577184534917091,1.092082160913462e-05,-1.1222353507839406e-05,5.0546429259228835e-06,-1.9289579677923483e-06
Planes,8925.0,1206150.0,1158720.0,163047000.0,156581475.0,150492840.0,22046639550.0,21165113475.0,20335116525.0,19553304120.0,44442.85714286204,-11256.428571423867,57877.71428572181,-10147.959185312568,-3158.8775482177734,6959.938781738281,5330.644898384854,0.0005579374606986266,-0.00014131366832441359,0.0007265992111131111,-1.3485223536145884e-06,-4.197708039926163e-07,9.248788702803667e-07,7.083684190470193e-07
Planes,2365890.0,303841935.0,273965115.0,46382543895.0,35879908875.0,34810956525.0,7790531977215.0,5434198394955.0,4618280053605.0,4698707265255.0,7361320818.464647,695648125.7269884,3086369060.255981,-56966347117.662285,-115481901840.81445,-13463191975.113281,-47118879106.1366,0.0013151238328434737,0.00012427979325689394,0.0005513898399743884,-6.616556118340093e-06,-1.3413050385768649e-05,-1.5637296358731063e-06,-5.472787419475828e-06
Planes,689010.0,79340190.0,81861120.0,12182246070.0,9825139035.0,9933090480.0,2131304257050.0,1528052296995.0,1239466075635.0,1229643163260.0,3046143910.0370097,398749266.4729831,207189596.62472194,26973418600.75852,-11150316224.623047,910163419.3500977,262665708.10163856,0.00641651725916386,0.0008399411275259609,0.00043643230980691726,6.844979935836534e-05,-2.8295890841819745e-05,2.3096999442290185e-06,6.665604862327135e-07
Planes,1644495.0,253238715.0,198505515.0,44437609935.0,29912992770.0,27442292415.0,8144887038165.0,5092488767430.0,4215360152130.0,4000152884025.0,5440929023.929296,-655225156.4839479,3480869920.3039246,-373856397639.15247,-69736652646.65234,147655930729.9707,-152726961140.86996,0.002011907204873642,-0.0002422843980038739,0.0012871307898131503,-0.0001078011573646664,-2.010850132168382e-05,4.257645535816526e-05,-4.40386824346001e-05
Planes,1318095.0,194766960.0,141424785.0,33610978290.0,20576494680.0,15440623575.0,6451077876060.0,3520392205650.0,2206933695720.0,1716600965715.0,4831437583.418456,-320994076.95879287,266474661.38131133,56761164993.182365,8970572756.78711,-5752246922.024414,2719103824.9951334,0.002780884478730252,-0.00018475814516214105,0.00015337779636301812,2.8456698926560362e-05,4.497315870267222e-06,-2.883837194513947e-06,1.3631982167250966e-06
Planes,1546830.0,179198190.0,201352080.0,26550414870.0,22566787020.0,26518349130.0,4489444180260.0,3249912177180.0,2882626861320.0,3530471543220.0,5790543843.916916,-759582580.2373871,308190211.2265105,71960526371.60083,-30182992857.618164,8262450907.125,-1677584753.910931,0.002420104846974626,-0.0003174605932810841,0.0001288052804855187,2.418175770911525e-05,-1.0142752659281885e-05,2.776530356209393e-06,-5.6373890104825e-07
Planes,1158210.0,145922220.0,146073435.0,22420772490.0,18992348490.0,18610486755.0,3882010221990.0,2972519705100.0,2488292271030.0,2391997607115.0,4036114880.647292,588639388.6922063,187706419.22390977,40214189341.42738,-3512608316.9296875,-4910772921.734375,-2503882407.648258,0.003008769365092692,0.000438808163830055,0.00013992796054942107,2.7855505403378707e-05,-2.433108351916735e-06,-3.4015869496893944e-06,-1.7343855757853085e-06
Planes,1383885.0,154356090.0,177388965.0,21120698850.0,19392521265.0,22925244345.0,3246292018680.0,2611677540795.0,2457919252905.0,2986362418095.0,3904093048.1536746,-393130755.6136004,187195371.44278306,19615258420.39542,-7914879447.771484,1662436989.7460938,-228341337.83240083,0.0020385443103985747,-0.00020527545199718096,9.774512407384925e-05,8.706508514307867e-06,-3.513130636611497e-06,7.378960549749886e-07,-1.0135251646438265e-07
Planes,3468000.0,440074920.0,409055700.0,65135427240.0,50350517295.0,51083475780.0,10373059859070.0,7366624326495.0,6139556021145.0,6686694360120.0,9291731965.200003,-1556966687.999998,2834754412.4999995,-250522705607.76498,78950219479.78906,24566309399.789062,-7403634311.228026,0.0007725711668322939,-0.00012945568978660042,0.0002356987408106943,-1.1185344674756408e-05,3.524971578471316e-06,1.0968372601466585e-06,-3.3055766907848473e-07
Planes,1447890.0,202353720.0,180355635.0,33640922940.0,26034563130.0,22951798515.0,6179039727720.0,4393623056700.0,3391739691330.0,2970185620995.0,5360440308.143714,828481407.485031,485896356.51197755,-20862181626.697914,-28413567864.45508,-22348665427.79297,-9843585236.612997,0.0025569917510990317,0.00039519517112424204,0.00023177815702987416,-8.270291181195057e-06,-1.1263849770868105e-05,-8.859570581171769e-06,-3.902243668970869e-06
Planes,130050.0,11973015.0,3472080.0,1106497785.0,318544470.0,99940620.0,102644639235.0,29336627490.0,9140812110.0,3055705800.0,4205680.499999854,-1111554.0000000424,7242891.999999984,856622.9647142253,-23981.83529663086,-839051.4352912903,745178.6980394821,0.00024866551636824115,-6.572186103561697e-05,0.00042824400930585707,1.404474380965359e-07,-3.931936764488366e-09,-1.3756650168396563e-07,1.221756167822002e-07
Planes,1551420.0,174319275.0,205459365.0,25349954685.0,22789693230.0,27736578225.0,4276413662025.0,3263072763900.0,3043381846860.0,3800133748695.0,5763247257.916666,-295949309.58333397,526956932.1178522,132934855986.9209,-27594015045.893555,5256070007.548828,-12680461958.39566,0.0023944649303202126,-0.0001229585008653501,0.0002189355821949312,4.4342012992887124e-05,-9.204314132715644e-06,1.7532250878519405e-06,-4.229719923646754e-06
Planes,442170.0,50884995.0,56334345.0,6631357365.0,6370444680.0,7254335625.0,941764035225.0,817841316240.0,805320306750.0,944630289285.0,775503923.67647,-112520839.26470643,77099660.14705811,136125328.9117212,-1124079267.2485352,-838538148.550293,751320669.4111997,0.003966481676147387,-0.0005755120425597987,0.0003943428006923646,1.0470459907895322e-06,-8.646169669610035e-06,-6.44985039582932e-06,5.7789927928436204e-06
Planes,449310.0,54908895.0,49319550.0,6990129105.0,5954031720.0,5699908410.0,922533404025.0,749051712990.0,679471742340.0,687264133320.0,279869484.4239509,-73169972.36662808,286234082.2474465,-114463440.15014023,-352166827.5834961,-1034483145.8288574,-1237769786.1618514,0.00138631964888456,-0.000362443839166611,0.001417846369413312,-8.458660280462948e-07,-2.6024550307677543e-06,-7.644660587654193e-06,-9.146915480463605e-06
Planes,2250630.0,295898430.0,297255285.0,44691840600.0,38194136640.0,43569757725.0,7388673243960.0,5749698774150.0,5457420209910.0,6853066426755.0,5789008558.987083,-887086013.5248129,4309326441.123387,-9327562512.827036,80214630877.375,-36526327178.81641,-39795069250.19044,0.001142867767952735,-0.0001751287810216303,0.0008507484901711953,-1.2274615857881531e-06,1.0555852923499979e-05,-4.8066859289628315e-06,-5.236836391202421e-06
Planes,1916835.0,294556365.0,258067905.0,52642121715.0,38077462665.0,35832201435.0,10233865065645.0,6557850556785.0,5110050405525.0,5102951636985.0,7378208982.806973,-1579338269.8563232,1087925797.7703917,-123139504195.33751,-44091595771.96094,29044493453.751953,-14159965589.327248,0.0020080822199065253,-0.0004298388818081255,0.00029609414102678574,-2.4206699221712836e-05,-8.667502797186153e-06,5.709551306676462e-06,-2.7835586171186384e-06
Ships,7474050.0,1093513440.0,841687425.0,202354527330.0,108818957295.0,118718537205.0,40938685119570.0,18983095126755.0,14227315205055.0,18328500682065.0,42364743550.03683,-14326661414.600838,23932213671.824448,-1064007956933.3073,387224423309.21094,84624896453.49219,-431179341458.8721,0.0007583899759371483,-0.0002564678903967862,0.0004284211216636022,-6.967145471772938e-06,2.5355533009305863e-06,5.541255216028032e-07,-2.8233709877749685e-06
Ships,6930900.0,895712490.0,986005185.0,155929238550.0,116809649025.0,156385439925.0,30793584986550.0,19073783833185.0,17615042188845.0,26315562601815.0,40172141384.84105,-10616393683.63246,16114158439.63962,258857302941.73068,-365042994648.1094,425246728105.2031,-517048194957.1886,0.0008362684585436248,-0.0002210027863850385,0.0003354504384008328,2.0468515201982893e-06,-2.8864891971056825e-06,3.362535659569227e-06,-4.08843355716386e-06
Ships,10165320.0,1236451905.0,951739305.0,216410456025.0,108350384340.0,131158666815.0,42875991174555.0,19006890320430.0,13880435657550.0,21483512418795.0,66015454846.66729,-7413790002.826993,42051023899.4909,493558509057.35455,548765296580.7031,-684712586799.8125,1329490418453.2122,0.0006388567837233233,-7.174607896601184e-05,0.00040694382767034106,1.4980834532817311e-06,1.665650972390105e-06,-2.0782877363367084e-06,4.035362698913403e-06
Ships,7901940.0,960115290.0,553488975.0,162472989390.0,67024662315.0,61086089205.0,31065739578600.0,11374991834325.0,7678755153795.0,8858996086365.0,45815387574.27068,-226320069.56983468,22317122919.942074,191180979064.52145,49618363480.97266,288271687030.1074,1453847492393.2021,0.000733742895778153,-3.6245626635742153e-06,0.0003574133334607277,1.089206845214585e-06,2.826884840545844e-07,1.6423573952342938e-06,8.282940323672617e-06
Ships,1193655.0,209103570.0,132001260.0,38375470200.0,23117157600.0,14742590910.0,7331964544170.0,4243779664980.0,2581845823410.0,1661660593260.0,1744866728.5238209,-6722173.048493239,145129632.17047483,-1949814221.4250755,2353826921.8847656,736776234.8359375,-758752701.9616073,0.0012246292221810573,-4.717935998875548e-06,0.00010185877560443446,-1.252553197009799e-06,1.5120894102719467e-06,4.7330223478937625e-07,-4.874198332019675e-07
Ships,10555980.0,1315096200.0,988910910.0,221578701420.0,117350601435.0,133550779230.0,42185971173870.0,18999684171645.0,15036379487595.0,21055997819340.0,57740003804.57822,-5850937396.974106,40907103520.39955,194168667504.00443,-300513837774.625,-505522886341.14844,880061093882.6332,0.000518178859434148,-5.250834546609867e-05,0.00036711456266434343,5.363308190957839e-07,-8.300764218818063e-07,-1.396350436907754e-06,2.4308962584123925e-06
Ships,3319845.0,301450290.0,458749845.0,30420659010.0,41389322595.0,70022566755.0,3286479162390.0,4209358677915.0,6312739294095.0,11395277702955.0,3048213205.727782,-266319102.94223905,6630625177.14802,-29364194830.75968,54071709997.40234,28115957629.433594,-113222901711.15196,0.0002765729648695892,-2.416388189767663e-05,0.0006016152875188822,-1.4622565599281379e-06,2.6926232136087457e-06,1.400097762572883e-06,-5.638190718847901e-06
Ships,2212380.0,291128145.0,341222895.0,41210448765.0,44276393325.0,61343008845.0,6141733308555.0,6325652551725.0,7864667882415.0,11866243135275.0,2900756573.269366,-625291038.8433588,8715040741.789423,-44593300850.67406,134189515811.05469,-14606535533.125,-283198610724.40845,0.0005926411965319168,-0.00012775054372216767,0.001780532782596533,-6.125200525487367e-06,1.84318648111097e-05,-2.006309410075769e-06,-3.8899302050662586e-05
Ships,3609270.0,406064040.0,547704300.0,55883400960.0,61299414045.0,90155681970.0,8579552547030.0,8370827260605.0,10217107418835.0,15538245591180.0,10198815273.38703,-320531479.5442977,7041922057.749046,-2510814538.3955665,-37317984653.53125,171345392045.69922,-280032527938.12445,0.0007829084532399814,-2.4605485846927135e-05,0.0005405706602466861,-1.0145330640312136e-07,-1.5078903174668555e-06,6.923472958334681e-06,-1.1315143123992575e-05
Ships,3518745.0,395019480.0,515544975.0,53650865250.0,57239000340.0,79994858895.0,8086927332090.0,7773379784460.0,8802312649680.0,13023955205955.0,9305398448.776728,-636835488.1469613,4460365418.561495,-25272956780.67543,55767642263.58984,8582813688.875,-3412644104.495165,0.0007515526038407187,-5.143416179002437e-05,0.0003602424187264827,-1.0881444892508318e-06,2.401114089430073e-06,3.6953893044113915e-07,-1.4693373269724358e-07
Ships,7733640.0,948588780.0,680419815.0,157264360920.0,88067266140.0,94189442565.0,29590401604530.0,14972718995910.0,12668675945700.0,15997820906625.0,40912853280.403595,4608687488.979823,34324860732.30101,264216855597.21304,5732447735.4140625,304674907521.03516,1670932938762.9768,0.0006840563279357167,7.70565137246208e-05,0.000573906151900904,1.5885490901371358e-06,3.4465154063572715e-08,1.8317947431331913e-06,1.004613802383051e-05
Ships,1608795.0,191268615.0,244397100.0,23928638745.0,28106767080.0,38675453220.0,3125481663945.0,3403523871690.0,4317515910210.0,6341871443970.0,1188834677.9695675,-949448800.2187347,1548322362.1778412,-2058585887.8927965,-5792046225.669922,7883355942.480469,-3859117423.1483703,0.0004593249634693858,-0.00036683446702728687,0.0005982186805492693,-6.270717293458471e-07,-1.7643317505201254e-06,2.4013715788949988e-06,-1.175536784991484e-06
Ships,3908130.0,476253045.0,613091145.0,66331689615.0,76990998675.0,103133468115.0,10203602523975.0,11007409742835.0,13237503563145.0,18172899724395.0,8294479268.42196,2278406036.3757634,6954284700.576479,98715742908.5334,46267927955.33984,-45414190975.828125,-188167280518.1337,0.0005430641357306289,0.00014917399452651285,0.000455317626137344,3.2693688025316725e-06,1.5323484963804591e-06,-1.504073563080616e-06,-6.231916191455139e-06
Ships,6963540.0,1097948910.0,970117665.0,199761408360.0,152143642680.0,150679941405.0,39158946189300.0,27705777020310.0,23552342833290.0,25273778400105.0,26646612010.70236,-815862522.5974084,15529100892.12117,-740452362817.748,133519188729.60938,21794845669.164062,-44864576338.509605,0.0005495179069305621,-1.6825068251856877e-05,0.0003202478054367491,-5.786579668490602e-06,1.0434424436380474e-06,1.7032508390835842e-07,-3.506132984543722e-07
Ships,4134060.0,553627695.0,628825155.0,82390966905.0,80841855675.0,105379999755.0,13341977061105.0,11682715107495.0,13046708533635.0,18848376942225.0,8249898640.14341,-3369554203.102334,9730426318.52979,98660362099.93079,52851128415.28906,-40562932035.015625,-140962437408.82016,0.00048271974315179254,-0.00019716003922071545,0.0005693486790713458,2.8392312491809796e-06,1.5209408536244445e-06,-1.1673132121243388e-06,-4.056593232918216e-06
Ships,3174495.0,427733940.0,440225370.0,65926999260.0,63006524295.0,65154904140.0,11034738614820.0,10148595201525.0,9858767535105.0,10214085403890.0,8293793528.718772,3690213512.3218727,4106335346.652745,-83341304356.95648,11676802738.242188,56258765739.69531,39784364828.79513,0.0008230077499096776,0.0003661863909374991,0.00040747889398511767,-4.641663734610976e-06,6.503352956196066e-07,3.133311563849088e-06,2.2157757771514496e-06
Ships,8873490.0,1037946900.0,1293183540.0,167946263490.0,155501837640.0,210178674990.0,31138926914910.0,25792214433270.0,25636621531050.0,36770359564440.0,46535886375.740555,4236005766.1796584,21715773907.457306,607212610737.3485,325476807313.6328,-183001865867.70312,-189682730874.27176,0.0005910157600866525,5.379818378049049e-05,0.0002757949965357576,2.5888364934141587e-06,1.387662610482134e-06,-7.802240934125128e-07,-8.087078021345303e-07
Ships,1628430.0,193355790.0,283936890.0,24524944770.0,34275652875.0,50205484770.0,3285558348720.0,4410573739785.0,6156726682785.0,8996194280280.0,1566351814.5004692,561681948.3448159,697579915.09552,1556914374.6110048,961131863.5859375,-421994898.8125,-1015639565.2114906,0.0005906784481804507,0.00021181283703182284,0.00026306058314356357,4.6008915012377547e-07,2.840274002766657e-07,-1.2470517166348436e-07,-3.0013515965319973e-07
Ships,9628035.0,1190329290.0,760057590.0,200101605900.0,91455916515.0,83594178540.0,38128467837420.0,15220240101165.0,9790926676695.0,10607285340570.0,52939301376.60514,-2511212963.0098996,23593613511.24719,299647676273.1398,44723638160.13281,-147473655705.8789,283122629420.52124,0.000571087803273568,-2.7089951270705603e-05,0.00025451837408224946,1.0417578057455671e-06,1.554866025798548e-07,-5.127082375015405e-07,9.843066792654993e-07
Ships,868785.0,125481930.0,119215050.0,22778550240.0,16463086620.0,18734618970.0,4878478284450.0,2921119450470.0,2602716653880.0,3214426860150.0,4654716660.316996,-755597587.308481,2375878721.8344584,243888475697.9786,13704706118.417969,104171055292.90234,-8383775938.745071,0.006166924364311888,-0.001001073429563082,0.0031477457051775275,0.00034666539731073907,1.9479999528356798e-05,0.00014806972805108342,-1.1916778800029882e-05
Ships,11938590.0,1611865965.0,1207736865.0,287574982395.0,173030922690.0,176776871415.0,56860334299425.0,32139928876350.0,26709211075080.0,30749338588365.0,69951972548.32787,9970632708.578411,54599266263.97057,-854918002438.3467,355810758958.0781,824711832533.7812,1819369653578.1926,0.0004907879486450509,6.995465882474846e-05,0.000383072283897441,-1.7359686102290964e-06,7.224977213853433e-07,1.6746329468789097e-06,3.694352674767656e-06
Ships,22440.0,2084880.0,4599180.0,201412770.0,427740315.0,942788550.0,20144285490.0,41367300285.0,87773518635.0,193298364000.0,7708464.545454551,434682.27272728464,165703.63636370766,-1164734.628098865,6065691.322296143,1711319.7520446777,1641848.0578458705,0.015308131141261925,0.0008632294014525656,0.00032906851696365126,-1.5440802071256232e-05,8.041242775256551e-05,2.2686841220719872e-05,2.1765860034276115e-05
Ships,1803870.0,222463275.0,219633540.0,30076585215.0,26111311245.0,27547116540.0,4375829785785.0,3415098427005.0,3158982316995.0,3553292337270.0,2641177605.956317,-975117715.0933013,805227217.0822732,15168713811.474382,-6418157372.902344,-826677516.6679688,3158164154.9706683,0.0008116842790328864,-0.00029967228169842073,0.0002474616896952035,3.470848582602226e-06,-1.4685788589277156e-06,-1.89157269538943e-07,7.226393560549122e-07
Ships,3519000.0,528662430.0,503058645.0,82322588910.0,73079010015.0,81351695025.0,13220102583720.0,11065933964595.0,11493797514465.0,14215259017215.0,2901172344.6391387,-2495927665.649992,9436946429.025007,-18982821276.616627,47439034130.91406,-14127690859.128906,-112489898606.41377,0.00023427988125672333,-0.0002015549466457444,0.0007620666496781453,-8.171703337566345e-07,2.0421501519167635e-06,-6.081672311157416e-07,-4.842452375700654e-06
Ships,13360215.0,1720140240.0,1416758070.0,298585648560.0,183857345490.0,203830251600.0,58131740467380.0,32297205715950.0,26636814277020.0,33272826902130.0,77115975709.13213,1448412209.2304265,53592891728.910736,-168951183378.28036,261301246300.89062,86289657565.00781,291735088295.307,0.00043203354000950604,8.114565735471947e-06,0.000300248120056472,-2.5895697920444134e-07,4.0050492723055506e-07,1.3225896742959841e-07,4.471518676714143e-07
Ships,5250195.0,668592150.0,777613830.0,93470522850.0,99442810275.0,128080657950.0,14040611382030.0,14170136327085.0,16428934528395.0,22466055226290.0,8327882806.797323,416678394.2918596,12907170373.392113,16451903116.371002,219959796025.23438,-5074539141.0,-327551364408.3247,0.0003021229641193674,1.5116460508450436e-05,0.00046825257536285724,2.6048190430466635e-07,3.4826090412667963e-06,-8.034484579482602e-08,-5.186099295331401e-06
Ships,3376965.0,480009705.0,435115935.0,71520855465.0,61510256970.0,63058522875.0,11103140606595.0,9156610455990.0,8866294523730.0,9848050905105.0,3291153086.0333858,-338139918.9666151,6994608416.03338,1374500942.2220852,37403412935.19922,-9853979129.972656,-79413342311.53406,0.00028859909490851053,-2.965127176257163e-05,0.0006133527081049935,6.558864262888586e-08,1.784821682363784e-06,-4.702136577537891e-07,-3.789457808894689e-06
Ships,218535.0,37454400.0,22426230.0,6482086230.0,3853101765.0,2444183670.0,1132189328250.0,669802457775.0,421611158205.0,284612342160.0,62830370.02333647,9502392.304550307,142786676.3243872,-302941248.78111756,1348574056.2546387,755741359.2216797,4482574232.498118,0.001315611353383273,0.000198971535509419,0.0029898243861122323,-1.3569251919924334e-05,6.040491737463912e-05,3.385093621566992e-05,0.00020078209638092604
Ships,2190705.0,298220460.0,295938465.0,43392248910.0,37538543880.0,43733002605.0,6654819595740.0,5104725457530.0,5247694901460.0,6860735088675.0,2795526502.094048,-2747530769.025728,3755198625.6617365,-13272561427.695156,-9014528327.207031,36643629201.61133,-61645192951.96008,0.0005824998459795796,-0.0005724990439485378,0.0007824653493473128,-1.8685081450602389e-06,-1.2690632245344658e-06,5.158681690853394e-06,-8.678396085189548e-06
Ships,1466505.0,164497185.0,293397135.0,25196581875.0,32624241255.0,58849718295.0,4388976337815.0,4950081981255.0,6487387724625.0,11833945759905.0,6745009004.178406,-285979163.31768054,151057992.9838319,49518389813.78405,-26729825898.13086,671304840.3476562,-298724792.08424044,0.0031362843988474915,-0.00013297417212535672,7.023872413260234e-05,1.901330628238462e-05,-1.0263305583787553e-05,2.5775726121903014e-07,-1.1469973049201007e-07
Ships,10058220.0,1305050985.0,829470630.0,225033925665.0,110137374870.0,96270934380.0,43632744760665.0,19170040106340.0,13043274367800.0,13155042116280.0,55703957395.31905,2513812976.3378425,27867029312.045937,-20481683163.37073,-40152183595.16406,137536990226.26953,619655406678.3337,0.0005506096123377032,2.484795790302646e-05,0.00027545357500575725,-6.383558125859691e-08,-1.25142936650006e-07,4.2866368186739243e-07,1.9312896674471275e-06
Ships,419985.0,62803950.0,52609050.0,9470144100.0,7824826980.0,6658151490.0,1439522257110.0,1173718265130.0,985062863610.0,850997063430.0,78532171.94899845,-42254334.20765005,68125317.86885177,-116581777.45451702,86334755.38183594,-1585140.0541992188,-97716509.85775301,0.0004452255197866895,-0.0002395541526988343,0.0003862255341478531,-1.0198733029021247e-06,7.552682250094519e-07,-1.3867021570067617e-08,-8.548373668052465e-07
Ships,982770.0,175937505.0,162556380.0,32327440125.0,29634954795.0,27470898570.0,6082932908535.0,5539391279025.0,5097466233045.0,4741163088120.0,830746426.9577042,533777592.77373964,583044159.8079927,-1835720872.28256,1112091441.1484375,2989131661.466797,4424153391.188497,0.0008601311984117191,0.0005526581224539824,0.0006036673233000076,-1.917241932630318e-06,1.1614774207137077e-06,3.1218736192671875e-06,4.620622081519594e-06
Ships,12028095.0,1642749270.0,1254932265.0,297914296290.0,176233125735.0,183755526285.0,59247313652400.0,32906374827585.0,26156061074895.0,31123668938655.0,73554149144.0444,4839479257.465819,52824153549.91351,-1532098413821.7354,502044411683.3125,49624935578.359375,929177780304.1908,0.0005084092890722246,3.3450678682307795e-05,0.00036512271115473954,-3.0534761980967603e-06,1.0005758426696296e-06,9.890262809072804e-08,1.8518537780363157e-06
Ships,10885440.0,1423395720.0,1176071220.0,249855890100.0,168181120785.0,178700503440.0,48966919033320.0,31290109621965.0,27157379302125.0,31567136970510.0,63730627757.428795,14396364177.717398,51636873994.402176,-371611163971.5255,530510763091.0,679457332737.8203,1102424300515.8936,0.0005378438656989753,0.00012149568321883048,0.00043578067404997163,-9.505474077013196e-07,1.35699806546296e-06,1.7379897831246975e-06,2.8199006451878783e-06
Ships,2151690.0,491769795.0,307336965.0,113064696075.0,69796916235.0,49860775005.0,26135157796185.0,15957087619725.0,11281051841175.0,8769583428495.0,670470478.2169883,-445096449.8998617,5962253352.061508,-12306136720.157196,10928758321.664062,12498323400.144531,-55526583705.58674,0.00014481723693751282,-9.613792126479471e-05,0.0012878077177434384,-1.8120596175566876e-06,1.6092427765966734e-06,1.8403588092328946e-06,-8.17620365528408e-06
Ships,1102620.0,143111610.0,94056495.0,19251269370.0,12115497780.0,8418564645.0,2671962318000.0,1622392910190.0,1075399940340.0,784417309305.0,676481213.7974088,-92313098.0966704,395288945.5885747,-2308768473.1173987,4170159779.4746094,-1515993831.2470703,-1147680363.4563956,0.0005564216363510749,-7.59296844494034e-05,0.00032513441238259593,-1.808488365154699e-06,3.266540378487068e-06,-1.187497679988119e-06,-8.989929516080442e-07
Ships,233580.0,32181000.0,9028530.0,4474056600.0,1279687920.0,397118640.0,627505718190.0,182940349680.0,57801286560.0,19569227850.0,40386075.982532814,35800926.55021836,48140328.668122254,-26365323.090956215,140566010.92236328,321474792.67022705,497944529.5992637,0.000740219206939527,0.0006561799534612996,0.000882343605849147,-9.998709771190177e-07,5.330785221398495e-06,1.2191518152742495e-05,1.8883906017152787e-05
Ships,263925.0,40376700.0,56053080.0,7003151700.0,8592918600.0,11922842730.0,1330914112650.0,1492542045300.0,1831403421510.0,2540019122010.0,826101769.5652174,17609723.478260823,18143374.17391267,6770200994.045476,-193646794.9716797,-98719379.26953125,108005669.41468261,0.0118596669201192,0.0002528083859661661,0.0002604695721968308,0.00018919089715615253,-5.411391907615131e-06,-2.7586785011446074e-06,3.018180628977848e-06
Ships,2097120.0,281209155.0,195891255.0,39646588845.0,26076723300.0,20327692455.0,5856324279585.0,3664963018980.0,2693396489880.0,2266751505195.0,1938403879.040005,-190926758.3846059,2029557972.721911,20140569791.569107,12792737579.029297,3263615392.9228516,-11211845975.883308,0.0004407554651574647,-4.341304364521297e-05,0.0004614821389926786,3.162376308035687e-06,2.0086547030945874e-06,5.124373393567102e-07,-1.7604306357966412e-06
Ships,1066410.0,97776690.0,198246945.0,10409263710.0,18781192680.0,37396110825.0,1258449762030.0,2061161393790.0,3656684121660.0,7154040244665.0,1444342987.804878,604384431.097561,541757244.4512242,39191217900.19756,15237079007.345703,3208751508.763672,630052313.2536056,0.001270053218700303,0.000531452984871975,0.00047638305989576834,3.337169283025328e-05,1.2974516932806983e-05,2.732282267720321e-06,5.364955056623503e-07
Ships,390915.0,50162070.0,47521800.0,6551866470.0,6101137395.0,5810741610.0,870141399060.0,797564164785.0,746447074905.0,714515064300.0,115087971.64383513,3157378.5616433667,33727488.66927534,-127805954.65808584,272555860.0488281,47177183.515625,-71182286.04852906,0.0007531218805078911,2.0661506548912476e-05,0.0002207086399091462,-1.3376584904222105e-06,2.852657853728387e-06,4.937716732581831e-07,-7.450168464779999e-07
Ships,1227825.0,80951535.0,204063750.0,6583624935.0,13002712140.0,35516166420.0,608901548805.0,1028714182830.0,2205813313950.0,6423553421370.0,1246422142.3738313,-451382539.90654343,1600898312.52336,10482298733.674206,-5960118372.80957,14241582262.87207,-11347913375.305002,0.0008267842821528822,-0.00029941379934266763,0.0010619175615723367,6.2750234439005354e-06,-3.567908477713565e-06,8.525445119272616e-06,-6.793206745829091e-06
Ships,242250.0,45103890.0,40781385.0,8435761590.0,7588006695.0,6878570175.0,1584682324950.0,1418345762475.0,1279041625305.0,1162395782415.0,37987005.34736808,-4972058.715789784,13260113.005262503,-95327239.14069545,85606474.08740234,12780520.610839844,-36209755.958207205,0.0006473028012429581,-8.472443419123536e-05,0.00022595380221777055,-3.3003313963174277e-06,2.9637880704978432e-06,4.42475349264888e-07,-1.253620638960125e-06
Ships,772140.0,85455345.0,97863135.0,9573463215.0,10807536735.0,12918045255.0,1085009131605.0,1209887643375.0,1424936942295.0,1759455931155.0,115831193.51552166,-23307366.078269634,514603920.4904231,-157277452.80762288,1679747127.480957,1161266684.8598633,-8257064689.20117,0.0001942823861496228,-3.909318862316833e-05,0.0008631394925705639,-3.0021081862771226e-07,3.2062972233243407e-06,2.2166230180068893e-06,-1.5761064955948444e-05
Ships,1685550.0,230390970.0,228020745.0,33757678260.0,30302856405.0,31812300345.0,5243066794770.0,4331165462235.0,4110110138115.0,4566425856645.0,2266474167.8396354,-864371277.7579439,965716054.7950064,9276872616.195774,730724570.7851562,-4319910826.859375,1582919101.590789,0.0007977512506324208,-0.00030424051490488143,0.0003399117454768333,2.5150550383176242e-06,1.9810690406238804e-07,-1.1711720037211127e-06,4.2914555652675203e-07
Ships,946050.0,111251145.0,141967170.0,13607819235.0,16587661770.0,21616046040.0,1728049098405.0,2016273800400.0,2509144211610.0,3337426100970.0,525194359.13611937,-107026898.57951385,312016276.4474416,4311010090.8064,-585622081.8730469,-682182885.3164062,11568534.221552359,0.000586802388339438,-0.00011958171029545301,0.00034861740807974574,4.95215026627382e-06,-6.727167154788448e-07,-7.836381929078616e-07,1.3289024757291171e-08
Ships,3700050.0,440551260.0,376461855.0,66165396720.0,43852275540.0,44449244055.0,11250134969760.0,6582939636780.0,5044844306820.0,6025894508025.0,13710588626.166775,-971644288.7015903,6146105375.781869,107127961045.31816,82316738520.91016,-49842643850.46289,252731082698.9494,0.0010014768500532186,-7.097282896840321e-05,0.00044893639650787583,4.0680272829408574e-06,3.1258574780874715e-06,-1.8927013364121962e-06,9.597092389647793e-06
Ships,773160.0,93172665.0,100614585.0,12692808345.0,12786492795.0,13663864155.0,1878485918475.0,1821890759475.0,1830110708445.0,1935560975745.0,1464672508.6889837,661539328.2932053,570462123.4383254,-4122677173.3341885,10679097522.121094,11315572284.15039,8951165268.989536,0.0024502013528334057,0.001106666881176989,0.0009543068899681296,-7.843427475263623e-06,2.0317071503389946e-05,2.152797001082149e-05,1.7029666077307214e-05
Ships,9072135.0,1045742505.0,1262946915.0,174418940475.0,148850733840.0,225838224735.0,33678707390835.0,25105263164040.0,27075531273570.0,45477366439185.0,53876489688.75453,3271190482.8826184,50021296293.34681,1152827836879.7258,69975588373.01562,132445581326.69531,110958984477.64243,0.000654606454478109,3.9745395742983597e-05,0.0006077653463347545,4.650404113793752e-06,2.822752484150506e-07,5.342735979750012e-07,4.4759859310288315e-07
Ships,226695.0,55081020.0,49892025.0,13391695260.0,12137970420.0,11078727195.0,3257925264030.0,2954827354770.0,2698687326780.0,2481122647425.0,8432443.262091914,15499139.797525017,98272581.52980831,-7948444.476663544,-7165456.0390625,21007969.032226562,-388503549.3017756,0.00016408525068843362,0.0003015947051271425,0.0019122667861411534,-3.2484582639047033e-07,-2.9284578829327256e-07,8.585769305044766e-07,-1.5877793057383433e-05
Ships,1439985.0,235840320.0,212904345.0,40343732070.0,35010456795.0,33147701175.0,7175713437990.0,6037706997465.0,5470414901025.0,5352853024695.0,1717873788.3495686,141045756.55835173,1669414859.6015596,5523130930.544337,26613545837.677734,-213585526.28125,-41745503312.29084,0.0008284671961545319,6.802116852697112e-05,0.0008050972413296867,2.21968025201781e-06,1.0695665714780005e-05,-8.583746805303365e-08,-1.6777018411856426e-05
Ships,17595.0,2916690.0,503370.0,483801810.0,83398770.0,15409650.0,80300823450.0,13826373360.0,2551066920.0,499896900.0,307603.9130434398,-43926.52173913707,1008890.8695652169,-72925.28669797131,-2144.763702392578,-848366.8431005478,1320809.3761814907,0.0009936039595177426,-0.00014188885146491995,0.0032588595925297404,-1.7758446336881503e-06,-5.222834607695748e-08,-2.0659057700502335e-05,3.216377129282022e-05
Ships,1384140.0,174935100.0,166656525.0,25142616990.0,21021708105.0,20351505885.0,3879370351830.0,3001255316205.0,2559666473445.0,2518610535555.0,3033372829.7199726,-41244968.04716086,285329540.789427,-65037710949.806404,-15600487210.626953,-2534771404.5898438,-509863253.4822133,0.001583309266660312,-2.152835928124496e-05,0.00014893154628326256,-2.8854609351718035e-05,-6.921307001510545e-06,-1.1245758438791316e-06,-2.2620576258256286e-07
Ships,5930790.0,761967540.0,1063098825.0,118607532900.0,138429463455.0,201220218225.0,20711038073760.0,21895847404005.0,26536618009575.0,39660238799925.0,20712559040.926987,1846175821.794211,10658908228.122587,150592435266.33118,160972124182.4375,22678151149.359375,-229880929055.62357,0.0005888554055773033,5.248654259290343e-05,0.00030303139825842954,1.7580118165916013e-06,1.8791840104988706e-06,2.6474409307821195e-07,-2.683623443462543e-06
Ships,4432920.0,660132015.0,503744085.0,110949417525.0,77156327670.0,69339800175.0,19952067479145.0,13261996295040.0,10732050441090.0,10574328193245.0,12645302578.653059,2140853022.27766,12095793251.237057,-336230233630.42926,16414590149.296875,-80304869376.60156,-54305484020.86181,0.0006435013141826949,0.0001089449402051723,0.000615537572536466,-8.12665883447257e-06,3.96739378879453e-07,-1.9409625039485526e-06,-1.3125593636041937e-06
Ships,4210560.0,565148595.0,465963030.0,87452648565.0,64692665640.0,59302512870.0,14633017586715.0,10457545906740.0,8655841885410.0,8383262518440.0,11597433479.483103,2150307443.835392,7736558382.525438,-218281988308.31952,202333400974.55078,220227769384.55078,108192467210.21178,0.0006541572656439773,0.0001212888386246596,0.0004363832641041713,-6.00023486464052e-06,5.5618328210111785e-06,6.053721382438176e-06,2.9740438910114437e-06
Ships,2965395.0,423984930.0,442384455.0,70495184520.0,64211305200.0,67557423105.0,12905663820270.0,10840231885890.0,9967488634110.0,10543451206125.0,9874855401.246891,960256963.1670899,1561491357.0719779,2669235681.826848,49007530744.91797,21786691274.375,-814501303.7992725,0.0011229635065041618,0.00010919993080273283,0.00017757199862309655,1.762708685330331e-07,3.236357159422386e-06,1.4387485599498506e-06,-5.3788001269233415e-08
Ships,11510190.0,1557719775.0,1262695740.0,282826234185.0,174009994425.0,212230977210.0,56921891773725.0,32446823085105.0,29003955880515.0,42492433987140.0,72013823840.24892,3124359695.5769076,73710194163.48663,-845941148007.8105,574435676237.875,-403605716926.625,3037807508452.944,0.0005435642513804228,2.358283657783277e-05,0.0005563685466621201,-1.8820619678737862e-06,1.2780127102023676e-06,-8.979477728833929e-07,6.758557602789553e-06
Ships,2101710.0,257412300.0,281720175.0,32415580620.0,34871778105.0,42119184615.0,4190383702320.0,4455102778695.0,5271238018965.0,6779073499035.0,888351748.6095613,367380160.8723616,4356478531.843607,2596378252.053358,20019256533.49414,14093602134.541016,-34635266372.48069,0.00020111264614771878,8.317065442923814e-05,0.0009862567691189062,4.0544876897811124e-07,3.1261943096862e-06,2.2008479047295235e-06,-5.408621067768316e-06
Ships,8732220.0,1280803035.0,857569335.0,226690197585.0,119169869865.0,111755231295.0,43803993519975.0,20340247656675.0,15397079899185.0,17117024436375.0,38827727964.993706,-6614570631.337908,27535506605.019413,-836067851709.903,17965612211.148438,304522274147.03906,733439098312.7941,0.0005092049778900803,-8.674657180866904e-05,0.00036111350745638056,-3.7104779265025096e-06,7.973157610262966e-08,1.351473058125661e-06,3.255010438635781e-06
Ships,11141460.0,1497179970.0,1124317440.0,268366634370.0,160585730310.0,161187306420.0,53470429608240.0,29380904872470.0,24272808858090.0,27088676219610.0,67176856498.05136,9500903807.039278,47729132546.185104,-646790001036.6332,-254206961157.39844,695066777401.3203,1189818085207.0552,0.0005411721847832254,7.65386345641204e-05,0.00038450264398091325,-1.561018441808459e-06,-6.135248747921045e-07,1.6775337529535845e-06,2.8716089773011893e-06
Ships,67065.0,3351720.0,12315735.0,175198770.0,618812580.0,2273222235.0,9478435170.0,32476457790.0,114804078870.0,421653090915.0,7689235.095057034,3306797.3384030415,11575644.524714839,-46079069.767526545,-27360016.547302246,-19684776.18133545,-50148974.79207266,0.0017095872948791082,0.0007352173066093459,0.0025736727470084737,-3.956069209562505e-05,-2.3489649331458958e-05,-1.6900153874849095e-05,-4.305486548816116e-05
Ships,11302620.0,1532925615.0,1135701405.0,272979542805.0,155004191115.0,161459897085.0,54269541298155.0,28334802410745.0,22134150640485.0,26685837087345.0,65075451441.835655,973906568.939943,47343198362.13982,-405302798393.4709,641302766221.3594,40322293232.0625,947936869099.8784,0.0005093999949299908,7.623581401101956e-06,0.000370594816805827,-9.436952861721608e-07,1.4931907696939633e-06,9.388525863028433e-08,2.207148725605154e-06
Ships,510765.0,64034835.0,71942895.0,8205075075.0,8841783810.0,10353507705.0,1073279584995.0,1111106910000.0,1247795750340.0,1520688102525.0,176999358.2276587,-177728902.78831735,220119275.91612566,224700677.03448823,-40433021.31201172,-160734496.22314453,354184555.0418976,0.0006784680988605331,-0.0006812645649949893,0.0008437539443577134,1.2051790029959824e-06,-2.1686195589631628e-07,-8.620972685166348e-07,1.8996640088291937e-06
Ships,3826530.0,434975430.0,629287215.0,62703271410.0,70871051970.0,118019066085.0,10307187740910.0,10209614221140.0,13114787204790.0,24087849283005.0,13258049576.201519,-662289448.4986024,14530422597.9618,165300946683.74255,48395633621.34766,-83032609345.03125,-99993946348.88406,0.0009054602586705619,-4.52311459468941e-05,0.0009923571433734615,5.771152286560344e-06,1.6896368546983426e-06,-2.8989176583329142e-06,-3.4910888515214464e-06
Ships,4518855.0,529375920.0,541397385.0,70277070780.0,65177119485.0,76336517205.0,10222128559320.0,8863888091535.0,9345926816745.0,11887914681045.0,8261612289.774842,1753367501.373793,11472491144.230577,53626535636.26936,33287549134.851562,-16898763046.390625,-6856052833.092717,0.0004045833425002701,8.586499335185931e-05,0.0005618248171343385,1.2354032135372168e-06,7.668506772635977e-07,-3.89299549646748e-07,-1.5794400293975273e-07
Ships,10271145.0,1478730465.0,1247618355.0,269349736635.0,175448113590.0,197223257955.0,53859861684045.0,31869583229820.0,27630131001030.0,35185921662345.0,56457815810.29,-4170738079.5738287,45677197634.27567,-1174649634213.0928,353050221996.7031,249243945043.10938,132889405033.12642,0.0005351633355753225,-3.95344040579929e-05,0.0004329739132635183,-3.4742510468775444e-06,1.0442135830520175e-06,7.371866570017786e-07,3.9304584201787467e-07
Ships,4498710.0,552964185.0,796851285.0,82832864055.0,96990290145.0,153063160695.0,13752573730695.0,14475687283815.0,18631944787995.0,30805333648215.0,14864626517.413843,-955614653.537296,11917816717.248312,-83130135180.13652,38519116424.24219,156541755133.8828,-528544600669.64636,0.0007344766700894299,-4.721791481249072e-05,0.0005888717302763147,-1.9365935955651933e-06,8.973385404988699e-07,3.6467853657869424e-06,-1.231293665539446e-05
Ships,11564250.0,1617295680.0,1268350110.0,288550810020.0,187153278630.0,197493719370.0,56437998083910.0,34403906143980.0,29872245167910.0,35494447357530.0,62367069911.7645,9770642174.499235,58382925195.1065,-1361164333968.9019,23164946864.5,108885735363.42969,1026915103045.8031,0.0004663590373165706,7.306142945164425e-05,0.0004365670028788578,-2.9930700509844558e-06,5.0937500316817204e-08,2.394293072207005e-07,2.2580879935840517e-06
Ships,985575.0,97161630.0,145388250.0,9874298190.0,14310734130.0,21975304320.0,1030588003410.0,1454633897280.0,2161383600600.0,3395185522650.0,295745219.13842183,-22177472.71668812,528186406.0284612,-1168161629.5375786,2387913944.993164,1519866656.0205078,-2359294126.779866,0.00030446570120478203,-2.283140806572432e-05,0.000543760757813031,-1.2113753727084655e-06,2.4762499229296785e-06,1.5760910051743697e-06,-2.4465713732509782e-06
Ships,1385670.0,135413160.0,212859720.0,14447997570.0,21023382435.0,33366806100.0,1684600890000.0,2271702894255.0,3326974563105.0,5331118468680.0,1214887304.7957292,221887618.83510998,668356686.7353675,35238152408.38944,8906034560.010742,-1932410374.7558594,136749989.74307266,0.000632726996432588,0.00011556157188976795,0.0003480876928044033,1.559062742988234e-05,3.940350364956314e-06,-8.549679292290366e-07,6.05031193581219e-08
Ships,4653240.0,450606675.0,525274500.0,64991515695.0,49257130845.0,68133039960.0,11188643188305.0,6639323649405.0,6453279730425.0,9476712495570.0,21356032557.539734,-1608974472.432043,8838161477.426569,758931324222.4014,-385535725260.46094,218721428902.03516,-209757619966.2761,0.0009863014438033074,-7.430845785267933e-05,0.00040817934708921555,1.624852139380817e-05,-8.254219163229846e-06,4.682768655570154e-06,-4.490855847896916e-06
Ships,198135.0,38860215.0,38049060.0,7733074665.0,7455459990.0,7313857980.0,1560116181615.0,1482325904310.0,1431747869130.0,1407248058180.0,111421197.18146779,-7101658.10810751,7067322.70270319,-277728845.0975697,82595499.39257812,8546186.774902344,9402295.841226626,0.002838215856425347,-0.00018089949811358547,0.00018002487735451555,-1.589344305140167e-05,4.726649352669305e-06,4.890681512243867e-07,5.380602560474687e-07
Ships,9577800.0,1067284140.0,1220033475.0,177439764060.0,136535793165.0,184077718785.0,34451534992470.0,22328395704225.0,20037433300785.0,30882111872085.0,58508962049.56549,583656125.5351354,28668159165.82068,1639195992563.3083,-404205289875.6172,-623615145485.9531,130456312645.98961,0.0006378093268129079,6.362466662841088e-06,0.0003125131374408508,5.7738629825187895e-06,-1.4237626074851246e-06,-2.196606397401469e-06,4.5951605411424654e-07
Ships,404685.0,76591035.0,56461335.0,14578761315.0,10684252905.0,7914391395.0,2790406376775.0,2033338398105.0,1497561496665.0,1114519261605.0,83075429.99999896,-1668453.9130442457,36950051.776938304,-228523128.26070902,-47443394.32910156,142461940.43359375,-926634.0066802744,0.0005072690709933812,-1.0187790378758638e-05,0.00022562168426988656,-2.193498756451616e-06,-4.553894708810558e-07,1.36743309773998e-06,-8.894375623197826e-09
Ships,10208160.0,1332631530.0,1057010445.0,215003535600.0,136869491265.0,146625920295.0,38634301596420.0,22060846443285.0,19006429464795.0,23445663606495.0,41034201777.828255,-1118691379.7009733,37177098877.71246,-147166640467.87955,90248800686.14062,96715319029.9375,564136189543.0544,0.00039377764087559646,-1.0735328903230582e-05,0.0003567636180649302,-4.420187629035918e-07,2.710645775835824e-07,2.904869305674594e-07,1.6943974518830708e-06
Ships,477870.0,85051935.0,31710270.0,15258763695.0,5620800015.0,2176261800.0,2758671070875.0,1004796946665.0,384163195425.0,153805665360.0,121107748.31109953,-23035804.0981856,72046797.02241182,-213719218.96638036,463054164.98046875,-113561896.74389648,-167373418.57524955,0.0005303375715664504,-0.00010087506848141582,0.0003154969347944271,-1.3538456719657197e-06,2.9333060460188406e-06,-7.193797691686657e-07,-1.0602592477930305e-06
Ships,2681325.0,398340345.0,317603775.0,72586939065.0,47401232940.0,46416893925.0,14330225188875.0,8627445256770.0,7144154790990.0,7439501275275.0,13409095851.395155,217695954.81455418,8796628610.556349,-437501246678.9539,-35182371820.65625,196841931110.8125,-142520912384.44824,0.0018650933787890444,3.027969136871664e-05,0.0012235376612292537,-3.716256238451469e-05,-2.988487684424296e-06,1.6720296457033637e-05,-1.210611932603619e-05
Ships,1678155.0,189912270.0,219352275.0,22299328740.0,24493756740.0,30127197105.0,2699816382120.0,2848709686170.0,3322171814310.0,4307020319565.0,807469944.7439607,-329747927.27700865,1455578245.195262,-6496825429.86289,8589354437.865234,-1038780002.4960938,-11435379344.421724,0.00028672279644704086,-0.00011708949471978042,0.0005168582033628484,-1.7808240792983931e-06,2.3544005258737166e-06,-2.847366704722631e-07,-3.13451532787875e-06
Ships,10710.0,660450.0,2007615.0,40751550.0,123788220.0,376489905.0,2515960560.0,7637140350.0,23211337260.0,70633131105.0,23800.000000001564,-14704.999999995245,157693.21428574962,12976.666666763298,-21108.333332061768,-27240.476196289062,82071.2584924734,0.00020749040356884857,-0.00012819942791927443,0.0013747827173200401,1.0931744480952821e-06,-1.7781986108643237e-06,-2.2947797994998114e-06,6.913809610043161e-06
Ships,7147905.0,990204015.0,994707060.0,170467185075.0,145578084750.0,153799083300.0,32336545078245.0,25964727444330.0,23791434373200.0,25664067548250.0,33293566885.877407,7780656753.846441,15375008663.607431,-502746755536.6212,86685191890.95312,320023072132.7656,-17904065886.039474,0.0006516325680499917,0.00015228555591546231,0.0003009246925569642,-3.680462075357278e-06,6.345969570886301e-07,2.342795388041394e-06,-1.310704340954545e-07
Ships,9058365.0,1166870055.0,822465270.0,214409807625.0,102033571005.0,118688874330.0,43564728663705.0,19183156892985.0,14075687398815.0,21142940860350.0,64097281550.40453,-3913815177.8806663,44012139581.933105,-568487530615.4125,723888266119.4688,-502720426805.15625,2374168614929.979,0.000781159966955655,-4.76980561588966e-05,0.0005363803373538477,-2.3019527365886322e-06,2.9312104231630337e-06,-2.0356447589455014e-06,9.613621488486414e-06
Ships,862410.0,116802240.0,130341465.0,16293901260.0,17647965285.0,20159653065.0,2330746355940.0,2466205489635.0,2729263051545.0,3184768931895.0,474554001.714961,-5094253.829095871,460325021.092551,-4595426169.860551,4985280828.270508,439579413.9550781,-1230290788.5933356,0.0006380549357872675,-6.849407629187281e-06,0.0006189235592009559,-6.6533647643747504e-06,7.217805395475319e-06,6.364332873270749e-07,-1.7812435844247535e-06
Ships,3089835.0,367739070.0,400915845.0,51956636580.0,46954981155.0,54519087465.0,8097577809990.0,6641367115365.0,6320071129575.0,7681393278225.0,8189890587.264172,-760324027.4981464,2498990996.3976192,-35533088223.57547,80810594940.13281,28749223482.5,-41134362764.13704,0.0008578424299950019,-7.963942916977067e-05,0.00026175447474463515,-2.1173601414324505e-06,4.815374663048718e-06,1.7131204446955923e-06,-2.4511311713745264e-06
Ships,4663695.0,341791035.0,553019520.0,34038411585.0,45853419150.0,83225100210.0,3972715780605.0,4883034892200.0,7415136601830.0,14062536420240.0,8989365365.988848,5323943248.166113,17648215464.957623,160504023562.1183,66412411003.640625,53145258491.56641,8289677976.411443,0.0004133031846257945,0.00024477842535572614,0.0008114103006899888,3.417122696588339e-06,1.4139169345363073e-06,1.1314599159397482e-06,1.7648683274061957e-07
Ships,404940.0,64082265.0,84572025.0,10603130265.0,13384648590.0,17681562045.0,1821761984985.0,2214003391200.0,2798432624430.0,3700598290035.0,462031120.60768265,1019119.8646095778,18630715.418766227,-2430746998.2743907,-790931090.4580078,-122526068.75878906,8617567.181027254,0.0028176683380295984,6.215039738861414e-06,0.00011361827073737716,-2.329501861360083e-05,-7.579873383521524e-06,-1.1742262993283884e-06,8.25862946775198e-08
Ships,4823580.0,600245775.0,669799065.0,85980657495.0,84422255085.0,99917047545.0,13548372164415.0,12275132931255.0,12703049398215.0,15665561873625.0,11286137987.631903,1072531671.0210977,6909201199.573115,40056830289.32236,68985379767.42188,-28479271409.226562,-127665984095.4984,0.0004850721986145104,4.609683988588734e-05,0.00029695378704563925,7.838859239625658e-07,1.3499986835780362e-06,-5.573206821697302e-07,-2.4983396633848577e-06
Ships,2474775.0,335394105.0,272723010.0,52235572665.0,36467277405.0,34879008120.0,8973335018715.0,5735555089245.0,4574014896345.0,5008194609810.0,6781256345.839251,-493533113.8779038,4824623303.820708,56043568414.75193,112908015374.18945,-44190006723.85742,101130468880.3806,0.0011072322366598019,-8.058326446838938e-05,0.0007877564538624266,5.816831447472301e-06,1.1718862896806467e-05,-4.586535583763542e-06,1.0496456744645363e-05
Ships,5822925.0,719037270.0,850548930.0,123149416440.0,105591414135.0,131919309120.0,24104598968970.0,18242024082465.0,16458300807795.0,21488166612240.0,34359917064.8487,562347020.3418071,7680463123.504278,411842815218.89264,114828331916.11719,4112027618.078125,-24912570740.59246,0.0010133738989166763,1.6585249361121e-05,0.0002265191981186045,5.033597705583248e-06,1.4034471568035365e-06,5.0257748875992764e-08,-3.0448475555747423e-07
Ships,6432120.0,1094819550.0,856305045.0,210331368990.0,145522917540.0,145296099375.0,43137397693320.0,27700598973990.0,25222507335360.0,27698138514945.0,23980702792.509514,-229883096.4355391,31296620184.24299,-826952976206.3396,-222457712065.1875,552676855826.5234,21930604634.553833,0.0005796337037412585,-5.5564672881922816e-06,0.0007564655643721369,-7.881256627619249e-06,-2.1201281911116878e-06,5.267274268600865e-06,2.0900913122857898e-07
Ships,5765805.0,793453665.0,694223475.0,127480907385.0,97414758810.0,96891827505.0,22614047347845.0,16186526492910.0,13885278440070.0,14849283395265.0,18290825774.204594,1880109169.9608629,13304846460.536028,36794271302.86924,319913323720.4453,98893453916.42188,-20739902083.976337,0.0005501909115461976,5.655397907107972e-05,0.0004002118708291534,4.6092506992258087e-07,4.007582318759301e-06,1.2388469875134538e-06,-2.598105759332925e-07
Ships,1103640.0,162739725.0,147664380.0,24934661685.0,21548906580.0,22306705890.0,3945162517035.0,3273672781380.0,3220581103080.0,3790932860370.0,937508543.50855,-225277568.35951844,2549566677.2273555,-8119124348.422641,3912588583.1757812,-8421322779.019531,124097424528.53564,0.0007696980194856446,-0.00018495372591693284,0.0020932037746177554,-6.3451312732331686e-06,3.0577051308774204e-06,-6.581300671608602e-06,9.698268132285484e-05
Ships,35445.0,2359515.0,8232675.0,172532745.0,546668745.0,1917394215.0,13724573025.0,39860945925.0,126992940405.0,447789917715.0,15463735.683453256,-1366807.3381294308,5222183.525180038,180563082.2447062,-30604691.730758667,-9893563.143798828,18201013.59089545,0.012308480911133884,-0.00108792095098763,0.004156637668276701,0.0007633812837468673,-0.00012938995375832784,-4.1827824600979693e-05,7.694991106588349e-05
Ships,27795.0,6790395.0,6470880.0,1660061985.0,1580772285.0,1506791940.0,406117158285.0,386437766355.0,368075413215.0,350943296100.0,1149797.339449543,-81508.76146788822,323583.30275235936,-2350937.65507109,2977935.3510742188,-53184.9814453125,408308.9790193057,0.0014882912986171474,-0.00010550448874041954,0.0004188444322672466,-1.825258653978508e-05,2.3120571737885495e-05,-4.129260826434273e-07,3.170094689004335e-06
Ships,6339810.0,1062694395.0,894288060.0,197532220035.0,149913852045.0,161528058330.0,39163137582735.0,27907136224755.0,27463291008375.0,31745140955730.0,19400796985.347713,11109079.923169471,35380565856.477356,-451711993644.268,39689573115.734375,384430339429.1172,-1021369258690.5078,0.00048268864904158474,2.76392087616784e-07,0.0008802626793367167,-4.463453508607431e-06,3.9218034249953274e-07,3.798630480224382e-06,-1.0092347038445228e-05
Ships,2347785.0,305180940.0,374761260.0,42624009390.0,50058847275.0,66573543090.0,6364739361000.0,7245761484345.0,9090874582545.0,12613757232690.0,2954531077.768007,1344849356.7986364,6752902785.718478,56083161495.389885,92349972225.85938,7857467151.214844,-168775070880.9929,0.0005360087944849696,0.00024398155359600722,0.0012251065181489254,6.6402843719475376e-06,1.0934299368475716e-05,9.303294417807026e-07,-1.99830829015857e-05
Ships,8477220.0,1055433525.0,1043191740.0,190440335475.0,123373542825.0,199694347440.0,38563327172805.0,21813380123505.0,23303936214015.0,42954876131160.0,59036417009.52127,-6506245053.465283,71321012030.01564,152722990299.44073,-1786479197.734375,42821503674.55469,827566110846.2621,0.0008215104337021707,-9.053645980552725e-05,0.0009924544627328323,7.299124707083512e-07,-8.538160774161753e-09,2.0465778914659851e-07,3.955205587959919e-06
Ships,3705150.0,462570765.0,550545000.0,72874920255.0,61796839740.0,88201968360.0,12713224126695.0,9306191665380.0,8808850977690.0,15098865767520.0,15125109145.413282,-6936145919.66965,6396968015.884369,-161470346639.13876,209662152846.7578,-141483305160.0664,91972609789.18604,0.0011017598142780477,-0.0005052503599670295,0.00046597497084909753,-6.110521700686525e-06,7.934244035816247e-06,-5.354152167627072e-06,3.480519115014843e-06
Ships,5786205.0,898932630.0,758805795.0,148975225860.0,114891702225.0,116859848325.0,26005645922430.0,18664869215505.0,17375481788595.0,19751619179835.0,9318944535.934067,-2994768952.324494,17349679824.99317,-34374821424.82321,58706172043.6875,5852692361.1953125,-123930562531.51463,0.00027834222492156423,-8.944904115500995e-05,0.0005182076645637352,-4.268309568946236e-07,7.289524876173639e-07,7.267267661017957e-08,-1.538841465969519e-06
Ships,3409860.0,459117045.0,442122570.0,74873318535.0,59438767785.0,58641421800.0,13553976773205.0,9730925777475.0,7878422170335.0,7938631407870.0,13055982629.850811,-90364750.12039785,1315793503.4116125,-43081488515.36082,47182743735.21094,6142457885.425781,-6029113472.611051,0.0011228880678158387,-7.771877654720357e-06,0.00011316565490156308,-2.006546965659659e-06,2.197565463403809e-06,2.860887740055404e-07,-2.808096878958118e-07
Ships,1574880.0,252865395.0,273649170.0,41792427105.0,43855118790.0,48305119200.0,7097946583455.0,7233716584080.0,7720574901090.0,8652091160280.0,1191931836.4677837,-82454525.72700208,756183254.6016895,4926659906.8352585,-1604962408.46875,-6722303760.0234375,-4132562041.9317226,0.0004805698100018177,-3.324448139571646e-05,0.0003048822356045125,1.582828691651413e-06,-5.1563951991526e-07,-2.1597300131472357e-06,-1.3277023163145261e-06
Ships,8808720.0,1107616470.0,1248786255.0,172557495300.0,158090884005.0,200710077975.0,30143303894400.0,25003197369705.0,25395991143405.0,34818276446625.0,33284792272.17521,1067363726.5009962,23673333626.56741,75247234793.6642,271807608902.82812,-144110751260.09375,-347996735055.3837,0.00042896340112844196,1.3755830909713941e-05,0.0003050940989945684,3.2674468468064245e-07,1.1802651846049216e-06,-6.257694665948652e-07,-1.5110998268223202e-06
Ships,11273550.0,1476943425.0,1071735675.0,257970696195.0,142323466455.0,143039935365.0,50213764574865.0,25084722232935.0,19015448944845.0,21961212387855.0,64476909353.16839,1915790210.2335336,41153896178.78931,-477066463702.6156,58406145621.265625,-88412170598.47656,538217937972.39886,0.0005073209780813809,1.5073932249617832e-05,0.00032380948576371304,-1.1179622774332614e-06,1.3686954029020093e-07,-2.0718595649746776e-07,1.2612652480769168e-06
Ships,6129690.0,662308950.0,575451870.0,91676994630.0,68484437355.0,69115543230.0,14356663259160.0,10225712081715.0,8612873158605.0,9321746468010.0,20114950668.54314,6307243435.6930685,15092443418.019802,104210400088.79974,256140121242.28516,-39256545274.07422,-522386256.15536386,0.0005353551061346702,0.00016786593388037487,0.0004016821508054283,1.1202495679207591e-06,2.7534762356188332e-06,-4.2200325345521736e-07,-5.615590931875574e-09
Ships,9207285.0,1363409010.0,758850165.0,248018115300.0,122885827530.0,94152719505.0,49327605453060.0,23178449089410.0,15855552577800.0,14198114106495.0,46125360970.22959,10515769233.663277,31609464580.173927,-1059191362273.2471,-377156798635.02344,180089884372.53125,1227786636885.7458,0.0005440973429829192,0.00012404460320973045,0.00037286701565947055,-4.1176124125325126e-06,-1.4661991882161546e-06,7.00100444241141e-07,4.77302749630815e-06
Ships,13633575.0,1736515320.0,1476282465.0,300578038020.0,187550889420.0,216804704385.0,58574975088300.0,32737728568950.0,27454462209420.0,36033523506855.0,79397206389.65341,-483952293.92051655,56948619941.52304,64474475002.12487,313562072052.0781,-55254797439.96875,224171853724.86246,0.00042715522076146724,-2.6036526768097428e-06,0.00030638232035267403,9.39427859726638e-08,4.5687684347895127e-07,-8.050921872097144e-08,3.2663047624468446e-07
Ships,2186370.0,329960820.0,289007820.0,56116024710.0,47902491030.0,45223880760.0,10250983411230.0,8795142085380.0,8039007070110.0,7986426773400.0,6319264447.522746,4286242511.399583,7021051403.051089,-125260722313.16216,83645789664.3789,80782255657.89062,152284926139.46533,0.0013219627285415737,0.0008966633526124933,0.001468773517406221,-1.7721715601155388e-05,1.1834091870875501e-05,1.1428962997753156e-05,2.1545062981829693e-05
Ships,769335.0,63999645.0,163349430.0,6213804555.0,13592878785.0,34731194310.0,666960540405.0,1320587349345.0,2890937177445.0,7394632700550.0,889785031.4816049,4122871.188268328,47946724.32549162,2005562532.3489435,552310284.6254883,-41451608.86230469,-45734638.33231091,0.001503329273369328,6.96576445811215e-06,8.1008009452192e-05,3.863202567908282e-06,1.0638843094801618e-06,-7.984590817681045e-08,-8.809606751119716e-08
Ships,721395.0,91971870.0,113013960.0,11843084340.0,14417008695.0,18154431240.0,1539703672080.0,1858149415515.0,2317737702555.0,2987162465550.0,117434908.97136717,8667581.871685116,449629910.7953327,-135153639.98510364,598133202.7851562,482793065.60058594,2205431626.8857594,0.00022565811691698946,1.6655270741217042e-05,0.000863990442606527,-3.0577003782394e-07,1.3532096661216783e-06,1.0922654687368975e-06,4.98954310106112e-06
Ships,10241055.0,1325609850.0,907616655.0,239895087750.0,119431947135.0,114906954285.0,48424605037050.0,22366396063305.0,15354918286905.0,17088034523715.0,68307153263.07239,1949365712.2802002,34469148567.38702,-311053708068.6544,600965267992.5781,135749557902.125,794692467525.545,0.0006512935679323215,1.858677004246154e-05,0.000328655692436523,-9.267735627835619e-07,1.7905548401426875e-06,4.044610244462277e-07,2.367758204905734e-06
Ships,13595325.0,1694466075.0,1450991055.0,284083541265.0,176351651265.0,211303580715.0,53906798209575.0,28964244314355.0,24933669566445.0,35330670556455.0,72892173693.72784,-4493978966.418454,56443359154.27873,329810969221.1564,-234975818118.40625,-443090642253.8828,730745655729.411,0.00039436804127755557,-2.4313744435384822e-05,0.00030537512965831407,4.83939543920796e-07,-3.4478565258509e-07,-6.501575245792693e-07,1.0722406237454804e-06
Ships,353685.0,39861090.0,25279425.0,4785669150.0,2831289735.0,1824815955.0,607920687990.0,338447306445.0,203082328185.0,133046060535.0,293235215.88320065,-17757963.01730386,17984089.552991994,2468550179.9348135,397174751.1484375,-40028791.3873291,47621360.81346158,0.002344136204016291,-0.0001419579974153751,0.0001437656636515016,3.318183168886741e-05,5.338755456866292e-06,-5.38060206075379e-07,6.401182330224436e-07
Ships,911625.0,129617265.0,114194355.0,19375058865.0,16002368175.0,14487393285.0,3025912694205.0,2358711409575.0,2001461465715.0,1860449878635.0,945731689.8125882,-234088672.4307685,182881326.8307695,2182049027.4587207,-1731188203.4648438,251445521.4013672,-124987269.15355691,0.001137982251322208,-0.0002816747681518232,0.0002200578729395364,2.749944557040232e-06,-2.1817436351899135e-06,3.1688620845294625e-07,-1.575161951830381e-07
Ships,11136615.0,1423396995.0,976469970.0,241774281945.0,124501561335.0,118032058590.0,46008180412305.0,21068927616015.0,14978767250385.0,16511537205480.0,59846559259.513405,-303365566.5531478,32414157431.362392,-191819462967.4597,-52544803204.78125,-53989361864.5625,478149737243.8272,0.0004825393940833295,-2.4460192612832947e-06,0.0002613535026938896,-4.63457223567063e-07,-1.2695410689527767e-07,-1.3044432178476231e-07,1.1552631116996584e-06
Ships,10965.0,2677500.0,1938255.0,653986260.0,473231040.0,342706995.0,159782165640.0,115572046050.0,83661717330.0,60610166385.0,178120.46511631625,-63785.58139532193,86616.97674419373,857273.3152936674,-281044.2022705078,1537.1714172363281,105448.36127110968,0.0014814825775609976,-0.0005305242576986297,0.0007204199802854352,6.809225477442414e-05,-2.232302473724225e-05,1.2209579594643412e-07,8.375644678451548e-06
Ships,349860.0,69209550.0,75485610.0,13865096640.0,14943804270.0,16296477780.0,2811524029650.0,2995923291960.0,3228612926310.0,3520325922480.0,174015032.49271137,11188081.88046646,9742179.839651227,-126640175.14098012,-29151314.369140625,4419736.646484375,2493535.287114023,0.0014216679844121737,9.140438954380176e-05,7.959165928379198e-05,-1.7491851149243977e-06,-4.026450936143885e-07,6.10464850140171e-08,3.4441320085849866e-08
Ships,1163055.0,211735935.0,148053765.0,39597249915.0,27183867510.0,19400251335.0,7577123969475.0,5130185523000.0,3597788880000.0,2614604621025.0,1050400307.4369661,230453989.10436338,553406318.4915607,-14069668504.375267,5653394014.988281,7271219920.671875,4110680370.4693613,0.0007765230198962483,0.00017036631301366618,0.00040911330910907954,-9.64457808166081e-06,3.875329400048963e-06,4.984328397789874e-06,2.8178188981079002e-06
Ships,2199375.0,278323575.0,421368630.0,38011719075.0,53983215675.0,81898860510.0,5539420939605.0,7444671236055.0,10601884534665.0,16131344019630.0,2790798404.0,660420110.5999999,1170688939.405214,22832125664.293324,-4975578583.609375,-15197263584.714844,-7874549630.11137,0.0005769390001825837,0.00013652799778153925,0.0002420153692424333,3.182717819035367e-06,-6.935781123011985e-07,-2.1184449631552205e-06,-1.0976844553649458e-06
Ships,3428220.0,566921610.0,581059830.0,106492141200.0,99821526075.0,107295665070.0,21172853708280.0,19342102918215.0,18738321948675.0,20959863117690.0,12740832391.057714,3732192738.771192,8810000194.458483,-651534039649.9805,58035123675.28125,-270226436242.07812,-212487354536.1613,0.0010840777578178232,0.00031756065944566955,0.0007496154853968893,-2.9940937862145656e-05,2.666976590688996e-06,-1.2418127747522928e-05,-9.764755625165454e-06
Ships,1694220.0,208485450.0,221853315.0,28027765020.0,27827503830.0,30095257845.0,4020248850840.0,3781672969890.0,3839282960550.0,4208233125765.0,2372193216.04154,526924087.2471389,1044194006.4847976,-12590298122.764442,-18166834042.876953,-2144413521.3203125,-6124231825.262434,0.0008264383294496885,0.0001835728470457365,0.0003637823194607609,-3.3698572428251874e-06,-4.862445406904323e-06,-5.739631711633236e-07,-1.639181755020246e-06
Ships,3597795.0,445840725.0,487325400.0,60684257145.0,59517358020.0,71102323710.0,8841916818255.0,8067466324710.0,8578243516260.0,10924167579810.0,5435430553.010841,-872272197.0954742,5093547366.389526,-25232588116.469395,63899987720.48047,3505167539.6796875,-86576044658.51099,0.0004199147436608966,-6.738747785913301e-05,0.0003935025230885011,-1.0277104292954753e-06,2.602613870169232e-06,1.4276368402358e-07,-3.526198090025819e-06
Ships,7091295.0,1132690110.0,779407245.0,203460105840.0,120581192865.0,100800639375.0,39547977660870.0,21198835662615.0,15315452422935.0,14267093956065.0,22535904365.965706,-3913258158.945118,15135658076.310556,-149939525622.95978,86575781854.86719,74816716697.32031,-139080339962.1261,0.00044815050065444176,-7.78193133340528e-05,0.0003009887082622235,-1.1197014772084512e-06,6.465208585302303e-07,5.587078380955471e-07,-1.038608475378556e-06
Ships,11861835.0,1575577680.0,1180939425.0,283548578550.0,162198766470.0,167830564635.0,56665891696110.0,30450739238910.0,23560076300910.0,28093078772565.0,74268561949.34908,5337555749.901991,50258711248.12262,-726964352325.18,803289015314.1719,204773205133.27344,1376915748658.4827,0.0005278387351993128,3.7934875836232335e-05,0.0003571968257046483,-1.500145620909855e-06,1.657647303879779e-06,4.2256491116492316e-07,2.8413692144671776e-06
Ships,961860.0,147097005.0,120749385.0,24142864755.0,17923336470.0,15520624215.0,4185774833595.0,2870165364240.0,2232601148610.0,2041839255585.0,1647357217.5516965,-542836246.4992048,362062700.97693664,-10247168894.483767,5364978348.62793,-4671481415.161133,2515938547.0053587,0.0017805905084602434,-0.0005867392074204675,0.0003913452419173205,-1.1293387581351267e-05,5.912733602861675e-06,-5.1484318004062496e-06,2.772811635561969e-06
Ships,83130.0,4802160.0,5566140.0,285953430.0,313770105.0,382280700.0,17495990130.0,18215429025.0,21102904695.0,26809533630.0,8547671.9631902,-7768387.269938633,9588356.687116586,-10189350.311642054,-33659723.17494202,60041419.713012695,-70872563.65877761,0.0012368934387115243,-0.0011241268131177834,0.0013874860342550997,-5.113897774741262e-06,-1.6893362008181172e-05,3.0133980408138518e-05,-3.5569985769428655e-05
Ships,4288335.0,587626845.0,612657390.0,94283577345.0,84167948685.0,91854975450.0,16674741243915.0,13603462157865.0,12624923165295.0,14320778114370.0,13761577789.309034,216035144.74847117,4327047356.319796,-16330271641.343409,74335698041.74219,-23613032808.851562,-38553560317.1793,0.0007483259749273846,1.1747541799899637e-05,0.0002352958346092054,-4.2881665760616006e-07,1.95198134330963e-06,-6.200547074429031e-07,-1.0123780692156495e-06
Ships,1193910.0,170850000.0,148305450.0,25698614400.0,21362540595.0,19249948980.0,4007669826810.0,3240077430765.0,2792284144755.0,2594655883560.0,1249767753.267835,139846981.15976134,827700653.3233654,-27520356312.362072,7815127550.544922,2849495428.7695312,-2170830068.977674,0.0008767709161183378,9.81092410707694e-05,0.0005806709752180251,-1.7669533269619316e-05,5.0177277755173e-06,1.8295277033769595e-06,-1.3937884266876623e-06
Ships,12396315.0,1564013175.0,1308041370.0,270163885845.0,163914940440.0,192634046160.0,52644363166275.0,28311773693010.0,23990053739070.0,32398301699640.0,72836114521.53973,-1117485415.9942634,54611397846.24896,179323166422.63522,86449026909.90625,-78288493183.20312,546800914074.7182,0.0004739816878494077,-7.272046663930989e-06,0.0003553841757899608,3.3143997703942555e-07,1.5978227501610356e-07,-1.4469929848292465e-07,1.010642885810572e-06
Ships,2203710.0,274949670.0,352379145.0,40544375760.0,43068547830.0,58013203545.0,6556868564790.0,6273592676610.0,7001981144940.0,9757958620215.0,6239807085.760243,-896642522.9194591,1666832275.2181225,-58760775619.98071,14180443013.845703,50615076289.14844,-51570277824.03437,0.0012848791391503705,-0.0001846334761860678,0.0003432282423887433,-8.150822087510279e-06,1.966996978995498e-06,7.020916205168775e-06,-7.153414077881071e-06
Ships,2815455.0,430240845.0,317617035.0,67622349165.0,49278338175.0,43113415845.0,10904004710175.0,7885935710655.0,6756424640265.0,6524365020135.0,1875539251.0379522,742019347.3879198,7282411292.559552,-2851847656.3670163,30543206219.632812,675237753.09375,17569111765.84365,0.00023660775606395708,9.360909543446547e-05,0.0009187091092408547,-2.1441484297692327e-07,2.2963767896133185e-06,5.0767437201089543e-08,1.3209255172193462e-06
Ships,11664465.0,1452109485.0,1131037710.0,247779802245.0,138206270625.0,155714333220.0,48229438043505.0,23667705184935.0,18679459437795.0,25271137510710.0,67006662934.54168,-2596636888.0046134,46043953871.950676,700003762354.4601,288399060985.6406,-201858457212.78906,1243144872155.2805,0.0004924797085054454,-1.9084534607375393e-05,0.00033840982356408614,1.5063930851024174e-06,6.206285945629123e-07,-4.3439507109507785e-07,2.6752211058074062e-06
Ships,11014470.0,1452465975.0,1026419115.0,253694801115.0,140292881565.0,137982638685.0,49260441501075.0,24873921613455.0,19565515619415.0,22294562790765.0,62159719669.16553,4940128266.192885,42332444019.493324,-587878238679.331,-70349847461.51562,449173934647.09375,1546430802846.0845,0.0005123678117350763,4.0720304449755015e-05,0.00034893628579899595,-1.4600857869083646e-06,-1.7472463791223818e-07,1.1155923704562638e-06,3.840798123001257e-06
Ships,10184700.0,1287978225.0,864455865.0,215965371375.0,102544296990.0,101204613435.0,40976602799235.0,16705573098330.0,11267644309140.0,13994749866885.0,53084981370.95957,-6776579480.935775,27831422027.015648,238702238031.28998,88848177697.3125,-380536846903.40625,680170777267.1133,0.0005117704282649951,-6.533021004369226e-05,0.0002683112700079328,7.210840486273882e-07,2.6839716382862557e-07,-1.1495453602786897e-06,2.0546950119735206e-06
Ships,2073150.0,350024475.0,278931495.0,60033851085.0,47295151410.0,40075330545.0,10452808857675.0,8149986576360.0,6820450329180.0,6076647936795.0,936760619.2712154,201188069.99077308,2546556021.7214007,552389895.3077384,4809753218.40625,113203191.78125,-529893085.14430726,0.0002179551689078682,4.681022971610562e-05,0.0005925046766797744,8.926247213278576e-08,7.772235992557086e-07,1.8292870375709556e-08,-8.562713972111825e-08
Ships,115770.0,18115200.0,18261060.0,2900796360.0,2834354070.0,2891346570.0,475463427300.0,450013043160.0,445288953960.0,459467586870.0,66206474.537444785,-23059371.409691777,10925801.894272922,839662285.2859633,-329585567.8215332,137841796.96411133,-47716260.71661458,0.004939788968636652,-0.00172050285578742,0.0008151945266367269,0.00018412576463904757,-7.227333625978802e-05,3.0226707463219712e-05,-1.0463484122274988e-05
Ships,4497690.0,613195695.0,626324625.0,91031745435.0,86405092500.0,97848906765.0,14345478663615.0,12976641427050.0,13495562150700.0,16309232283555.0,7431283783.23365,1014689043.4502281,10630237652.324255,-91696165571.15378,23363248899.320312,-127337128266.64844,-277313044992.3921,0.00036735403028570116,5.015958486731154e-05,0.0005254893714712745,-2.1373585289566894e-06,5.445771803876742e-07,-2.9681186280617168e-06,-6.463927888516849e-06
Ships,7654845.0,681467100.0,930181350.0,89760008670.0,90964619235.0,141681881610.0,13997638489290.0,12999704993595.0,14193909091725.0,23708126044560.0,29092887600.61062,8155889984.625242,28650547352.046707,826870917647.7402,640339463377.7969,-401351099175.0625,-471364661634.76013,0.000496494025179238,0.00013918696222167478,0.0004889451254782791,5.10031165159818e-06,3.949746878672108e-06,-2.4756169842417507e-06,-2.907475186969373e-06
Ships,1873995.0,199361550.0,192372765.0,26889331290.0,21361997190.0,22355125545.0,4231606875330.0,3130147835760.0,2677590242460.0,2881930789095.0,5680615355.110898,896770437.4282204,2607324342.891549,162390399973.70627,179052396306.82617,115267025838.58594,51787859577.315796,0.0016175530309197302,0.0002553550361046954,0.0007424346007938227,3.3778416154773e-05,3.724423584731983e-05,2.3976402350934276e-05,1.077226161676283e-05
Ships,1050345.0,83984760.0,167260110.0,7488217800.0,12857553900.0,27233401260.0,725951343060.0,1106453635320.0,2014894966440.0,4527010823100.0,772862452.7021116,-516432929.01675266,598396192.8914785,3604390423.366905,-3405641139.4682617,1810302091.7441406,-299076518.656839,0.0007005485912607231,-0.0004681122231238477,0.0005424064896415426,3.1878794941024113e-06,-3.0120969921568587e-06,1.6011098240048767e-06,-2.6451626738678134e-07
Ships,2141490.0,284687100.0,330454755.0,44359392000.0,43847417790.0,51377086605.0,7607128791060.0,6824820816000.0,6805496319300.0,8046109456335.0,6513431987.854248,-82839125.58704825,384392218.3299612,-21730925110.574497,1718417927.1015625,1054259740.65625,-554800483.0673262,0.0014202924590778513,-1.8063562436405764e-05,8.381900203153971e-05,-3.2380838328340985e-06,2.5605818801943996e-07,1.570932394482226e-07,-8.266976511711716e-08
Ships,409530.0,90929430.0,14168055.0,20213228310.0,3149050080.0,634444845.0,4498536852450.0,700802221020.0,141520021380.0,32022834465.0,23837446.99875405,3265484.5890409998,144288366.88356167,-64909630.1095681,57494801.29174805,425988579.45617676,90081079.0223313,0.0001421308317943298,1.947045926840327e-05,0.0008603197147948758,-6.047763935438664e-07,5.356909061729359e-07,3.969023338131846e-06,8.393039677734201e-07
Ships,1339770.0,161129910.0,204285345.0,19926052920.0,24443605125.0,32349052395.0,2528919383070.0,3007509320235.0,3857544732765.0,5287779670065.0,547467120.4910538,-125148656.74533772,1200047579.4204388,791592956.6201954,-671346337.9648438,5191098967.691406,-10698125744.945847,0.0003049983879276886,-6.972133509023653e-05,0.0006685562720761415,3.8100116102800324e-07,-3.231253285888295e-07,2.49852492642964e-06,-5.1491088893096286e-06
Ships,2117520.0,164995200.0,253185675.0,15075148140.0,21608562555.0,33645377025.0,1522822200840.0,2090331978795.0,3052274909385.0,4795098175095.0,2218874752.7167635,1880568919.1618505,3372706152.845014,2395262918.3589125,-5223788051.443359,-19050005458.45215,-34310406865.761818,0.0004948547538870948,0.00041940558768363627,0.000752182912152255,3.6710000361150375e-07,-8.006021375993436e-07,-2.9196198125040492e-06,-5.258441730047275e-06
Ships,1127100.0,136956165.0,164262840.0,21846133305.0,19669360740.0,24341927700.0,3963232263795.0,3124488958890.0,2868785425110.0,3668441872290.0,5204317022.942309,-290543987.5384599,402365456.30769217,43891265352.65582,11256486967.601562,-4363279905.780273,3583776097.414879,0.0040967441699535714,-0.00022871096857014878,0.00031673480498067635,3.254407836096313e-05,8.346352993002036e-06,-3.2352433228707725e-06,2.657264246207457e-06
Ships,8162550.0,1026519585.0,1267125345.0,158617958295.0,156241048470.0,221421198375.0,27160662090525.0,24381018353400.0,26773900310460.0,41533191679185.0,29523195213.784893,-3112215313.055787,24717148789.837387,-212734326034.48907,540510768813.0625,-105697714859.0,-513455968512.5201,0.00044311009981959126,-4.671086676229089e-05,0.0003709767248501158,-1.1175653685940156e-06,2.839485887574503e-06,-5.552658466917694e-07,-2.69735787074843e-06
Ships,10538640.0,1428778005.0,1039942785.0,251944052205.0,145144642380.0,150927611685.0,49123421764575.0,25698712663740.0,21258991767330.0,25769018375355.0,58237218346.762115,4154213096.2931876,48307065193.844,-824980835148.3145,-289298684440.2578,-22913658454.9375,1341839094648.6824,0.000524362329966144,3.740413639569506e-05,0.00043495218312189157,-2.288139174348596e-06,-8.023891280289688e-07,-6.355255456202283e-08,3.721679907371575e-06
Ships,2003025.0,229180995.0,290428935.0,32650439445.0,32933595015.0,42501059355.0,5195047379355.0,4667597122455.0,4780101892845.0,6273710885175.0,6428136443.694458,-296540554.99554896,390268783.12284684,-11714199514.791431,1300178387.9628906,3233328353.9785156,-1911285759.7951791,0.001602183839563062,-7.391138771719467e-05,9.727272326627788e-05,-2.062987953950523e-06,2.289744466932967e-07,5.694215329866791e-07,-3.365965804181397e-07
Ships,7013775.0,1048955760.0,932712225.0,183796757490.0,136257438225.0,140110527495.0,35402309753850.0,23655711438945.0,20163584383425.0,22691172829695.0,26918587540.553734,-3235753506.437905,16075739572.026913,-137393521763.31462,181739423982.03125,69741745553.64844,-216730474200.07245,0.0005472031750225749,-6.577665301516145e-05,0.0003267889045588542,-1.0545973640987117e-06,1.3949851130131225e-06,5.353197158394633e-07,-1.6635674220870644e-06
Ships,2620635.0,449389050.0,234031860.0,81251065140.0,40758069585.0,23327139900.0,15353600290080.0,7499404108635.0,4135978624845.0,2487865672350.0,4189391820.402849,626057597.3966179,2427277273.1711593,-16213741729.055906,28686225536.414062,23999624774.476562,-28858087055.320877,0.0006100113371464086,9.115934925414909e-05,0.00035343236405370346,-1.4583672682172495e-06,2.5802219543212158e-06,2.1586792120827993e-06,-2.59568027467861e-06
Ships,9040770.0,1047091710.0,746108070.0,172415127270.0,79522594305.0,91903097520.0,32957889665700.0,12366074980695.0,9123466252395.0,13976435524380.0,51142155039.67847,-6890794694.067519,30329000167.76951,1142512923434.0203,-266668673582.66406,-383292184839.84375,1386018305705.3364,0.0006257029216621431,-8.430599706459197e-05,0.00037106265860994346,4.648871792184477e-06,-1.0850717300873398e-06,-1.5596114404649104e-06,5.639692359433486e-06
Ships,4393395.0,541233675.0,541415745.0,79096773375.0,70863541455.0,72318100725.0,12730495421025.0,10829651521515.0,10009140002865.0,10287999704655.0,12420799338.063734,4165137744.609093,5597259795.854081,-73941029316.70752,56009702212.66797,73513059587.14844,-3596554200.0962996,0.00064350072835847,0.00021578878294536,0.0002899846183333616,-1.8276156294474946e-06,1.3844033293899786e-06,1.8170374136192783e-06,-8.889676988531974e-08
Ships,4645080.0,568119600.0,757354590.0,86945724630.0,94738830375.0,131355009930.0,15075427259430.0,14741979797655.0,16717418180595.0,23567112938700.0,17461478954.110672,2110073339.8221347,7872534925.464422,170196956369.2789,49812671795.515625,-36115269362.69531,-416741077044.11005,0.0008092722129225696,9.779376223712013e-05,0.0003648616349843026,3.659896418159117e-06,1.0711661534521466e-06,-7.766187351470103e-07,-8.961553765181313e-06
Ships,272340.0,22217895.0,25629285.0,1820391195.0,2091867510.0,2504515905.0,149787761175.0,171520010460.0,204645891540.0,252426956925.0,7822867.794943923,993003.6657304558,92603407.34550577,1186525.7805898401,45200845.16125488,136927190.1796875,-696602427.0453821,0.00010547344336787074,1.3388378615985551e-05,0.0012485447148475148,3.065480769949285e-08,1.1677986597004287e-06,3.5376194537497334e-06,-1.7997260399568123e-05
Ships,1511895.0,231508380.0,192980175.0,36145669620.0,29666582445.0,25873108095.0,5748472807590.0,4656998918025.0,3992394670185.0,3610279406535.0,696031906.91516,116562313.72996895,1240876397.0113,520829352.1621869,7623165343.0078125,827946277.3417969,-8970618410.010508,0.0003044990114726724,5.099350899450842e-05,0.0005428567749492097,1.8530680777271967e-07,2.7122596469880104e-06,2.9457648848818866e-07,-3.1916723863684812e-06
Ships,8283675.0,1044994590.0,730198875.0,188504955090.0,93172688715.0,110194339065.0,38017428338340.0,18012070629225.0,14313905392875.0,20936523849735.0,56677753620.93368,1057308283.1160622,45827931999.14269,-62596538505.1391,1128758692158.3672,226368302239.53516,3143600878308.368,0.000825974283569705,1.5408328592200083e-05,0.0006678580374521462,-3.1695141078313386e-07,5.7153585239213795e-06,1.1461936149314888e-06,1.5917313594539022e-05
Ships,1028415.0,59960190.0,137780325.0,3793449360.0,8033376945.0,19040832915.0,255203337000.0,511017770025.0,1111115728155.0,2702637769185.0,297560652.7795684,302295.8926353244,581924831.0984396,-665675932.8649313,2760950423.8085938,887600216.0634766,-4253643336.23269,0.0002813446738363543,2.8582186025300554e-07,0.0005502120333226657,-6.206429827831637e-07,2.574172238696056e-06,8.275540971501418e-07,-3.96588453563763e-06
Ships,10236975.0,1290100335.0,841933245.0,226710583305.0,105443134185.0,96393083715.0,44951568481815.0,19123182679515.0,12008807926845.0,12827502206355.0,64127508288.49247,-660315459.2686485,27148840270.405273,217529439888.5813,643951198788.9922,-30380067431.933594,434039866022.5682,0.00061192906301757,-6.300981140082582e-06,0.0002590645548544409,6.487672745924027e-07,1.920542177752259e-06,-9.060655679453888e-08,1.2944954075556126e-06
Ships,10016655.0,1106662260.0,1343216580.0,162873280230.0,146402600220.0,231634863570.0,27957882068040.0,22066548371550.0,25023509820810.0,44476413745020.0,40606779316.440765,-1998946612.976762,51511780486.18645,990626758532.7529,667211677688.6484,-31912887369.273438,-400717840523.70056,0.00040471855301945167,-1.9923047195213997e-05,0.0005134062245952171,3.119631273514896e-06,2.1011489926385124e-06,-1.0049843758793673e-07,-1.261920189804523e-06
Ships,5901975.0,828769380.0,764505555.0,135333889680.0,116961095565.0,111955526145.0,24217824700860.0,20114104093665.0,18116976005385.0,17765263890915.0,18956120335.740765,9607405516.51523,12926176880.41348,-109809360415.51141,-114405425060.33594,-93053986912.91406,-85521602208.5039,0.0005441952238824099,0.0002758108781432145,0.00037108667790620233,-1.2976152716739745e-06,-1.3519268863683687e-06,-1.0996173190650041e-06,-1.0106072621119231e-06
Ships,1034280.0,155976360.0,206829990.0,24714002280.0,31132077645.0,41514263670.0,4089292752840.0,4926321206205.0,6236761720755.0,8362882861830.0,1191721196.6863904,-59271872.57396475,153467015.90236488,2816377531.5002146,2019447915.71875,-161872182.43359375,-304962020.6945703,0.0011140339100663018,-5.540798984202513e-05,0.00014346263225601595,2.5887824398371977e-06,1.8562537315775809e-06,-1.487910831183887e-07,-2.803176474607206e-07
Ships,1354305.0,216405750.0,210862305.0,35961206190.0,33995907675.0,34015107135.0,6199930765920.0,5707426058625.0,5518907072925.0,5604267123405.0,1381515032.4967046,302009136.4479379,1184310770.8774219,12146337789.674982,11828792748.107422,-10445219331.892578,-60599279122.58946,0.0007532214014081613,0.0001646596234152284,0.0006457028679094011,5.690548773954765e-06,5.541779195975159e-06,-4.8935762442994285e-06,-2.8390709980643603e-05
Ships,5166555.0,872206335.0,816221340.0,157289721435.0,134374496040.0,147027276270.0,29899731539115.0,23694796989540.0,23933715921990.0,28519899722550.0,10045786005.273174,-3418176932.64598,18079210127.01001,-45384278620.322754,-8552701.0234375,192916904492.57812,-420095048756.79407,0.00037634123749833543,-0.00012805378654741427,0.0006772941717671365,-7.480020606586312e-07,-1.4096154404586495e-10,3.1795645206469198e-06,-6.923806474294366e-06
Ships,10815315.0,1368707145.0,1040269440.0,236214394545.0,129713632560.0,151782133770.0,45855935325015.0,22487032346880.0,18645772337160.0,27057184278060.0,63000831299.357025,-1935257486.4895298,51723974779.90922,16520990219.411442,256610539015.84375,-190379224851.1172,2507917256557.291,0.0005386019657579115,-1.6544757663882022e-05,0.00044219471265224497,4.2947525056280574e-08,6.67077905605178e-07,-4.949047497093615e-07,6.519514737592394e-06
Ships,173400.0,18211080.0,33923925.0,1989846090.0,3569560890.0,6675753885.0,224912510220.0,390925388190.0,703688443620.0,1320869830185.0,77254193.99999987,6750554.999999762,38887175.624999486,-295165369.48234296,214550168.07348633,-64144056.48510742,-388447623.11572385,0.002569353615657535,0.00022451289695604704,0.001293326615960839,-2.3574509713008853e-05,1.713586871673526e-05,-5.1231100900893875e-06,-3.1024853221084395e-05
Ships,7066815.0,933677655.0,602983455.0,180786443985.0,81657108015.0,81944922945.0,38473768261725.0,16768385594655.0,11264779571565.0,13596849803355.0,57427623434.82299,1990075799.1859326,30494722677.448486,-586832679066.6934,816727991880.3984,98489091815.16406,1400823837525.3638,0.0011499352832564224,3.984943553229037e-05,0.0006106287438434002,-4.420332973516193e-06,6.152025614259105e-06,7.418717389335361e-07,1.0551743316253055e-05
Ships,1954065.0,274734195.0,242975475.0,43061816085.0,33902291820.0,31043763495.0,7324903214475.0,5314275306600.0,4283847332010.0,4060182850695.0,4435220806.798902,-259146785.60811895,831318437.401802,23422960053.156105,32684238465.751953,-16342654972.779297,-6648685304.675592,0.0011615481942976707,-6.786843180833869e-05,0.00021771552576823182,4.3882793153185865e-06,6.123374982098959e-06,-3.0617878616401646e-06,-1.2456277144459043e-06
Ships,9224880.0,1208994270.0,1241074545.0,210183778050.0,161476567965.0,220860965925.0,40842637770210.0,28386986132475.0,28779772409175.0,44481736513275.0,51735413963.656006,-1176172617.8430517,53892287064.466644,-264305776554.61783,418084119789.90625,150651328258.15625,267219458449.94992,0.0006079480609209207,-1.3821322911000355e-05,0.0006332936939956167,-1.0225977702028474e-06,1.6175654358656455e-06,5.828692598515824e-07,1.0338707913531488e-06
Ships,2224620.0,287756535.0,290431740.0,40047638565.0,37545132060.0,39112749660.0,5922881633235.0,5217894685500.0,5049087463980.0,5441256619770.0,2826080080.761695,-22466521.519941714,1195893927.5928464,11572856121.703053,-4649198197.839844,-4314615750.675781,22697473295.250523,0.0005710482294373557,-4.539668717427541e-06,0.000241646765282999,1.5678371847193193e-06,-6.298519343063156e-07,-5.845242471302472e-07,3.074949023580422e-06
Ships,1272195.0,178322265.0,177420840.0,27422675265.0,24771055980.0,25091316090.0,4490809699905.0,3808920857190.0,3490663557990.0,3596311208040.0,2427426741.990381,-97840727.66085173,348132485.04510087,-33498315077.660294,11971710060.777344,929398663.6816406,-35494508.97548674,0.0014998186971567637,-6.045222710566558e-05,0.00021509840075757013,-1.8350113389373634e-05,6.5580085616447434e-06,5.091172741957989e-07,-1.944361269784242e-08
Ships,1277295.0,151961640.0,181352685.0,18475133520.0,21649998015.0,26974560705.0,2291879340600.0,2647474462725.0,3229442899035.0,4166815191915.0,396036653.9748471,74205867.52944918,1225774123.4278333,-368219904.3731349,6684386634.280273,-831508717.1601562,-11157686332.828606,0.00024274648967554852,4.548370378173785e-05,0.0007513253195400623,-1.99700536020977e-07,3.6252130261935306e-06,-4.5096078335496206e-07,-6.051264244427872e-06
Ships,4113405.0,609521655.0,656432220.0,95694377085.0,96282227310.0,115708988190.0,15725443076355.0,15160511063820.0,16781651030490.0,21730357216110.0,5375858020.152499,-987468508.8469433,10953132772.376799,-47669187090.98288,181897114578.89062,-48863273124.46875,-230788480695.34515,0.00031772021439865764,-5.836067566640713e-05,0.0006473444201336628,-1.3891017768370899e-06,5.300564588626529e-06,-1.4238979865489467e-06,-6.725281217729829e-06
Ships,9954435.0,1040334975.0,954426750.0,160992627435.0,84856077915.0,133963724190.0,29325280361535.0,12019090741155.0,10272966163845.0,22232237174610.0,52267535532.92312,-14890771514.48357,42453716729.44975,1575061330350.8662,-304349951786.98047,-872100967839.3516,1246969033969.4912,0.0005274712496313663,-0.00015027404255118,0.00042843257839607845,5.037974110847301e-06,-9.734904591930188e-07,-2.7894927094939145e-06,3.98854164540191e-06
Ships,10815825.0,1509018600.0,1354231050.0,280528850190.0,184064079600.0,219337064760.0,57446245203780.0,33767292260310.0,29609090030760.0,39869221269660.0,69991315129.47899,-4877572391.182338,49776098603.086174,-1223310332761.4846,3785137569.46875,228715400926.34375,-58360774814.15294,0.0005983080558570436,-4.169504243878921e-05,0.0004255019458952504,-3.1797100139633763e-06,9.838582665037812e-09,5.9449236321863e-07,-1.5169522820944352e-07
Ships,1464210.0,174908580.0,232275165.0,21970946370.0,28087507950.0,39153740145.0,2880961230390.0,3568700616390.0,4784739317490.0,6862651707435.0,1077077759.8850582,340860078.85057557,2306735770.0966544,-925462020.9295747,1900841741.0195312,-552240800.6855469,-80366244749.59354,0.0005023892307173203,0.00015898985121952602,0.0010759475798020888,-3.5673866225631e-07,7.327191440780527e-07,-2.1287274898869906e-07,-3.097884731535071e-05
Ships,8439225.0,1001621895.0,986523090.0,155284055655.0,112406548470.0,171322804170.0,27290989390785.0,16309869324810.0,19284528891990.0,32957474602200.0,36405080329.25729,-4680402863.452484,56000863221.2579,219290131376.41763,-731425159173.2031,45082049552.05469,-162413943567.96918,0.0005111600005807571,-6.571705676138408e-05,0.0007863023791681076,1.059894584379263e-06,-3.5351958623058527e-06,2.1789498630433503e-07,-7.849950115624848e-07
Ships,7500570.0,865129065.0,652469265.0,122007894915.0,79354720665.0,76054529025.0,19300604738415.0,11559822529095.0,9501301811265.0,10111189872195.0,22222372067.033215,4097756838.1592093,19296690384.784622,101661726443.73157,1157173878.6132812,16115436216.363281,138049505869.65378,0.00039500434936016484,7.283793866877413e-05,0.00034300013550551657,6.598144302830467e-07,7.510397965533705e-09,1.0459390901400687e-07,8.959817942562407e-07
Ships,4881210.0,772101750.0,474999210.0,142329402600.0,70250236875.0,56434161180.0,28361125494390.0,12469076601315.0,8158782646065.0,7199073268380.0,20199620772.735348,-4884355017.095914,10211144858.099463,-542590166244.3883,163948224922.6953,182730589730.63672,-279964400373.9128,0.0008477898864570626,-0.00020499923399299464,0.00042856771605977433,-1.0307496301555628e-05,3.114497510587292e-06,3.471303011011945e-06,-5.318437747214131e-06
Ships,1841865.0,213551280.0,238151130.0,25386379650.0,27960229290.0,34030872510.0,3089246395230.0,3375948580200.0,4054215799440.0,5237743655490.0,626612137.3764389,348282353.09290045,3238191873.646683,571863261.5876317,12755683399.580078,18510654967.64258,199725357.23452133,0.00018470693946632768,0.0001026634558648423,0.0009545242977422446,1.2420746800060512e-07,2.7705069447557234e-06,4.020474366862937e-06,4.337991716541626e-08
Ships,5429970.0,676964310.0,693958275.0,93197463240.0,88248190425.0,105494482515.0,13890809570100.0,12506366832315.0,13539481564935.0,17564553228735.0,8799082215.100033,1731140643.1107411,16805578627.690197,77715641998.39073,163942898783.29297,-55193601507.0,-213355271279.65524,0.00029843002497324334,5.87134354159301e-05,0.0005699786781108481,1.1311361014497942e-06,2.3861571058494528e-06,-8.033321687658997e-07,-3.105344607254609e-06
Ships,4334745.0,567762600.0,701975220.0,90197696790.0,94508985870.0,124336776510.0,15898022607990.0,15295758576840.0,17176196119710.0,23618690611620.0,15832452707.877525,2564644036.103893,10657838188.58815,-63476366253.05679,17174489499.398438,59986370378.046875,31510129488.935505,0.0008425992937896487,0.00013648973368275233,0.000567207563901993,-1.6225689895192799e-06,4.3901054388421994e-07,1.5333584783541328e-06,8.054550375593001e-07
Ships,1917600.0,305038140.0,223937175.0,51559335870.0,35100198435.0,27337359405.0,9131927951310.0,5877434644305.0,4233593515305.0,3447916333365.0,3036042766.8191485,-522131216.0505322,1185993975.8277924,-35667788428.22269,22453339734.710938,6910116051.0546875,-21538880518.588593,0.0008256421248217412,-0.0001419919150570386,0.0003225272703434789,-7.004564347545774e-06,4.409464951985702e-06,1.3570326241568246e-06,-4.229880270546163e-06
Ships,9132570.0,1281834765.0,1103717010.0,231002625495.0,145811186115.0,174999326850.0,45960963989085.0,25253963957115.0,22809825157935.0,31418888562480.0,51086088883.44319,-9104991274.26203,41609575863.876686,-802985878599.7188,-107937283472.23438,447932118262.83594,211886907678.88245,0.000612514868206538,-0.00010916753762654458,0.000498892838215541,-3.185850436815654e-06,-4.2824170494551134e-07,1.7771728901633476e-06,8.406623520720558e-07
Ships,4946235.0,628326630.0,592410900.0,89463753750.0,76085568390.0,78961086600.0,13803941325690.0,11001347848920.0,10239452502990.0,11308978265880.0,9646609201.235762,830845480.0964093,8007993097.808948,-11597523872.602333,75181268170.14062,9902697579.246094,-66432157243.34611,0.00039429856134644563,3.396024143501577e-05,0.00032732124748391833,-2.1314660008383673e-07,1.3817287100665332e-06,1.819980147366686e-07,-1.220932037579568e-06
Ships,2125170.0,324557625.0,361976325.0,51973484175.0,54807216300.0,65036247285.0,8642560397835.0,8726811169500.0,9766483614720.0,11968423397835.0,2406789771.4272885,-474091241.62166727,3381480908.4251285,-30004399800.271683,19069697389.95703,-4400760185.7734375,-261004764897.53583,0.0005329062380665567,-0.00010497226765388817,0.0007487202627315797,-4.557227950006177e-06,2.8964071443577126e-06,-6.684108815167663e-07,-3.9642792976817725e-05
Ships,6129690.0,662308950.0,575451870.0,91676994630.0,68484437355.0,69115543230.0,14356663259160.0,10225712081715.0,8612873158605.0,9321746468010.0,20114950668.54314,6307243435.6930685,15092443418.019802,104210400088.79974,256140121242.28516,-39256545274.07422,-522386256.15536386,0.0005353551061346702,0.00016786593388037487,0.0004016821508054283,1.1202495679207591e-06,2.7534762356188332e-06,-4.2200325345521736e-07,-5.615590931875574e-09
Ships,6002955.0,717462645.0,489710670.0,113089378035.0,54626770650.0,69042008370.0,20429090770515.0,8007639251340.0,7710087270780.0,11695451929350.0,27339502020.537792,-3902589070.8245153,29092260235.648018,377708217810.24414,-285135112818.8906,95040527295.16211,1316532100591.4287,0.000758683124780363,-0.00010829855162550596,0.0008073229309708826,4.27802890377908e-06,-3.2295200279024463e-06,1.0764555909222283e-06,1.4911410749110697e-05
Ships,10045470.0,1226345235.0,1029331215.0,203382901785.0,111465477090.0,156444850845.0,38152675819995.0,17340528463530.0,15174773000640.0,28311546728475.0,53671376549.52519,-14194689209.03931,50972160152.24235,219465501382.76242,-33789558121.273438,-1014944752125.75,1835131042385.448,0.0005318659798343454,-0.0001406647783226363,0.0005051176184875658,6.861840344198413e-07,-1.0564692476418626e-07,-3.1733410505929915e-06,5.737747456521384e-06
Ships,1136535.0,94892895.0,156436890.0,11881346835.0,13050947430.0,21953107590.0,1872175192245.0,1622599938570.0,1825687496550.0,3136742624850.0,3958439470.52726,-10462361.072471095,420554212.5218774,219158822530.53,-11045607248.948242,-4366602096.416016,-737754884.5773718,0.0030644912057401674,-8.099609388139852e-06,0.00032557898015265346,0.00015914827003747712,-8.021074693165256e-06,-3.1709294728019506e-06,-5.357412137758277e-07
Ships,10435620.0,1143230025.0,1161157800.0,174373882485.0,118580477655.0,179349688560.0,30217924134615.0,17195759511375.0,17359805942565.0,32080784720520.0,49132172834.63897,-8625233239.316286,50149177569.676476,350201048802.0946,-316792933052.10156,-368650558427.58594,964712345687.9784,0.0004511588261988071,-7.920166928170956e-05,0.00046049752701390043,9.954553873772393e-07,-9.00491968737546e-07,-1.04789858768742e-06,2.7422193767532996e-06
Ships,1225785.0,180133530.0,152775855.0,29013512910.0,22268106540.0,19168501725.0,5030937766050.0,3566648732880.0,2770083163650.0,2420569640565.0,2542240516.993967,-182856769.15955895,127265398.09028488,20114485418.26699,4289125972.935547,-1216601017.9980469,-222260230.13700172,0.0016919519718390829,-0.00012169771863657775,8.469967330249042e-05,1.2091304832122358e-05,2.5782976061142164e-06,-7.313283666867061e-07,-1.3360601271974756e-07
Ships,4275330.0,581547135.0,738406560.0,93173635275.0,100912872270.0,138503664630.0,16291964785665.0,16283116982580.0,19039535823330.0,27312645666900.0,14069315789.320946,471919306.5549308,10970995139.917679,-209404986748.10205,62401822004.359375,36711251641.046875,-398460635752.3444,0.0007697216339199428,2.5818348607651785e-05,0.0006002148527531747,-5.540678031533748e-06,1.6510991914588059e-06,9.713485272551622e-07,-1.0542929875876013e-05
Ships,470220.0,53460495.0,61108200.0,6234880815.0,6944993595.0,7976701920.0,744366726765.0,809902800315.0,906277159635.0,1045736092260.0,156822617.46475098,-2551427.668112318,35287034.96746286,-151677704.45226252,218944573.01757812,48996634.291015625,-60663828.940062426,0.0007092616922522738,-1.153934256932911e-05,0.00015959268210284373,-1.0003892227117214e-06,1.4440473766989262e-06,3.23156953560741e-07,-4.001078530244109e-07
Ships,297840.0,25080015.0,48147315.0,2153939355.0,4075398270.0,7938971355.0,188510028825.0,352072518210.0,675663765630.0,1333837382415.0,42043194.644691885,21089304.079623483,155718797.55565116,54081883.13890165,325819508.0296631,333697804.06933594,117806133.00921088,0.0004739468727245953,0.0002377366848771929,0.0017553955580597884,1.117105647458895e-06,6.73006913493374e-06,6.892801800430386e-06,2.433382287223291e-06
Ships,4401555.0,523008060.0,682311405.0,75403042020.0,83160001260.0,113083733355.0,12210532254060.0,12198982541610.0,14100464225700.0,19891363840725.0,13257406937.63398,2085389163.8375616,7314555554.63762,100298463696.446,14718974805.167969,16924744708.539062,93830845461.70961,0.0006842996552942799,0.00010764028687371266,0.00037755104510374767,2.4676237889158495e-06,3.621281028552037e-07,4.1639623504620554e-07,2.3085022228870474e-06
Ships,7983030.0,1164312915.0,1096703235.0,190779171825.0,157136951955.0,175189347495.0,33748062052155.0,25839883025805.0,24727625106495.0,30449868019425.0,20965884885.60514,-2815564875.424053,24525002545.843445,-192478665126.33118,452061883188.0625,-49876875132.46875,-355981814049.9008,0.00032898619492987495,-4.4180437887452956e-05,0.0003848340917745935,-1.0689642836223676e-06,2.5106055613900785e-06,-2.7700004081131795e-07,-1.9770079171563527e-06
Ships,9035160.0,1108158600.0,1246551435.0,197527715460.0,146886177630.0,231073043745.0,40031604486300.0,25639580111430.0,27220517566050.0,47487507154515.0,61612526049.52359,-6002835186.329875,59090424721.03593,691411524099.0928,-140181429783.0625,535888292963.3047,-697908680033.7113,0.0007547399163268242,-7.353341303702899e-05,0.0007238447288108878,2.817714550081557e-06,-5.712824281684396e-07,2.183909564233214e-06,-2.8441924582057784e-06
Ships,9933015.0,1174112055.0,943517850.0,197284628295.0,104195247825.0,135434275020.0,38088730922985.0,17074814155305.0,14245804118265.0,23220234128400.0,58501074892.903755,-7331381480.672219,45811342479.515305,939094596875.9746,68311942791.921875,-370144450907.6094,1652533414472.6553,0.0005929275953203003,-7.430595761990101e-05,0.00046431299227407203,3.0199977093900713e-06,2.196817141125941e-07,-1.1903331119176459e-06,5.314317793968825e-06
Ships,2475540.0,308198355.0,326071560.0,41335505355.0,40371969495.0,47442843330.0,5841877555995.0,5395607603775.0,5804827914435.0,7249213788330.0,2965603828.58313,-223100026.91594288,4493562671.705815,-42706492982.89382,6555279069.558594,-42911618436.08008,-183591949444.56952,0.0004839196278431901,-3.6404890281164015e-05,0.0007332480336123813,-4.4291362342430066e-06,6.798550296365115e-07,-4.450410015202653e-06,-1.9040518169589892e-05
Ships,2108340.0,298706490.0,266894220.0,45161472060.0,41280464625.0,41289086430.0,7220287896480.0,6758315907435.0,6852370870905.0,7379045636340.0,2841178763.795353,3467286647.30769,7503015554.615384,16809390040.161924,58856660829.71289,124748374860.18164,252661141694.30008,0.0006391712956256705,0.0007800248709816393,0.0016879304583907217,2.6043559049055165e-06,9.118932442441403e-06,1.932783794761367e-05,3.9145949659062175e-05
