Clase,0,1,2,3,4,5,6,7,8,9,10,11,12,13,14,15,16,17,18,19,20,21,22,23,24,25,26,27,28,29,30,31,32,33,34,35,36,37,38,39,40,41,42,43,44
Motorcycles,13647.999999994645,8207.870366123792,8207.870366123792,2327.5009895089024,12366.507936503085,2327.5009895089024,1146.0985915768656,8249.962939442685,8249.962939442685,1146.0985915768656,1656.2404769866869,2335.708813258764,12384.015549071915,2335.708813258764,1656.2404769866869,2051.406522453644,1129.8328322315292,8266.42668834714,8266.42668834714,1129.8328322315292,2051.406522453644,2013.1934486425516,1643.1098145533308,2339.665042319619,12396.085829153715,2339.665042319619,1643.1098145533308,2013.1934486425516,848.2086919897591,2049.5580765556097,1124.6679014098509,8254.854366521033,8254.854366521033,1124.6679014098509,2049.5580765556097,848.2086919897591,472.03230872622845,2016.1601015635683,1639.4848525113011,2330.314908534182,12384.769374355397,2330.314908534182,1639.4848525113011,2016.1601015635683,472.03230872622845
Motorcycles,3802.9999999985084,1052.972317947685,1052.972317947685,1839.5613170551565,2855.331065758517,1839.5613170551565,847.6274225660044,984.7606051093429,984.7606051093429,847.6274225660044,992.5933153318148,1820.3349320423615,3095.2494022540195,1820.3349320423615,992.5933153318148,690.4994044144541,904.735312570065,956.2512378835669,956.2512378835669,904.735312570065,690.4994044144541,558.0337427723376,910.4692204576926,1832.284905498951,3048.6496039723825,1832.284905498951,910.4692204576926,558.0337427723376,512.4592589142766,676.5800518169482,847.8772515730826,962.0759946680748,962.0759946680748,847.8772515730826,676.5800518169482,512.4592589142766,456.00799715747934,549.505464535678,930.5971155409533,1834.539826941363,3016.34489717601,1834.539826941363,930.5971155409533,549.505464535678,456.00799715747934
Motorcycles,26997.999999989406,6249.449510493824,6249.449510493824,4088.9809151885916,26978.498866202564,4088.9809151885916,4639.35605519699,6251.908323111119,6251.908323111119,4639.35605519699,3617.0812407836493,4084.1986899319722,26984.469958494356,4084.1986899319722,3617.0812407836493,1986.9737715884514,4640.775935761974,6241.887862727267,6241.887862727267,4640.775935761974,1986.9737715884514,1617.7775066641875,3615.94760989246,4081.5808441813297,26968.784320292303,4081.5808441813297,3615.94760989246,1617.7775066641875,2085.6948188754254,1986.205758569074,4640.350509306456,6247.898054224063,6247.898054224063,4640.350509306456,1986.205758569074,2085.6948188754254,1318.082539093231,1612.33895489422,3615.253046135802,4076.906576988521,26969.83222787913,4076.906576988521,3615.253046135802,1612.33895489422,1318.082539093231
Motorcycles,4116.999999998386,1358.4701908184495,1358.4701908184495,746.7307992636867,3836.4739229009892,746.7307992636867,720.0127591166421,1336.7483229975137,1336.7483229975137,720.0127591166421,1427.3072837664747,727.2977758277865,3853.352507441375,727.2977758277865,1427.3072837664747,495.6803096049936,725.6166758677579,1345.2500746349474,1345.2500746349474,725.6166758677579,495.6803096049936,456.6904764743859,1472.9122426518952,718.1004572512087,3882.7442130077143,718.1004572512087,1472.9122426518952,456.6904764743859,780.6095314934188,471.178428153208,704.4590952107357,1339.6164538010576,1339.6164538010576,704.4590952107357,471.178428153208,780.6095314934188,840.8052686387077,500.9987717732251,1434.7527081120597,729.3373615802608,3852.616993292472,729.3373615802608,1434.7527081120597,500.9987717732251,840.8052686387077
Motorcycles,10478.999999995889,1755.8761410729105,1755.8761410729105,2939.6372069875742,9862.333333329465,2939.6372069875742,2363.646760041025,1897.1054847603182,1897.1054847603182,2363.646760041025,1781.215068739968,2967.5182334988735,9723.00049361767,2967.5182334988735,1781.215068739968,1418.5025725496719,2272.2936530946586,1867.4350478345518,1867.4350478345518,2272.2936530946586,1418.5025725496719,809.0213980916948,1794.8326765656152,2990.153011442557,9815.185256992907,2990.153011442557,1794.8326765656152,809.0213980916948,1038.0807725604557,1409.9973920378368,2324.3869730887914,1841.8343790765223,1841.8343790765223,2324.3869730887914,1409.9973920378368,1038.0807725604557,563.932374182308,838.1042209488338,1816.8759450292328,2970.174962437,9792.793524893907,2970.174962437,1816.8759450292328,838.1042209488338,563.932374182308
Motorcycles,4303.999999998312,4008.4147720095325,4008.4147720095325,3215.134795826846,4303.999999998312,3215.134795826846,2190.3419247114207,4008.4147720095325,4008.4147720095325,2190.3419247114207,1370.031970089651,3215.134795826846,4303.999999998312,3215.134795826846,1370.031970089651,1223.6650028759534,2190.3419247114207,4008.4147720095325,4008.4147720095325,2190.3419247114207,1223.6650028759534,1415.9996213757006,1370.031970089651,3215.134795826846,4303.999999998312,3215.134795826846,1370.031970089651,1415.9996213757006,1425.5222067293405,1223.6650028759534,2190.3419247114207,4008.4147720095325,4008.4147720095325,2190.3419247114207,1223.6650028759534,1425.5222067293405,1178.4308085937712,1415.9996213757006,1370.031970089651,3215.134795826846,4303.999999998312,3215.134795826846,1370.031970089651,1415.9996213757006,1178.4308085937712
Motorcycles,16140.99999999367,6839.459369817345,6839.459369817345,1335.246801064877,15602.945578225172,1335.246801064877,4192.030096482223,6717.3866613145965,6717.3866613145965,4192.030096482223,3578.4968047320626,1265.919460551927,15526.434464028958,1265.919460551927,3578.4968047320626,3801.120863231153,4081.7756953222824,6752.0731431528975,6752.0731431528975,4081.7756953222824,3801.120863231153,1805.789344856428,3632.671660877029,1301.8929275605278,15588.966037282666,1301.8929275605278,3632.671660877029,1805.789344856428,1771.2528288253948,3791.3694142921363,4097.535572877765,6732.618591405974,6732.618591405974,4097.535572877765,3791.3694142921363,1771.2528288253948,566.3140333956088,1794.3042904931997,3603.8514131017196,1277.429578242547,15542.526136707394,1277.429578242547,3603.8514131017196,1794.3042904931997,566.3140333956088
Motorcycles,9170.999999996402,2035.889082324773,2035.889082324773,953.0289196362189,8663.861678001136,953.0289196362189,1742.865604897664,2061.152344527438,2061.152344527438,1742.865604897664,597.685931311636,1043.7401775314165,8575.710136205314,1043.7401775314165,597.685931311636,1558.900757862791,1722.6291678866573,2057.090918980376,2057.090918980376,1722.6291678866573,1558.900757862791,875.2486077244929,602.2434972195709,994.6123919684059,8642.556238292615,994.6123919684059,602.2434972195709,875.2486077244929,283.7975865669148,1560.1478202157111,1739.0282880608918,2050.998922569646,2050.998922569646,1739.0282880608918,1560.1478202157111,283.7975865669148,1065.4849199273078,858.8379580368788,609.2728555142738,977.057038508948,8613.928232022205,977.057038508948,609.2728555142738,858.8379580368788,1065.4849199273078
Motorcycles,5583.99999999781,192.64935835635498,192.64935835635498,1706.7027136129964,5189.886621313158,1706.7027136129964,1415.1532025879992,179.7750068322462,179.7750068322462,1415.1532025879992,789.0493745522718,1688.3048032798706,5092.724821445857,1688.3048032798706,789.0493745522718,858.2554011281247,1470.983492356817,201.77998960733723,201.77998960733723,1470.983492356817,858.2554011281247,217.28861276516602,748.1784680441261,1732.8662790335418,5085.348398347512,1732.8662790335418,748.1784680441261,217.28861276516602,228.45320915487878,844.2372789624862,1429.2813036684788,241.06601040722265,241.06601040722265,1429.2813036684788,844.2372789624862,228.45320915487878,497.72705394342677,222.59394047373718,737.654472052856,1715.0953010054488,5109.99949253118,1715.0953010054488,737.654472052856,222.59394047373718,497.72705394342677
Motorcycles,9141.999999996415,3889.437972595037,3889.437972595037,2896.2426118572307,9133.591836731111,2896.2426118572307,3230.574980631534,3893.716731286868,3893.716731286868,3230.574980631534,1449.2589121638869,2887.4848179974642,9121.602326187669,2887.4848179974642,1449.2589121638869,821.4852810445867,3244.0033327091646,3897.9710883275043,3897.9710883275043,3244.0033327091646,821.4852810445867,1614.1393379272242,1436.7445327001856,2880.26341368127,9111.903605780346,2880.26341368127,1436.7445327001856,1614.1393379272242,1017.3554748255243,811.7471677218488,3252.241782126806,3900.2267891670394,3900.2267891670394,3252.241782126806,811.7471677218488,1017.3554748255243,261.38479396040015,1607.029901396176,1431.4014276245796,2876.6302058210767,9107.303452411948,2876.6302058210767,1431.4014276245796,1607.029901396176,261.38479396040015
Motorcycles,7195.999999997178,2181.2121967853477,2181.2121967853477,334.70895363017314,7007.9138321967985,334.70895363017314,2619.6965866105716,2149.8175923527733,2149.8175923527733,2619.6965866105716,1089.9769609608948,361.9584901575058,7004.812377555986,361.9584901575058,1089.9769609608948,87.39320272714835,2637.42537088802,2135.998483978639,2135.998483978639,2637.42537088802,87.39320272714835,1146.9248897090126,1132.7359809954417,338.1270053548432,7026.897009481911,338.1270053548432,1132.7359809954417,1146.9248897090126,497.7825619647316,83.85202334580364,2626.5775766814672,2148.2553203643606,2148.2553203643606,2626.5775766814672,83.85202334580364,497.7825619647316,282.45565225819286,1163.4499727320351,1120.236777565575,343.0073233873847,7008.102400116477,343.0073233873847,1120.236777565575,1163.4499727320351,282.45565225819286
Motorcycles,1943.9999999992376,896.1048434007907,896.1048434007907,96.88913336952969,1668.866213151273,96.88913336952969,522.9897017347199,885.4604252484285,885.4604252484285,522.9897017347199,678.7093658172639,200.20881397833458,1593.2884137775848,200.20881397833458,678.7093658172639,428.63246443960287,459.5731837574573,882.4102490148651,882.4102490148651,459.5731837574573,428.63246443960287,332.8732744476858,614.0629675419223,158.53084187844348,1605.4101076804675,158.53084187844348,614.0629675419223,332.8732744476858,348.77870802688653,415.82177300694724,463.01871922098627,876.2040981643506,876.2040981643506,463.01871922098627,415.82177300694724,348.77870802688653,269.80686691389116,336.3298629637709,639.9936769217795,162.6224511235416,1601.7797271242175,162.6224511235416,639.9936769217795,336.3298629637709,269.80686691389116
Motorcycles,37203.999999985404,969.1836793108274,969.1836793108274,5904.969043560941,36989.83673467936,5904.969043560941,5800.076647076262,1090.7775310629218,1090.7775310629218,5800.076647076262,6827.17090855138,5834.896125784021,36913.40466162341,5834.896125784021,6827.17090855138,486.79285943841825,5834.915026422275,1105.9445535920768,1105.9445535920768,5834.915026422275,486.79285943841825,1848.6214819260535,6811.806818623009,5838.875642803244,36959.54589151533,5838.875642803244,6811.806818623009,1848.6214819260535,3131.034169645001,500.3940852428136,5815.956477170748,1085.666242343095,1085.666242343095,5815.956477170748,500.3940852428136,3131.034169645001,1948.8849936573647,1846.6189771552688,6806.8874096295085,5857.097996084479,36959.14170140986,5857.097996084479,6806.8874096295085,1846.6189771552688,1948.8849936573647
Motorcycles,15483.999999993925,3108.6887118465875,3108.6887118465875,4868.414101337405,14483.596371876403,4868.414101337405,4740.49030650486,2977.250028842007,2977.250028842007,4740.49030650486,1867.142261874694,4885.351845272234,14560.242738359475,4885.351845272234,1867.142261874694,3690.0743061868748,4744.942416976134,3033.0351088936836,3033.0351088936836,4744.942416976134,3690.0743061868748,79.47544142219957,1875.839301192829,4919.8146409852225,14471.887573946744,4919.8146409852225,1875.839301192829,79.47544142219957,280.30990237583393,3737.92732512427,4739.001945506261,3055.7024930405355,3055.7024930405355,4739.001945506261,3737.92732512427,280.30990237583393,756.7938203722847,64.82271854333294,1854.2594171169662,4894.01202196897,14507.82003436244,4894.01202196897,1854.2594171169662,64.82271854333294,756.7938203722847
Motorcycles,14239.999999994416,3268.2337423401164,3268.2337423401164,2320.2585270724517,13693.623582761069,2320.2585270724517,2457.366732268155,3142.2143975209387,3142.2143975209387,2457.366732268155,2073.06980822939,2262.5565617205016,13648.452527490907,2262.5565617205016,2073.06980822939,520.1599545115467,2379.0304145800246,3186.1302959138775,3186.1302959138775,2379.0304145800246,520.1599545115467,2658.746885790983,2017.2930674828526,2220.8987184600305,13716.304328226975,2220.8987184600305,2017.2930674828526,2658.746885790983,969.9122540902475,549.6635329578263,2395.7011130126107,3177.92875934966,3177.92875934966,2395.7011130126107,549.6635329578263,969.9122540902475,1424.0103319566238,2659.0578103698595,2033.2151694311194,2265.746112894086,13687.425124028738,2265.746112894086,2033.2151694311194,2659.0578103698595,1424.0103319566238
Motorcycles,41311.99999998379,3871.1260845297948,3871.1260845297948,1928.4223217231777,40779.61451245566,1928.4223217231777,1026.0271497130418,3636.162577856759,3636.162577856759,1026.0271497130418,3776.5819992814418,1972.268916890602,40784.14925878048,1972.268916890602,3776.5819992814418,4931.695901090631,999.8783886375794,3705.2829139411683,3705.2829139411683,999.8783886375794,4931.695901090631,821.239892527059,3808.69755983494,1961.2328079291285,40812.427680023284,1961.2328079291285,3808.69755983494,821.239892527059,801.732206701276,4919.234085430288,1029.0354622510524,3670.8231298454125,3670.8231298454125,1029.0354622510524,4919.234085430288,801.732206701276,2446.711074802328,823.8089677039834,3791.137495173338,1974.1223258933112,40791.14091470411,1974.1223258933112,3791.137495173338,823.8089677039834,2446.711074802328
Motorcycles,7213.9999999971715,107.0195338812555,107.0195338812555,672.7519206880771,6598.290249430519,672.7519206880771,1914.6934983499534,228.6761156709679,228.6761156709679,1914.6934983499534,1283.3251415054385,677.0112513391026,6430.390886510813,677.0112513391026,1283.3251415054385,861.0745034235596,1926.806724288796,205.4650452193374,205.4650452193374,1926.806724288796,861.0745034235596,559.6655905777362,1288.748026280686,661.7662618955459,6528.280597250987,661.7662618955459,1288.748026280686,559.6655905777362,351.82314416529437,863.1146035868204,1919.705303138425,214.69173741053467,214.69173741053467,1919.705303138425,863.1146035868204,351.82314416529437,282.70075261292055,543.8844349123225,1257.4721600425887,676.0395127266845,6505.824121404334,676.0395127266845,1257.4721600425887,543.8844349123225,282.70075261292055
Motorcycles,3788.999999998514,2593.144456595814,2593.144456595814,1262.0420715687267,3644.052154193582,1262.0420715687267,714.9525246962231,2616.963700398676,2616.963700398676,714.9525246962231,580.2990867073514,1234.4342396010884,3596.8826414905598,1234.4342396010884,580.2990867073514,635.2135942311863,720.7034481086055,2617.313331437796,2617.313331437796,720.7034481086055,635.2135942311863,668.7224321317096,597.8215659015651,1223.941651428155,3628.7436502681276,1223.941651428155,597.8215659015651,668.7224321317096,571.5546176635186,645.9069036158089,735.5506430981176,2625.445484524854,2625.445484524854,735.5506430981176,645.9069036158089,571.5546176635186,404.6136215125735,671.5606983077671,586.5173504333976,1247.556048253943,3629.6822960056998,1247.556048253943,586.5173504333976,671.5606983077671,404.6136215125735
Motorcycles,11524.99999999548,2368.657536140574,2368.657536140574,1164.979066415769,10681.848072558168,1164.979066415769,2918.951709408239,2322.17011019417,2322.17011019417,2918.951709408239,1366.8011660108243,1208.5118846289245,10487.872506821746,1208.5118846289245,1366.8011660108243,1142.56077867338,2940.7283267166945,2338.95185187503,2338.95185187503,2940.7283267166945,1142.56077867338,360.1812778017778,1369.7427095797334,1170.4615548190282,10584.46288289806,1170.4615548190282,1369.7427095797334,360.1812778017778,341.2137628299017,1128.7239172100738,2970.3056947742166,2276.8322264994445,2276.8322264994445,2970.3056947742166,1128.7239172100738,341.2137628299017,1209.631330217648,362.3374457416102,1374.1274729552808,1188.20839386005,10589.484079859856,1188.20839386005,1374.1274729552808,362.3374457416102,1209.631330217648
Motorcycles,6592.999999997415,2564.5504252471574,2564.5504252471574,406.79575483010046,6358.378684804763,406.79575483010046,1274.860625461006,2691.4004838389064,2691.4004838389064,1274.860625461006,486.47515373930156,338.93170442969557,6306.958073022655,338.93170442969557,486.47515373930156,405.77484156854445,1336.6504040149623,2678.705765579374,2678.705765579374,1336.6504040149623,405.77484156854445,581.5409236861352,498.4545880268323,358.10456863450423,6321.1708651809895,358.10456863450423,498.4545880268323,581.5409236861352,691.8870305620618,441.7368357852925,1283.0544578575534,2680.6524242711985,2680.6524242711985,1283.0544578575534,441.7368357852925,691.8870305620618,458.13884820548475,572.7875761171541,506.3217231722145,379.5302677732252,6328.300353474144,379.5302677732252,506.3217231722145,572.7875761171541,458.13884820548475
Motorcycles,7736.999999996966,5332.252872023445,5332.252872023445,2641.259805081032,7357.045351471037,2641.259805081032,1938.718861596129,5185.605930898958,5185.605930898958,1938.718861596129,2336.389711573477,2672.4325869885674,7339.125966029793,2672.4325869885674,2336.389711573477,1905.5075209184185,1941.8929272393984,5198.6819956385425,5198.6819956385425,1941.8929272393984,1905.5075209184185,917.1262356222777,2292.8363024845676,2635.59213540121,7307.423327175473,2635.59213540121,2292.8363024845676,917.1262356222777,442.87773080990786,1906.1530314304073,1916.5480831758002,5155.109621528922,5155.109621528922,1916.5480831758002,1906.1530314304073,442.87773080990786,658.5543142637871,923.2986646902606,2304.446967227256,2635.3557965447612,7317.363902562206,2635.3557965447612,2304.446967227256,923.2986646902606,658.5543142637871
Motorcycles,8655.999999996604,1310.064287753743,1310.064287753743,3631.8157688487236,7801.492063489003,3631.8157688487236,1971.1102209049786,1398.007250349198,1398.007250349198,1971.1102209049786,2129.6218044196594,3771.893656615778,7676.768815459682,3771.893656615778,2129.6218044196594,851.5986573393096,1945.4653788257958,1356.9585430193545,1356.9585430193545,1945.4653788257958,851.5986573393096,929.6527820412371,2143.683312083502,3698.0274748110537,7762.378092833869,3698.0274748110537,2143.683312083502,929.6527820412371,777.0248308214786,860.5388165437486,1943.0164642778218,1390.0026205576544,1390.0026205576544,1943.0164642778218,860.5388165437486,777.0248308214786,213.20496640646948,931.1477358242817,2130.8319196088482,3716.3373975505647,7738.256437642394,3716.3373975505647,2130.8319196088482,931.1477358242817,213.20496640646948
Motorcycles,7326.999999997126,3710.297258016733,3710.297258016733,4486.978279547298,6759.045351471272,4486.978279547298,2599.1232052787473,3747.259377877817,3747.259377877817,2599.1232052787473,3356.7454283362717,4532.1629016202305,6803.817807392397,4532.1629016202305,3356.7454283362717,1811.2199409875086,2577.648812100806,3742.222531556487,3742.222531556487,2577.648812100806,1811.2199409875086,2150.8251040359664,3319.4805777507677,4571.100398450663,6730.150203700754,4571.100398450663,3319.4805777507677,2150.8251040359664,827.0963009236871,1779.6473220548535,2551.272890397671,3745.6518921920992,3745.6518921920992,2551.272890397671,1779.6473220548535,827.0963009236871,508.0421126907881,2151.7744549923864,3319.731388214179,4549.330356150445,6773.202759220827,4549.330356150445,3319.731388214179,2151.7744549923864,508.0421126907881
Motorcycles,5639.999999997788,1289.3512538399011,1289.3512538399011,204.47900604181322,4940.7346938756145,204.47900604181322,1907.5531388490092,1188.0854216501175,1188.0854216501175,1907.5531388490092,771.9803321212223,218.73188559088337,5036.1801101373185,218.73188559088337,771.9803321212223,675.6854362390301,1949.5923048543914,1204.5403389127625,1204.5403389127625,1949.5923048543914,675.6854362390301,273.67281490561413,779.8982240207699,192.59829862928922,5038.132935775778,192.59829862928922,779.8982240207699,273.67281490561413,437.46836206915435,727.6483036547395,1950.8037158140041,1201.8216824067965,1201.8216824067965,1950.8037158140041,727.6483036547395,437.46836206915435,385.5658567673343,255.23443456236544,768.4984548964923,208.81643637176668,5021.653652171258,208.81643637176668,768.4984548964923,255.23443456236544,385.5658567673343
Motorcycles,3873.9999999984802,3276.5748692705515,3276.5748692705515,1859.3050737805372,3873.9999999984802,1859.3050737805372,472.1807907644937,3276.5748692705515,3276.5748692705515,472.1807907644937,420.2530106608788,1859.3050737805372,3873.9999999984802,1859.3050737805372,420.2530106608788,481.6701317595386,472.1807907644937,3276.5748692705515,3276.5748692705515,472.1807907644937,481.6701317595386,401.80610252174273,420.2530106608788,1859.3050737805372,3873.9999999984802,1859.3050737805372,420.2530106608788,401.80610252174273,648.965372950634,481.6701317595386,472.1807907644937,3276.5748692705515,3276.5748692705515,472.1807907644937,481.6701317595386,648.965372950634,826.6346828343582,401.80610252174273,420.2530106608788,1859.3050737805372,3873.9999999984802,1859.3050737805372,420.2530106608788,401.80610252174273,826.6346828343582
Motorcycles,5824.999999997715,5350.863670909676,5350.863670909676,4083.727556136082,5824.999999997715,4083.727556136082,2428.2189739850737,5350.863670909676,5350.863670909676,2428.2189739850737,898.2509246301827,4083.727556136082,5824.999999997715,4083.727556136082,898.2509246301827,433.3088191541746,2428.2189739850737,5350.863670909676,5350.863670909676,2428.2189739850737,433.3088191541746,798.7577557115774,898.2509246301827,4083.727556136082,5824.999999997715,4083.727556136082,898.2509246301827,798.7577557115774,713.8743006026177,433.3088191541746,2428.2189739850737,5350.863670909676,5350.863670909676,2428.2189739850737,433.3088191541746,713.8743006026177,370.5797109178291,798.7577557115774,898.2509246301827,4083.727556136082,5824.999999997715,4083.727556136082,898.2509246301827,798.7577557115774,370.5797109178291
Motorcycles,8373.999999996715,2453.763019366187,2453.763019366187,1400.482077671824,8180.902494327858,1400.482077671824,1459.7665312322222,2454.0231935947168,2454.0231935947168,1459.7665312322222,1417.2347580813232,1496.3740421197758,8131.949804862068,1496.3740421197758,1417.2347580813232,1340.385833900888,1444.8983039301377,2477.7748049970664,2477.7748049970664,1444.8983039301377,1340.385833900888,1042.9638933507492,1461.0541026570893,1456.9494285087246,8171.256351417888,1456.9494285087246,1461.0541026570893,1042.9638933507492,1129.1695125002093,1332.0210839384501,1452.5999459307527,2469.677478157072,2469.677478157072,1452.5999459307527,1332.0210839384501,1129.1695125002093,1121.1869645036652,1045.819257649778,1432.5639153124087,1458.8179642384464,8157.609913634394,1458.8179642384464,1432.5639153124087,1045.819257649778,1121.1869645036652
Motorcycles,5495.999999997844,4971.9850966974345,4971.9850966974345,3634.639540146352,5462.108843535272,3634.639540146352,2013.1861978153145,4932.861076519089,4932.861076519089,2013.1861978153145,748.8131383792098,3603.648866372763,5421.300816015891,3603.648866372763,748.8131383792098,618.5237866146251,2000.678280071696,4901.761627721352,4901.761627721352,2000.678280071696,618.5237866146251,791.1724214208192,760.5827539907123,3588.1419810295224,5400.067728489415,3588.1419810295224,760.5827539907123,791.1724214208192,718.2663695725474,627.1855294597028,1998.9994022173664,4893.69496210806,4893.69496210806,1998.9994022173664,627.1855294597028,718.2663695725474,570.3110448619719,792.5254134578378,763.6323096109937,3589.763584826983,5401.276857759349,3589.763584826983,763.6323096109937,792.5254134578378,570.3110448619719
Motorcycles,11323.999999995558,987.1651373545634,987.1651373545634,4810.884973306108,10496.521541945996,4810.884973306108,1328.2969497191787,996.11308726412,996.11308726412,1328.2969497191787,1089.6596240811375,4766.71945322234,10586.137936349529,4766.71945322234,1089.6596240811375,2222.1773848102584,1292.7298578026762,970.7073339592853,970.7073339592853,1292.7298578026762,2222.1773848102584,1423.2278671590534,1117.467463329418,4793.030742832124,10530.717847034795,4793.030742832124,1117.467463329418,1423.2278671590534,1654.014525107156,2165.962839624477,1271.3483818636432,961.8736305201237,961.8736305201237,1271.3483818636432,2165.962839624477,1654.014525107156,577.9906307616038,1431.8121017289577,1115.0859263544494,4766.016169147287,10554.388717755923,4766.016169147287,1115.0859263544494,1431.8121017289577,577.9906307616038
Motorcycles,4620.999999998188,775.6154963703602,775.6154963703602,336.66153915401736,3984.215419499571,336.66153915401736,1029.6320160976857,818.9666130416196,818.9666130416196,1029.6320160976857,382.73629374677563,487.92761387622676,3921.522436637517,487.92761387622676,382.73629374677563,327.97599644280723,1041.1606045042195,840.347337813465,840.347337813465,1041.1606045042195,327.97599644280723,425.08737285883683,405.98501930317747,399.1447605153943,3968.6276388653105,399.1447605153943,405.98501930317747,425.08737285883683,160.1173161375481,270.8039480791579,1027.3356772524614,833.7795725978498,833.7795725978498,1027.3356772524614,270.8039480791579,160.1173161375481,265.96745023281557,441.626206586554,402.6057302131494,412.7357787892707,3992.3562318998984,412.7357787892707,402.6057302131494,441.626206586554,265.96745023281557
Motorcycles,43495.99999998293,3849.176820929368,3849.176820929368,5102.018567137391,43308.934240345814,5102.018567137391,2889.902846997343,3912.376542568031,3912.376542568031,2889.902846997343,9121.599450745205,5162.316571328062,43203.11617071438,5162.316571328062,9121.599450745205,2509.767470424159,2871.6108467530316,3929.6381183642675,3929.6381183642675,2871.6108467530316,2509.767470424159,1038.2870533932592,9131.408040118413,5138.117416636633,43210.911162678625,5138.117416636633,9131.408040118413,1038.2870533932592,1228.1907228620464,2472.819347073386,2867.603308338862,3923.4899785117072,3923.4899785117072,2867.603308338862,2472.819347073386,1228.1907228620464,1833.4707572338498,1024.532664563425,9126.303617653397,5139.357334876229,43218.79096126686,5139.357334876229,9126.303617653397,1024.532664563425,1833.4707572338498
Motorcycles,6084.9999999976135,1265.6817498950554,1265.6817498950554,601.4914068391537,5832.759637185922,601.4914068391537,983.4451959973139,1099.0238715591793,1099.0238715591793,983.4451959973139,1375.773889804744,665.7754111793835,5767.483162877403,665.7754111793835,1375.773889804744,899.7727546379931,968.0917511501215,1120.1632100084435,1120.1632100084435,968.0917511501215,899.7727546379931,554.4426782263246,1368.6030176322577,628.0277976637794,5795.809022618676,628.0277976637794,1368.6030176322577,554.4426782263246,47.81340854317934,889.3269536484685,960.2664200828176,1128.1688963845368,1128.1688963845368,960.2664200828176,889.3269536484685,47.81340854317934,210.81343481517163,532.8831225442746,1377.6273747642056,647.7007520584809,5784.722882534983,647.7007520584809,1377.6273747642056,532.8831225442746,210.81343481517163
Motorcycles,10864.999999995738,1204.800848381783,1204.800848381783,1489.1142301501825,9888.673469383877,1489.1142301501825,181.0754381329217,1202.3196550774223,1202.3196550774223,181.0754381329217,438.78180432727135,1448.1627018673096,9960.230320695802,1448.1627018673096,438.78180432727135,197.36550746254667,184.6675813687017,1207.1800397072484,1207.1800397072484,184.6675813687017,197.36550746254667,299.07167552969446,444.4064222913824,1447.7192259588664,9935.526811859261,1447.7192259588664,444.4064222913824,299.07167552969446,74.34342448043618,173.18985566926995,223.27382261974142,1220.7483341398163,1220.7483341398163,223.27382261974142,173.18985566926995,74.34342448043618,37.72299365620766,280.9604798011647,443.424261015097,1454.1545800720924,9964.482850706205,1454.1545800720924,443.424261015097,280.9604798011647,37.72299365620766
Motorcycles,20776.999999991847,15104.347830163304,15104.347830163304,4477.704042626248,20695.947845796865,4477.704042626248,4299.159414171196,15031.900548726315,15031.900548726315,4299.159414171196,5651.955135755663,4411.699148429626,20654.97763276836,4411.699148429626,5651.955135755663,2516.5326936448746,4329.7744926921005,15012.170029931694,15012.170029931694,4329.7744926921005,2516.5326936448746,948.6430756009005,5672.775626830607,4413.992861709682,20663.824521483308,4413.992861709682,5672.775626830607,948.6430756009005,2180.1083816897026,2525.3968269250354,4327.601404852661,15031.278839827277,15031.278839827277,4327.601404852661,2525.3968269250354,2180.1083816897026,1788.9031012780254,936.9857673731668,5671.23023362987,4434.797722051615,20676.159151331653,4434.797722051615,5671.23023362987,936.9857673731668,1788.9031012780254
Motorcycles,8395.999999996708,220.81894687446388,220.81894687446388,622.4242258147092,7855.986394554742,622.4242258147092,2498.3275948051164,125.88730755467138,125.88730755467138,2498.3275948051164,978.1090871376338,546.3469533037334,7838.817097811108,546.3469533037334,978.1090871376338,1319.2946905855847,2470.5771131932934,137.97060496533905,137.97060496533905,2470.5771131932934,1319.2946905855847,496.1813956528393,1012.6544777578522,625.0827042330511,7819.221250891562,625.0827042330511,1012.6544777578522,496.1813956528393,492.02432536113685,1322.6986700920543,2486.937527932259,154.94582446138205,154.94582446138205,2486.937527932259,1322.6986700920543,492.02432536113685,625.5136522942571,500.01783907816304,985.7185991808775,589.8072376891923,7803.989817979648,589.8072376891923,985.7185991808775,500.01783907816304,625.5136522942571
Motorcycles,9278.999999996362,4627.997513446828,4627.997513446828,1732.3700820019096,8731.312925166643,1732.3700820019096,2078.5920298414458,4330.122984484181,4330.122984484181,2078.5920298414458,907.6576339553545,1734.676803220473,8613.285899390392,1734.676803220473,907.6576339553545,1096.9580596816372,2016.353983805998,4380.804728832289,4380.804728832289,2016.353983805998,1096.9580596816372,229.01072867702064,914.1065201004967,1709.6046389820863,8683.202351995234,1709.6046389820863,914.1065201004967,229.01072867702064,298.23276866093033,1092.523713407182,2041.305390270478,4379.389491892318,4379.389491892318,2041.305390270478,1092.523713407182,298.23276866093033,316.0319806701026,237.49308723077917,924.129950285456,1727.8654285204072,8643.289371442896,1727.8654285204072,924.129950285456,237.49308723077917,316.0319806701026
Motorcycles,8316.999999996737,1542.9534301981744,1542.9534301981744,1661.9647079871252,7949.312925166951,1661.9647079871252,604.2301632417627,1494.4998917624011,1494.4998917624011,604.2301632417627,774.147357874037,1685.0992677367885,7854.652829836338,1685.0992677367885,774.147357874037,785.6353961844195,655.8732978680267,1488.5089863493172,1488.5089863493172,655.8732978680267,785.6353961844195,1059.994874903259,749.8857518286515,1663.3891806263323,7841.923594827568,1663.3891806263323,749.8857518286515,1059.994874903259,390.5134756746939,823.3255285212686,639.1853307636536,1526.2554811664481,1526.2554811664481,639.1853307636536,823.3255285212686,390.5134756746939,767.512882121485,1112.3015073741783,761.7481339253538,1666.7350006942552,7856.401187092695,1666.7350006942552,761.7481339253538,1112.3015073741783,767.512882121485
Motorcycles,8517.99999999666,543.7490563054763,543.7490563054763,1660.4718837798714,8401.002267570402,1660.4718837798714,3171.4548545920625,529.3333858539517,529.3333858539517,3171.4548545920625,1854.0588251406814,1649.069653217977,8364.802412571727,1649.069653217977,1854.0588251406814,2043.1908867357047,3197.92742475746,477.4476784120432,477.4476784120432,3197.92742475746,2043.1908867357047,463.49238522586154,1887.9519249879077,1615.7961142760128,8352.286555920131,1615.7961142760128,1887.9519249879077,463.49238522586154,1283.512526521263,2052.081924881421,3181.3144135011785,476.5173039353629,476.5173039353629,3181.3144135011785,2052.081924881421,1283.512526521263,1335.0435492866898,470.75839922866356,1868.1578656527756,1626.0608127083901,8335.225758842236,1626.0608127083901,1868.1578656527756,470.75839922866356,1335.0435492866898
Motorcycles,6008.9999999976435,3561.0142735183013,3561.0142735183013,2060.0384187652826,5375.503401358435,2060.0384187652826,248.6789226706369,3568.6032663527385,3568.6032663527385,248.6789226706369,995.8792055751406,2050.11163457714,5274.807580172858,2050.11163457714,995.8792055751406,1062.8066132659826,270.75025319570096,3590.3272293512528,3590.3272293512528,270.75025319570096,1062.8066132659826,1172.9198063801562,1009.4466978450149,2040.268376302569,5331.896444947308,2040.268376302569,1009.4466978450149,1172.9198063801562,1123.9021216860515,1082.3508814797985,271.74729340147303,3567.4266392635855,3567.4266392635855,271.74729340147303,1082.3508814797985,1123.9021216860515,836.2537189057751,1183.096419387978,1009.7210800005829,2033.3645423269409,5332.152706103543,2033.3645423269409,1009.7210800005829,1183.096419387978,836.2537189057751
Motorcycles,31306.99999998772,14930.890215765468,14930.890215765468,2957.2569992325703,30951.15419499919,2957.2569992325703,6019.709491217989,14984.170319210929,14984.170319210929,6019.709491217989,5064.072670392261,2909.8231785356097,31047.4048313081,2909.8231785356097,5064.072670392261,1546.7205181703805,6013.303241178831,14960.698044740499,14960.698044740499,6013.303241178831,1546.7205181703805,864.9958695713784,5020.192380432119,2892.5419331828057,30989.618856820598,2892.5419331828057,5020.192380432119,864.9958695713784,1927.0304733420128,1560.871084910594,6021.939564319885,14973.329428556392,14973.329428556392,6021.939564319885,1560.871084910594,1927.0304733420128,1020.9538352580403,873.1544404089772,5050.193588793406,2905.5816857115615,31049.64476050434,2905.5816857115615,5050.193588793406,873.1544404089772,1020.9538352580403
Motorcycles,1994.9999999992178,628.5314674813641,628.5314674813641,482.4905559897836,1918.7687074822406,482.4905559897836,950.7539050385167,640.9382445730762,640.9382445730762,950.7539050385167,516.7505200150756,507.8567044755499,1894.3132491084248,507.8567044755499,516.7505200150756,271.4724063253422,922.654309915384,630.1819135213184,630.1819135213184,922.654309915384,271.4724063253422,205.45576431111843,497.3720751492643,497.30654753280925,1871.0446176869427,497.30654753280925,497.3720751492643,205.45576431111843,361.9135526875106,287.01903310620924,927.2645928715007,622.8061382827152,622.8061382827152,927.2645928715007,287.01903310620924,361.9135526875106,75.91347026025635,215.193218153483,501.17947241311396,480.64535666295916,1892.3666062309724,480.64535666295916,501.17947241311396,215.193218153483,75.91347026025635
Motorcycles,26709.99999998952,11634.696762183768,11634.696762183768,5641.747059507778,25569.628117903798,5641.747059507778,1918.6857812160345,11574.577391006189,11574.577391006189,1918.6857812160345,3572.4505212161557,5626.015552305471,25598.483502234394,5626.015552305471,3572.4505212161557,2148.6344311344806,1939.5817584396013,11622.939142512185,11622.939142512185,1939.5817584396013,2148.6344311344806,2124.870228085374,3622.292564364322,5659.702192066516,25602.137757928198,5659.702192066516,3622.292564364322,2124.870228085374,1002.1355093876203,2164.451717322313,1937.1468137686404,11599.20661408639,11599.20661408639,1937.1468137686404,2164.451717322313,1002.1355093876203,2095.8467017775292,2163.752126410884,3590.885291008915,5642.571194694483,25633.85830330031,5642.571194694483,3590.885291008915,2163.752126410884,2095.8467017775292
Motorcycles,10073.99999999605,3970.818105903497,3970.818105903497,2285.246458012586,9207.950113375075,2285.246458012586,1159.8120256147606,3869.3915560366895,3869.3915560366895,1159.8120256147606,2800.466244772364,2331.717747217314,9388.61317043456,2331.717747217314,2800.466244772364,806.028106344278,1191.6992592326612,3932.579456706581,3932.579456706581,1191.6992592326612,806.028106344278,279.0666706000387,2769.9575914514285,2359.61781884691,9331.316325308522,2359.61781884691,2769.9575914514285,279.0666706000387,768.1714069548524,809.0384764069225,1175.4092841489055,3921.852163257177,3921.852163257177,1175.4092841489055,809.0384764069225,768.1714069548524,1384.7557235317392,300.9894831872459,2782.7899836660195,2333.2644145343347,9343.8063723639,2333.2644145343347,2782.7899836660195,300.9894831872459,1384.7557235317392
Motorcycles,4559.999999998212,1693.0022456439692,1693.0022456439692,359.0611539728045,4249.120181404229,359.0611539728045,971.4381226298943,1599.555934884532,1599.555934884532,971.4381226298943,884.6151349040753,357.43492265680305,4086.8472704258425,357.43492265680305,884.6151349040753,343.04291400535476,1017.3106610557938,1578.0207189694468,1578.0207189694468,1017.3106610557938,343.04291400535476,382.39764185409854,809.2357722906258,348.43209397892923,4107.136832058219,348.43209397892923,809.2357722906258,382.39764185409854,182.56330889769657,382.13303112788896,989.4073585471199,1595.5799353112832,1595.5799353112832,989.4073585471199,382.13303112788896,182.56330889769657,369.47346855694764,341.2431338143253,829.1461169692544,345.452673039976,4128.128935050738,345.452673039976,829.1461169692544,341.2431338143253,369.47346855694764
Motorcycles,5078.999999998007,4805.480344397883,4805.480344397883,4058.9567617320154,5078.999999998007,4058.9567617320154,3035.447276582634,4805.480344397883,4805.480344397883,3035.447276582634,1985.6934920433696,4058.9567617320154,5078.999999998007,4058.9567617320154,1985.6934920433696,1135.081196665566,3035.447276582634,4805.480344397883,4805.480344397883,3035.447276582634,1135.081196665566,619.0092797724999,1985.6934920433696,4058.9567617320154,5078.999999998007,4058.9567617320154,1985.6934920433696,619.0092797724999,415.846047621201,1135.081196665566,3035.447276582634,4805.480344397883,4805.480344397883,3035.447276582634,1135.081196665566,415.846047621201,347.8247602947035,619.0092797724999,1985.6934920433696,4058.9567617320154,5078.999999998007,4058.9567617320154,1985.6934920433696,619.0092797724999,347.8247602947035
Motorcycles,7459.999999997073,2286.1725381805213,2286.1725381805213,1851.4110047971553,7089.2517006774915,1851.4110047971553,1014.0259241949014,2062.739434095724,2062.739434095724,1014.0259241949014,1594.7344302302436,1973.4118827826471,7079.177194684622,1973.4118827826471,1594.7344302302436,649.0566275786574,952.7683293169404,2125.312877374073,2125.312877374073,952.7683293169404,649.0566275786574,1439.119391205698,1588.7011214157487,1926.6655337640113,7090.702788339482,1926.6655337640113,1588.7011214157487,1439.119391205698,455.7240371836913,644.1603116836859,972.8968750154368,2094.189507296864,2094.189507296864,972.8968750154368,644.1603116836859,455.7240371836913,417.0762104694281,1418.4787672724335,1579.6550794103136,1946.4300735777115,7082.920000219465,1946.4300735777115,1579.6550794103136,1418.4787672724335,417.0762104694281
Motorcycles,4843.9999999981,4609.952730715937,4609.952730715937,3957.6066743892366,4843.9999999981,3957.6066743892366,3023.29880860015,4609.952730715937,4609.952730715937,3023.29880860015,1995.4072078117038,3957.6066743892366,4843.9999999981,3957.6066743892366,1995.4072078117038,1073.3888077412976,3023.29880860015,4609.952730715937,4609.952730715937,3023.29880860015,1073.3888077412976,464.7200225597479,1995.4072078117038,3957.6066743892366,4843.9999999981,3957.6066743892366,1995.4072078117038,464.7200225597479,384.4895357485387,1073.3888077412976,3023.29880860015,4609.952730715937,4609.952730715937,3023.29880860015,1073.3888077412976,384.4895357485387,432.7410585212123,464.7200225597479,1995.4072078117038,3957.6066743892366,4843.9999999981,3957.6066743892366,1995.4072078117038,464.7200225597479,432.7410585212123
Motorcycles,5814.999999997719,2011.982200377006,2011.982200377006,649.9620150701946,5291.4308390001925,649.9620150701946,506.47464164565827,2109.2837314488374,2109.2837314488374,506.47464164565827,554.4288321888274,620.9827477150811,5357.522405785611,620.9827477150811,554.4288321888274,467.87740821148685,547.4956003917661,2139.677670027916,2139.677670027916,547.4956003917661,467.87740821148685,364.47547737757714,579.8756548584461,608.7747410591685,5240.906269047935,608.7747410591685,579.8756548584461,364.47547737757714,764.0822402016435,480.8058534809219,526.6809873985212,2098.124493855405,2098.124493855405,526.6809873985212,480.8058534809219,764.0822402016435,450.7852144700095,356.1463326335528,552.5319546557006,620.3162330367392,5342.69972712272,620.3162330367392,552.5319546557006,356.1463326335528,450.7852144700095
Motorcycles,10568.999999995855,4199.4335332846185,4199.4335332846185,1273.7509920620353,10551.031746027607,1273.7509920620353,2002.6857984842763,4188.245232147972,4188.245232147972,2002.6857984842763,1862.7157908362346,1267.1161517844516,10539.945192585374,1267.1161517844516,1862.7157908362346,1102.0062393773928,1993.3082469869175,4185.918162593531,4185.918162593531,1993.3082469869175,1102.0062393773928,302.4328255796429,1854.9258672853966,1269.7894920369622,10541.339788523786,1269.7894920369622,1854.9258672853966,302.4328255796429,1008.4547906745237,1100.372341449577,1998.5169776554205,4187.504356498073,4187.504356498073,1998.5169776554205,1100.372341449577,1008.4547906745237,1350.463002493596,301.15986273302764,1857.9267900611853,1271.8129867221833,10541.679544911884,1271.8129867221833,1857.9267900611853,301.15986273302764,1350.463002493596
Motorcycles,9863.99999999613,1469.685258616174,1469.685258616174,2787.377488106105,8839.85487527998,2787.377488106105,2339.636870840034,1520.4754648699047,1520.4754648699047,2339.636870840034,877.4324893436653,2806.7600830611577,8866.048961077553,2806.7600830611577,877.4324893436653,729.517252011411,2311.1154379257973,1472.773987864403,1472.773987864403,2311.1154379257973,729.517252011411,442.1859350070903,887.7438522649087,2789.664876026529,8850.219310672828,2789.664876026529,887.7438522649087,442.1859350070903,737.9790933353072,714.2071038357636,2291.6324570662027,1488.670478849697,1488.670478849697,2291.6324570662027,714.2071038357636,737.9790933353072,360.02944943181797,408.55484437072676,871.7506914496765,2790.8437817164754,8856.38199181555,2790.8437817164754,871.7506914496765,408.55484437072676,360.02944943181797
Motorcycles,25851.999999989857,1109.7947586112064,1109.7947586112064,1819.6924673955252,25498.56235826664,1819.6924673955252,2002.0200750453728,1153.470083016971,1153.470083016971,2002.0200750453728,2844.427921138983,1930.495908843375,25390.01817143095,1930.495908843375,2844.427921138983,3356.3798185183205,1903.5697236198887,1187.0957162458583,1187.0957162458583,1903.5697236198887,3356.3798185183205,712.4414716716382,2802.4524369982914,1890.51126497543,25387.035784737727,1890.51126497543,2802.4524369982914,712.4414716716382,1004.6698108962983,3343.479840951932,1935.2444044702227,1154.515761164577,1154.515761164577,1935.2444044702227,3343.479840951932,1004.6698108962983,2621.7873224452205,705.2970816720159,2818.419041773158,1908.2912841051634,25399.940369576412,1908.2912841051634,2818.419041773158,705.2970816720159,2621.7873224452205
Motorcycles,7647.9999999970005,1396.4937959877484,1396.4937959877484,932.8046517964791,7619.990929702228,932.8046517964791,3072.476711493234,1392.5731224192284,1392.5731224192284,3072.476711493234,2668.2496290819413,948.0444267877723,7601.980841313138,948.0444267877723,2668.2496290819413,631.9450196144782,3089.004697559324,1392.8668287470932,1392.8668287470932,3089.004697559324,631.9450196144782,1513.1546180555572,2653.5337407150087,951.8211515540938,7597.968553057733,951.8211515540938,2653.5337407150087,1513.1546180555572,727.3041128055943,638.2804986369798,3086.146637433716,1390.366431733745,1390.366431733745,3086.146637433716,638.2804986369798,727.3041128055943,648.8973215969011,1513.5472207613916,2651.8509331448795,950.4442063061834,7599.224573625574,950.4442063061834,2651.8509331448795,1513.5472207613916,648.8973215969011
Motorcycles,18207.999999992855,3100.279483003091,3100.279483003091,2332.4561643285456,17547.206349199463,2332.4561643285456,4362.355361665638,2995.191310858863,2995.191310858863,4362.355361665638,2037.665492970507,2381.4856501011213,17509.58409304078,2381.4856501011213,2037.665492970507,3011.279350648976,4378.761715874944,3003.9425775760096,3003.9425775760096,4378.761715874944,3011.279350648976,279.0019718453471,2012.7908318445873,2359.900163870091,17514.82107949607,2359.900163870091,2012.7908318445873,279.0019718453471,182.3023389752566,3018.789547397026,4355.881175478753,3007.0701767557007,3007.0701767557007,4355.881175478753,3018.789547397026,182.3023389752566,712.8299103264139,266.723118751232,2046.225080271477,2384.353481951072,17488.58732670654,2384.353481951072,2046.225080271477,266.723118751232,712.8299103264139
Motorcycles,42813.9999999832,9500.132063369067,9500.132063369067,3311.6293178408696,42618.58956914427,3311.6293178408696,4682.117992428911,9502.265009679799,9502.265009679799,4682.117992428911,5856.747956951518,3359.4871669921945,42662.67188052686,3359.4871669921945,5856.747956951518,605.4742415370259,4687.502610219208,9518.56181784154,9518.56181784154,4687.502610219208,605.4742415370259,1104.2767061460816,5844.890668411213,3337.770865581234,42669.931954326865,3337.770865581234,5844.890668411213,1104.2767061460816,747.9009054529361,611.4229558288437,4679.539323347276,9506.659852755625,9506.659852755625,4679.539323347276,611.4229558288437,747.9009054529361,2515.7827695907517,1102.2048315814761,5854.701781382418,3341.1675954131274,42648.277631608784,3341.1675954131274,5854.701781382418,1102.2048315814761,2515.7827695907517
Motorcycles,9391.999999996317,2407.18712295175,2407.18712295175,1744.3378822745092,9238.684807252612,1744.3378822745092,2151.0563650940057,2449.434982724941,2449.434982724941,2151.0563650940057,2490.1242378424026,1666.2647849593986,9200.330541283201,1666.2647849593986,2490.1242378424026,1315.2504619245963,2197.462396347552,2442.301085247517,2442.301085247517,2197.462396347552,1315.2504619245963,758.3646801841356,2454.80286718346,1692.179032367738,9219.389173024274,1692.179032367738,2454.80286718346,758.3646801841356,1015.8488116020519,1319.1210446151658,2177.1565049749834,2440.772433510952,2440.772433510952,2177.1565049749834,1319.1210446151658,1015.8488116020519,861.5132152574724,750.1865838101169,2471.536237019457,1690.5270169791918,9217.763986428483,1690.5270169791918,2471.536237019457,750.1865838101169,861.5132152574724
Motorcycles,32924.99999998708,1367.8561843727898,1367.8561843727898,9360.519544452276,32879.54421767417,9360.519544452276,1419.2623843957315,1380.4031788513303,1380.4031788513303,1419.2623843957315,4853.633885813638,9364.069442191992,32892.82754098081,9364.069442191992,4853.633885813638,948.0863631680162,1421.4372370494125,1366.6381707860967,1366.6381707860967,1421.4372370494125,948.0863631680162,3700.7253144820015,4854.812593576782,9355.741929598671,32900.366949531184,9355.741929598671,4854.812593576782,3700.7253144820015,1176.7560039043944,950.9730011014256,1412.7054086879114,1371.958801623383,1371.958801623383,1412.7054086879114,950.9730011014256,1176.7560039043944,1700.3402874346393,3701.46032773173,4855.8667706106735,9363.505088980279,32888.23559762375,9363.505088980279,4855.8667706106735,3701.46032773173,1700.3402874346393
Motorcycles,11706.999999995409,2649.8452440337737,2649.8452440337737,3432.986921660947,10412.324263034465,3432.986921660947,1577.1729675450954,2680.8623597002775,2680.8623597002775,1577.1729675450954,1522.7456834431364,3442.864528817217,10468.616116737376,3442.864528817217,1522.7456834431364,1155.2918433035372,1595.7702537774483,2691.511967591443,2691.511967591443,1595.7702537774483,1155.2918433035372,1376.4623520561117,1499.9123032558862,3459.0451040317957,10470.675238706992,3459.0451040317957,1499.9123032558862,1376.4623520561117,1100.0333183123612,1139.9763018415877,1606.2843565653852,2686.9885338487234,2686.9885338487234,1606.2843565653852,1139.9763018415877,1100.0333183123612,621.6942965430718,1376.9714891924816,1487.6935706698273,3451.0252889945646,10464.256376395957,3451.0252889945646,1487.6935706698273,1376.9714891924816,621.6942965430718
Motorcycles,15107.999999994074,894.56023133122,894.56023133122,4082.3403480023812,14546.303854869577,4082.3403480023812,4212.83868390138,999.302181095051,999.302181095051,4212.83868390138,165.872219119282,4064.2370323264945,14488.372807620766,4064.2370323264945,165.872219119282,832.2375588536268,4171.668758119352,956.5109666036839,956.5109666036839,4171.668758119352,832.2375588536268,1131.6984043088496,123.86073185639853,4015.949100475398,14501.220832635208,4015.949100475398,123.86073185639853,1131.6984043088496,1036.1380922220512,853.3824173097548,4204.177751034545,978.8276204965176,978.8276204965176,4204.177751034545,853.3824173097548,1036.1380922220512,69.89976513297232,1095.8463121603309,144.49811322925945,4044.276927126174,14471.21935594935,4044.276927126174,144.49811322925945,1095.8463121603309,69.89976513297232
Motorcycles,10557.999999995858,2460.0811665644983,2460.0811665644983,2696.7230492020144,10337.732426299799,2696.7230492020144,3526.0973601307264,2441.6430373315184,2441.6430373315184,3526.0973601307264,2140.1269196753788,2756.4637673196567,10194.4463572237,2756.4637673196567,2140.1269196753788,1023.1170463835591,3502.5162757690105,2443.256621685798,2443.256621685798,3502.5162757690105,1023.1170463835591,964.3942506003348,2163.4593933699284,2738.3557121598237,10210.210485789097,2738.3557121598237,2163.4593933699284,964.3942506003348,749.7898389501145,1053.547424873815,3520.427106413163,2451.708381808777,2451.708381808777,3520.427106413163,1053.547424873815,749.7898389501145,369.41457634204573,977.3607044126964,2139.7741058742918,2731.0437055435,10233.787314233674,2731.0437055435,2139.7741058742918,977.3607044126964,369.41457634204573
Motorcycles,15128.999999994065,11820.384721141923,11820.384721141923,5915.033848096137,14085.770975051162,5915.033848096137,1470.197075037193,11554.603663119162,11554.603663119162,1470.197075037193,2484.873591373103,6015.520525935522,14203.461752042185,6015.520525935522,2484.873591373103,3216.8331937984262,1486.511018510354,11567.354909326727,11567.354909326727,1486.511018510354,3216.8331937984262,2491.6493812534663,2457.5847265025436,5968.042086792927,14156.395591733986,5968.042086792927,2457.5847265025436,2491.6493812534663,1819.007731537434,3226.905372186025,1505.4881175609044,11584.862760346905,11584.862760346905,1505.4881175609044,3226.905372186025,1819.007731537434,1746.2650325031582,2510.772764972863,2465.4341050886114,5983.829463843912,14174.208245311902,5983.829463843912,2465.4341050886114,2510.772764972863,1746.2650325031582
Motorcycles,45451.99999998216,8103.944095403691,8103.944095403691,4347.546376594921,45187.02040814553,4347.546376594921,3857.6631790358724,8164.377800139163,8164.377800139163,3857.6631790358724,4540.759031366646,4229.371782568519,45065.82633777367,4229.371782568519,4540.759031366646,808.2840428137022,3802.462219503068,8097.169475175387,8097.169475175387,3802.462219503068,808.2840428137022,536.384817472811,4546.111998198962,4243.065488961505,45075.11162122492,4243.065488961505,4546.111998198962,536.384817472811,823.1145411463145,813.6518028555781,3830.9234266473964,8087.113600249443,8087.113600249443,3830.9234266473964,813.6518028555781,823.1145411463145,3304.307558575643,523.2884582756268,4540.762848132896,4244.773408834119,45069.71160477047,4244.773408834119,4540.762848132896,523.2884582756268,3304.307558575643
Motorcycles,12828.999999994969,1412.2908466758201,1412.2908466758201,1695.6658977707525,12170.120181401122,1695.6658977707525,1809.332028131853,1425.2135734626688,1425.2135734626688,1809.332028131853,1562.9942175638928,1634.3486661089833,12078.857682750904,1634.3486661089833,1562.9942175638928,1557.3487730818683,1817.7342173199331,1411.6384975839749,1411.6384975839749,1817.7342173199331,1557.3487730818683,144.07773597501966,1603.9817238866906,1666.8712761594552,12109.762804856156,1666.8712761594552,1603.9817238866906,144.07773597501966,850.2234188651577,1557.3542251383467,1813.063600098536,1387.0283578857943,1387.0283578857943,1813.063600098536,1557.3542251383467,850.2234188651577,349.15142041187977,111.81495702485284,1605.0764588205677,1666.7566393253858,12122.404682010449,1666.7566393253858,1605.0764588205677,111.81495702485284,349.15142041187977
Motorcycles,9270.999999996364,8108.065615484912,8108.065615484912,5294.033296975363,9245.811791379592,5294.033296975363,2312.71300501323,8084.552840143519,8084.552840143519,2312.71300501323,493.6865558086079,5284.597219507848,9218.302080919455,5284.597219507848,493.6865558086079,259.24105927947545,2312.414593728144,8064.987435451234,8064.987435451234,2312.414593728144,259.24105927947545,362.8210044886704,478.86436038431526,5271.2452439681565,9203.583408449711,5271.2452439681565,478.86436038431526,362.8210044886704,824.0550931746968,241.663192687518,2300.01926917083,8054.901584214946,8054.901584214946,2300.01926917083,241.663192687518,824.0550931746968,911.4583266963147,347.26707768690034,469.42462029449024,5262.540029575798,9198.059460141683,5262.540029575798,469.42462029449024,347.26707768690034,911.4583266963147
Motorcycles,35848.99999998593,6014.207095455073,6014.207095455073,6007.067270537142,35757.43537413563,6007.067270537142,5634.664806894176,5941.927171640878,5941.927171640878,5634.664806894176,6754.164528451854,5958.312306307315,35750.433168264615,5958.312306307315,6754.164528451854,2124.482907083265,5669.21233738007,5957.676375195266,5957.676375195266,5669.21233738007,2124.482907083265,1633.4873860236376,6777.958138204843,5982.303349666284,35760.16351710481,5982.303349666284,6777.958138204843,1633.4873860236376,1187.1023954472416,2126.5228009849943,5662.7211941605465,5950.423487206456,5950.423487206456,5662.7211941605465,2126.5228009849943,1187.1023954472416,2501.419022811496,1621.6401741115683,6768.298396173986,5969.36125344027,35747.75198030112,5969.36125344027,6768.298396173986,1621.6401741115683,2501.419022811496
Motorcycles,35950.9999999859,4738.8900732851625,4738.8900732851625,3164.544359264075,35115.50340134677,3164.544359264075,4913.573163105407,4673.134917063341,4673.134917063341,4913.573163105407,6091.415301966602,3236.6454710842963,35241.78593794412,3236.6454710842963,6091.415301966602,733.0684054998765,4929.597010174094,4673.593098299695,4673.593098299695,4929.597010174094,733.0684054998765,802.7529360333697,6070.581930471808,3224.5718837658346,35223.32624272251,3224.5718837658346,6070.581930471808,802.7529360333697,1939.731467153131,705.8606540210257,4926.428390944525,4675.318369749302,4675.318369749302,4926.428390944525,705.8606540210257,1939.731467153131,5214.950175035145,811.8713353705584,6114.8583306130595,3191.8048802608737,35205.822073825955,3191.8048802608737,6114.8583306130595,811.8713353705584,5214.950175035145
Motorcycles,12802.999999994978,1312.9745392285195,1312.9745392285195,526.3999337549947,11919.653061219815,526.3999337549947,3383.19104148113,1419.9439582652637,1419.9439582652637,3383.19104148113,1275.0481879116032,500.3604770677632,11838.216869509602,500.3604770677632,1275.0481879116032,1738.8856970894078,3396.521801204836,1363.8074532081946,1363.8074532081946,3396.521801204836,1738.8856970894078,688.3888765186991,1234.7943326546392,516.4574163542609,11876.435507519345,516.4574163542609,1234.7943326546392,688.3888765186991,329.02234319462633,1767.347226399621,3392.6941317976225,1408.2291839098996,1408.2291839098996,3392.6941317976225,1767.347226399621,329.02234319462633,695.0590402676767,663.5535425385535,1263.903237898605,503.34837254972274,11848.46334514617,503.34837254972274,1263.903237898605,663.5535425385535,695.0590402676767
Motorcycles,38481.9999999849,1181.9393550654527,1181.9393550654527,8177.843782743852,38313.92743762669,8177.843782743852,4021.7634741862,1274.367353873068,1274.367353873068,4021.7634741862,7673.335514982016,8217.163993716264,38303.15050826084,8217.163993716264,7673.335514982016,1054.6817886999454,4008.154771306848,1224.995408207269,1224.995408207269,4008.154771306848,1054.6817886999454,3621.3571289899755,7665.041688229748,8194.274416934177,38324.9963297362,8194.274416934177,7665.041688229748,3621.3571289899755,1810.6434955767008,1053.4074346992763,4014.3987934697334,1240.1432933293822,1240.1432933293822,4014.3987934697334,1053.4074346992763,1810.6434955767008,3324.922589447015,3624.8078022277455,7661.016118874581,8206.052698966723,38305.21898783298,8206.052698966723,7661.016118874581,3624.8078022277455,3324.922589447015
Motorcycles,9731.999999996184,1116.38283288837,1116.38283288837,1216.5402109098732,9289.614512468012,1216.5402109098732,3267.869427964259,1135.3797376843124,1135.3797376843124,3267.869427964259,712.5268189054018,1135.1359231985844,9269.010443175905,1135.1359231985844,712.5268189054018,822.4517095033269,3319.0444219955507,1113.0428060686231,1113.0428060686231,3319.0444219955507,822.4517095033269,258.07532951037825,719.0587951825011,1136.4258067338974,9310.533644394234,1136.4258067338974,719.0587951825011,258.07532951037825,530.6323860730755,808.9892150326259,3283.0006380111276,1182.3903387297316,1182.3903387297316,3283.0006380111276,808.9892150326259,530.6323860730755,990.7101787646353,235.2899187910663,718.3940580801955,1124.9195039077479,9303.63104894062,1124.9195039077479,718.3940580801955,235.2899187910663,990.7101787646353
Motorcycles,19407.999999992386,8992.791455756129,8992.791455756129,872.7840873535323,18537.959183666197,872.7840873535323,5958.486544119438,9097.534750452398,9097.534750452398,5958.486544119438,4257.04560043486,830.2759784777003,18364.55729864922,830.2759784777003,4257.04560043486,682.3850952997817,5921.828466019442,9044.984595823757,9044.984595823757,5921.828466019442,682.3850952997817,185.7148350663417,4199.6186122735535,829.9138559922395,18481.810426046646,829.9138559922395,4199.6186122735535,185.7148350663417,555.5266362100834,739.9924421855027,5941.605290767235,9069.719678208767,9069.719678208767,5941.605290767235,739.9924421855027,555.5266362100834,520.7901374160995,184.42808575888327,4238.758115498535,815.9868004947626,18448.475780651974,815.9868004947626,4238.758115498535,184.42808575888327,520.7901374160995
Motorcycles,21054.999999991738,12164.689015094518,12164.689015094518,1982.7659454531351,20853.671201805875,1982.7659454531351,7579.5454854738155,12051.427650799724,12051.427650799724,7579.5454854738155,7843.776061268072,1996.2257301713562,20734.09994291688,1996.2257301713562,7843.776061268072,5482.729816030953,7554.568693613766,12039.708162137355,12039.708162137355,7554.568693613766,5482.729816030953,1538.8810374477273,7843.879157940096,1977.3813515647437,20749.981032350774,1977.3813515647437,7843.879157940096,1538.8810374477273,1900.9811897202785,5458.663818328598,7579.399498603713,12053.960263099858,12053.960263099858,7579.399498603713,5458.663818328598,1900.9811897202785,2404.4469150990226,1531.7289275169974,7860.031233539908,1987.3783031699538,20759.443324265565,1987.3783031699538,7860.031233539908,1531.7289275169974,2404.4469150990226
Motorcycles,7022.999999997246,522.7137484201374,522.7137484201374,916.4288514750839,6292.7414965961725,916.4288514750839,1157.3438735949649,704.0288586073509,704.0288586073509,1157.3438735949649,1678.9784735308197,977.298192874116,6201.936615913775,977.298192874116,1678.9784735308197,449.2204057352899,1100.346954428988,648.6462984946581,648.6462984946581,1100.346954428988,449.2204057352899,217.05141825542665,1648.3123548285716,931.190565365155,6239.804285409971,931.190565365155,1648.3123548285716,217.05141825542665,732.8429982601751,457.55033332586834,1101.0317191066463,697.6170674978674,697.6170674978674,1101.0317191066463,457.55033332586834,732.8429982601751,258.10562370236823,202.78702946147547,1655.8161054532181,926.5285144097361,6238.2493680332955,926.5285144097361,1655.8161054532181,202.78702946147547,258.10562370236823
Motorcycles,8533.999999996653,1418.538552982496,1418.538552982496,2407.7333865993237,7829.873015869945,2407.7333865993237,288.7617818072233,1413.5353797743876,1413.5353797743876,288.7617818072233,2091.257536198327,2420.6923708984914,7773.596526135751,2420.6923708984914,2091.257536198327,860.1539121962832,375.7966276618625,1372.0489725551547,1372.0489725551547,375.7966276618625,860.1539121962832,375.412569229888,2084.713705646991,2414.748146276719,7800.084762533887,2414.748146276719,2084.713705646991,375.412569229888,595.0004790253023,840.5831277901076,353.9811764073665,1408.1888727123946,1408.1888727123946,353.9811764073665,840.5831277901076,595.0004790253023,699.4047825115522,386.07552497454896,2054.8945252293724,2431.295861331417,7785.314931474636,2431.295861331417,2054.8945252293724,386.07552497454896,699.4047825115522
Motorcycles,5309.999999997917,3031.452102750586,3031.452102750586,1883.249889628663,4478.997732424547,1883.249889628663,1788.0055575173155,2987.652438041075,2987.652438041075,1788.0055575173155,1465.4690384081352,1862.137533125205,4499.8505252423465,1862.137533125205,1465.4690384081352,1824.4251041177226,1820.063979474824,2986.3686408481144,2986.3686408481144,1820.063979474824,1824.4251041177226,913.2094502042704,1484.2730330530562,1878.469029724186,4493.601364084647,1878.469029724186,1484.2730330530562,913.2094502042704,556.9334200245737,1821.7720121609732,1793.1428385773895,2963.9130001743697,2963.9130001743697,1793.1428385773895,1821.7720121609732,556.9334200245737,461.69197933493484,910.6548145056856,1459.2027342680124,1885.2235931054229,4481.5035246547795,1885.2235931054229,1459.2027342680124,910.6548145056856,461.69197933493484
Motorcycles,11746.999999995392,882.2391463093326,882.2391463093326,1562.1309183585263,11533.807256231303,1562.1309183585263,2650.2562430923467,918.3719901996819,918.3719901996819,2650.2562430923467,850.7328852922485,1576.1989332120195,11454.97340613801,1576.1989332120195,850.7328852922485,934.339505384356,2616.005774238759,975.398530988877,975.398530988877,2616.005774238759,934.339505384356,868.7129289550599,863.1494322261956,1579.0363838288847,11458.140989361225,1579.0363838288847,863.1494322261956,868.7129289550599,1908.8178739667453,890.0137515812344,2592.896396012267,933.7129787393543,933.7129787393543,2592.896396012267,890.0137515812344,1908.8178739667453,1505.0567585179367,864.3612941433757,836.3228924664278,1582.431752855369,11450.889251238415,1582.431752855369,836.3228924664278,864.3612941433757,1505.0567585179367
Motorcycles,4267.9999999983265,161.93278087263965,161.93278087263965,871.5031459190224,4181.84126983963,871.5031459190224,1738.4784491750781,213.66736712800164,213.66736712800164,1738.4784491750781,782.5511473763228,938.7546149149036,4153.376833725059,938.7546149149036,782.5511473763228,317.3734475408972,1685.247225953942,212.2772108033546,212.2772108033546,1685.247225953942,317.3734475408972,663.1650847641022,797.7941006410016,926.5311409144304,4161.515588327237,926.5311409144304,797.7941006410016,663.1650847641022,667.046400291431,305.1728865937891,1701.629656464011,209.91681547078983,209.91681547078983,1701.629656464011,305.1728865937891,667.046400291431,107.78307424582901,643.4229472384941,787.4958221350817,927.4811200771294,4161.744539368018,927.4811200771294,787.4958221350817,643.4229472384941,107.78307424582901
Motorcycles,16511.99999999352,5426.00432661072,5426.00432661072,1211.2553239035237,15391.260770969018,1211.2553239035237,4652.752144478413,5335.813924140929,5335.813924140929,4652.752144478413,2181.111376003216,1242.6996080493889,15349.011862335286,1242.6996080493889,2181.111376003216,975.1310755268923,4654.158977128989,5385.273661177264,5385.273661177264,4654.158977128989,975.1310755268923,1338.4590910644795,2222.6852345802536,1226.359858500293,15347.085227574691,1226.359858500293,2222.6852345802536,1338.4590910644795,177.7830159105833,961.8547942231413,4651.097241039413,5362.979680099961,5362.979680099961,4651.097241039413,961.8547942231413,177.7830159105833,293.5095016567271,1317.7417273676997,2204.534253527968,1225.295319100798,15376.65476627326,1225.295319100798,2204.534253527968,1317.7417273676997,293.5095016567271
Motorcycles,33960.99999998667,14463.2604489948,14463.2604489948,4411.362212330701,33864.42857141529,4411.362212330701,6383.633044290914,14448.549261970884,14448.549261970884,6383.633044290914,6399.703090751809,4423.814221455915,33917.56575191105,4423.814221455915,6399.703090751809,2230.874988281132,6376.593006052868,14475.348960274388,14475.348960274388,6376.593006052868,2230.874988281132,1030.1609186330031,6407.8958497339845,4406.438408613295,33896.01737744277,4406.438408613295,6407.8958497339845,1030.1609186330031,3309.085674515797,2231.901062278539,6383.515278659843,14449.236805145782,14449.236805145782,6383.515278659843,2231.901062278539,3309.085674515797,2317.968551728686,1029.524312678445,6400.545870105215,4411.871868205579,33896.200059974566,4411.871868205579,6400.545870105215,1029.524312678445,2317.968551728686
Motorcycles,13072.999999994872,1409.2362000019743,1409.2362000019743,761.8431815595148,11959.439909292361,761.8431815595148,3213.68739843558,1307.177863716066,1307.177863716066,3213.68739843558,1910.722637590898,787.7541384353906,12035.665926229718,787.7541384353906,1910.722637590898,487.8549431223952,3250.5247156180158,1323.0812362913844,1323.0812362913844,3250.5247156180158,487.8549431223952,694.8472320520194,1934.841878182656,777.3032804681826,12030.94813058638,777.3032804681826,1934.841878182656,694.8472320520194,588.9624024588936,497.0018644640862,3234.689043029895,1300.8587819721265,1300.8587819721265,3234.689043029895,497.0018644640862,588.9624024588936,1364.6742356138675,699.3561115376275,1909.8967781963386,816.0600417469781,12039.013529965318,816.0600417469781,1909.8967781963386,699.3561115376275,1364.6742356138675
Motorcycles,7407.999999997095,525.2574493195987,525.2574493195987,575.1089858438883,7092.789115643477,575.1089858438883,1886.5514695672623,587.4074024503458,587.4074024503458,1886.5514695672623,589.7207326618259,530.1395045562336,6995.967112465827,530.1395045562336,589.7207326618259,711.6603533120465,1938.5226403205832,509.75618733924244,509.75618733924244,1938.5226403205832,711.6603533120465,659.1081106293566,563.3181284352024,506.624374699381,7020.706427888512,506.624374699381,563.3181284352024,659.1081106293566,56.67732740201716,727.6560730790732,1932.232904468396,513.9228210515432,513.9228210515432,1932.232904468396,727.6560730790732,56.67732740201716,470.67720625043336,653.4486284477472,520.6165609500572,517.4065339910198,6979.641085301722,517.4065339910198,520.6165609500572,653.4486284477472,470.67720625043336
Motorcycles,40737.999999984015,2794.3641348068095,2794.3641348068095,7866.905496469761,40712.84353739899,7866.905496469761,3911.6544688607314,2803.3898080628205,2803.3898080628205,3911.6544688607314,7845.474919628852,7865.215887022367,40730.39390992895,7865.215887022367,7845.474919628852,944.4624588381143,3910.6162969612724,2791.434523438887,2791.434523438887,3910.6162969612724,944.4624588381143,3557.423714008596,7845.381280859831,7868.409669209497,40722.79162634194,7868.409669209497,7845.381280859831,3557.423714008596,1116.8936972295505,944.3232849453032,3913.0756640337795,2802.874409962493,2802.874409962493,3913.0756640337795,944.3232849453032,1116.8936972295505,4633.110650270911,3557.361504203504,7845.617497737973,7864.020681410194,40721.1094383334,7864.020681410194,7845.617497737973,3557.361504203504,4633.110650270911
Motorcycles,27049.999999989388,6315.201469871133,6315.201469871133,3652.4166088527677,26532.181405885283,3652.4166088527677,1886.3329227354832,6332.219642964014,6332.219642964014,1886.3329227354832,4840.818056712521,3557.2842753434925,26600.202168838965,3557.2842753434925,4840.818056712521,2439.390849862364,1962.8010440120352,6284.828723432118,6284.828723432118,1962.8010440120352,2439.390849862364,1339.5997974028567,4812.000821604321,3560.8045723200885,26549.12466696619,3560.8045723200885,4812.000821604321,1339.5997974028567,843.2236343791085,2469.1693889082976,1938.2467211103776,6319.497356592895,6319.497356592895,1938.2467211103776,2469.1693889082976,843.2236343791085,1250.1731808392447,1345.7707375974912,4801.131640671885,3587.411289355051,26582.334296959227,3587.411289355051,4801.131640671885,1345.7707375974912,1250.1731808392447
Motorcycles,6475.999999997459,3410.113087609349,3410.113087609349,512.5976029526068,5759.482993195019,512.5976029526068,1376.7393292133581,3348.6126270073887,3348.6126270073887,1376.7393292133581,764.9586844970484,615.791572700878,5746.907307138289,615.791572700878,764.9586844970484,474.84814326723205,1406.6970834940696,3361.2547619390116,3361.2547619390116,1406.6970834940696,474.84814326723205,716.777243819773,757.5721780127458,568.2346699955042,5720.610665740702,568.2346699955042,757.5721780127458,716.777243819773,572.9747864011896,465.44309437641493,1388.7969418405619,3382.3005565928947,3382.3005565928947,1388.7969418405619,465.44309437641493,572.9747864011896,8.236161148783975,719.1207641185347,784.9646759901667,588.8411657986351,5775.3863558404155,588.8411657986351,784.9646759901667,719.1207641185347,8.236161148783975
Motorcycles,11637.999999995434,5957.95623874885,5957.95623874885,1499.4148789226008,10934.770975052399,1499.4148789226008,1486.9754800266799,6232.673937665393,6232.673937665393,1486.9754800266799,741.2364339837942,1487.2435928035095,10913.431286342457,1487.2435928035095,741.2364339837942,2329.1546183966707,1475.9735893181903,6147.866876455621,6147.866876455621,1475.9735893181903,2329.1546183966707,1836.6433627590684,680.2554899930237,1515.2346148288075,10937.692723606237,1515.2346148288075,680.2554899930237,1836.6433627590684,194.51192135918495,2353.33367460453,1488.3904691390057,6187.2098579447,6187.2098579447,1488.3904691390057,2353.33367460453,194.51192135918495,1576.8042600998228,1809.1848382065532,679.5689831102288,1524.9644690468017,10934.171150558446,1524.9644690468017,679.5689831102288,1809.1848382065532,1576.8042600998228
Motorcycles,20925.999999991793,2766.5077936386474,2766.5077936386474,2880.93948764067,20408.575963710817,2880.93948764067,3055.779741636291,2705.732080496554,2705.732080496554,3055.779741636291,756.1823827030752,2948.2001945729794,20440.545729394857,2948.2001945729794,756.1823827030752,422.85661940438246,3039.4058226930697,2708.6521585947717,2708.6521585947717,3039.4058226930697,422.85661940438246,1528.1428445725278,761.0946438948837,2960.5505397428574,20381.287558770604,2960.5505397428574,761.0946438948837,1528.1428445725278,729.7395304439941,419.4058668632182,3046.5872666917726,2720.5892687781197,2720.5892687781197,3046.5872666917726,419.4058668632182,729.7395304439941,493.29157677901134,1516.0187640662878,752.6169119954391,2941.618485603849,20437.239544352247,2941.618485603849,752.6169119954391,1516.0187640662878,493.29157677901134
Motorcycles,9544.999999996257,1059.3694073746783,1059.3694073746783,1361.077410089388,9003.920634917104,1361.077410089388,773.9683389411232,1230.8076347464296,1230.8076347464296,773.9683389411232,2054.16155058394,1421.8758057720756,9085.178690973962,1421.8758057720756,2054.16155058394,804.3416943485643,744.571740312526,1149.1645033361688,1149.1645033361688,744.571740312526,804.3416943485643,1976.1505243598235,1994.1222915754136,1401.4238946202483,9070.53808191576,1401.4238946202483,1994.1222915754136,1976.1505243598235,1023.9731881678248,778.8764808154218,735.259159437576,1180.786363718778,1180.786363718778,735.259159437576,778.8764808154218,1023.9731881678248,805.5993846326955,1957.6338391244265,2023.893972901536,1403.42626364259,9071.917851319702,1403.42626364259,2023.893972901536,1957.6338391244265,805.5993846326955
Motorcycles,5597.9999999978045,2652.333232810679,2652.333232810679,2357.5649560874854,5309.736961449165,2357.5649560874854,852.9941730390436,2531.9682953455217,2531.9682953455217,852.9941730390436,427.5088223690931,2344.756978949073,5152.653585695296,2344.756978949073,427.5088223690931,1426.5675923564302,820.075140314495,2544.3000195291584,2544.3000195291584,820.075140314495,1426.5675923564302,907.3039075487064,386.2557134777215,2336.16036133121,5185.055665905954,2336.16036133121,386.2557134777215,907.3039075487064,1463.561322547012,1437.7889771700413,815.5626287466872,2573.8258243224464,2573.8258243224464,815.5626287466872,1437.7889771700413,1463.561322547012,625.5036796563736,868.3931226681578,406.2465464530668,2331.3602161650074,5205.950632218801,2331.3602161650074,406.2465464530668,868.3931226681578,625.5036796563736
Motorcycles,1261.999999999505,530.7612426751772,530.7612426751772,971.0192371908939,1211.1609977319513,971.0192371908939,608.4764106641948,559.0184865603752,559.0184865603752,608.4764106641948,564.1522598866617,939.2535275208367,1194.401622780163,939.2535275208367,564.1522598866617,444.93237772393195,639.0675045963684,563.2312022285914,563.2312022285914,639.0675045963684,444.93237772393195,300.7480006725359,553.2689633029511,942.7497888964316,1203.711703388795,942.7497888964316,553.2689633029511,300.7480006725359,295.23121146319033,466.3830406422109,630.066928441059,556.718176479813,556.718176479813,630.066928441059,466.3830406422109,295.23121146319033,245.71834984894284,297.04278285135297,551.608053237235,945.3913750794085,1201.8791779290345,945.3913750794085,551.608053237235,297.04278285135297,245.71834984894284
Motorcycles,23304.999999990858,8787.055849038774,8787.055849038774,4631.1397605829125,23095.816326521555,4631.1397605829125,3392.949664101099,8754.044805054302,8754.044805054302,3392.949664101099,6094.388785548104,4720.742287810595,23127.27942060271,4720.742287810595,6094.388785548104,1213.6971622816618,3404.2375858701485,8741.99484357492,8741.99484357492,3404.2375858701485,1213.6971622816618,3985.4280137598685,6042.031930079786,4687.952556278517,23122.400912526078,4687.952556278517,6042.031930079786,3985.4280137598685,533.6646356205011,1210.928622531387,3407.102655404645,8760.53035428679,8760.53035428679,3407.102655404645,1210.928622531387,533.6646356205011,1499.561169989945,4009.964208134293,6073.290653958686,4696.610221264954,23114.761784978047,4696.610221264954,6073.290653958686,4009.964208134293,1499.561169989945
Motorcycles,6546.9999999974325,2266.806193913968,2266.806193913968,779.000301055911,6347.040816324041,779.000301055911,1745.8869400752296,2232.3111239066357,2232.3111239066357,1745.8869400752296,1720.9574511844755,743.6032634188551,6359.18979745844,743.6032634188551,1720.9574511844755,493.30752700020093,1731.6537575986854,2239.376661673697,2239.376661673697,1731.6537575986854,493.30752700020093,624.3636424932508,1709.1448074456266,753.5043379367178,6334.5570387261305,753.5043379367178,1709.1448074456266,624.3636424932508,774.6973911337953,477.68770853778364,1743.6432997545344,2246.439258514166,2246.439258514166,1743.6432997545344,477.68770853778364,774.6973911337953,315.37783446672665,633.2451937225858,1715.300682065056,742.2104534576335,6345.439419210198,742.2104534576335,1715.300682065056,633.2451937225858,315.37783446672665
Motorcycles,4191.999999998356,2922.309066404261,2922.309066404261,819.8798740540551,4082.4444444428436,819.8798740540551,655.9264537981837,2840.754252525993,2840.754252525993,655.9264537981837,811.3013322817553,840.5137263740589,4018.4635414240647,840.5137263740589,811.3013322817553,1034.9521356332755,718.4672626901757,2831.741911482087,2831.741911482087,718.4672626901757,1034.9521356332755,778.5873021275058,863.7871657160811,855.8281942227566,4029.0822638214504,855.8281942227566,863.7871657160811,778.5873021275058,826.5560634998324,1040.0591853407097,696.5292790331349,2847.0950202747226,2847.0950202747226,696.5292790331349,1040.0591853407097,826.5560634998324,685.3759507963304,753.8324217258868,835.645897579906,857.154174411867,4032.236038751459,857.154174411867,835.645897579906,753.8324217258868,685.3759507963304
Motorcycles,15060.999999994092,3769.8525398019483,3769.8525398019483,4066.3039712015125,14954.709750561029,4066.3039712015125,3300.3534446212207,3820.118326561744,3820.118326561744,3300.3534446212207,1355.3650456473752,4049.83994878192,14942.785799121046,4049.83994878192,1355.3650456473752,312.2022778849701,3288.669678120984,3800.6577877152718,3800.6577877152718,3288.669678120984,312.2022778849701,963.3600514853397,1361.429419975368,4033.270898957359,14936.918053067802,4033.270898957359,1361.429419975368,963.3600514853397,1364.5485801416419,316.9765280959797,3314.3500975603347,3813.444658053755,3813.444658053755,3314.3500975603347,316.9765280959797,1364.5485801416419,506.2894194505482,963.1659350577685,1352.1877976408177,4038.8572128671626,14903.296764829696,4038.8572128671626,1352.1877976408177,963.1659350577685,506.2894194505482
Motorcycles,12588.999999995063,3288.226567398051,3288.226567398051,3525.1575087271112,11451.69387754653,3525.1575087271112,3967.795410665781,3290.084232151226,3290.084232151226,3967.795410665781,991.5295274732459,3526.0334756108928,11389.599935207712,3526.0334756108928,991.5295274732459,221.49699799471685,3983.791653272684,3294.8174371824416,3294.8174371824416,3983.791653272684,221.49699799471685,657.293208878405,969.2051909806627,3518.7639736203555,11411.270634200842,3518.7639736203555,969.2051909806627,657.293208878405,591.8288052807194,208.3530249325788,3988.9327004731354,3286.6747377188567,3286.6747377188567,3988.9327004731354,208.3530249325788,591.8288052807194,290.7886933229883,641.8327284211036,963.2152573915473,3521.860684449213,11431.191670527052,3521.860684449213,963.2152573915473,641.8327284211036,290.7886933229883
Motorcycles,5671.999999997775,600.2533883821119,600.2533883821119,2262.3331855770757,5259.310657594309,2262.3331855770757,351.2568882061883,638.931022085699,638.931022085699,351.2568882061883,1315.2972696433949,2174.7720384916856,5295.532725559804,2174.7720384916856,1315.2972696433949,540.9749839573929,353.7159122731416,617.3097949063375,617.3097949063375,353.7159122731416,540.9749839573929,762.3136419859852,1322.8707144039245,2191.4622882396084,5285.054111002901,2191.4622882396084,1322.8707144039245,762.3136419859852,223.84425559585486,532.8167071353197,361.21746071280705,630.506802107114,630.506802107114,361.21746071280705,532.8167071353197,223.84425559585486,348.1690110793309,752.2371844972986,1334.5758370793726,2186.773429498524,5283.6483330452775,2186.773429498524,1334.5758370793726,752.2371844972986,348.1690110793309
Motorcycles,35454.99999998609,2450.8606914313273,2450.8606914313273,5097.678321540596,35271.08616778661,5097.678321540596,3971.1380506540595,2580.9923635381274,2580.9923635381274,3971.1380506540595,5281.057610321035,5037.619463862359,35139.3593564272,5037.619463862359,5281.057610321035,2979.1789003808112,4013.03410211817,2636.7639909841614,2636.7639909841614,4013.03410211817,2979.1789003808112,1549.7921399974853,5304.3684919140915,5026.033852202028,35147.05543378623,5026.033852202028,5304.3684919140915,1549.7921399974853,1615.019830019126,2979.820355342142,3979.996785084376,2620.6478408217586,2620.6478408217586,3979.996785084376,2979.820355342142,1615.019830019126,1414.5264777468296,1530.3394771735768,5280.262251037123,5035.984739539041,35174.07747995705,5035.984739539041,5280.262251037123,1530.3394771735768,1414.5264777468296
Motorcycles,7540.999999997042,4567.217511302615,4567.217511302615,1235.0684431898028,6752.365079362429,1235.0684431898028,769.5457103686766,4317.819389731967,4317.819389731967,769.5457103686766,638.7531522498217,1268.349383512298,6838.400342447223,1268.349383512298,638.7531522498217,995.4510439400767,748.1334574081261,4377.253255636347,4377.253255636347,748.1334574081261,995.4510439400767,1485.4313829159441,617.7007463129571,1226.7966477084829,6818.258589225115,1226.7966477084829,617.7007463129571,1485.4313829159441,1114.238455703798,988.6654800563906,742.3641831530385,4359.7781050657295,4359.7781050657295,742.3641831530385,988.6654800563906,1114.238455703798,910.4584278853614,1480.9484995212113,630.2689387247028,1241.5206108167035,6847.605743684626,1241.5206108167035,630.2689387247028,1480.9484995212113,910.4584278853614
Motorcycles,12446.999999995116,5479.320803888787,5479.320803888787,1435.1210557207555,12047.353741491874,1435.1210557207555,4842.412260396766,5443.805477689129,5443.805477689129,4842.412260396766,3930.7379097165312,1394.2566963603167,12124.695096174306,1394.2566963603167,3930.7379097165312,637.5763841019531,4821.8459122685435,5461.484073197898,5461.484073197898,4821.8459122685435,637.5763841019531,506.24827862539786,3904.9065831440607,1399.070208913459,12063.980466862831,1399.070208913459,3904.9065831440607,506.24827862539786,1908.4103217214547,651.1955083643884,4840.793306063346,5460.688295294583,5460.688295294583,4840.793306063346,651.1955083643884,1908.4103217214547,994.7110536402156,488.07758970442376,3910.9430117520924,1396.7483012599419,12092.958080424054,1396.7483012599419,3910.9430117520924,488.07758970442376,994.7110536402156
Motorcycles,2625.99999999897,2387.681713896321,2387.681713896321,1807.1793910267127,2625.99999999897,1807.1793910267127,1246.3353955174068,2387.681713896321,2387.681713896321,1246.3353955174068,1056.594202806766,1807.1793910267127,2625.99999999897,1807.1793910267127,1056.594202806766,1057.8478525821006,1246.3353955174068,2387.681713896321,2387.681713896321,1246.3353955174068,1057.8478525821006,929.0674590339919,1056.594202806766,1807.1793910267127,2625.99999999897,1807.1793910267127,1056.594202806766,929.0674590339919,649.7922105493125,1057.8478525821006,1246.3353955174068,2387.681713896321,2387.681713896321,1246.3353955174068,1057.8478525821006,649.7922105493125,329.90534854377825,929.0674590339919,1056.594202806766,1807.1793910267127,2625.99999999897,1807.1793910267127,1056.594202806766,929.0674590339919,329.90534854377825
Motorcycles,1423.9999999994416,1233.6534543424696,1233.6534543424696,940.162262420968,1423.9999999994416,940.162262420968,904.0184426806787,1233.6534543424696,1233.6534543424696,904.0184426806787,833.7810686047915,940.162262420968,1423.9999999994416,940.162262420968,833.7810686047915,632.580607628105,904.0184426806787,1233.6534543424696,1233.6534543424696,904.0184426806787,632.580607628105,554.7563528410858,833.7810686047915,940.162262420968,1423.9999999994416,940.162262420968,833.7810686047915,554.7563528410858,465.56021254633936,632.580607628105,904.0184426806787,1233.6534543424696,1233.6534543424696,904.0184426806787,632.580607628105,465.56021254633936,248.6770809895068,554.7563528410858,833.7810686047915,940.162262420968,1423.9999999994416,940.162262420968,833.7810686047915,554.7563528410858,248.6770809895068
Motorcycles,10779.999999995773,2968.4914951456794,2968.4914951456794,2110.4199113119817,10274.403628113883,2110.4199113119817,2905.888173667676,3145.6327671317968,3145.6327671317968,2905.888173667676,2566.343227802105,2064.5186667720022,10340.531321821727,2064.5186667720022,2566.343227802105,2540.084012163528,2925.2515015310687,3094.1290827063776,3094.1290827063776,2925.2515015310687,2540.084012163528,1697.1407544175368,2585.4148090752838,2050.9960624778796,10324.308799177856,2050.9960624778796,2585.4148090752838,1697.1407544175368,1424.77521359251,2560.4587610112044,2894.629891651747,3112.506082018762,3112.506082018762,2894.629891651747,2560.4587610112044,1424.77521359251,521.667064682693,1700.71168417189,2570.7313204922157,2067.3358166513867,10330.328807482747,2067.3358166513867,2570.7313204922157,1700.71168417189,521.667064682693
Motorcycles,9392.999999996315,5393.256432254215,5393.256432254215,1508.3562008734377,9392.999999996315,1508.3562008734377,3646.9013848369223,5393.256432254215,5393.256432254215,3646.9013848369223,2061.605712726725,1508.3562008734377,9392.999999996315,1508.3562008734377,2061.605712726725,1570.345460997738,3646.9013848369223,5393.256432254215,5393.256432254215,3646.9013848369223,1570.345460997738,1177.4842697523252,2061.605712726725,1508.3562008734377,9392.999999996315,1508.3562008734377,2061.605712726725,1177.4842697523252,1620.158879189817,1570.345460997738,3646.9013848369223,5393.256432254215,5393.256432254215,3646.9013848369223,1570.345460997738,1620.158879189817,1221.8069600815345,1177.4842697523252,2061.605712726725,1508.3562008734377,9392.999999996315,1508.3562008734377,2061.605712726725,1177.4842697523252,1221.8069600815345
Motorcycles,28642.99999998876,3203.7276051482954,3203.7276051482954,9178.234165144811,28642.99999998876,9178.234165144811,4804.769395837322,3203.7276051482954,3203.7276051482954,4804.769395837322,6070.9180313406805,9178.234165144811,28642.99999998876,9178.234165144811,6070.9180313406805,551.9455526251138,4804.769395837322,3203.7276051482954,3203.7276051482954,4804.769395837322,551.9455526251138,3288.625019698626,6070.9180313406805,9178.234165144811,28642.99999998876,9178.234165144811,6070.9180313406805,3288.625019698626,3173.7938190109157,551.9455526251138,4804.769395837322,3203.7276051482954,3203.7276051482954,4804.769395837322,551.9455526251138,3173.7938190109157,1626.3449124166302,3288.625019698626,6070.9180313406805,9178.234165144811,28642.99999998876,9178.234165144811,6070.9180313406805,3288.625019698626,1626.3449124166302
Motorcycles,4771.999999998129,2868.620364974235,2868.620364974235,898.2101372713237,4297.913832197862,898.2101372713237,1184.5394325576433,2736.12086003623,2736.12086003623,1184.5394325576433,1259.4575015197129,815.1539165905474,4402.572261555958,815.1539165905474,1259.4575015197129,1124.0297446709974,1141.2761271620684,2712.826046778652,2712.826046778652,1141.2761271620684,1124.0297446709974,814.5623107073405,1243.1578266405065,860.2657781688104,4331.165246937709,860.2657781688104,1243.1578266405065,814.5623107073405,481.5893155360384,1119.9152593572405,1162.9319593428268,2744.4728710991235,2744.4728710991235,1162.9319593428268,1119.9152593572405,481.5893155360384,404.1071446556163,828.6344034408801,1253.4437943383725,804.2092622450366,4359.4227036997845,804.2092622450366,1253.4437943383725,828.6344034408801,404.1071446556163
Motorcycles,31108.99999998779,4759.870958505487,4759.870958505487,2951.8579620687665,30247.03174601988,2951.8579620687665,1886.2188204665724,4806.048870216486,4806.048870216486,1886.2188204665724,4176.001695701099,3060.6321727313516,30140.20057999342,3060.6321727313516,4176.001695701099,2535.868838086503,1818.8470957346044,4794.664399543149,4794.664399543149,1818.8470957346044,2535.868838086503,2247.1974384306586,4164.909191116891,3019.981445039593,30187.772623411336,3019.981445039593,4164.909191116891,2247.1974384306586,260.00691999681067,2518.498881543968,1852.4506480094149,4795.477180599756,4795.477180599756,1852.4506480094149,2518.498881543968,260.00691999681067,2037.2550271639484,2283.896596395837,4159.884389029071,3031.3469951672405,30169.17039872186,3031.3469951672405,4159.884389029071,2283.896596395837,2037.2550271639484
Motorcycles,6096.999999997609,2301.8013154089617,2301.8013154089617,943.162416194135,5321.063492061406,943.162416194135,1418.81392502692,2410.7004138059565,2410.7004138059565,1418.81392502692,1865.6078197858672,918.1727977209093,5395.536659105972,918.1727977209093,1865.6078197858672,615.668324295311,1389.8017792383807,2396.8915588643595,2396.8915588643595,1389.8017792383807,615.668324295311,620.826404514649,1873.2118321689193,890.7582684190214,5443.298052488779,890.7582684190214,1873.2118321689193,620.826404514649,507.7504960704492,597.8970244275415,1387.0303424735398,2400.543155095827,2400.543155095827,1387.0303424735398,597.8970244275415,507.7504960704492,161.4463767043919,605.4981286044735,1871.8189622497246,914.7721556294205,5378.402336016269,914.7721556294205,1871.8189622497246,605.4981286044735,161.4463767043919
Motorcycles,10072.99999999605,1408.792459885997,1408.792459885997,2810.0678637582537,9837.41269840884,2810.0678637582537,1367.8162045021727,1388.3946023065694,1388.3946023065694,1367.8162045021727,554.2721146449223,2865.9031184538144,9796.55487682217,2865.9031184538144,554.2721146449223,171.84323980644984,1319.4906595836342,1396.3226598886233,1396.3226598886233,1319.4906595836342,171.84323980644984,946.3815290562976,573.0293110360404,2902.7354191080353,9754.085986454626,2902.7354191080353,573.0293110360404,946.3815290562976,596.2005456655713,146.22089120597562,1333.9737259301953,1390.286112225695,1390.286112225695,1333.9737259301953,146.22089120597562,596.2005456655713,221.41469365209542,934.1821728100011,548.4976796782546,2884.2106925000953,9794.113745390126,2884.2106925000953,548.4976796782546,934.1821728100011,221.41469365209542
Motorcycles,32797.999999987136,5969.560590308609,5969.560590308609,2668.038184802284,31933.48752833214,2668.038184802284,3623.6556264347378,5881.011507453215,5881.011507453215,3623.6556264347378,5195.705200667433,2611.0017768134626,31991.53658196718,2611.0017768134626,5195.705200667433,1629.6420969086396,3678.5873752382417,5963.221770282691,5963.221770282691,3678.5873752382417,1629.6420969086396,1484.5270512138065,5172.976990278535,2613.242499633517,31967.528728120094,2613.242499633517,5172.976990278535,1484.5270512138065,2520.702122272386,1644.118056062818,3658.783393979274,5937.733658070957,5937.733658070957,3658.783393979274,1644.118056062818,2520.702122272386,1719.0939363869672,1466.107238866828,5197.059999785162,2620.281457278847,31986.105528709482,2620.281457278847,5197.059999785162,1466.107238866828,1719.0939363869672
Motorcycles,12743.999999995001,3290.1467002119775,3290.1467002119775,1550.4315180866167,12573.823129246768,1550.4315180866167,2194.999559275253,3245.8799307446566,3245.8799307446566,2194.999559275253,2535.8677775222286,1543.2415573094377,12599.780708650402,1543.2415573094377,2535.8677775222286,793.2355914145696,2200.283234853856,3295.076160600062,3295.076160600062,2200.283234853856,793.2355914145696,881.5816502662234,2534.7481180569316,1582.2824176332867,12605.099631538378,1582.2824176332867,2534.7481180569316,881.5816502662234,962.0857940285532,795.1039175297217,2168.95003148485,3269.413871071849,3269.413871071849,2168.95003148485,795.1039175297217,962.0857940285532,1340.983530017949,882.2778343442305,2518.832926977528,1554.6654018310696,12583.917799187073,1554.6654018310696,2518.832926977528,882.2778343442305,1340.983530017949
Motorcycles,11731.999999995398,2777.5002962809767,2777.5002962809767,1026.0463556161865,10753.029478453833,1026.0463556161865,1433.7927452987503,2884.931344926372,2884.931344926372,1433.7927452987503,3461.175677766132,1000.906214213181,10798.930013724612,1000.906214213181,3461.175677766132,756.3905178702253,1467.3031654983838,2840.2933913828297,2840.2933913828297,1467.3031654983838,756.3905178702253,468.2749685934139,3422.1747443694835,1002.1332448017644,10806.362684930527,1002.1332448017644,3422.1747443694835,468.2749685934139,378.03627066988196,713.4187479621519,1452.8910688672047,2838.877393619373,2838.877393619373,1452.8910688672047,713.4187479621519,378.03627066988196,155.07148328035356,459.15959773973503,3417.0740801639354,1017.5840009892487,10811.329335273193,1017.5840009892487,3417.0740801639354,459.15959773973503,155.07148328035356
Motorcycles,10707.999999995802,1320.8896528164425,1320.8896528164425,2719.4554911413784,10241.30158729757,2719.4554911413784,3027.8860853701526,1596.186910736786,1596.186910736786,3027.8860853701526,1306.9297041814052,2761.9706713579153,10111.208909863837,2761.9706713579153,1306.9297041814052,742.1119154606146,3073.824476414674,1554.379773758541,1554.379773758541,3073.824476414674,742.1119154606146,830.7378394468474,1299.763521550296,2714.8964680970503,10179.68797648733,2714.8964680970503,1299.763521550296,830.7378394468474,1303.6532126327463,720.5539288198511,3070.1288535254876,1543.7146235576465,1543.7146235576465,3070.1288535254876,720.5539288198511,1303.6532126327463,924.021056736909,810.7511754796345,1326.9792969499779,2737.027181209667,10147.699984910123,2737.027181209667,1326.9792969499779,810.7511754796345,924.021056736909
Motorcycles,14009.999999994503,3833.6102015253314,3833.6102015253314,4591.375404593105,13355.460317455078,4591.375404593105,2948.6394802257187,4018.3248523370016,4018.3248523370016,2948.6394802257187,1391.5371270594092,4698.907042081319,13277.203665134319,4698.907042081319,1391.5371270594092,1007.7439040983737,2880.737496808542,3990.02760826741,3990.02760826741,2880.737496808542,1007.7439040983737,227.17141940998792,1384.4293723211358,4664.464949109245,13283.187345007162,4664.464949109245,1384.4293723211358,227.17141940998792,937.5908803132996,983.9204284417115,2912.7229469961744,3991.5442424495936,3991.5442424495936,2912.7229469961744,983.9204284417115,937.5908803132996,725.5216162534913,256.6888352039821,1381.6996357028831,4680.232197412494,13286.586846926484,4680.232197412494,1381.6996357028831,256.6888352039821,725.5216162534913
Motorcycles,3324.999999998696,2539.703306800289,2539.703306800289,1564.6529815738634,2610.3333333323094,1564.6529815738634,542.2087014253187,2412.4547598004206,2412.4547598004206,542.2087014253187,561.8944447092917,1523.1341121914118,2866.7095346063693,1523.1341121914118,561.8944447092917,843.0108778052733,531.371928239811,2442.691793546592,2442.691793546592,531.371928239811,843.0108778052733,703.7919963472126,569.7570816174565,1525.6226256646635,2792.7006303212206,1525.6226256646635,569.7570816174565,703.7919963472126,321.7087049386354,819.4192423392839,523.8803112108242,2437.6246610447297,2437.6246610447297,523.8803112108242,819.4192423392839,321.7087049386354,34.43127868150176,674.6488644007877,562.9069802535483,1518.2888375062412,2793.937459607486,1518.2888375062412,562.9069802535483,674.6488644007877,34.43127868150176
Motorcycles,5429.99999999787,1784.2991529016547,1784.2991529016547,2496.421682274371,4977.823129249749,2496.421682274371,1675.347357337895,1742.4680611019792,1742.4680611019792,1675.347357337895,812.069895742816,2475.571001562484,5057.172937200108,2475.571001562484,812.069895742816,1215.8537650046223,1686.8895458182774,1769.7471009024262,1769.7471009024262,1686.8895458182774,1215.8537650046223,1734.0155805102106,855.0868222558659,2411.8971790754786,5012.892409577803,2411.8971790754786,855.0868222558659,1734.0155805102106,1927.291624765628,1246.0250697097897,1652.925240263059,1746.8200127558632,1746.8200127558632,1652.925240263059,1246.0250697097897,1927.291624765628,880.9801820943262,1720.8393397574603,852.02581364909,2450.7457850239857,5007.04866614687,2450.7457850239857,852.02581364909,1720.8393397574603,880.9801820943262
Motorcycles,11615.999999995443,4888.548141249782,4888.548141249782,2513.754826863843,10840.571428567177,2513.754826863843,3606.4829858430016,4768.6358987013145,4768.6358987013145,3606.4829858430016,1494.0693982903613,2632.3058805000564,10911.977972136956,2632.3058805000564,1494.0693982903613,2416.952233299812,3604.283682436955,4814.49806028058,4814.49806028058,3604.283682436955,2416.952233299812,2406.1977607860294,1492.1201283429177,2590.2152288580755,10846.617588682075,2590.2152288580755,1492.1201283429177,2406.1977607860294,1488.9943170146914,2389.997030320564,3583.9963687262652,4844.314344414054,4844.314344414054,3583.9963687262652,2389.997030320564,1488.9943170146914,1586.4845348050512,2391.922754643016,1494.409432850028,2618.4615144621634,10847.561137555611,2618.4615144621634,1494.409432850028,2391.922754643016,1586.4845348050512
Motorcycles,7655.999999996997,4754.060654382062,4754.060654382062,1632.0328745294803,7326.820861675131,1632.0328745294803,864.1738857470123,4622.739768996012,4622.739768996012,864.1738857470123,732.4750948767424,1569.6561904042833,7246.072716612149,1569.6561904042833,732.4750948767424,770.257493671239,910.2335293713079,4615.561706952683,4615.561706952683,910.2335293713079,770.257493671239,723.8437654202988,662.1600460795703,1585.0378551284025,7268.685478590731,1585.0378551284025,662.1600460795703,723.8437654202988,438.0408755510247,764.0177772163693,897.0292045999665,4610.640430162095,4610.640430162095,897.0292045999665,764.0177772163693,438.0408755510247,856.4050320148863,761.9173613613566,714.1721186200267,1586.459097574606,7285.662541871405,1586.459097574606,714.1721186200267,761.9173613613566,856.4050320148863
Motorcycles,2479.9999999990273,1745.5228154438366,1745.5228154438366,975.2542049177113,2115.283446711189,975.2542049177113,934.7935380819597,1486.7398254642042,1486.7398254642042,934.7935380819597,524.2779987390616,950.3150733554008,2037.7988183927712,950.3150733554008,524.2779987390616,691.828817438887,932.8675333339125,1519.9432489167748,1519.9432489167748,932.8675333339125,691.828817438887,553.1038300611258,486.77353240166843,950.4756463204341,2095.6842821413074,950.4756463204341,486.77353240166843,553.1038300611258,440.0212668336833,678.0170727362797,932.6405888489974,1525.6172571998222,1525.6172571998222,932.6405888489974,678.0170727362797,440.0212668336833,555.1466750799102,548.761838402687,507.5588304452647,948.6347371547034,2065.331593563158,948.6347371547034,507.5588304452647,548.761838402687,555.1466750799102
Motorcycles,21033.99999999175,1277.7600809180617,1277.7600809180617,571.4037947577182,20837.124716545113,571.4037947577182,1834.7280220665532,1421.5211223203385,1421.5211223203385,1834.7280220665532,2538.4071455864905,668.6065659495713,20769.052431848948,668.6065659495713,2538.4071455864905,385.19992931647556,1903.1357434150852,1426.4296663845284,1426.4296663845284,1903.1357434150852,385.19992931647556,1122.290949335744,2520.018042260236,624.6483502977622,20806.127089171958,624.6483502977622,2520.018042260236,1122.290949335744,1261.6716685973684,390.2569964482356,1879.971414718765,1409.0043054038515,1409.0043054038515,1879.971414718765,390.2569964482356,1261.6716685973684,2461.578912770975,1132.535604237809,2511.493372837137,629.0794062984595,20792.194230022204,629.0794062984595,2511.493372837137,1132.535604237809,2461.578912770975
Motorcycles,7852.99999999692,844.9464771299946,844.9464771299946,1579.921968250081,6829.29478457782,1579.921968250081,928.1988330828596,940.9801893661086,940.9801893661086,928.1988330828596,1894.8830748762375,1633.3761238241766,6936.634905206529,1633.3761238241766,1894.8830748762375,287.17827688103904,918.9155915559136,886.8311499260391,886.8311499260391,918.9155915559136,287.17827688103904,1310.834555761641,1946.934603245196,1620.23288804054,7007.437018619092,1620.23288804054,1946.934603245196,1310.834555761641,486.31469258962437,282.7142934446733,937.1339611953581,906.0576035561778,906.0576035561778,937.1339611953581,282.7142934446733,486.31469258962437,766.018639164507,1322.5365705741851,1932.7032917837398,1613.119649894434,6964.78137100169,1613.119649894434,1932.7032917837398,1322.5365705741851,766.018639164507
Motorcycles,9184.999999996398,4794.842839014979,4794.842839014979,985.073712423887,8469.648526073775,985.073712423887,1315.3622725906844,4710.618489986027,4710.618489986027,1315.3622725906844,1378.4651345466457,870.6599886879809,8585.216638125807,870.6599886879809,1378.4651345466457,561.5552371186467,1365.925447620727,4749.831224012873,4749.831224012873,1365.925447620727,561.5552371186467,1083.41342388661,1421.9814469161834,902.6380909933805,8552.637944004862,902.6380909933805,1421.9814469161834,1083.41342388661,474.4638181644864,580.2745616236374,1319.8442701141391,4738.9902582957675,4738.9902582957675,1319.8442701141391,580.2745616236374,474.4638181644864,270.8374651099,1078.507936875448,1401.2399725142195,906.646005870776,8576.942202501974,906.646005870776,1401.2399725142195,1078.507936875448,270.8374651099
Motorcycles,3969.9999999984434,1510.9666039374165,1510.9666039374165,1783.4007112595805,3905.020408161734,1783.4007112595805,847.5011229734042,1504.5606120618681,1504.5606120618681,847.5011229734042,1090.7670584195153,1786.7118521328455,3902.4165548290184,1786.7118521328455,1090.7670584195153,906.5013373238812,863.8245739905572,1513.1449497818587,1513.1449497818587,863.8245739905572,906.5013373238812,606.8857803272501,1118.9130464907573,1786.922247349137,3874.429501059861,1786.922247349137,1118.9130464907573,606.8857803272501,950.1985837572763,885.1269784680225,862.7659268998005,1511.438102261301,1511.438102261301,862.7659268998005,885.1269784680225,950.1985837572763,277.83031024818877,589.427429520321,1120.9945545599016,1793.4484301638456,3871.246588156452,1793.4484301638456,1120.9945545599016,589.427429520321,277.83031024818877
Motorcycles,8482.999999996673,1319.3553118141308,1319.3553118141308,2698.570877154405,7668.687074826924,2698.570877154405,916.2502853137871,1416.2711020222764,1416.2711020222764,916.2502853137871,839.1859457766508,2827.149766417187,7837.753852558359,2827.149766417187,839.1859457766508,1448.9383371597341,878.8733604543154,1468.7908178735722,1468.7908178735722,878.8733604543154,1448.9383371597341,534.5836539495695,845.8470036031422,2753.605542047819,7807.441430524033,2753.605542047819,845.8470036031422,534.5836539495695,1118.2644172241914,1481.6761860804575,871.1925793137056,1452.3845800592958,1452.3845800592958,871.1925793137056,1481.6761860804575,1118.2644172241914,918.6537895591639,549.8782478044018,823.5257728324893,2772.371492964272,7790.890969472609,2772.371492964272,823.5257728324893,549.8782478044018,918.6537895591639
Motorcycles,6498.999999997452,4324.213200536719,4324.213200536719,2143.396931796409,5911.707482990879,2143.396931796409,1532.3644591046075,4194.820068120254,4194.820068120254,1532.3644591046075,1359.7538674919545,2216.7797873921545,5968.663751212431,2216.7797873921545,1359.7538674919545,1374.6368664761778,1554.2989856674112,4209.830851776821,4209.830851776821,1554.2989856674112,1374.6368664761778,566.5117629546494,1317.2018254840173,2197.10141780821,5947.173680885019,2197.10141780821,1317.2018254840173,566.5117629546494,793.6246792272138,1348.333135841531,1536.2906482974786,4221.38003990726,4221.38003990726,1536.2906482974786,1348.333135841531,793.6246792272138,415.4478569319165,589.361932138049,1333.859389975705,2200.995384262446,5971.605847907496,2200.995384262446,1333.859389975705,589.361932138049,415.4478569319165
Motorcycles,4896.999999998079,1213.5682683189214,1213.5682683189214,963.7138239467101,4570.197278909773,963.7138239467101,1287.9846588289652,1122.5405297573523,1122.5405297573523,1287.9846588289652,1120.8832517715293,921.8457122638248,4552.565921604952,921.8457122638248,1120.8832517715293,119.94739879906292,1298.2783880935817,1132.4030411115768,1132.4030411115768,1298.2783880935817,119.94739879906292,538.4180797462287,1141.9816190960303,925.047404744708,4590.5084647217,925.047404744708,1141.9816190960303,538.4180797462287,696.8847812790855,114.91585333630508,1284.1039234943128,1133.7867374375742,1133.7867374375742,1284.1039234943128,114.91585333630508,696.8847812790855,336.58248971701863,537.3379894918895,1118.7102607534266,934.857353404882,4566.968897324062,934.857353404882,1118.7102607534266,537.3379894918895,336.58248971701863
Motorcycles,19039.99999999253,2610.264033354135,2610.264033354135,7009.341423058894,17971.05215418796,7009.341423058894,2674.19670401369,2612.4974387672073,2612.4974387672073,2674.19670401369,3342.079299165568,6939.783071901374,18063.64860319837,6939.783071901374,3342.079299165568,291.2347900024016,2589.193998784121,2612.307046438999,2612.307046438999,2589.193998784121,291.2347900024016,2049.578594625548,3320.207547800224,6985.143583049433,18008.163900678148,6985.143583049433,3320.207547800224,2049.578594625548,460.06910115754283,296.84363733814996,2625.0246013921055,2610.018024316736,2610.018024316736,2625.0246013921055,296.84363733814996,460.06910115754283,1343.2762440718004,2059.1705130162995,3319.43548576044,6966.411238447891,18016.63794915044,6966.411238447891,3319.43548576044,2059.1705130162995,1343.2762440718004
Motorcycles,5294.999999997924,144.90647109303777,144.90647109303777,821.0148301510612,4871.018140587659,821.0148301510612,372.93895146676016,354.2659186053861,354.2659186053861,372.93895146676016,725.048706035109,854.7264628588174,4745.980856739929,854.7264628588174,725.048706035109,552.9852251288379,393.25820070441927,316.7186697047496,316.7186697047496,393.25820070441927,552.9852251288379,334.23354034048566,737.9016457688853,818.123340781286,4825.057727850812,818.123340781286,737.9016457688853,334.23354034048566,575.0703418798474,544.4703338301792,392.1542807998413,302.59866482221497,302.59866482221497,392.1542807998413,544.4703338301792,575.0703418798474,361.9300280719353,314.548918921085,726.879133227003,832.361045100632,4833.198435000344,832.361045100632,726.879133227003,314.548918921085,361.9300280719353
Motorcycles,5471.9999999978545,788.4374417110216,788.4374417110216,2070.7431101399306,4915.768707481066,2070.7431101399306,929.8724490969445,791.3553767692418,791.3553767692418,929.8724490969445,1723.7560786544336,2110.297321012858,5115.784287409104,2110.297321012858,1723.7560786544336,1600.892937180671,906.0513715362292,779.31614828691,779.31614828691,906.0513715362292,1600.892937180671,928.7524474330497,1787.3295953477395,2085.8246136263233,5044.878166681111,2085.8246136263233,1787.3295953477395,928.7524474330497,738.6525987710168,1598.0853945449196,931.673928599737,783.4138281519578,783.4138281519578,931.673928599737,1598.0853945449196,738.6525987710168,299.2899218913364,947.3456806124126,1734.2141763678374,2097.3487994009924,5070.398073584631,2097.3487994009924,1734.2141763678374,947.3456806124126,299.2899218913364
Motorcycles,12499.999999995098,4792.315409352223,4792.315409352223,2561.2647933055723,11767.8730158684,2561.2647933055723,3685.2790482395903,4615.692842916705,4615.692842916705,3685.2790482395903,2166.1611750236975,2510.854546131998,11966.507782246528,2510.854546131998,2166.1611750236975,2481.8611597359914,3652.9551328720586,4640.801113964848,4640.801113964848,3652.9551328720586,2481.8611597359914,1458.7246091303816,2169.980158504837,2536.0413316250874,11911.616817689577,2536.0413316250874,2169.980158504837,1458.7246091303816,1978.153591260366,2467.195630045091,3679.9477170343557,4653.163520049933,4653.163520049933,3679.9477170343557,2467.195630045091,1978.153591260366,978.7992665818666,1447.7074861486758,2179.311480425443,2545.5514817258722,11880.681224846538,2545.5514817258722,2179.311480425443,1447.7074861486758,978.7992665818666
Motorcycles,45690.99999998207,1218.42298789576,1218.42298789576,3748.0716796311667,45594.95918365558,3748.0716796311667,2497.3672733698977,1168.36200291122,1168.36200291122,2497.3672733698977,8843.346587751807,3766.82245815779,45560.48092613943,3766.82245815779,8843.346587751807,2981.379458041205,2509.2891916750755,1173.541941548964,1173.541941548964,2509.2891916750755,2981.379458041205,820.0836355101322,8836.847723865681,3766.2841612416637,45583.52172340248,3766.2841612416637,8836.847723865681,820.0836355101322,3200.8156601261976,2992.9861846525987,2504.018451421262,1186.9496564949782,1186.9496564949782,2504.018451421262,2992.9861846525987,3200.8156601261976,1587.3543175286761,824.6543583894227,8837.281241952394,3771.766508983271,45583.48716024919,3771.766508983271,8837.281241952394,824.6543583894227,1587.3543175286761
Motorcycles,9613.999999996227,2069.0705174284417,2069.0705174284417,1176.5784761144403,8860.20861677657,1176.5784761144403,2213.531942830287,2103.41057226092,2103.41057226092,2213.531942830287,1685.6413437432045,1043.6682457794327,8869.816928128317,1043.6682457794327,1685.6413437432045,657.7149147644518,2180.5867136092984,2040.1343656122997,2040.1343656122997,2180.5867136092984,657.7149147644518,289.40726479863906,1665.9493519994592,1044.5710755307136,8832.261713360022,1044.5710755307136,1665.9493519994592,289.40726479863906,412.41049755279306,621.7031015559331,2243.82284389765,2069.9366278417565,2069.9366278417565,2243.82284389765,621.7031015559331,412.41049755279306,629.1982121696568,302.1455046997931,1678.4777615089704,1060.2181984038416,8852.134544721277,1060.2181984038416,1678.4777615089704,302.1455046997931,629.1982121696568
Motorcycles,15617.999999993872,3352.914011763925,3352.914011763925,3968.30019207442,15610.190476184354,3968.30019207442,418.11516287551325,3353.0420515055134,3353.0420515055134,418.11516287551325,4436.3490584001265,3973.687405269544,15607.05116694592,3973.687405269544,4436.3490584001265,2813.953188521375,421.32451589601766,3355.203588381726,3355.203588381726,421.32451589601766,2813.953188521375,2644.040682485037,4436.596621936142,3973.195827910209,15604.795617997868,3973.195827910209,4436.596621936142,2644.040682485037,226.76968730292776,2814.5883707007947,420.89046068751134,3354.2187806681463,3354.2187806681463,420.89046068751134,2814.5883707007947,226.76968730292776,360.64933889318195,2642.5321926992774,4435.890775533637,3974.3749959615893,15602.446604350647,3974.3749959615893,4435.890775533637,2642.5321926992774,360.64933889318195
Motorcycles,17393.999999993175,4987.305713313047,4987.305713313047,4977.090396566484,16672.748299313185,4977.090396566484,5134.813638808541,5123.522697186767,5123.522697186767,5134.813638808541,1106.519285451008,4991.979116258101,16524.90940502537,4991.979116258101,1106.519285451008,1932.957892158678,5031.461843439469,5113.611085395696,5113.611085395696,5031.461843439469,1932.957892158678,457.0764544900131,1131.3276966716498,4974.856988746968,16586.802047879042,4974.856988746968,1131.3276966716498,457.0764544900131,1595.0433024550246,1877.880372081621,5081.759672827167,5102.640191290181,5102.640191290181,5081.759672827167,1877.880372081621,1595.0433024550246,1229.8633561311194,429.88530111346006,1105.6843359197446,4986.068077056657,16560.466311916287,4986.068077056657,1105.6843359197446,429.88530111346006,1229.8633561311194
Motorcycles,8388.999999996711,1498.70337505412,1498.70337505412,1194.8689308848295,8225.349206345982,1194.8689308848295,841.2905032524533,1427.0335384892749,1427.0335384892749,841.2905032524533,3135.4881060877547,1165.5284780417014,8199.197541144764,1165.5284780417014,3135.4881060877547,1271.8055452801593,829.1634499016401,1425.3886296704777,1425.3886296704777,829.1634499016401,1271.8055452801593,1446.191477712715,3125.5016547205273,1158.3176436105728,8185.682409010018,1158.3176436105728,3125.5016547205273,1446.191477712715,398.7938737828187,1283.3302419475865,832.7714455699804,1403.580894307204,1403.580894307204,832.7714455699804,1283.3302419475865,398.7938737828187,815.7486517888449,1460.5729722717824,3113.370083065251,1158.807375929265,8170.131493439201,1158.807375929265,3113.370083065251,1460.5729722717824,815.7486517888449
Motorcycles,19792.999999992237,661.6123376512171,661.6123376512171,1551.5045870390222,18630.074829924662,1551.5045870390222,3930.9195220200218,611.1899573209341,611.1899573209341,3930.9195220200218,1819.452954623578,1453.5874954346675,18664.174294653854,1453.5874954346675,1819.452954623578,2014.4742425684638,3885.265550304303,601.7310784997626,601.7310784997626,3885.265550304303,2014.4742425684638,3138.8933895239225,1868.3261058824296,1495.5095341193296,18615.473758249762,1495.5095341193296,1868.3261058824296,3138.8933895239225,267.7102572533229,2015.3435979187582,3886.6083194716225,617.5441581476239,617.5441581476239,3886.6083194716225,2015.3435979187582,267.7102572533229,1322.845348497757,3132.467813371392,1843.9198166470053,1479.5445127781093,18636.207957722218,1479.5445127781093,1843.9198166470053,3132.467813371392,1322.845348497757
Motorcycles,5377.999999997891,2196.9292711221256,2196.9292711221256,433.77137083825926,5375.968253966145,433.77137083825926,1036.3377225901215,2194.729419494625,2194.729419494625,1036.3377225901215,1281.1156047880995,433.3607755987618,5372.88348990179,433.3607755987618,1281.1156047880995,692.0920612274169,1032.911982586284,2192.20574668245,2192.20574668245,1032.911982586284,692.0920612274169,750.0758117295755,1277.0713489594364,433.10965392971224,5370.10994961308,433.10965392971224,1277.0713489594364,750.0758117295755,279.7762488933323,691.3356234208048,1030.4383925897412,2190.3565941405654,2190.3565941405654,1030.4383925897412,691.3356234208048,279.7762488933323,420.7166336926228,750.3697373759406,1274.545196261693,433.13806973502733,5368.616837766486,433.13806973502733,1274.545196261693,750.3697373759406,420.7166336926228
Motorcycles,12040.999999995278,2075.6062990726555,2075.6062990726555,2183.8325645123687,11277.725623578342,2183.8325645123687,535.1393419018652,2038.4505210096743,2038.4505210096743,535.1393419018652,693.3606492408409,2085.6920190654023,11372.565674791535,2085.6920190654023,693.3606492408409,1389.6076606547795,556.2043150856679,2088.4614850007206,2088.4614850007206,556.2043150856679,1389.6076606547795,926.3575119395626,777.4573075120594,2188.434754119794,11267.633037952375,2188.434754119794,777.4573075120594,926.3575119395626,1201.041102149281,1424.652047495253,554.4281180895804,2087.4055485426597,2087.4055485426597,554.4281180895804,1424.652047495253,1201.041102149281,1337.0912564181353,914.6740648910151,753.5346676202612,2126.283116749978,11301.595559785615,2126.283116749978,753.5346676202612,914.6740648910151,1337.0912564181353
Motorcycles,36475.99999998569,4694.460056921994,4694.460056921994,4816.090895719957,35339.46485259384,4816.090895719957,3536.6682434795794,4853.227163464108,4853.227163464108,3536.6682434795794,6424.30504128006,4879.0805478559605,35417.066592609546,4879.0805478559605,6424.30504128006,5109.03784560112,3542.1282810695748,4876.797304428865,4876.797304428865,3542.1282810695748,5109.03784560112,2285.1406646512005,6436.951944106085,4891.5896407550645,35446.28809693757,4891.5896407550645,6436.951944106085,2285.1406646512005,3243.0442747923157,5128.149059008849,3535.7264370823104,4880.066606861678,4880.066606861678,3535.7264370823104,5128.149059008849,3243.0442747923157,2453.7423393435724,2279.8893154026555,6455.839493976245,4856.680610015997,35415.107421957095,4856.680610015997,6455.839493976245,2279.8893154026555,2453.7423393435724
Motorcycles,5886.999999997691,4760.499295412852,4760.499295412852,2810.961458772267,5619.684807254031,2810.961458772267,1633.701068035922,4726.4974791672985,4726.4974791672985,1633.701068035922,936.4505614370584,2864.3086386879136,5685.829006430275,2864.3086386879136,936.4505614370584,584.9310788649876,1602.993292692685,4728.175111378395,4728.175111378395,1602.993292692685,584.9310788649876,991.1726040362115,904.3257375016532,2795.2850821999446,5687.1596415186905,2795.2850821999446,904.3257375016532,991.1726040362115,1019.1813054055077,579.2907497807704,1617.2516046156709,4727.101308911013,4727.101308911013,1617.2516046156709,579.2907497807704,1019.1813054055077,858.8252608506336,999.2846296377869,922.5881094312845,2818.486545869608,5656.440728675428,2818.486545869608,922.5881094312845,999.2846296377869,858.8252608506336
Motorcycles,5027.999999998027,4865.1154031112055,4865.1154031112055,4396.528492057571,5027.999999998027,4396.528492057571,3679.710127861904,4865.1154031112055,4865.1154031112055,3679.710127861904,2802.081684509614,4396.528492057571,5027.999999998027,4396.528492057571,2802.081684509614,1871.772775879423,3679.710127861904,4865.1154031112055,4865.1154031112055,3679.710127861904,1871.772775879423,1019.0309517656514,2802.081684509614,4396.528492057571,5027.999999998027,4396.528492057571,2802.081684509614,1019.0309517656514,504.6485808161346,1871.772775879423,3679.710127861904,4865.1154031112055,4865.1154031112055,3679.710127861904,1871.772775879423,504.6485808161346,686.0436650970275,1019.0309517656514,2802.081684509614,4396.528492057571,5027.999999998027,4396.528492057571,2802.081684509614,1019.0309517656514,686.0436650970275
Motorcycles,37602.999999985244,5530.906994725485,5530.906994725485,8064.208779591668,36714.732426289454,8064.208779591668,3411.0570324643336,5205.231585454269,5205.231585454269,3411.0570324643336,3540.960144743351,8106.726757174803,36803.437718837275,8106.726757174803,3540.960144743351,311.49591586597995,3375.7028505131398,5261.31593892532,5261.31593892532,3375.7028505131398,311.49591586597995,4065.3939607556736,3520.370701462495,8076.444287837161,36754.85157636735,8076.444287837161,3520.370701462495,4065.3939607556736,1820.7939201011045,289.68898141224787,3387.189418564774,5249.874834069252,5249.874834069252,3387.189418564774,289.68898141224787,1820.7939201011045,1901.1525910162882,4066.1545982288344,3536.4464140088667,8095.549475610261,36783.7749831369,8095.549475610261,3536.4464140088667,4066.1545982288344,1901.1525910162882
Motorcycles,8245.999999996766,2064.273816169357,2064.273816169357,559.1473916505638,7890.090702944752,559.1473916505638,1636.5010848833263,2042.7989150144122,2042.7989150144122,1636.5010848833263,1532.2068546602757,596.7271534847027,7871.817637709595,596.7271534847027,1532.2068546602757,781.9569684177276,1618.766769425056,2016.2854822274069,2016.2854822274069,1618.766769425056,781.9569684177276,1263.4952798011668,1535.7018318290736,559.271859520597,7874.473452865324,559.271859520597,1535.7018318290736,1263.4952798011668,401.7406946869634,821.9467177219238,1633.5003422153202,2042.7312065285876,2042.7312065285876,1633.5003422153202,821.9467177219238,401.7406946869634,723.0498861230498,1244.8329479538638,1531.2389324223668,591.6121232206582,7858.2643472979125,591.6121232206582,1531.2389324223668,1244.8329479538638,723.0498861230498
Motorcycles,10663.999999995816,1307.5797886159621,1307.5797886159621,2127.760612489977,9975.786848068648,2127.760612489977,1455.4257257041716,1488.4837862792986,1488.4837862792986,1455.4257257041716,2348.432063821884,2171.8946859730877,9943.854073144634,2171.8946859730877,2348.432063821884,654.8762561300376,1434.4531164648977,1429.8177828917903,1429.8177828917903,1434.4531164648977,654.8762561300376,1366.3184369567628,2341.230725323815,2176.989588734458,9935.752783102616,2176.989588734458,2341.230725323815,1366.3184369567628,725.2341047095142,611.6204126978087,1410.226559266277,1398.3050204662875,1398.3050204662875,1410.226559266277,611.6204126978087,725.2341047095142,477.01384662306106,1356.5771979763638,2330.0736016843143,2156.2385303138053,9918.184913170422,2156.2385303138053,2330.0736016843143,1356.5771979763638,477.01384662306106
Motorcycles,7624.99999999701,2224.609343229986,2224.609343229986,1163.2505032076017,6729.195011335229,1163.2505032076017,3013.6622418781626,2258.6211052693616,2258.6211052693616,3013.6622418781626,1331.3517867274616,1054.0752648268465,6841.2267573669305,1054.0752648268465,1331.3517867274616,689.417473711146,3057.5629104176433,2227.615418046448,2227.615418046448,3057.5629104176433,689.417473711146,527.3172755803703,1307.573143298544,1080.4399518243845,6792.789258065799,1080.4399518243845,1307.573143298544,527.3172755803703,628.1344354976266,685.9939120676522,3015.7848766077277,2250.0249530588017,2250.0249530588017,3015.7848766077277,685.9939120676522,628.1344354976266,466.62222420293983,541.2034484053908,1319.429417335359,1099.5905938966123,6776.671953430751,1099.5905938966123,1319.429417335359,541.2034484053908,466.62222420293983
Motorcycles,26096.999999989763,1314.421026447719,1314.421026447719,3771.4458027784667,24999.979591826926,3771.4458027784667,3269.1672509075242,1340.065330476177,1340.065330476177,3269.1672509075242,1608.896627426227,3875.763384810359,24990.919262026073,3875.763384810359,1608.896627426227,1054.0137820630405,3268.1851167104764,1333.1210899758705,1333.1210899758705,3268.1851167104764,1054.0137820630405,370.7071302379516,1668.7287076774858,3846.464030795562,25018.59115757559,3846.464030795562,1668.7287076774858,370.7071302379516,1387.5452932222177,1074.2854042640113,3266.3033422606813,1363.3325421872034,1363.3325421872034,3266.3033422606813,1074.2854042640113,1387.5452932222177,811.7253864362785,371.5833701274115,1644.5615295849148,3849.908281088893,24985.184029376385,3849.908281088893,1644.5615295849148,371.5833701274115,811.7253864362785
Motorcycles,863.9999999996612,526.5481531073432,526.5481531073432,328.8613128079408,835.1655328794911,328.8613128079408,218.6927204242748,546.7477910990276,546.7477910990276,218.6927204242748,53.5835987714568,309.0861127990198,831.7561509861455,309.0861127990198,53.5835987714568,216.61722465799187,235.01070479356704,543.4226920660878,543.4226920660878,235.01070479356704,216.61722465799187,367.32373812326347,41.846216402141316,313.92847026464506,832.8016363007952,313.92847026464506,41.846216402141316,367.32373812326347,337.93062040098306,210.55363370489164,231.23874381702205,546.143231451065,546.143231451065,231.23874381702205,210.55363370489164,337.93062040098306,285.0468365032962,367.7743994534112,46.69266225235866,309.02266864178324,827.7475033231854,309.02266864178324,46.69266225235866,367.7743994534112,285.0468365032962
Motorcycles,14036.999999994496,3285.2981705865272,3285.2981705865272,143.23507613041576,13537.371882080857,143.23507613041576,1645.1031308408026,3214.0249439912413,3214.0249439912413,1645.1031308408026,1088.5920402192332,162.47408382587705,13583.38419176662,162.47408382587705,1088.5920402192332,430.551816237864,1623.8770032121276,3167.063525600345,3167.063525600345,1623.8770032121276,430.551816237864,1833.521628870865,1089.4070646937907,190.43940596691277,13558.900687376825,190.43940596691277,1089.4070646937907,1833.521628870865,949.9512865276275,431.68612076266805,1660.887917126218,3189.0258065245266,3189.0258065245266,1660.887917126218,431.68612076266805,949.9512865276275,129.5716877237697,1854.848748450422,1073.7938216162618,176.83974653995813,13557.263673916974,176.83974653995813,1073.7938216162618,1854.848748450422,129.5716877237697
Motorcycles,7007.9999999972515,1670.3978060473742,1670.3978060473742,671.473365303033,5753.795918365091,671.473365303033,1072.3236824632713,1631.0640556288927,1631.0640556288927,1072.3236824632713,854.6753031983504,538.7219063495257,5884.941151061293,538.7219063495257,854.6753031983504,1654.0446226840315,1067.4080753544742,1613.3414627444236,1613.3414627444236,1067.4080753544742,1654.0446226840315,759.6262781675385,883.2102688383297,500.4140312629707,5922.466658178476,500.4140312629707,883.2102688383297,759.6262781675385,299.8853406567581,1647.2830306960698,1078.5164312392624,1618.3596812607404,1618.3596812607404,1078.5164312392624,1647.2830306960698,299.8853406567581,701.4236826831662,764.059759488367,875.9850913568389,523.3795260685374,5900.838900862508,523.3795260685374,875.9850913568389,764.059759488367,701.4236826831662
Motorcycles,11595.99999999545,1755.4309065112234,1755.4309065112234,1292.3261332636994,10418.580498862128,1292.3261332636994,1254.9994163313515,1636.0561804764513,1636.0561804764513,1254.9994163313515,1388.359374039389,1376.15028871092,10472.871056808639,1376.15028871092,1388.359374039389,1027.0817801027858,1184.6215183990882,1637.8386866980302,1637.8386866980302,1184.6215183990882,1027.0817801027858,618.6256174901091,1384.6175246843814,1386.8818227215936,10485.990993968902,1386.8818227215936,1384.6175246843814,618.6256174901091,55.062821656361386,1003.7268480203056,1202.7635331844779,1617.0704330997708,1617.0704330997708,1202.7635331844779,1003.7268480203056,55.062821656361386,728.352093340195,616.9393027945198,1376.2596464725466,1370.7600661749013,10490.100315907746,1370.7600661749013,1376.2596464725466,616.9393027945198,728.352093340195
Motorcycles,15041.9999999941,10216.109674109972,10216.109674109972,4822.747516228874,14161.192743758616,4822.747516228874,3806.557536832235,10222.355510425048,10222.355510425048,3806.557536832235,3608.749015648896,4878.528793921416,14264.40387492306,4878.528793921416,3608.749015648896,2595.6363380060916,3866.4762150759097,10217.31010629022,10217.31010629022,3866.4762150759097,2595.6363380060916,1091.180430788308,3629.4830481864424,4904.795695522655,14232.46358833835,4904.795695522655,3629.4830481864424,1091.180430788308,1673.6849415734277,2591.798880267752,3861.750274991832,10194.042485298713,10194.042485298713,3861.750274991832,2591.798880267752,1673.6849415734277,1340.3530158386059,1101.3146641403762,3587.709890901461,4888.195953964151,14227.166021183748,4888.195953964151,3587.709890901461,1101.3146641403762,1340.3530158386059
Motorcycles,13348.999999994765,2050.482993151328,2050.482993151328,371.5170325060286,12932.76870747792,371.5170325060286,3433.743347599222,2177.7764358196196,2177.7764358196196,3433.743347599222,2555.6462827015744,331.6449281696374,12826.80653122424,331.6449281696374,2555.6462827015744,912.3971127280489,3464.1120874077146,2145.1195074633774,2145.1195074633774,3464.1120874077146,912.3971127280489,1749.5468243085697,2540.8403347128983,313.4655653614375,12896.69661579502,313.4655653614375,2540.8403347128983,1749.5468243085697,692.1860430098421,946.9743951374023,3455.3245128708086,2134.104915660599,2134.104915660599,3455.3245128708086,946.9743951374023,692.1860430098421,1464.8134706814365,1743.1006731518953,2561.1093560112513,323.0338499728903,12863.622393379372,323.0338499728903,2561.1093560112513,1743.1006731518953,1464.8134706814365
Motorcycles,5636.999999997789,2320.445955783007,2320.445955783007,930.4265486969012,4875.7482993178155,930.4265486969012,1228.655993206073,2263.324353014578,2263.324353014578,1228.655993206073,2253.8353271761725,1009.8179423081679,4926.837012354031,1009.8179423081679,2253.8353271761725,931.2442820419818,1147.0868153539216,2288.3257026165397,2288.3257026165397,1147.0868153539216,931.2442820419818,428.5441596347973,2227.2008319895963,956.3626544228433,4957.531192122275,956.3626544228433,2227.2008319895963,428.5441596347973,564.5786931324742,958.6163880055175,1169.7568658420457,2245.9053844017208,2245.9053844017208,1169.7568658420457,958.6163880055175,564.5786931324742,752.1483817577151,412.8693677671997,2267.144522034489,988.3154927180481,4917.020212974375,988.3154927180481,2267.144522034489,412.8693677671997,752.1483817577151
Motorcycles,4571.9999999982065,340.624363141849,340.624363141849,868.396735198919,4394.02721088263,868.396735198919,1201.6532777062816,305.9892985673837,305.9892985673837,1201.6532777062816,1030.860689919899,834.1474759925034,4324.074845355948,834.1474759925034,1030.860689919899,1040.8347510827432,1230.6143008062988,255.28476798457274,255.28476798457274,1230.6143008062988,1040.8347510827432,423.0560186764936,996.8347425082213,793.9866789250509,4341.360014006626,793.9866789250509,996.8347425082213,423.0560186764936,114.5142868286642,1023.4542942442364,1217.9643596563635,270.14749847817603,270.14749847817603,1217.9643596563635,1023.4542942442364,114.5142868286642,598.9389012073083,414.7821206368344,1009.7171227175701,819.3078954998662,4338.625696356369,819.3078954998662,1009.7171227175701,414.7821206368344,598.9389012073083
Motorcycles,15060.99999999409,9550.448602848895,9550.448602848895,3234.8688922858264,13726.410430833615,3234.8688922858264,1381.5542983673924,9558.445884636129,9558.445884636129,1381.5542983673924,1720.1634899500914,3242.89244342174,13747.671541173435,3242.89244342174,1720.1634899500914,2338.2746605641696,1372.8131930024683,9554.16308987279,9554.16308987279,1372.8131930024683,2338.2746605641696,2298.3885724354154,1730.3657056821964,3247.4949520481296,13757.076805963243,3247.4949520481296,1730.3657056821964,2298.3885724354154,933.6415946922465,2325.9567614796115,1365.6041373336525,9535.4983469109,9535.4983469109,1365.6041373336525,2325.9567614796115,933.6415946922465,626.5721187759094,2298.7631734223314,1731.5793537468503,3249.617397368807,13761.11090508456,3249.617397368807,1731.5793537468503,2298.7631734223314,626.5721187759094
Motorcycles,2546.9999999990014,2484.5141037711746,2484.5141037711746,2309.7302858838325,2546.9999999990014,2309.7302858838325,2058.4854761791694,2484.5141037711746,2484.5141037711746,2058.4854761791694,1782.6702178820697,2309.7302858838325,2546.9999999990014,2309.7302858838325,1782.6702178820697,1536.087287885723,2058.4854761791694,2484.5141037711746,2484.5141037711746,2058.4854761791694,1536.087287885723,1351.8419656757696,1782.6702178820697,2309.7302858838325,2546.9999999990014,2309.7302858838325,1782.6702178820697,1351.8419656757696,1222.6215536096915,1536.087287885723,2058.4854761791694,2484.5141037711746,2484.5141037711746,2058.4854761791694,1536.087287885723,1222.6215536096915,1108.6205741604065,1351.8419656757696,1782.6702178820697,2309.7302858838325,2546.9999999990014,2309.7302858838325,1782.6702178820697,1351.8419656757696,1108.6205741604065
Motorcycles,32506.999999987245,3900.8276682369446,3900.8276682369446,4381.438220648403,31696.65532878575,4381.438220648403,2103.297173708839,3931.0537574046866,3931.0537574046866,2103.297173708839,7648.68762956604,4431.074856107934,31813.78285281119,4431.074856107934,7648.68762956604,3826.8693627392254,2176.276983417664,3950.971914238167,3950.971914238167,2176.276983417664,3826.8693627392254,2681.723293954785,7637.919896019731,4388.281660333165,31817.627743289562,4388.281660333165,7637.919896019731,2681.723293954785,2176.976468617506,3862.061962745704,2139.602583879022,3921.594425249146,3921.594425249146,2139.602583879022,3862.061962745704,2176.976468617506,3609.504729959969,2692.9393227229943,7663.727152146147,4393.173415370282,31818.985375110355,4393.173415370282,7663.727152146147,2692.9393227229943,3609.504729959969
Motorcycles,14950.999999994136,3607.969966221461,3607.969966221461,644.5438145732439,13806.886621309777,644.5438145732439,1964.7206395405067,3527.1562617308387,3527.1562617308387,1964.7206395405067,3408.3709712831005,672.6473170640384,13971.811266904913,672.6473170640384,3408.3709712831005,732.7048471187358,2054.5903229365335,3503.2553195190276,3503.2553195190276,2054.5903229365335,732.7048471187358,920.7126570356621,3409.0670198277053,666.2020520898765,13995.945784892489,666.2020520898765,3409.0670198277053,920.7126570356621,708.1382326998353,731.1047264386938,2017.5901019784746,3517.3303021750157,3517.3303021750157,2017.5901019784746,731.1047264386938,708.1382326998353,460.21355492443075,900.4908300529561,3406.3177972160865,672.3359790110217,13964.218933295888,672.3359790110217,3406.3177972160865,900.4908300529561,460.21355492443075
Motorcycles,12896.999999994941,1914.379763530819,1914.379763530819,5498.327174550581,12407.195011333002,5498.327174550581,476.3854725806962,2026.5422473700532,2026.5422473700532,476.3854725806962,3006.01205660212,5510.459749130584,12400.970938030214,5510.459749130584,3006.01205660212,1432.2947496076251,483.2249558734722,1953.0602164489387,1953.0602164489387,483.2249558734722,1432.2947496076251,1520.8989857933484,2998.662568101392,5483.516486335268,12395.435992174382,5483.516486335268,2998.662568101392,1520.8989857933484,1102.4868752745328,1428.613052584997,457.69826879461954,1980.2389420961867,1980.2389420961867,457.69826879461954,1428.613052584997,1102.4868752745328,1147.6839127870114,1507.0032668794197,2978.93788554812,5497.883256298008,12399.622335139959,5497.883256298008,2978.93788554812,1507.0032668794197,1147.6839127870114
Motorcycles,27137.99999998935,5272.790807710527,5272.790807710527,4954.1904669684845,27077.324263027927,4954.1904669684845,3250.247181564385,5236.770581532304,5236.770581532304,3250.247181564385,4603.224903636122,4914.060809091003,27041.62059017558,4914.060809091003,4603.224903636122,5804.518252810054,3221.728925509841,5235.79720595882,5235.79720595882,3221.728925509841,5804.518252810054,1133.7504314551613,4609.628108272661,4919.366581900606,27050.573829252346,4919.366581900606,4609.628108272661,1133.7504314551613,1627.1120731343135,5814.465907837793,3233.2154288182705,5248.410463248505,5248.410463248505,3233.2154288182705,5814.465907837793,1627.1120731343135,1000.2931573712481,1126.2251374253344,4590.882088952491,4933.065045777964,27060.193331331368,4933.065045777964,4590.882088952491,1126.2251374253344,1000.2931573712481
Motorcycles,16830.999999993397,3808.840242373004,3808.840242373004,1872.6040190228905,16312.04761904122,1872.6040190228905,3956.155465868678,3821.816088313849,3821.816088313849,3956.155465868678,3090.8073203187937,1863.8470088722133,16213.346306316622,1863.8470088722133,3090.8073203187937,246.54086599228373,3905.5686490066314,3848.7349862557357,3848.7349862557357,3905.5686490066314,246.54086599228373,1454.5011999896833,3114.5782712208584,1905.8367540519123,16250.716924372191,1905.8367540519123,3114.5782712208584,1454.5011999896833,1869.0840367985525,258.6351038210784,3895.7433079611055,3854.4686554681134,3854.4686554681134,3895.7433079611055,258.6351038210784,1869.0840367985525,734.9143762679556,1460.3544736646168,3121.3250233545305,1874.8974408589615,16229.615642236322,1874.8974408589615,3121.3250233545305,1460.3544736646168,734.9143762679556
Motorcycles,33837.999999986714,2673.270126559025,2673.270126559025,6626.30430257106,32452.671201801328,6626.30430257106,4446.025253608991,2673.270126559023,2673.270126559023,4446.025253608991,2351.7844167051494,6626.30430257106,32452.91415612591,6626.30430257106,2351.7844167051494,1366.3008527940979,4446.02525360899,2673.270126559023,2673.270126559023,4446.02525360899,1366.3008527940979,1242.0397305304461,2351.571777499051,6626.30430257106,32453.316643606955,6626.30430257106,2351.571777499051,1242.0397305304461,653.9104421940849,1366.3008527940979,4446.025253608991,2673.270126559023,2673.270126559023,4446.025253608991,1366.3008527940979,653.9104421940849,1503.3596807188762,1242.039730530446,2351.2785751762503,6626.30430257106,32453.91969101149,6626.30430257106,2351.2785751762503,1242.039730530446,1503.3596807188762
Motorcycles,12710.999999995014,2923.07471180802,2923.07471180802,1290.061361738481,12542.614512466736,1290.061361738481,1390.9773558018778,2947.6859961107134,2947.6859961107134,1390.9773558018778,2071.4265813988723,1262.838654964895,12595.023570420963,1262.838654964895,2071.4265813988723,1852.8918082342364,1416.1954155832168,2923.741725488752,2923.741725488752,1416.1954155832168,1852.8918082342364,479.23008339495146,2080.733031844043,1297.4552966671038,12617.654149388143,1297.4552966671038,2080.733031844043,479.23008339495146,688.0937353663421,1845.0231039723437,1392.4140528125554,2946.542437134336,2946.542437134336,1392.4140528125554,1845.0231039723437,688.0937353663421,1774.7189235076112,478.89320062608584,2056.081671570026,1281.1762042735238,12577.351428959417,1281.1762042735238,2056.081671570026,478.89320062608584,1774.7189235076112
Motorcycles,58532.99999997703,652.7044668687688,652.7044668687688,4418.013548377678,58505.58049884325,4418.013548377678,347.7672872622562,663.7242094030943,663.7242094030943,347.7672872622562,11400.903957155984,4382.2379792352085,58470.29606488828,4382.2379792352085,11400.903957155984,387.6644988884604,336.36493082741606,673.3990572419274,673.3990572419274,336.36493082741606,387.6644988884604,857.4092631707271,11425.43586366127,4359.969631915275,58447.67899785316,4359.969631915275,11425.43586366127,857.4092631707271,782.5527605595179,378.3064999065026,334.90251537077967,676.0479614681869,676.0479614681869,334.90251537077967,378.3064999065026,782.5527605595179,2960.758000753203,850.4471026008606,11428.222172748961,4355.98137893929,58442.67964501198,4355.98137893929,11428.222172748961,850.4471026008606,2960.758000753203
Motorcycles,13581.99999999467,1220.0677960529988,1220.0677960529988,2106.4891387013413,13185.836734688704,2106.4891387013413,3521.1349360986137,1364.705716094594,1364.705716094594,3521.1349360986137,2072.146961623944,2169.501335388993,13157.113517510687,2169.501335388993,2072.146961623944,2381.5372743293965,3534.5402023556676,1346.3258228465247,1346.3258228465247,3534.5402023556676,2381.5372743293965,1773.3190110823073,2069.0165141175894,2145.916724488012,13194.150008178125,2145.916724488012,2069.0165141175894,1773.3190110823073,907.8886639131969,2407.4312744172917,3530.435509245046,1353.1606509012486,1353.1606509012486,3530.435509245046,2407.4312744172917,907.8886639131969,913.7144229086085,1791.7058008131412,2078.6464057739413,2145.865399650431,13148.191002039533,2145.865399650431,2078.6464057739413,1791.7058008131412,913.7144229086085
Motorcycles,5965.999999997661,298.95049447211085,298.95049447211085,1757.864183894655,5237.328798183888,1757.864183894655,1318.0870804785225,333.41163078064164,333.41163078064164,1318.0870804785225,682.5680986193678,1729.4077121299208,5313.229641968082,1729.4077121299208,682.5680986193678,716.884275169451,1297.5639912299584,343.6829942992946,343.6829942992946,1297.5639912299584,716.884275169451,206.62153331280368,676.7906219115763,1698.5634437216531,5341.181140066021,1698.5634437216531,676.7906219115763,206.62153331280368,304.7292718769764,722.3144965236204,1313.9187722555766,335.29174837823524,335.29174837823524,1313.9187722555766,722.3144965236204,304.7292718769764,634.6179182950808,246.86174444991855,708.8141510478463,1706.362778741197,5297.223135744178,1706.362778741197,708.8141510478463,246.86174444991855,634.6179182950808
Motorcycles,7046.999999997236,2739.109727072315,2739.109727072315,866.6801364948598,6171.816326528192,866.6801364948598,261.50853652737214,2563.2887090040063,2563.2887090040063,261.50853652737214,1152.3224614214334,796.7944476346455,6189.585897848777,796.7944476346455,1152.3224614214334,1412.8104431711506,276.23074511249786,2508.5842114275924,2508.5842114275924,276.23074511249786,1412.8104431711506,371.79818219120835,1124.376781812964,798.4150727546087,6198.032085079277,798.4150727546087,1124.376781812964,371.79818219120835,43.01815673486347,1410.662328456562,296.19780455050153,2553.9974770402073,2553.9974770402073,296.19780455050153,1410.662328456562,43.01815673486347,638.7082058065814,379.50705899515026,1121.0566029009644,818.7918899072669,6174.485420589865,818.7918899072669,1121.0566029009644,379.50705899515026,638.7082058065814
Motorcycles,13411.99999999474,4407.459481505048,4407.459481505048,1131.3914966022437,12289.759637183388,1131.3914966022437,3473.9800332351183,4512.752162274232,4512.752162274232,3473.9800332351183,1036.6118986579675,1095.7828048287001,12285.677325800787,1095.7828048287001,1036.6118986579675,789.4342160758572,3458.6295964588917,4497.721147575746,4497.721147575746,3458.6295964588917,789.4342160758572,405.82552025973183,1035.9464736518541,1095.5408467345028,12280.66347717401,1095.5408467345028,1035.9464736518541,405.82552025973183,595.5483654350853,795.7396161755958,3468.949566469478,4495.577461386837,4495.577461386837,3468.949566469478,795.7396161755958,595.5483654350853,334.5539803617377,418.4457107901545,1035.8670588119378,1110.1067732024862,12301.339950566027,1110.1067732024862,1035.8670588119378,418.4457107901545,334.5539803617377
Motorcycles,10473.999999995893,2543.0411505091975,2543.0411505091975,1597.679259318912,9490.244897955461,1597.679259318912,1425.0727914837767,2331.0033481597857,2331.0033481597857,1425.0727914837767,1482.145029608022,1517.0398229999391,9520.608851246518,1517.0398229999391,1482.145029608022,507.0906454941696,1453.9799097167286,2400.5717053147596,2400.5717053147596,1453.9799097167286,507.0906454941696,749.4955826926675,1488.387068081417,1534.5704034159958,9507.228479619362,1534.5704034159958,1488.387068081417,749.4955826926675,816.9502286843044,518.4600871574273,1461.8154420693272,2382.2655818489493,2382.2655818489493,1461.8154420693272,518.4600871574273,816.9502286843044,76.30313917018529,712.5312670225363,1467.0256079017113,1505.5151814034007,9525.516882848573,1505.5151814034007,1467.0256079017113,712.5312670225363,76.30313917018529
Motorcycles,6922.999999997285,2267.3704513129405,2267.3704513129405,380.22059387396786,6199.5895691585665,380.22059387396786,1418.1719410481267,2057.7895808732087,2057.7895808732087,1418.1719410481267,556.0888306524892,397.31801585938274,6229.999676058458,397.31801585938274,556.0888306524892,1171.4738527904788,1391.8991865001562,2164.900610268406,2164.900610268406,1391.8991865001562,1171.4738527904788,94.33669165610475,559.253540884621,429.10686277208305,6243.798484471392,429.10686277208305,559.253540884621,94.33669165610475,830.9824294356895,1186.165665025738,1379.9524696923488,2116.4718995105422,2116.4718995105422,1379.9524696923488,1186.165665025738,830.9824294356895,407.45009639731927,114.98399314706894,521.5579313349001,434.32726665131185,6261.3978100805525,434.32726665131185,521.5579313349001,114.98399314706894,407.45009639731927
Motorcycles,9818.99999999615,2900.609572203088,2900.609572203088,2573.0598577077235,8654.3560090669,2573.0598577077235,1971.6630261501755,2997.2694085603803,2997.2694085603803,1971.6630261501755,1157.884378762845,2543.8559569830586,8658.254631554442,2543.8559569830586,1157.884378762845,852.3624486897972,2011.3692397405907,2940.9615701671482,2940.9615701671482,2011.3692397405907,852.3624486897972,1082.84939151081,1171.0216691324383,2557.628936672182,8586.786663357565,2557.628936672182,1171.0216691324383,1082.84939151081,709.1738412755,844.6983485171517,1967.6535511950049,2931.1936610102875,2931.1936610102875,1967.6535511950049,844.6983485171517,709.1738412755,435.49332243541426,1085.8534643485568,1160.9986431676716,2565.4836684026072,8624.10961164378,2565.4836684026072,1160.9986431676716,1085.8534643485568,435.49332243541426
Motorcycles,11488.999999995493,4964.934123948253,4964.934123948253,1731.413990457851,10823.480725619338,1731.413990457851,1817.8643095646198,5204.806484457125,5204.806484457125,1817.8643095646198,3021.364256025694,1711.6415070772885,10929.2264488519,1711.6415070772885,3021.364256025694,1052.9409254538339,1766.339526825962,5089.626084315796,5089.626084315796,1766.339526825962,1052.9409254538339,1473.2904242803604,3034.603719093839,1722.1509458156297,10897.241218063638,1722.1509458156297,3034.603719093839,1473.2904242803604,737.9916653606094,1012.0550418712319,1798.506418892787,5125.268386553255,5125.268386553255,1798.506418892787,1012.0550418712319,737.9916653606094,690.4562156027641,1496.3059722300986,3033.364230871447,1730.4896391129698,10884.783504337434,1730.4896391129698,3033.364230871447,1496.3059722300986,690.4562156027641
Motorcycles,33456.999999986874,5809.247828335876,5809.247828335876,8303.631264385009,33456.96371880773,8303.631264385009,2946.451351598841,5809.194226296536,5809.194226296536,2946.451351598841,6780.541151048258,8303.580776300894,33456.893130935394,8303.580776300894,6780.541151048258,840.2337549670212,2946.3913436318735,5809.108130818832,5809.108130818832,2946.3913436318735,840.2337549670212,3816.5750285901017,6780.462710072569,8303.508479268176,33456.79206594727,8303.508479268176,6780.462710072569,3816.5750285901017,1979.9150688879515,840.3548250800635,2946.311906699239,5808.9941979878895,5808.9941979878895,2946.311906699239,840.3548250800635,1979.9150688879515,5022.735673178534,3816.437660092349,6780.3647636166315,8303.418262634428,33456.665977303936,8303.418262634428,6780.3647636166315,3816.437660092349,5022.735673178534
Motorcycles,12765.999999994992,3869.918614959999,3869.918614959999,3316.1817885087603,12104.185941038335,3316.1817885087603,2380.2113926175984,3720.2096954786884,3720.2096954786884,2380.2113926175984,2426.7056427737316,3240.825030775766,11988.422324026951,3240.825030775766,2426.7056427737316,1535.8883258569165,2368.71786317721,3763.529740701876,3763.529740701876,2368.71786317721,1535.8883258569165,1337.0605905721254,2372.2354238206603,3231.957595231843,12051.113183090029,3231.957595231843,2372.2354238206603,1337.0605905721254,708.5165693194919,1520.517057941067,2377.7496671439576,3726.715767380309,3726.715767380309,2377.7496671439576,1520.517057941067,708.5165693194919,439.7284416571458,1343.1723893325463,2401.5903757904266,3248.1816414454397,12048.417839596641,3248.1816414454397,2401.5903757904266,1343.1723893325463,439.7284416571458
Motorcycles,9757.999999996171,5136.376483639297,5136.376483639297,989.9964007669373,9395.61904761536,989.9964007669373,3411.078882017213,5062.015440894715,5062.015440894715,3411.078882017213,3214.0198625310118,919.5019912601264,9401.660018198605,919.5019912601264,3214.0198625310118,652.9008652196321,3475.760280399231,5042.386403079843,5042.386403079843,3475.760280399231,652.9008652196321,1260.3183100683943,3220.2059858349276,983.4018299229027,9341.548381880133,983.4018299229027,3220.2059858349276,1260.3183100683943,1251.6624354464952,648.1680431440717,3478.1957502232995,5019.648899179212,5019.648899179212,3478.1957502232995,648.1680431440717,1251.6624354464952,239.35696771429258,1255.7753406912586,3228.0690126102713,953.2366525735324,9367.734286094737,953.2366525735324,3228.0690126102713,1255.7753406912586,239.35696771429258
Motorcycles,38210.999999985004,15974.449931008761,15974.449931008761,363.613203067635,38074.519274361475,363.613203067635,4407.979655603862,15887.009559811866,15887.009559811866,4407.979655603862,6961.791454044844,370.2390532268631,38023.9178891362,370.2390532268631,6961.791454044844,2723.2904603231045,4384.9498055610065,15885.432109345478,15885.432109345478,4384.9498055610065,2723.2904603231045,571.5824635441236,6952.368169614253,342.2653417634679,38059.22250817102,342.2653417634679,6952.368169614253,571.5824635441236,1557.7995172247452,2722.351563394684,4408.056754328627,15902.218582106021,15902.218582106021,4408.056754328627,2722.351563394684,1557.7995172247452,2487.246000319349,585.4994131283386,6963.94457911924,334.85616118410564,38055.05060767439,334.85616118410564,6963.94457911924,585.4994131283386,2487.246000319349
Motorcycles,31913.999999987478,12567.395621899912,12567.395621899912,1769.1685653077636,30719.3832199426,1769.1685653077636,3888.0729987309023,12447.428005119858,12447.428005119858,3888.0729987309023,5220.385846832197,1866.142891526727,30799.73094542732,1866.142891526727,5220.385846832197,5522.847548343478,3885.8334613352317,12443.250690987687,12443.250690987687,3885.8334613352317,5522.847548343478,1982.0529585862141,5240.150262951246,1843.1099430291972,30763.258235812773,1843.1099430291972,5240.150262951246,1982.0529585862141,4130.476668672995,5497.023072561324,3856.8643244329005,12459.607206567489,12459.607206567489,3856.8643244329005,5497.023072561324,4130.476668672995,3031.963660501906,1964.0139615340709,5228.31330089747,1836.6317746940801,30766.04131937135,1836.6317746940801,5228.31330089747,1964.0139615340709,3031.963660501906
Motorcycles,2346.9999999990796,2277.3415534074616,2277.3415534074616,2079.864382385229,2346.9999999990796,2079.864382385229,1787.0926693884935,2277.3415534074616,2277.3415534074616,1787.0926693884935,1446.9484650025836,2079.864382385229,2346.9999999990796,2079.864382385229,1446.9484650025836,1113.915851252093,1787.0926693884935,2277.3415534074616,2277.3415534074616,1787.0926693884935,1113.915851252093,836.2422540222584,1446.9484650025836,2079.864382385229,2346.9999999990796,2079.864382385229,1446.9484650025836,836.2422540222584,637.0413369434957,1113.915851252093,1787.0926693884935,2277.3415534074616,2277.3415534074616,1787.0926693884935,1113.915851252093,637.0413369434957,498.6600461764247,836.2422540222584,1446.9484650025836,2079.864382385229,2346.9999999990796,2079.864382385229,1446.9484650025836,836.2422540222584,498.6600461764247
Motorcycles,2504.9999999990177,341.4042751952182,341.4042751952182,593.9740119641698,2343.408163264387,593.9740119641698,579.6015884821268,261.0488566755045,261.0488566755045,579.6015884821268,480.5206511407865,560.1228467491084,2274.268977431351,560.1228467491084,480.5206511407865,291.98704310835114,595.8592478223719,270.1506610743014,270.1506610743014,595.8592478223719,291.98704310835114,347.0555826364555,502.4127235382812,558.1626003842545,2264.9990767674317,558.1626003842545,502.4127235382812,347.0555826364555,202.52619470836188,267.4394923902641,602.1554613608425,287.9187116557202,287.9187116557202,602.1554613608425,267.4394923902641,202.52619470836188,117.16051766851102,329.7180504084973,492.93091969921244,557.712703396696,2274.6420254472428,557.712703396696,492.93091969921244,329.7180504084973,117.16051766851102
Motorcycles,6142.999999997591,5348.7638251694725,5348.7638251694725,3501.2406728924448,5871.462585031711,3501.2406728924448,1250.4012405019025,5166.687749404784,5166.687749404784,1250.4012405019025,648.3725538956102,3370.41585859419,5877.115476573812,3370.41585859419,648.3725538956102,1616.3637982060643,1177.215976213077,5183.374458004808,5183.374458004808,1177.215976213077,1616.3637982060643,1592.3765156682693,678.7501229477151,3409.9728308172243,5856.22896988431,3409.9728308172243,678.7501229477151,1592.3765156682693,899.7312032752513,1614.8522803356423,1207.1834840467318,5186.022456135641,5186.022456135641,1207.1834840467318,1614.8522803356423,899.7312032752513,269.3159828679295,1575.1020737054364,656.7434945578071,3392.30066867822,5873.639561368748,3392.30066867822,656.7434945578071,1575.1020737054364,269.3159828679295
Motorcycles,14157.999999994447,9004.288923800372,9004.288923800372,1960.7972639409797,13294.349206343992,1960.7972639409797,647.003453268325,8789.072220860931,8789.072220860931,647.003453268325,1490.8505584425395,1942.1497782881966,13378.939978707325,1942.1497782881966,1490.8505584425395,1826.4411792978474,699.1213703507875,8830.038401689953,8830.038401689953,699.1213703507875,1826.4411792978474,996.3668768943363,1468.0721108763955,1953.4589222137279,13327.109394950387,1953.4589222137279,1468.0721108763955,996.3668768943363,258.3543772762325,1830.2689961011497,679.8323890295915,8816.945966275161,8816.945966275161,679.8323890295915,1830.2689961011497,258.3543772762325,600.1275281856141,976.0051392796257,1483.6972906212734,1946.6543045384826,13358.390458000566,1946.6543045384826,1483.6972906212734,976.0051392796257,600.1275281856141
Motorcycles,6647.9999999973925,2335.798832728851,2335.798832728851,1217.3399213884552,6054.371882083793,1217.3399213884552,1885.2602897790016,2294.757746413191,2294.757746413191,1885.2602897790016,699.720921420923,1196.9452416948864,6112.8256436337415,1196.9452416948864,699.720921420923,736.6960701773659,1775.7638397489889,2349.0340570823387,2349.0340570823387,1775.7638397489889,736.6960701773659,462.3676605034595,640.0485819564551,1179.4504817314148,6015.658089489644,1179.4504817314148,640.0485819564551,462.3676605034595,338.0884471661493,722.5886136941668,1852.5369253016538,2318.480432435094,2318.480432435094,1852.5369253016538,722.5886136941668,338.0884471661493,817.3363711147927,439.49470522009415,689.0126377008316,1198.6688690184365,6066.730619985873,1198.6688690184365,689.0126377008316,439.49470522009415,817.3363711147927
Motorcycles,45919.99999998198,2518.3075653979836,2518.3075653979836,8780.004465547325,45053.44217685307,8780.004465547325,4994.893729657968,2440.367653491732,2440.367653491732,4994.893729657968,5713.500756170507,8750.270452296938,44990.70955001551,8750.270452296938,5713.500756170507,1580.422673855846,5079.0201167029445,2515.324212565833,2515.324212565833,5079.0201167029445,1580.422673855846,3508.0220555838396,5719.42476649422,8761.769777489068,44983.741875961554,8761.769777489068,5719.42476649422,3508.0220555838396,2940.347026224328,1546.679820847494,5028.623711100735,2474.726298690316,2474.726298690316,5028.623711100735,1546.679820847494,2940.347026224328,1783.9554913791342,3499.2866542359347,5740.534036084749,8757.282493442208,45007.109589345564,8757.282493442208,5740.534036084749,3499.2866542359347,1783.9554913791342
Motorcycles,3911.9999999984652,3390.395754865746,3390.395754865746,2500.907190089278,3651.8095238080914,2500.907190089278,1836.855780490404,3289.0360029218555,3289.0360029218555,1836.855780490404,1455.3481953352286,2527.1652001327257,3637.6643065375156,2527.1652001327257,1455.3481953352286,1109.5496195690093,1827.9406206097474,3291.2899173245696,3291.2899173245696,1827.9406206097474,1109.5496195690093,799.1390810123956,1416.4277727976742,2490.3216222001097,3667.1427768999447,2490.3216222001097,1416.4277727976742,799.1390810123956,596.4636655551902,1107.0035615373715,1808.4687976908704,3312.4787887276893,3312.4787887276893,1808.4687976908704,1107.0035615373715,596.4636655551902,481.5737568485259,819.5293572601666,1416.1805879330382,2509.835834044137,3665.9606182400394,2509.835834044137,1416.1805879330382,819.5293572601666,481.5737568485259
Motorcycles,6561.999999997427,844.2895863014427,844.2895863014427,1606.191349637994,6252.866213149476,1606.191349637994,761.3713598824778,863.4830920348262,863.4830920348262,761.3713598824778,1385.1949903591953,1588.838383834938,6179.262745458573,1588.838383834938,1385.1949903591953,1330.3387356821468,665.3079940223289,893.9665216863974,893.9665216863974,665.3079940223289,1330.3387356821468,82.37417102816369,1357.6218128575374,1641.5653046999973,6179.941140789055,1641.5653046999973,1357.6218128575374,82.37417102816369,641.1586404276666,1312.9146396155259,703.7200945538002,899.795627013048,899.795627013048,703.7200945538002,1312.9146396155259,641.1586404276666,459.2292892659233,66.37700780848654,1377.2398213124084,1605.9872348527008,6205.003937833032,1605.9872348527008,1377.2398213124084,66.37700780848654,459.2292892659233
Motorcycles,6277.999999997538,2523.6960012757086,2523.6960012757086,1514.2355980437767,5639.977324260826,1514.2355980437767,924.1925092904129,2539.4626447373817,2539.4626447373817,924.1925092904129,577.1784187869624,1440.9641455594133,5689.074398010942,1440.9641455594133,577.1784187869624,760.6790368586425,939.9983879948708,2446.2237332179125,2446.2237332179125,939.9983879948708,760.6790368586425,49.36297587257752,556.6999849630337,1455.8539278940589,5648.1223973019605,1455.8539278940589,556.6999849630337,49.36297587257752,591.0783725882347,737.2925520416889,919.5525322232653,2501.2035827619225,2501.2035827619225,919.5525322232653,737.2925520416889,591.0783725882347,210.61187654513958,49.79776952215519,578.7032120194799,1462.3239305235795,5661.94872320124,1462.3239305235795,578.7032120194799,49.79776952215519,210.61187654513958
Motorcycles,3164.9999999987585,2092.1784460487183,2092.1784460487183,1240.275079319754,2617.181405894665,1240.275079319754,970.9057425809035,2097.99208242826,2097.99208242826,970.9057425809035,764.0329722392318,1330.8541247206153,2687.927175404255,1330.8541247206153,764.0329722392318,614.2944823046869,990.9879414540031,2075.429147239672,2075.429147239672,990.9879414540031,614.2944823046869,610.9888126549763,767.9189778006672,1357.5141287993285,2665.64404488936,1357.5141287993285,767.9189778006672,610.9888126549763,406.75443157603587,632.6587480261138,997.7230837280906,2081.0661488936403,2081.0661488936403,997.7230837280906,632.6587480261138,406.75443157603587,103.63626057284831,597.4160455751907,749.5350739286903,1325.729100130197,2665.839036044249,1325.729100130197,749.5350739286903,597.4160455751907,103.63626057284831
Motorcycles,7056.999999997232,4988.342353642913,4988.342353642913,2232.2958449405724,6458.224489793385,2232.2958449405724,955.7302371662373,4980.057961574547,4980.057961574547,955.7302371662373,1730.2020013069446,2129.7898392599195,6275.46255418021,2129.7898392599195,1730.2020013069446,1495.121756712795,980.422776761635,4943.47438287282,4943.47438287282,980.422776761635,1495.121756712795,1058.367952366522,1726.2513893224636,2212.3997923293123,6396.364246866018,2212.3997923293123,1726.2513893224636,1058.367952366522,680.4268272075634,1505.1440179818965,945.4797595525825,4914.355796775325,4914.355796775325,945.4797595525825,1505.1440179818965,680.4268272075634,607.7429572190271,1033.7757620409855,1700.036095626081,2199.697173753105,6383.987800730311,2199.697173753105,1700.036095626081,1033.7757620409855,607.7429572190271
Motorcycles,3133.9999999987713,751.7884046145684,751.7884046145684,531.8253960567376,2472.054421767738,531.8253960567376,715.5808157070588,829.6870230274584,829.6870230274584,715.5808157070588,614.0485299248536,571.0194722882645,2467.6692427528233,571.0194722882645,614.0485299248536,243.0655402383701,684.3022560841839,785.7136810071028,785.7136810071028,684.3022560841839,243.0655402383701,123.18972916417611,646.4811948828446,548.2407656475525,2452.7177067494695,548.2407656475525,646.4811948828446,123.18972916417611,335.3855379761905,241.03635457015534,667.687988786464,781.8700242582634,781.8700242582634,667.687988786464,241.03635457015534,335.3855379761905,208.3130524788363,102.01406420814929,626.6611985202921,554.428108308426,2425.5283320608387,554.428108308426,626.6611985202921,102.01406420814929,208.3130524788363
Motorcycles,10132.999999996026,2350.925532463719,2350.925532463719,3082.45098499498,9529.643990925968,3082.45098499498,2063.488897189561,2356.5198326421173,2356.5198326421173,2063.488897189561,1587.9730246416145,3095.492290178474,9451.383204525271,3095.492290178474,1587.9730246416145,478.8546333249586,2049.609838805706,2331.8544115808263,2331.8544115808263,2049.609838805706,478.8546333249586,1312.2892566795824,1630.4713559460552,3041.233393710154,9515.784750865438,3041.233393710154,1630.4713559460552,1312.2892566795824,1389.1573932379106,491.4090374937847,2026.193674420503,2331.4524073876864,2331.4524073876864,2026.193674420503,491.4090374937847,1389.1573932379106,326.7132445332002,1326.9167761000103,1592.3173467781655,3053.2004714017917,9507.153606303254,3053.2004714017917,1592.3173467781655,1326.9167761000103,326.7132445332002
Motorcycles,180.99999999992903,180.67370458995538,180.67370458995538,179.69724330689377,180.99999999992903,179.69724330689377,178.077869233029,180.67370458995538,180.67370458995538,178.077869233029,175.82759855371978,179.69724330689377,180.99999999992903,179.69724330689377,175.82759855371978,172.96310297772604,178.077869233029,180.67370458995538,180.67370458995538,178.077869233029,172.96310297772604,169.5055608188261,175.82759855371978,179.69724330689377,180.99999999992903,179.69724330689377,175.82759855371978,169.5055608188261,165.48046842610594,172.96310297772604,178.077869233029,180.67370458995538,180.67370458995538,178.077869233029,172.96310297772604,165.48046842610594,160.9174141265123,169.5055608188261,175.82759855371978,179.69724330689377,180.99999999992903,179.69724330689377,175.82759855371978,169.5055608188261,160.9174141265123
Motorcycles,28083.999999988984,6275.496736372274,6275.496736372274,3112.005191486141,27763.188208605887,3112.005191486141,4266.112853935184,6213.535455252561,6213.535455252561,4266.112853935184,3707.1915534059663,3171.418770932158,27683.173430812716,3171.418770932158,3707.1915534059663,2335.4444481626156,4244.1739384602515,6193.018455263092,6193.018455263092,4244.1739384602515,2335.4444481626156,465.5109836582658,3733.911846561907,3159.0769043964638,27756.554658745335,3159.0769043964638,3733.911846561907,465.5109836582658,1074.8432116632164,2335.3496165212546,4257.087681814588,6195.511807498713,6195.511807498713,4257.087681814588,2335.3496165212546,1074.8432116632164,2105.774022676757,471.1575992343646,3713.1322260394604,3135.910229333482,27736.012716788333,3135.910229333482,3713.1322260394604,471.1575992343646,2105.774022676757
Motorcycles,8566.999999996639,4624.497362577714,4624.497362577714,1379.7258484665776,8429.399092967216,1379.7258484665776,1249.2134578515734,4628.850178461197,4628.850178461197,1249.2134578515734,2405.8596760782307,1401.7219781444394,8413.123806435375,1401.7219781444394,2405.8596760782307,1915.7819295732984,1289.10269812773,4595.654099156434,4595.654099156434,1289.10269812773,1915.7819295732984,620.403810643914,2421.4394619068594,1386.128347508894,8422.843240219721,1386.128347508894,2421.4394619068594,620.403810643914,465.34364734086114,1918.7441111628184,1274.790266470444,4605.154806306968,4605.154806306968,1274.790266470444,1918.7441111628184,465.34364734086114,401.2380212724284,627.8166559946881,2422.4428092449134,1387.3934615450346,8420.534579664352,1387.3934615450346,2422.4428092449134,627.8166559946881,401.2380212724284
Motorcycles,24923.99999999022,1112.2367228684434,1112.2367228684434,1712.6180283911133,24085.519274366972,1712.6180283911133,3613.0338954309773,1201.7932528234364,1201.7932528234364,3613.0338954309773,6116.365860078785,1769.43779337867,24044.009749014895,1769.43779337867,6116.365860078785,1348.1213944769006,3704.786522147021,1152.7042333273403,1152.7042333273403,3704.786522147021,1348.1213944769006,2422.2732980283663,6139.761097902824,1746.772612406177,24031.499561384982,1746.772612406177,6139.761097902824,2422.2732980283663,2183.9067510505306,1313.701966095471,3648.0140276315956,1161.517248703916,1161.517248703916,3648.0140276315956,1313.701966095471,2183.9067510505306,1695.2463208380616,2396.1303086288544,6129.269362039432,1751.0531070770594,24065.846047087995,1751.0531070770594,6129.269362039432,2396.1303086288544,1695.2463208380616
Motorcycles,15107.999999994074,3494.8196576090945,3494.8196576090945,2540.1263738037437,14269.0022675681,2540.1263738037437,2146.8671598259416,3439.8010847742044,3439.8010847742044,2146.8671598259416,3177.032953336319,2440.255296914165,14247.051382905855,2440.255296914165,3177.032953336319,1938.7593359305165,2225.407635703558,3412.8773588697486,3412.8773588697486,2225.407635703558,1938.7593359305165,1227.9697895644806,3160.311112767137,2448.434303937889,14339.5299872489,2448.434303937889,3160.311112767137,1227.9697895644806,1017.119885734322,1956.2669050318484,2184.5919207829056,3418.2417060709568,3418.2417060709568,2184.5919207829056,1956.2669050318484,1017.119885734322,1134.0309906223313,1177.0748069549827,3179.909117982821,2461.6032564729244,14293.902429000334,2461.6032564729244,3179.909117982821,1177.0748069549827,1134.0309906223313
Motorcycles,19291.999999992433,8217.468750839203,8217.468750839203,2276.3209071500596,18438.870748292087,2276.3209071500596,3625.090723213111,8169.800493579775,8169.800493579775,3625.090723213111,1718.3484185058035,2192.0954695459372,18432.973544966313,2192.0954695459372,1718.3484185058035,672.1653821889199,3547.004110546313,8096.3010740122345,8096.3010740122345,3547.004110546313,672.1653821889199,1133.9601881819565,1721.4812042483716,2238.509073948501,18426.67681521215,2238.509073948501,1721.4812042483716,1133.9601881819565,808.0354400186458,661.550811555491,3599.303487072181,8151.573472850437,8151.573472850437,3599.303487072181,661.550811555491,808.0354400186458,717.3482426064667,1165.2716335583916,1738.4714531616578,2214.145575094433,18438.407003037857,2214.145575094433,1738.4714531616578,1165.2716335583916,717.3482426064667
Motorcycles,19954.999999992167,9221.722042591775,9221.722042591775,2162.271922817956,19113.875283439214,2162.271922817956,6485.434759832983,9015.060601704508,9015.060601704508,6485.434759832983,5692.330460115299,2151.813069284253,19130.002329268875,2151.813069284253,5692.330460115299,2006.5379450175722,6433.230729238093,9050.973742440878,9050.973742440878,6433.230729238093,2006.5379450175722,1245.8748280121547,5688.015239390751,2164.3174832851173,19116.166024558304,2164.3174832851173,5688.015239390751,1245.8748280121547,2494.1226581551946,1997.541077907688,6457.858236609642,9043.77525452749,9043.77525452749,6457.858236609642,1997.541077907688,2494.1226581551946,1020.063395730951,1251.392063580127,5680.450004766399,2172.5350101516015,19092.04833824334,2172.5350101516015,5680.450004766399,1251.392063580127,1020.063395730951
Motorcycles,38668.99999998483,10154.153187001317,10154.153187001317,2971.2285527784074,37976.05215418011,2971.2285527784074,2353.2577874613817,10230.550497986858,10230.550497986858,2353.2577874613817,3879.1658606023693,2944.211880629425,38098.080969334245,2944.211880629425,3879.1658606023693,1466.0240607660216,2242.172530913066,10175.514237414369,10175.514237414369,2242.172530913066,1466.0240607660216,1069.3262943035254,3945.888746420581,2971.137800205974,38115.53690900533,2971.137800205974,3945.888746420581,1069.3262943035254,1087.804091405471,1448.085918403071,2294.4670982387215,10174.337757736259,10174.337757736259,2294.4670982387215,1448.085918403071,1087.804091405471,1128.3129405696852,1024.7855624449278,3929.2893746964564,2925.9426537516892,38099.443833858364,2925.9426537516892,3929.2893746964564,1024.7855624449278,1128.3129405696852
Motorcycles,12393.999999995138,2393.403156075421,2393.403156075421,1295.9471572287016,11463.918367342441,1295.9471572287016,2757.8596380491035,2343.721051632228,2343.721051632228,2757.8596380491035,1309.3898091900062,1320.4712341324525,11287.204374715982,1320.4712341324525,1309.3898091900062,1186.32517892568,2786.1771335935077,2357.464101960323,2357.464101960323,2786.1771335935077,1186.32517892568,495.89982174801133,1318.6302335720466,1285.9269289105862,11378.368953722615,1285.9269289105862,1318.6302335720466,495.89982174801133,324.7616855218665,1178.26791381562,2808.3149641336217,2301.3231719713253,2301.3231719713253,2808.3149641336217,1178.26791381562,324.7616855218665,1038.3112051299902,499.46012615865266,1330.5960263012203,1296.3377879041211,11386.698583572088,1296.3377879041211,1330.5960263012203,499.46012615865266,1038.3112051299902
Motorcycles,2731.9999999989286,2103.6180535700328,2103.6180535700328,667.487188429857,2731.9999999989286,667.487188429857,634.7540092282919,2103.6180535700328,2103.6180535700328,634.7540092282919,1079.825872482625,667.487188429857,2731.9999999989286,667.487188429857,1079.825872482625,763.19230870191,634.7540092282919,2103.6180535700328,2103.6180535700328,634.7540092282919,763.19230870191,362.6936087632948,1079.825872482625,667.487188429857,2731.9999999989286,667.487188429857,1079.825872482625,362.6936087632948,238.55037719345108,763.19230870191,634.7540092282919,2103.6180535700328,2103.6180535700328,634.7540092282919,763.19230870191,238.55037719345108,137.0459862792163,362.6936087632948,1079.825872482625,667.487188429857,2731.9999999989286,667.487188429857,1079.825872482625,362.6936087632948,137.0459862792163
Motorcycles,5477.999999997852,911.5039159362921,911.5039159362921,996.9549697196481,5333.854875281355,996.9549697196481,1158.4561356500085,960.0159967511979,960.0159967511979,1158.4561356500085,1122.1371944950795,1024.781442216207,5278.263470465483,1024.781442216207,1122.1371944950795,261.1215805959027,1192.315634534762,950.3554908147178,950.3554908147178,1192.315634534762,261.1215805959027,784.5859766178194,1118.901909562151,998.1939079294135,5309.196694925978,998.1939079294135,1118.901909562151,784.5859766178194,436.11354390099274,276.10193784049756,1173.4394618659353,939.866573980361,939.866573980361,1173.4394618659353,276.10193784049756,436.11354390099274,687.2163666578258,772.4009985175994,1136.5794223046062,984.4215813817673,5305.984916963012,984.4215813817673,1136.5794223046062,772.4009985175994,687.2163666578258
Motorcycles,7865.999999996915,7211.681787177841,7211.681787177841,5511.144418402285,7865.999999996915,5511.144418402285,3416.916640061451,7211.681787177841,7211.681787177841,3416.916640061451,1678.8213530761386,5511.144418402285,7865.999999996915,5511.144418402285,1678.8213530761386,906.979644869644,3416.916640061451,7211.681787177841,7211.681787177841,3416.916640061451,906.979644869644,811.0012156998105,1678.8213530761386,5511.144418402285,7865.999999996915,5511.144418402285,1678.8213530761386,811.0012156998105,573.1831228731683,906.979644869644,3416.916640061451,7211.681787177841,7211.681787177841,3416.916640061451,906.979644869644,573.1831228731683,195.7366868981591,811.0012156998105,1678.8213530761386,5511.144418402285,7865.999999996915,5511.144418402285,1678.8213530761386,811.0012156998105,195.7366868981591
Motorcycles,52148.99999997953,7075.417938871497,7075.417938871497,2178.1571678429746,51283.544217666946,2178.1571678429746,3946.728477592315,6859.616620774069,6859.616620774069,3946.728477592315,9068.768129743194,2139.763634844529,51252.29189995983,2139.763634844529,9068.768129743194,2567.1722322024184,3908.9180958342617,6916.264264317522,6916.264264317522,3908.9180958342617,2567.1722322024184,1327.5825517582523,9071.281974481657,2150.762094519152,51234.65018968592,2150.762094519152,9071.281974481657,1327.5825517582523,2355.134550666985,2570.8994316352646,3937.663627730186,6902.688232203795,6902.688232203795,3937.663627730186,2570.8994316352646,2355.134550666985,4791.099236674545,1341.089833896881,9066.551525749479,2161.305642987482,51249.66756595788,2161.305642987482,9066.551525749479,1341.089833896881,4791.099236674545
Motorcycles,3300.999999998706,1066.8319199575185,1066.8319199575185,1349.5733396769235,3144.8140589556824,1349.5733396769235,1301.5489975090347,1025.4327061392437,1025.4327061392437,1301.5489975090347,492.55413444427234,1300.2662372673074,3161.451355143993,1300.2662372673074,492.55413444427234,51.844534763140345,1315.410219173031,1036.3570413745128,1036.3570413745128,1315.410219173031,51.844534763140345,300.0000581143438,470.26615270619436,1323.853347598266,3167.6970800963877,1323.853347598266,470.26615270619436,300.0000581143438,405.87828008898697,51.652595385972084,1292.2056764528625,1031.901462830238,1031.901462830238,1292.2056764528625,51.652595385972084,405.87828008898697,727.9522853082507,301.90162115948954,475.1252824531554,1309.2808314494378,3173.4879850226225,1309.2808314494378,475.1252824531554,301.90162115948954,727.9522853082507
Planes,8395.999999996708,4922.02327128493,4922.02327128493,1148.5836078776856,7524.59863945283,1148.5836078776856,1498.8387573018258,4717.299797147889,4717.299797147889,1498.8387573018258,572.2211597899194,1120.4068908669356,7583.853702929446,1120.4068908669356,572.2211597899194,1111.9159826309822,1459.561142462342,4728.555562643343,4728.555562643343,1459.561142462342,1111.9159826309822,552.0070645865895,519.1906638605554,1095.9445537877036,7564.451226000363,1095.9445537877036,519.1906638605554,552.0070645865895,1173.620681929292,1076.7124907782295,1458.008213937645,4726.180797343095,4726.180797343095,1458.008213937645,1076.7124907782295,1173.620681929292,1160.4596084562806,574.7376480159961,531.1552387418128,1104.773869431101,7593.180281992571,1104.773869431101,531.1552387418128,574.7376480159961,1160.4596084562806
Planes,9732.999999996182,5066.959130298191,5066.959130298191,1897.7143470308238,9257.22222221859,1897.7143470308238,859.5990756338929,4863.026730128095,4863.026730128095,859.5990756338929,759.573856065158,1953.371724663692,9144.913492831189,1953.371724663692,759.573856065158,1508.1124095967998,826.0090319805498,4882.576286940893,4882.576286940893,826.0090319805498,1508.1124095967998,1672.6747358425896,731.6676657712969,1908.257796921784,9200.274895662944,1908.257796921784,731.6676657712969,1672.6747358425896,487.24125169072624,1500.051381938283,828.8525318349012,4883.866406028485,4883.866406028485,828.8525318349012,1500.051381938283,487.24125169072624,563.5936667906359,1655.611416201908,757.71755579614,1934.729825851014,9171.517946956863,1934.729825851014,757.71755579614,1655.611416201908,563.5936667906359
Planes,23756.99999999068,11564.105535465633,11564.105535465633,6593.177537368881,23351.748299310566,6593.177537368881,4680.409443048818,11511.432629229204,11511.432629229204,4680.409443048818,2904.9847351628464,6458.112207502061,23250.310318222473,6458.112207502061,2904.9847351628464,263.36846425671916,4598.221349032537,11439.999196202245,11439.999196202245,4598.221349032537,263.36846425671916,2603.5389366940044,2898.18114479226,6503.57705148571,23277.214594096156,6503.57705148571,2898.18114479226,2603.5389366940044,1308.21327573655,233.52063509143147,4623.582432696018,11453.268854884524,11453.268854884524,4623.582432696018,233.52063509143147,1308.21327573655,744.7895590452048,2596.257157092359,2888.0065380969577,6499.433930051789,23289.77286440571,6499.433930051789,2888.0065380969577,2596.257157092359,744.7895590452048
Planes,2572.9999999989905,1436.3206626283409,1436.3206626283409,701.765720854829,2495.031746030767,701.765720854829,1599.864022304467,1385.9183696182643,1385.9183696182643,1599.864022304467,644.2587216969521,720.6446232917818,2502.944498433312,720.6446232917818,644.2587216969521,786.0560188915107,1595.7414262928003,1409.6268711868229,1409.6268711868229,1595.7414262928003,786.0560188915107,976.0833541843446,633.6479284041908,698.3275686668023,2510.8076741504433,698.3275686668023,633.6479284041908,976.0833541843446,114.90262383647566,794.932145712821,1585.4681179168842,1407.7079517480147,1407.7079517480147,1585.4681179168842,794.932145712821,114.90262383647566,676.3335008185793,975.6057466259713,634.4342695594554,710.1417896682929,2510.45728948678,710.1417896682929,634.4342695594554,975.6057466259713,676.3335008185793
Planes,8382.999999996711,1170.8382515874262,1170.8382515874262,4390.437459665031,7390.927437638824,4390.437459665031,1577.6443893329379,971.8394943840237,971.8394943840237,1577.6443893329379,1755.8702976041775,4295.828536015917,7491.401684480379,4295.828536015917,1755.8702976041775,1675.7149360905232,1585.5608961807652,990.3241291540178,990.3241291540178,1585.5608961807652,1675.7149360905232,257.83730430089423,1727.1204170986573,4338.886932760152,7438.767505163836,4338.886932760152,1727.1204170986573,257.83730430089423,1160.8390056380542,1677.2232718363787,1588.6064522776317,995.3233369217762,995.3233369217762,1588.6064522776317,1677.2232718363787,1160.8390056380542,835.3873329090268,235.53767851827416,1741.2511358438453,4317.026824459845,7464.885326544158,4317.026824459845,1741.2511358438453,235.53767851827416,835.3873329090268
Planes,582.9999999997714,193.51571820585312,193.51571820585312,77.65418969101677,542.8684807254107,77.65418969101677,134.62277985434113,196.4167470017708,196.4167470017708,134.62277985434113,155.98642534111127,70.15270826066845,567.8052200469799,70.15270826066845,155.98642534111127,147.43314209871116,128.59794719295812,195.40453718865757,195.40453718865757,128.59794719295812,147.43314209871116,12.545019532392606,153.97585911265335,78.76057591941398,551.7144515021432,78.76057591941398,153.97585911265335,12.545019532392606,26.01439937092129,146.2048046243101,134.4844603192384,195.189197183955,195.189197183955,134.4844603192384,146.2048046243101,26.01439937092129,99.93956228027493,13.904495375171823,156.8674281704813,70.46009235100496,561.8569912841409,70.46009235100496,156.8674281704813,13.904495375171823,99.93956228027493
Planes,7237.999999997161,1118.698442748422,1118.698442748422,4345.727754762145,6481.791383217413,4345.727754762145,743.4305765876159,918.5885770563387,918.5885770563387,743.4305765876159,2833.409197025891,4361.2098595548005,6285.251361313036,4361.2098595548005,2833.409197025891,933.0854264292486,782.5044346472428,975.0639582422863,975.0639582422863,782.5044346472428,933.0854264292486,1389.3380194174322,2816.764855615761,4343.168486211023,6358.959592095649,4343.168486211023,2816.764855615761,1389.3380194174322,628.1603326024257,932.450217200912,784.5518881195493,982.5778654874046,982.5778654874046,784.5518881195493,932.450217200912,628.1603326024257,554.1500017420011,1370.117721502385,2818.1079579752604,4330.697111943029,6336.006522206204,4330.697111943029,2818.1079579752604,1370.117721502385,554.1500017420011
Planes,1523.9999999994022,1297.612751695292,1297.612751695292,765.5332489529109,1523.9999999994022,765.5332489529109,361.1623834812619,1297.612751695292,1297.612751695292,361.1623834812619,426.93588190750324,765.5332489529109,1523.9999999994022,765.5332489529109,426.93588190750324,389.7286538345178,361.1623834812619,1297.612751695292,1297.612751695292,361.1623834812619,389.7286538345178,182.5013359406091,426.93588190750324,765.5332489529109,1523.9999999994022,765.5332489529109,426.93588190750324,182.5013359406091,91.90179105026147,389.7286538345178,361.1623834812619,1297.612751695292,1297.612751695292,361.1623834812619,389.7286538345178,91.90179105026147,153.96541152260832,182.5013359406091,426.93588190750324,765.5332489529109,1523.9999999994022,765.5332489529109,426.93588190750324,182.5013359406091,153.96541152260832
Planes,5110.9999999979955,1489.93069227058,1489.93069227058,3717.998708823359,4345.866213150222,3717.998708823359,1624.9021749814258,1336.1102026212934,1336.1102026212934,1624.9021749814258,2358.2360845971584,3541.899289952794,4545.588427659532,3541.899289952794,2358.2360845971584,1608.3045958817193,1632.658681313447,1343.8208541671415,1343.8208541671415,1632.658681313447,1608.3045958817193,1445.1345407952006,2317.8509201299094,3618.214606026834,4460.022644685656,3618.214606026834,2317.8509201299094,1445.1345407952006,1589.8418178156912,1639.6649874130744,1606.9109872072856,1342.362128545026,1342.362128545026,1606.9109872072856,1639.6649874130744,1589.8418178156912,948.5505036800447,1410.4683784292658,2341.3530151354175,3593.013655708949,4487.124982199582,3593.013655708949,2341.3530151354175,1410.4683784292658,948.5505036800447
Planes,4941.999999998061,373.4408601120885,373.4408601120885,3350.528252094006,3948.1451247150044,3350.528252094006,1189.8294924100837,368.1226866733202,368.1226866733202,1189.8294924100837,1981.5730929289844,3267.7336323010622,4026.122171315927,3267.7336323010622,1981.5730929289844,1608.982007847252,1144.4759867553548,353.4396159602197,353.4396159602197,1144.4759867553548,1608.982007847252,1027.2447472499057,1949.2263415693371,3279.425334412761,4004.8749681924555,3279.425334412761,1949.2263415693371,1027.2447472499057,1314.1695732673918,1629.0716308720082,1175.6360827908948,345.5914634136337,345.5914634136337,1175.6360827908948,1629.0716308720082,1314.1695732673918,696.1403562502442,1008.4692195850505,1945.811685393627,3277.2065799264415,4025.7097835253817,3277.2065799264415,1945.811685393627,1008.4692195850505,696.1403562502442
Planes,3024.9999999988136,2329.8556140583837,2329.8556140583837,2092.60545828395,2844.8367346927616,2092.60545828395,1673.9101733230818,2240.438526582455,2240.438526582455,1673.9101733230818,1164.4426893824345,2134.5659886228386,2788.1112962180746,2134.5659886228386,1164.4426893824345,1113.0081892421456,1690.0102713732545,2267.3417723987995,2267.3417723987995,1690.0102713732545,1113.0081892421456,612.9070039152639,1163.5584600762313,2158.78722625632,2799.893452717838,2158.78722625632,1163.5584600762313,612.9070039152639,560.818460983307,1124.1235467186802,1686.2697061632232,2259.0019198117698,2259.0019198117698,1686.2697061632232,1124.1235467186802,560.818460983307,289.87811074954425,603.7881503507627,1172.723386683759,2119.074453064363,2795.054729229453,2119.074453064363,1172.723386683759,603.7881503507627,289.87811074954425
Planes,6934.999999997279,4663.435389715313,4663.435389715313,220.8332200646713,6824.696145122038,220.8332200646713,3421.3524060733375,4607.462683353701,4607.462683353701,3421.3524060733375,3136.188933915816,251.17250516715555,6826.0590340417775,251.17250516715555,3136.188933915816,464.16546968200447,3422.8627235174345,4606.446409308501,4606.446409308501,3422.8627235174345,464.16546968200447,1732.0369298564842,3124.843639616024,258.50755085654566,6811.473248169527,258.50755085654566,3124.843639616024,1732.0369298564842,1808.1458639318778,444.1321583382619,3422.7143781618397,4595.094192565597,4595.094192565597,3422.7143781618397,444.1321583382619,1808.1458639318778,513.960707952872,1745.3351972214948,3118.2290061017025,260.22986473252973,6813.0496245067825,260.22986473252973,3118.2290061017025,1745.3351972214948,513.960707952872
Planes,8312.999999996739,1548.5684074570906,1548.5684074570906,5119.8363567600445,7140.1882086139785,5119.8363567600445,3472.0863174961964,1597.630371754188,1597.630371754188,3472.0863174961964,1799.0296957091357,5058.915632332768,7248.282706276947,5058.915632332768,1799.0296957091357,2455.865715290354,3395.028815573349,1650.2808880954176,1650.2808880954176,3395.028815573349,2455.865715290354,1297.9805178887034,1823.2844264100759,5027.744771581081,7253.262651843097,5027.744771581081,1823.2844264100759,1297.9805178887034,829.6062634021595,2439.5100668852115,3420.6761748662075,1626.832287553452,1626.832287553452,3420.6761748662075,2439.5100668852115,829.6062634021595,764.7619935572056,1315.6630576755206,1781.0942963147331,5061.7430837890815,7251.025624712958,5061.7430837890815,1781.0942963147331,1315.6630576755206,764.7619935572056
Planes,4184.999999998358,641.8710329807972,641.8710329807972,2924.18649050375,3408.4603174589806,2924.18649050375,1205.887424699986,494.34344705657065,494.34344705657065,1205.887424699986,1947.4975656264953,2918.358638057123,3406.2522560031066,2918.358638057123,1947.4975656264953,1236.7137179162821,1258.6354476390616,466.3991600793532,466.3991600793532,1258.6354476390616,1236.7137179162821,1093.994143232621,1977.8048244436761,2913.1202547662942,3421.2485161930654,2913.1202547662942,1977.8048244436761,1093.994143232621,917.2111275032254,1283.548174501645,1183.060651460342,526.896077313128,526.896077313128,1183.060651460342,1283.548174501645,917.2111275032254,511.47653937448,1079.3832830840072,1967.4998064709025,2904.6680688737656,3439.117379006505,2904.6680688737656,1967.4998064709025,1079.3832830840072,511.47653937448
Planes,917.9999999996401,200.10791882727236,200.10791882727236,159.16783427213198,855.868480725288,159.16783427213198,161.10051103462072,191.96565712550878,191.96565712550878,161.10051103462072,212.66534342679847,150.72802851652423,884.230984003232,150.72802851652423,212.66534342679847,258.64226943575375,145.43646960932915,194.78101632304234,194.78101632304234,145.43646960932915,258.64226943575375,123.47053781101843,218.59403318404847,159.7500374443789,863.9466826064216,159.7500374443789,218.59403318404847,123.47053781101843,54.091892584647255,260.70194852762944,152.05740164996234,194.68813461361617,194.68813461361617,152.05740164996234,260.70194852762944,54.091892584647255,73.87003392655465,122.85010294470544,216.56476063654463,156.90799891196363,866.9690062638927,156.90799891196363,216.56476063654463,122.85010294470544,73.87003392655465
Planes,47174.99999998149,14272.70626355828,14272.70626355828,6036.043402831477,45789.67120179609,6036.043402831477,1287.9542178532938,14272.706263558277,14272.706263558277,1287.9542178532938,3677.806080274347,6036.043402831478,45789.91415612068,6036.043402831478,3677.806080274347,4780.842262980973,1287.9542178532956,14272.706263558277,14272.706263558277,1287.9542178532956,4780.842262980973,541.0379906316875,3677.1231404860664,6036.0434028314785,45790.31664360172,6036.0434028314785,3677.1231404860664,541.0379906316875,1519.2360319637733,4780.842262980974,1287.9542178532938,14272.706263558277,14272.706263558277,1287.9542178532938,4780.842262980974,1519.2360319637733,1455.4466558321396,541.0379906316875,3676.1803963021644,6036.043402831477,45790.91969100626,6036.043402831477,3676.1803963021644,541.0379906316875,1455.4466558321396
Planes,5734.99999999775,725.6157527347203,725.6157527347203,4266.494537536674,4542.605442175089,4266.494537536674,605.090539494715,736.319012852643,736.319012852643,605.090539494715,3089.1965954824796,4128.18698498357,4675.842796980904,4128.18698498357,3089.1965954824796,658.8058911772364,596.935282024465,739.440977051867,739.440977051867,596.935282024465,658.8058911772364,2152.331234028076,3141.567063620671,4079.2616385790548,4725.816313516627,4079.2616385790548,3141.567063620671,2152.331234028076,657.2890220855018,664.118838736777,596.1589558757038,735.8238987425275,735.8238987425275,596.1589558757038,664.118838736777,657.2890220855018,1414.015799135088,2180.9662593043313,3109.2164581412185,4116.9589850867105,4696.462215508416,4116.9589850867105,3109.2164581412185,2180.9662593043313,1414.015799135088
Planes,4818.99999999811,1396.1601755765082,1396.1601755765082,3252.577935914468,4084.4376417217536,3252.577935914468,1872.709240373044,1138.7064325031636,1138.7064325031636,1872.709240373044,2083.404470096867,3213.410217995239,4147.1261202877595,3213.410217995239,2083.404470096867,1694.2674654367863,1821.472311236528,1210.3006654784358,1210.3006654784358,1821.472311236528,1694.2674654367863,1358.825947372763,2029.7390182772572,3242.6250199833444,4145.672169513887,3242.6250199833444,2029.7390182772572,1358.825947372763,1184.912682102822,1651.9653301674457,1863.9841382537484,1187.7999551957425,1187.7999551957425,1863.9841382537484,1651.9653301674457,1184.912682102822,1171.0635292780603,1353.9325467171311,2038.2998509629638,3225.8826867442294,4159.854870379039,3225.8826867442294,2038.2998509629638,1353.9325467171311,1171.0635292780603
Planes,3215.9999999987385,2386.0490496417,2386.0490496417,1245.0591627109034,3026.285714284527,1245.0591627109034,624.3059936800931,2288.130517379721,2288.130517379721,624.3059936800931,342.60022375063807,1234.6600250939312,3028.1200117223225,1234.6600250939312,342.60022375063807,230.0442050355444,640.2015132207474,2326.186851729305,2326.186851729305,640.2015132207474,230.0442050355444,517.3799034383362,366.2355463368731,1240.4423967741693,3034.997014169475,1240.4423967741693,366.2355463368731,517.3799034383362,479.0797382768375,200.08186126166547,632.6675345007261,2297.668323244068,2297.668323244068,632.6675345007261,200.08186126166547,479.0797382768375,222.2395214158925,543.4389149224879,343.690440007341,1223.5902218064348,3011.624717166272,1223.5902218064348,343.690440007341,543.4389149224879,222.2395214158925
Planes,1625.9999999993622,1268.763092686979,1268.763092686979,961.3499214071708,1191.6734693872877,961.3499214071708,879.9174817787055,1075.788004479577,1075.788004479577,879.9174817787055,737.484143880771,995.6032239048529,1100.6796859328986,995.6032239048529,737.484143880771,572.1155678089518,842.6424106189021,1083.025147710322,1083.025147710322,842.6424106189021,572.1155678089518,463.16988449138836,700.3630724147838,962.1614011368954,1143.7779902388443,962.1614011368954,700.3630724147838,463.16988449138836,357.7055812428937,579.3578373256512,842.9378763519136,1081.74652788601,1081.74652788601,842.9378763519136,579.3578373256512,357.7055812428937,277.8848392201736,450.34315084397247,713.9023599330578,980.5851998637062,1118.295533085553,980.5851998637062,713.9023599330578,450.34315084397247,277.8848392201736
Planes,5328.999999997908,885.6412233761994,885.6412233761994,3337.242173139325,4273.172335599231,3337.242173139325,379.58414925193097,830.6042652381127,830.6042652381127,379.58414925193097,3201.7303298118527,3148.509435410585,4486.917657764294,3148.509435410585,3201.7303298118527,903.3278583169894,395.6437089543031,815.8590135470478,815.8590135470478,395.6437089543031,903.3278583169894,2330.6391000166786,3160.2330654281036,3177.3955708806243,4455.803230145503,3177.3955708806243,3160.2330654281036,2330.6391000166786,636.1789927075301,898.23100114714,394.20638397818806,817.0472604716196,817.0472604716196,394.20638397818806,898.23100114714,636.1789927075301,1812.4769784475545,2356.235390761309,3132.511970864272,3216.068228333046,4411.5524581527025,3216.068228333046,3132.511970864272,2356.235390761309,1812.4769784475545
Planes,6181.999999997575,3996.374487298333,3996.374487298333,2089.1740865153834,6023.3469387731475,2089.1740865153834,2971.2625901359484,3933.124446320309,3933.124446320309,2971.2625901359484,1540.540989556326,2099.5325718003523,6015.192280991671,2099.5325718003523,1540.540989556326,387.34054426761867,2942.841204070723,3917.8388042655442,3917.8388042655442,2942.841204070723,387.34054426761867,696.1966828816894,1483.0867065482544,2078.5830523464847,6003.754590647723,2078.5830523464847,1483.0867065482544,696.1966828816894,565.2535126551421,416.54091773444196,2950.180043804779,3927.6821232329203,3927.6821232329203,2950.180043804779,416.54091773444196,565.2535126551421,378.7703367713033,718.2632075400517,1508.3200298305437,2094.20167843716,6016.935702117573,2094.20167843716,1508.3200298305437,718.2632075400517,378.7703367713033
Planes,15903.99999999376,2650.5787973199467,2650.5787973199467,4245.737673892146,14545.57369613942,4245.737673892146,1004.267465133309,2650.8170772146855,2650.8170772146855,1004.267465133309,4455.454863880621,4261.40066404446,14574.022675731245,4261.40066404446,4455.454863880621,1058.3578836898569,1030.6581019281975,2649.6928099379493,2649.6928099379493,1030.6581019281975,1058.3578836898569,3639.326226624117,4441.7883260894405,4270.386606288997,14590.580858349756,4270.386606288997,4441.7883260894405,3639.326226624117,1852.4748284353416,1074.3215803384371,1044.5168390882943,2648.1935581739644,2648.1935581739644,1044.5168390882943,1074.3215803384371,1852.4748284353416,579.8979944081558,3621.5591103787983,4438.082001522822,4271.976741612044,14596.61883133023,4271.976741612044,4438.082001522822,3621.5591103787983,579.8979944081558
Planes,4644.999999998177,4318.68429474567,4318.68429474567,3461.508721705961,4644.922902492509,3461.508721705961,2344.879515231826,4318.681125551969,4318.681125551969,2344.879515231826,1269.1362709361151,3461.656673154162,4644.777623519241,3461.656673154162,1269.1362709361151,734.3715342567668,2344.906126533735,4318.6762565982735,4318.6762565982735,2344.906126533735,734.3715342567668,986.8169696970444,1268.9420681675722,3461.8572128280957,4644.580849480691,3461.8572128280957,1268.9420681675722,986.8169696970444,1141.3903609943127,734.1311382202715,2344.939092949531,4318.67024907038,4318.67024907038,2344.939092949531,734.1311382202715,1141.3903609943127,972.2554286576259,986.6553438929279,1268.7180749192664,3462.087753699073,4644.354900370804,3462.087753699073,1268.7180749192664,986.6553438929279,972.2554286576259
Planes,357.9999999998596,241.64205266799823,241.64205266799823,100.52994608853862,329.8049886620022,100.52994608853862,108.36646363674444,232.32668779551196,232.32668779551196,108.36646363674444,41.9843509354714,108.1578177208857,325.2784487943562,108.1578177208857,41.9843509354714,37.75401974653601,102.60724823377234,236.33671184122332,236.33671184122332,102.60724823377234,37.75401974653601,22.813358811111552,49.14664090038033,99.06231472558187,335.3451375513266,99.06231472558187,49.14664090038033,22.813358811111552,20.819687289732396,35.20754994884073,104.5221900124319,237.31075328687203,237.31075328687203,104.5221900124319,35.20754994884073,20.819687289732396,35.80964124293994,22.5739587166319,46.2427769806728,102.49056268489326,330.6507813031311,102.49056268489326,46.2427769806728,22.5739587166319,35.80964124293994
Planes,1090.999999999572,1088.0748818854106,1088.0748818854106,1079.336274670563,1090.999999999572,1079.336274670563,1064.8938057522107,1088.0748818854106,1088.0748818854106,1064.8938057522107,1044.9281527934172,1079.336274670563,1090.999999999572,1079.336274670563,1044.9281527934172,1019.6880333079479,1064.8938057522107,1088.0748818854106,1088.0748818854106,1064.8938057522107,1019.6880333079479,989.4860723361753,1044.9281527934172,1079.336274670563,1090.999999999572,1079.336274670563,1044.9281527934172,989.4860723361753,954.6936283694517,1019.6880333079479,1064.8938057522107,1088.0748818854106,1088.0748818854106,1064.8938057522107,1019.6880333079479,954.6936283694517,915.7346776380829,989.4860723361753,1044.9281527934172,1079.336274670563,1090.999999999572,1079.336274670563,1044.9281527934172,989.4860723361753,915.7346776380829
Planes,8174.999999996794,296.02990518120373,296.02990518120373,1736.481234716131,7782.891156459533,1736.481234716131,1465.7453608124492,285.6964212642679,285.6964212642679,1465.7453608124492,2492.2721426060407,1633.752965135794,7583.693846696703,1633.752965135794,2492.2721426060407,2223.312630542269,1466.2038562635648,255.8948364367597,255.8948364367597,1466.2038562635648,2223.312630542269,844.8931367369471,2503.394021454967,1583.2412443563667,7634.494239453165,1583.2412443563667,2503.394021454967,844.8931367369471,1009.3660981913574,2239.113047223538,1459.6602665885405,265.09054082199583,265.09054082199583,1459.6602665885405,2239.113047223538,1009.3660981913574,305.1548668052125,870.236164307206,2507.8970417252103,1613.7873236751093,7654.485089290377,1613.7873236751093,2507.8970417252103,870.236164307206,305.1548668052125
Planes,7763.999999996953,340.08516629498666,340.08516629498666,5987.6050881121555,6857.954648523386,5987.6050881121555,343.3590934211329,441.67777517127143,441.67777517127143,343.3590934211329,3818.767634981298,5839.162841698822,6907.8607370358695,5839.162841698822,3818.767634981298,389.8333280037577,283.08571174325124,383.1193817777237,383.1193817777237,283.08571174325124,389.8333280037577,2075.84287739866,3859.3243265247115,5845.994884154198,6940.973513046794,5845.994884154198,3859.3243265247115,2075.84287739866,707.2968673674776,384.66227555228687,298.1973700415112,383.3667077289375,383.3667077289375,298.1973700415112,384.66227555228687,707.2968673674776,986.591747028134,2085.5382263823426,3848.5638408066784,5855.899952484825,6934.299664356386,5855.899952484825,3848.5638408066784,2085.5382263823426,986.591747028134
Planes,8720.999999996578,2353.6100684691182,2353.6100684691182,4519.275600797761,7374.505668931347,4519.275600797761,1734.711830454394,2324.3275974734615,2324.3275974734615,1734.711830454394,1317.4282845984906,4506.6052790239755,7417.15752695345,4506.6052790239755,1317.4282845984906,2585.385423880668,1766.7165734904813,2306.4982657102314,2306.4982657102314,1766.7165734904813,2585.385423880668,1113.8346704132691,1319.9012519734072,4493.45703066635,7433.984526556236,4493.45703066635,1319.9012519734072,1113.8346704132691,2025.4981238591033,2587.5881214732312,1778.5169457056131,2307.7073926125386,2307.7073926125386,1778.5169457056131,2587.5881214732312,2025.4981238591033,1255.1548824264976,1121.249785477875,1318.7234146060844,4485.958481909954,7428.959483750193,4485.958481909954,1318.7234146060844,1121.249785477875,1255.1548824264976
Planes,4802.9999999981155,686.3980927590728,686.3980927590728,3600.539517945815,3805.1315192728835,3600.539517945815,812.3356871621071,585.3991688538107,585.3991688538107,812.3356871621071,2754.807695191217,3456.60642192567,3956.0856587517455,3456.60642192567,2754.807695191217,854.6104646507124,806.8270872351286,584.9468800460495,584.9468800460495,806.8270872351286,854.6104646507124,2023.1951071328579,2719.5976849017343,3496.7541286312976,3922.312008524532,3496.7541286312976,2719.5976849017343,2023.1951071328579,826.2021585240615,872.0946678941629,786.5914808891282,600.4301175333493,600.4301175333493,786.5914808891282,872.0946678941629,826.2021585240615,1415.1764815108277,2010.3553936099477,2729.031789447644,3483.035941605959,3929.3045467775382,3483.035941605959,2729.031789447644,2010.3553936099477,1415.1764815108277
Planes,5458.999999997859,1358.7811480180555,1358.7811480180555,3508.240877619985,4673.117913830366,3508.240877619985,1649.0606988646987,1014.255325837907,1014.255325837907,1649.0606988646987,2317.3776989022826,3466.328402842702,4705.710660679661,3466.328402842702,2317.3776989022826,1510.3162961262922,1575.6494449782026,1094.1927392482962,1094.1927392482962,1575.6494449782026,1510.3162961262922,1469.8232058034087,2291.113404225461,3490.3451511977614,4688.0416238580065,3490.3451511977614,2291.113404225461,1469.8232058034087,1303.050488600259,1479.0833195403932,1607.0499049885657,1058.839231848199,1058.839231848199,1607.0499049885657,1479.0833195403932,1303.050488600259,816.2696217247122,1455.4512443199476,2310.0474617233644,3475.292650352612,4702.485096322097,3475.292650352612,2310.0474617233644,1455.4512443199476,816.2696217247122
Planes,1243.999999999512,1192.9466224829252,1192.9466224829252,1048.4279656168035,1243.999999999512,1048.4279656168035,835.321084281969,1192.9466224829252,1192.9466224829252,835.321084281969,592.7168679721074,1048.4279656168035,1243.999999999512,1048.4279656168035,592.7168679721074,376.1530882866137,835.321084281969,1192.9466224829252,1192.9466224829252,835.321084281969,376.1530882866137,268.8417064337672,592.7168679721074,1048.4279656168035,1243.999999999512,1048.4279656168035,592.7168679721074,268.8417064337672,296.43170133183685,376.1530882866137,835.321084281969,1192.9466224829252,1192.9466224829252,835.321084281969,376.1530882866137,296.43170133183685,342.9810791063604,268.8417064337672,592.7168679721074,1048.4279656168035,1243.999999999512,1048.4279656168035,592.7168679721074,268.8417064337672,342.9810791063604
Planes,1656.9999999993502,1647.2025279747024,1647.2025279747024,1618.0697302669712,1656.9999999993502,1618.0697302669712,1570.3716710777264,1647.2025279747024,1647.2025279747024,1570.3716710777264,1505.3628317043858,1618.0697302669712,1656.9999999993502,1618.0697302669712,1505.3628317043858,1424.7398624633854,1570.3716710777264,1647.2025279747024,1647.2025279747024,1570.3716710777264,1424.7398624633854,1330.5847692384486,1505.3628317043858,1618.0697302669712,1656.9999999993502,1618.0697302669712,1505.3628317043858,1330.5847692384486,1225.2957622370977,1424.7398624633854,1570.3716710777264,1647.2025279747024,1647.2025279747024,1570.3716710777264,1424.7398624633854,1225.2957622370977,1111.508489198065,1330.5847692384486,1505.3628317043858,1618.0697302669712,1656.9999999993502,1618.0697302669712,1505.3628317043858,1330.5847692384486,1111.508489198065
Planes,9184.999999996395,856.8151894297305,856.8151894297305,4758.0780988478855,8076.727891153293,4758.0780988478855,1501.1046817010506,853.3967465527121,853.3967465527121,1501.1046817010506,1744.4309926055928,4815.585137036066,8051.009039440283,4815.585137036066,1744.4309926055928,521.196939133615,1460.7222893087971,852.4903790421162,852.4903790421162,1460.7222893087971,521.196939133615,229.6617926449538,1756.9170990329228,4819.900392113148,8060.652931204953,4819.900392113148,1756.9170990329228,229.6617926449538,878.706875553391,498.8161811130844,1467.3240646737179,844.112914573519,844.112914573519,1467.3240646737179,498.8161811130844,878.706875553391,176.86509306642776,217.0847360416481,1753.5800572520277,4810.379366419362,8065.860861987442,4810.379366419362,1753.5800572520277,217.0847360416481,176.86509306642776
Planes,7286.9999999971415,3535.3458774176006,3535.3458774176006,446.5921399812875,7023.666666663911,446.5921399812875,1718.6175683996307,3708.50290588936,3708.50290588936,1718.6175683996307,1143.943793302696,540.0494268398005,6929.7601462326475,540.0494268398005,1143.943793302696,1481.7310410198966,1656.4793828347351,3709.5599333337445,3709.5599333337445,1656.4793828347351,1481.7310410198966,1744.380667339828,1125.882094189283,518.6382763235343,6968.541439069695,518.6382763235343,1125.882094189283,1744.380667339828,203.96741211153088,1453.720401418465,1692.4173374723398,3677.9894030851356,3677.9894030851356,1692.4173374723398,1453.720401418465,203.96741211153088,825.3270903121415,1754.5016787140944,1126.7576404212327,519.1615078240515,6962.236937857505,519.1615078240515,1126.7576404212327,1754.5016787140944,825.3270903121415
Planes,9358.999999996327,3081.402221999026,3081.402221999026,4646.793741665287,8176.315192740558,4646.793741665287,2960.6840246968154,2992.632554800157,2992.632554800157,2960.6840246968154,1217.5855103938202,4548.681259205644,8295.454193465517,4548.681259205644,1217.5855103938202,2954.924633769927,3029.812164790967,2987.7570649598897,2987.7570649598897,3029.812164790967,2954.924633769927,1720.3095027261872,1210.5061013073798,4586.42781617202,8282.376317972004,4586.42781617202,1210.5061013073798,1720.3095027261872,1530.5730032362912,2974.3492147928655,3013.4164577612405,3010.738106071286,3010.738106071286,3013.4164577612405,2974.3492147928655,1530.5730032362912,2029.9987477161824,1708.4742687331147,1205.3901802766736,4600.361725108746,8280.607760119263,4600.361725108746,1205.3901802766736,1708.4742687331147,2029.9987477161824
Planes,12808.999999994976,2529.75716089889,2529.75716089889,5018.549886873189,11423.671201809579,5018.549886873189,191.26078045879524,2529.75716089889,2529.75716089889,191.26078045879524,2037.9522556960137,5018.549886873189,11423.914156134164,5018.549886873189,2037.9522556960137,1366.3152467208592,191.26078045879478,2529.75716089889,2529.75716089889,191.26078045879478,1366.3152467208592,1140.7051320340113,2038.2674462137913,5018.549886873189,11424.316643615206,5018.549886873189,2038.2674462137913,1140.7051320340113,1221.4325513049346,1366.3152467208592,191.2607804587952,2529.75716089889,2529.75716089889,191.2607804587952,1366.3152467208592,1221.4325513049346,1015.1407251726854,1140.7051320340113,2038.7029006646662,5018.549886873189,11424.919691019746,5018.549886873189,2038.7029006646662,1140.7051320340113,1015.1407251726854
Planes,1150.999999999549,682.8885393996129,682.8885393996129,216.85109528381932,921.5578231288903,216.85109528381932,385.84166950793605,507.05656069144123,507.05656069144123,385.84166950793605,146.9348498794728,144.33017525841257,849.4676755052432,144.33017525841257,146.9348498794728,118.0152027446733,339.1546398201259,515.14591312097,515.14591312097,339.1546398201259,118.0152027446733,74.41510947547869,129.01717825012742,162.0042314360729,887.5186768324307,162.0042314360729,129.01717825012742,74.41510947547869,186.53817465365012,119.97657384080884,348.4928643854223,528.8314303305281,528.8314303305281,348.4928643854223,119.97657384080884,186.53817465365012,82.20061328743456,43.080041681049494,127.21818172793115,157.3625450828448,864.7213998183939,157.3625450828448,127.21818172793115,43.080041681049494,82.20061328743456
Planes,10391.999999995924,3815.184358196399,3815.184358196399,3305.4430669848434,9561.814058953165,3305.4430669848434,482.94064177188625,3653.8149544043904,3653.8149544043904,482.94064177188625,1066.524828080822,3275.0013217882156,9697.033766790897,3275.0013217882156,1066.524828080822,960.5287624883239,513.3449674250533,3723.833422747615,3723.833422747615,513.3449674250533,960.5287624883239,1420.8860987798682,1019.9481925979665,3312.302230865687,9652.320057236531,3312.302230865687,1019.9481925979665,1420.8860987798682,383.3512942384626,957.6345835494759,510.6732528834043,3712.5055654037415,3712.5055654037415,510.6732528834043,957.6345835494759,383.3512942384626,1247.0229979755118,1394.1906209519022,1030.8056926404968,3284.6764752149634,9678.004884468639,3284.6764752149634,1030.8056926404968,1394.1906209519022,1247.0229979755118
Planes,141.99999999994432,141.6188210944758,141.6188210944758,140.47975132366588,141.99999999994432,140.47975132366588,138.59612548812748,141.6188210944758,141.6188210944758,138.59612548812748,135.9899494670273,140.47975132366588,141.99999999994432,140.47975132366588,135.9899494670273,132.6915766888544,138.59612548812748,141.6188210944758,141.6188210944758,138.59612548812748,132.6915766888544,128.7392644695794,135.9899494670273,140.47975132366588,141.99999999994432,140.47975132366588,135.9899494670273,128.7392644695794,124.17861944400406,132.6915766888544,138.59612548812748,141.6188210944758,141.6188210944758,138.59612548812748,132.6915766888544,124.17861944400406,119.06194390952673,128.7392644695794,135.9899494670273,140.47975132366588,141.99999999994432,140.47975132366588,135.9899494670273,128.7392644695794,119.06194390952673
Planes,4209.999999998348,471.360958453308,471.360958453308,3212.4124908815033,3371.2698412685186,3212.4124908815033,824.1220775764709,519.6993307544531,519.6993307544531,824.1220775764709,2236.155711762662,3064.5868666467773,3508.26714177597,3064.5868666467773,2236.155711762662,1067.7061244410006,778.4893082446939,549.921698150574,549.921698150574,778.4893082446939,1067.7061244410006,1482.1126373589598,2277.2308358637174,3066.0895468064023,3511.7715549929308,3066.0895468064023,2277.2308358637174,1482.1126373589598,934.625222617205,1016.7116855224366,794.0707292071818,535.2970364355713,535.2970364355713,794.0707292071818,1016.7116855224366,934.625222617205,872.0823195214972,1520.2131539179975,2234.682377829336,3109.936678438097,3468.6354074476803,3109.936678438097,2234.682377829336,1520.2131539179975,872.0823195214972
Planes,1646.9999999993543,1236.158623232819,1236.158623232819,354.70828435890695,1646.9999999993543,354.70828435890695,394.73540270846564,1236.158623232819,1236.158623232819,394.73540270846564,467.6173106349686,354.70828435890695,1646.9999999993543,354.70828435890695,467.6173106349686,175.31487232066888,394.73540270846564,1236.158623232819,1236.158623232819,394.73540270846564,175.31487232066888,421.0730939744045,467.6173106349686,354.70828435890695,1646.9999999993543,354.70828435890695,467.6173106349686,421.0730939744045,513.4509753287631,175.31487232066888,394.73540270846564,1236.158623232819,1236.158623232819,394.73540270846564,175.31487232066888,513.4509753287631,331.56286304461213,421.0730939744045,467.6173106349686,354.70828435890695,1646.9999999993543,354.70828435890695,467.6173106349686,421.0730939744045,331.56286304461213
Planes,13766.9999999946,7277.043747830262,7277.043747830262,3367.611999456827,13552.369614507155,3367.611999456827,4355.631900727669,7079.571592596118,7079.571592596118,4355.631900727669,3424.2095136385187,3349.7238843490118,13412.820661139014,3349.7238843490118,3424.2095136385187,1491.4025206584713,4353.103529678393,7035.60791806579,7035.60791806579,4353.103529678393,1491.4025206584713,1355.3871898396458,3391.8244238077946,3364.4656548714706,13429.460972760422,3364.4656548714706,3391.8244238077946,1355.3871898396458,957.1873736061597,1509.8020538476603,4339.108938732452,7070.765414096486,7070.765414096486,4339.108938732452,1509.8020538476603,957.1873736061597,2061.613333398774,1345.909197303811,3390.798407355837,3365.555496956556,13451.747351842614,3365.555496956556,3390.798407355837,1345.909197303811,2061.613333398774
Planes,3719.9999999985407,603.2616837965207,603.2616837965207,2537.807545923067,2735.3015873005143,2537.807545923067,602.8187499771373,606.6233356404912,606.6233356404912,602.8187499771373,1893.8687879857835,2393.6843712594687,2889.8244250069647,2393.6843712594687,1893.8687879857835,271.02642408040674,645.1603537365941,597.4261592062401,597.4261592062401,645.1603537365941,271.02642408040674,1463.6789823104712,1842.1667426993038,2442.668565819289,2853.2308148564166,2442.668565819289,1842.1667426993038,1463.6789823104712,257.9669625407753,283.5559583647246,632.5318432245602,597.2910176710134,597.2910176710134,632.5318432245602,283.5559583647246,257.9669625407753,1120.0583835675536,1438.1009840204379,1860.7269677149652,2417.5912021825034,2872.050184299057,2417.5912021825034,1860.7269677149652,1438.1009840204379,1120.0583835675536
Planes,8243.999999996766,6027.502478267059,6027.502478267059,2130.279464001366,8069.310657593206,2130.279464001366,940.1830106701449,5863.32422998276,5863.32422998276,940.1830106701449,276.62377759830076,2018.957222123599,7955.605534727778,2018.957222123599,276.62377759830076,1013.635492876529,911.7328769730663,5824.123113036959,5824.123113036959,911.7328769730663,1013.635492876529,865.2807242843779,267.6363224107895,2029.51586503847,7968.974513208215,2029.51586503847,267.6363224107895,865.2807242843779,539.5336571359927,985.4729861742943,930.5735646339335,5851.966013615589,5851.966013615589,930.5735646339335,985.4729861742943,539.5336571359927,482.6072785742514,859.7447053023958,258.80685224800527,2046.1254942772812,7985.369124481236,2046.1254942772812,258.80685224800527,859.7447053023958,482.6072785742514
Planes,5687.999999997768,238.03516363589605,238.03516363589605,3612.045664200157,4424.335600905294,3612.045664200157,665.8639384106631,137.35777210619213,137.35777210619213,665.8639384106631,2131.8928649707227,3502.5467069346428,4536.343930767807,3502.5467069346428,2131.8928649707227,692.2758993638403,671.263181844471,104.7555505194019,104.7555505194019,671.263181844471,692.2758993638403,1237.4124074134436,2156.3632861950596,3477.1862938977947,4563.266879375908,3477.1862938977947,2156.3632861950596,1237.4124074134436,576.0616404397208,683.9345680683012,677.2813946419926,129.88280088753618,129.88280088753618,677.2813946419926,683.9345680683012,576.0616404397208,650.5025518202066,1247.247648704512,2146.5835316295256,3489.1388930807557,4552.366161817018,3489.1388930807557,2146.5835316295256,1247.247648704512,650.5025518202066
Planes,8535.999999996653,2658.203362591201,2658.203362591201,956.7135653854675,7476.739229022011,956.7135653854675,450.3473582967689,2458.9347699039517,2458.9347699039517,450.3473582967689,355.46973617696653,930.5023932940738,7622.670985851671,930.5023932940738,355.46973617696653,907.1041381414951,428.0778236264742,2461.003832137744,2461.003832137744,428.0778236264742,907.1041381414951,367.0676667283971,359.39359598040244,937.8605388725229,7570.374186582898,937.8605388725229,359.39359598040244,367.0676667283971,398.5398860323855,931.3890027859959,411.87410080916834,2493.4819286934976,2493.4819286934976,411.87410080916834,931.3890027859959,398.5398860323855,345.38165438540375,339.67588306524243,349.82012233245763,936.1237961302495,7569.38510491435,936.1237961302495,349.82012233245763,339.67588306524243,345.38165438540375
Planes,19190.99999999247,3445.748869116639,3445.748869116639,5028.921877946354,18140.605442169755,5028.921877946354,2369.2540912769177,3422.233118918118,3422.233118918118,2369.2540912769177,4103.571492827809,4995.959578672339,18190.36298146663,4995.959578672339,4103.571492827809,2413.345680144441,2368.8804410977714,3416.094986306745,3416.094986306745,2368.8804410977714,2413.345680144441,1265.9068429215338,4032.6356998558176,5075.70081279663,18125.86052768307,5075.70081279663,4032.6356998558176,1265.9068429215338,1474.986525974906,2427.6838143329833,2345.071261713564,3425.9476848221293,3425.9476848221293,2345.071261713564,2427.6838143329833,1474.986525974906,290.43025601426757,1220.3022684557804,4051.4872173658205,5041.625022649788,18147.110974602278,5041.625022649788,4051.4872173658205,1220.3022684557804,290.43025601426757
Planes,6423.999999997479,1131.6718059458638,1131.6718059458638,3964.812239674119,5484.086167798303,3964.812239674119,1413.39636499327,929.9281080836062,929.9281080836062,1413.39636499327,2414.2075744133604,3917.3676268654176,5466.369506530627,3917.3676268654176,2414.2075744133604,1267.8268055871108,1375.8869673790352,961.2048284529885,961.2048284529885,1375.8869673790352,1267.8268055871108,1307.3624848539491,2364.1265677799875,3918.9129316137582,5473.7453512887205,3918.9129316137582,2364.1265677799875,1307.3624848539491,1232.8678207828561,1273.7193365232451,1406.9270424488361,937.8909965665208,937.8909965665208,1406.9270424488361,1273.7193365232451,1232.8678207828561,502.1067008792124,1282.7434547586515,2410.91884745815,3906.170935604136,5477.505968849236,3906.170935604136,2410.91884745815,1282.7434547586515,502.1067008792124
Planes,3272.999999998716,479.2358514992809,479.2358514992809,2142.1588483185783,2507.970521540966,2142.1588483185783,1390.0110287018172,371.34772087014557,371.34772087014557,1390.0110287018172,1140.4557281939574,2024.0969991717939,2732.811004672906,2024.0969991717939,1140.4557281939574,1624.0294790444143,1317.4106061078103,414.6133377249467,414.6133377249467,1317.4106061078103,1624.0294790444143,390.3466604387644,1159.5169304360295,2056.0806643709975,2677.514509195419,2056.0806643709975,1159.5169304360295,390.3466604387644,1257.5685726255817,1610.954855560262,1318.1544251732034,411.0006857157348,411.0006857157348,1318.1544251732034,1610.954855560262,1257.5685726255817,361.836347505596,430.2091070900338,1148.189484994935,2067.8950600140975,2651.6208039164503,2067.8950600140975,1148.189484994935,430.2091070900338,361.836347505596
Planes,6618.999999997403,498.31437336743824,498.31437336743824,4226.704669047741,5482.786848070411,4226.704669047741,1238.7433239885688,482.581543846268,482.581543846268,1238.7433239885688,2650.6597579275785,4082.3176597600404,5628.754269052353,4082.3176597600404,2650.6597579275785,940.0537814168058,1207.3398534310056,497.39273708586546,497.39273708586546,1207.3398534310056,940.0537814168058,1242.8020065114306,2614.652788407182,4098.746957320587,5609.6857724136935,4098.746957320587,2614.652788407182,1242.8020065114306,759.8872476061662,940.0047311268391,1199.078488137518,503.7943821263441,503.7943821263441,1199.078488137518,940.0047311268391,759.8872476061662,588.6223442233743,1273.849084305751,2617.607107337324,4115.34051042649,5588.354077077575,4115.34051042649,2617.607107337324,1273.849084305751,588.6223442233743
Planes,7199.999999997175,3705.9258301721634,3705.9258301721634,4257.063673769587,6390.326530609737,4257.063673769587,1647.0739709749978,3612.6133433117657,3612.6133433117657,1647.0739709749978,1470.2372331759407,4185.224608953338,6366.416709084765,4185.224608953338,1470.2372331759407,111.77021330081534,1626.4201110734368,3627.422917057103,3627.422917057103,1626.4201110734368,111.77021330081534,1116.2015828378137,1448.0865245921402,4194.775460398611,6390.443894434551,4194.775460398611,1448.0865245921402,1116.2015828378137,123.75896444438666,119.49094457923981,1633.7235749515376,3628.5739049543067,3628.5739049543067,1633.7235749515376,119.49094457923981,123.75896444438666,390.5210240310712,1117.361230132161,1450.1924166073784,4200.890113166155,6382.462736088677,4200.890113166155,1450.1924166073784,1117.361230132161,390.5210240310712
Planes,12394.999999995138,2830.132251998985,2830.132251998985,5493.058577256035,11208.750566889028,5493.058577256035,2675.2211099215624,2861.7597224138526,2861.7597224138526,2675.2211099215624,1569.0770569782014,5426.861446737003,11305.808397731076,5426.861446737003,1569.0770569782014,2533.223196658872,2733.3161794895545,2831.2162232494707,2831.2162232494707,2733.3161794895545,2533.223196658872,642.235772676404,1604.6041794714151,5386.649115529244,11303.397538272946,5386.649115529244,1604.6041794714151,642.235772676404,1825.1947663948306,2483.020798848379,2733.7401569572894,2822.4040686864355,2822.4040686864355,2733.7401569572894,2483.020798848379,1825.1947663948306,1912.4659676099068,665.1289807760049,1606.524252858227,5408.932366566384,11294.755382523059,5408.932366566384,1606.524252858227,665.1289807760049,1912.4659676099068
Planes,6191.999999997571,2017.504930406852,2017.504930406852,4002.6181210513278,6068.730158727777,4002.6181210513278,3143.2086396790114,1976.48050845263,1976.48050845263,3143.2086396790114,1849.5315595155366,3969.7154366240447,6012.475604298319,3969.7154366240447,1849.5315595155366,2608.817349539729,3115.915300331389,1966.4696129406445,1966.4696129406445,3115.915300331389,2608.817349539729,863.498387868147,1840.8098622559266,3981.1925748745184,6027.735728071427,3981.1925748745184,1840.8098622559266,863.498387868147,1985.4757526099766,2573.9863863822548,3121.3934790305166,1974.112409789673,1974.112409789673,3121.3934790305166,2573.9863863822548,1985.4757526099766,625.7568890959761,875.7907677998716,1854.0998646650685,3966.6174657549614,6037.318326048025,3966.6174657549614,1854.0998646650685,875.7907677998716,625.7568890959761
Planes,5055.9999999980155,1065.5092824536116,1065.5092824536116,3841.299955708507,4575.011337866686,3841.299955708507,1802.398119543565,982.4257780461394,982.4257780461394,1802.398119543565,2559.645869580166,3749.7227917971886,4582.339395620397,3749.7227917971886,2559.645869580166,1913.4625937072149,1794.1290556200622,983.4496950345286,983.4496950345286,1794.1290556200622,1913.4625937072149,1422.6658431310716,2502.3838157750924,3792.869102749497,4555.372812999748,3792.869102749497,2502.3838157750924,1422.6658431310716,1637.6428060279538,1903.7289356768467,1771.408983192376,994.9753950255572,994.9753950255572,1771.408983192376,1903.7289356768467,1637.6428060279538,714.8272784168647,1411.4607900696885,2518.586227834518,3777.330559699946,4557.9202610521625,3777.330559699946,2518.586227834518,1411.4607900696885,714.8272784168647
Planes,5747.999999997746,2309.608934466605,2309.608934466605,770.2479355333586,4777.297052152321,770.2479355333586,237.55524702236423,2096.3337090997693,2096.3337090997693,237.55524702236423,836.9215203048706,850.3102620147116,4841.9153130621025,850.3102620147116,836.9215203048706,622.8770595410916,239.1653272633329,2116.2587840616006,2116.2587840616006,239.1653272633329,622.8770595410916,849.2345582218638,831.5372788360842,827.9096343886379,4804.5469990165275,827.9096343886379,831.5372788360842,849.2345582218638,765.88346077364,639.7836513408656,231.10923900477164,2114.155744320074,2114.155744320074,231.10923900477164,639.7836513408656,765.88346077364,578.3728171412057,844.8789430514122,834.1878827715349,835.2361304447196,4818.950160332288,835.2361304447196,834.1878827715349,844.8789430514122,578.3728171412057
Planes,5396.999999997883,2550.817619265121,2550.817619265121,2395.297483491868,5069.349206347217,2395.297483491868,1781.791231203825,2612.55695703835,2612.55695703835,1781.791231203825,2235.33226186079,2437.290599648651,5049.5579156813,2437.290599648651,2235.33226186079,2029.4712544076267,1715.5631535120194,2609.455716962189,2609.455716962189,1715.5631535120194,2029.4712544076267,1206.1927347842359,2204.327526140691,2398.605454258403,5051.974843572907,2398.605454258403,2204.327526140691,1206.1927347842359,1111.7976205519078,2037.1919683469791,1730.242229138179,2582.500570453908,2582.500570453908,1730.242229138179,2037.1919683469791,1111.7976205519078,898.6382456473237,1224.0555163390584,2226.1570737257866,2410.8853775328726,5013.878563260181,2410.8853775328726,2226.1570737257866,1224.0555163390584,898.6382456473237
Planes,3413.999999998661,1863.994763408464,1863.994763408464,859.8559633457994,3413.999999998661,859.8559633457994,1666.3681127361313,1863.994763408464,1863.994763408464,1666.3681127361313,360.6985919510585,859.8559633457994,3413.999999998661,859.8559633457994,360.6985919510585,759.712371702065,1666.3681127361313,1863.994763408464,1863.994763408464,1666.3681127361313,759.712371702065,606.1603798879843,360.6985919510585,859.8559633457994,3413.999999998661,859.8559633457994,360.6985919510585,606.1603798879843,701.0260789379372,759.712371702065,1666.3681127361313,1863.994763408464,1863.994763408464,1666.3681127361313,759.712371702065,701.0260789379372,470.21798423363606,606.1603798879843,360.6985919510585,859.8559633457994,3413.999999998661,859.8559633457994,360.6985919510585,606.1603798879843,470.21798423363606
Planes,8792.99999999655,935.2304814136819,935.2304814136819,6323.276715338682,8267.961451243922,6323.276715338682,1269.1589296455707,944.9295552403152,944.9295552403152,1269.1589296455707,3407.44682521919,6307.610936976535,8187.7495950729135,6307.610936976535,3407.44682521919,1036.9753262518543,1267.0198364235373,912.8367635583472,912.8367635583472,1267.0198364235373,1036.9753262518543,1161.5944553049494,3415.116327886957,6275.804981055385,8206.826895327631,6275.804981055385,3415.116327886957,1161.5944553049494,1043.7751115862354,1037.6347603190284,1273.1382421461358,932.7958664111202,932.7958664111202,1273.1382421461358,1037.6347603190284,1043.7751115862354,1018.1712121885151,1165.2099752321035,3387.0945076965045,6303.434718626534,8186.8688719213915,6303.434718626534,3387.0945076965045,1165.2099752321035,1018.1712121885151
Planes,15788.999999993805,5242.088641985947,5242.088641985947,5871.736086121166,15015.993197273021,5871.736086121166,2226.7255524843445,4903.167021292919,4903.167021292919,2226.7255524843445,403.91665091249246,5842.657330800842,15048.485461298802,5842.657330800842,403.91665091249246,1060.585646630323,2163.3684947286542,4985.20625198674,4985.20625198674,2163.3684947286542,1060.585646630323,1115.7256569450346,389.5434972993419,5858.12194823214,15023.330025762674,5858.12194823214,389.5434972993419,1115.7256569450346,1071.7811508997531,1089.9769901276763,2196.690336733255,4951.438156147662,4951.438156147662,2196.690336733255,1089.9769901276763,1071.7811508997531,1637.1883490071198,1127.6423031212682,397.9396071610929,5842.664145863214,15038.10673793246,5842.664145863214,397.9396071610929,1127.6423031212682,1637.1883490071198
Planes,7044.999999997237,2019.4087609066285,2019.4087609066285,2052.376508672558,5896.07482992966,2052.376508672558,2245.190809728958,1943.2320743339983,1943.2320743339983,2245.190809728958,1259.8434898976845,2061.61170227271,5978.54355438086,2061.61170227271,1259.8434898976845,361.84272746626067,2251.8540081240303,1961.7725982940024,1961.7725982940024,2251.8540081240303,361.84272746626067,361.67398546707966,1277.202209870182,2037.0197216460167,5924.370933702374,2037.0197216460167,1277.202209870182,361.67398546707966,803.9676192852456,353.7659840672133,2228.3804867802774,1977.1050998919607,1977.1050998919607,2228.3804867802774,353.7659840672133,803.9676192852456,813.3597224528428,347.03562996434766,1273.7966968750059,2044.8008980401648,5936.211312308904,2044.8008980401648,1273.7966968750059,347.03562996434766,813.3597224528428
Planes,6941.999999997277,3675.197835390161,3675.197835390161,2131.2543064515257,5949.111111108778,2131.2543064515257,1651.5822121091317,3397.36964176199,3397.36964176199,1651.5822121091317,72.07157202886701,2137.35935197484,6073.169913768114,2137.35935197484,72.07157202886701,892.4615052727345,1687.4220442385638,3410.4707340930595,3410.4707340930595,1687.4220442385638,892.4615052727345,424.0049712704317,46.61109221086172,2151.919606973511,6028.34883156016,2151.919606973511,46.61109221086172,424.0049712704317,1157.0806155553691,892.4162450790479,1695.849560054544,3421.5630537525394,3421.5630537525394,1695.849560054544,892.4162450790479,1157.0806155553691,526.8717558339164,425.41667816720974,56.00990240495092,2140.956514644631,6050.394861687734,2140.956514644631,56.00990240495092,425.41667816720974,526.8717558339164
Planes,2610.999999998976,959.8783044193001,959.8783044193001,274.11784359835156,2135.598639454945,274.11784359835156,385.85125867440297,734.8508385604698,734.8508385604698,385.85125867440297,582.1371686830744,374.67754211591154,1997.9962824124086,374.67754211591154,582.1371686830744,399.5437113593167,361.71507221866744,809.6064132844932,809.6064132844932,361.71507221866744,399.5437113593167,583.8855647601176,607.4319146565675,328.9584298397394,2028.9630661847443,328.9584298397394,607.4319146565675,583.8855647601176,415.87888881700604,423.5457075946461,364.1526936157331,795.594927709055,795.594927709055,364.1526936157331,423.5457075946461,415.87888881700604,209.0786899993675,590.8063339180515,591.9632024123734,358.6297901506094,2015.323367027579,358.6297901506094,591.9632024123734,590.8063339180515,209.0786899993675
Planes,6253.999999997545,1944.5775596728804,1944.5775596728804,4268.122134836746,5631.4693877528925,4268.122134836746,2868.137274951381,1639.1841891202664,1639.1841891202664,2868.137274951381,2416.137265736141,4278.903895941371,5598.314745397096,4278.903895941371,2416.137265736141,2649.7095277282565,2779.9390358358514,1712.900567188008,1712.900567188008,2779.9390358358514,2649.7095277282565,1450.7042608788195,2432.505372465452,4257.8251581312015,5632.224483812326,4257.8251581312015,2432.505372465452,1450.7042608788195,2334.709857015137,2618.0912834013484,2811.003227597623,1690.7218925143995,1690.7218925143995,2811.003227597623,2618.0912834013484,2334.709857015137,798.6269237028437,1450.8718538340077,2431.8733102004526,4271.289666814518,5622.091383899761,4271.289666814518,2431.8733102004526,1450.8718538340077,798.6269237028437
Planes,8934.999999996495,4616.789524024448,4616.789524024448,2160.3059535151615,7804.678004532087,2160.3059535151615,972.7639750778936,4447.554248219136,4447.554248219136,972.7639750778936,368.8616197222197,2255.536226795318,7782.353170743705,2255.536226795318,368.8616197222197,275.72830068966385,922.1384452627041,4497.298621669063,4497.298621669063,922.1384452627041,275.72830068966385,1675.3280852447272,323.8311399166755,2237.4893341782104,7774.398738200349,2237.4893341782104,323.8311399166755,1675.3280852447272,1653.0986018282326,276.58806704875974,953.9648534240887,4481.474560521784,4481.474560521784,953.9648534240887,276.58806704875974,1653.0986018282326,1047.255736752782,1668.537099960135,336.3039191814133,2229.3243679261905,7794.761507020674,2229.3243679261905,336.3039191814133,1668.537099960135,1047.255736752782
Planes,4512.99999999823,3182.8164592037238,3182.8164592037238,2103.329696139488,4512.99999999823,2103.329696139488,1877.1926239888098,3182.8164592037238,3182.8164592037238,1877.1926239888098,1610.7464097947884,2103.329696139488,4512.99999999823,2103.329696139488,1610.7464097947884,1471.1673652129853,1877.1926239888098,3182.8164592037238,3182.8164592037238,1877.1926239888098,1471.1673652129853,1537.807384328944,1610.7464097947884,2103.329696139488,4512.99999999823,2103.329696139488,1610.7464097947884,1537.807384328944,1087.6331640686649,1471.1673652129853,1877.1926239888098,3182.8164592037238,3182.8164592037238,1877.1926239888098,1471.1673652129853,1087.6331640686649,118.86477851397599,1537.807384328944,1610.7464097947884,2103.329696139488,4512.99999999823,2103.329696139488,1610.7464097947884,1537.807384328944,118.86477851397599
Planes,158.99999999993764,149.8035698673887,149.8035698673887,123.9804199109557,158.99999999993764,123.9804199109557,86.44836690452797,149.8035698673887,149.8035698673887,86.44836690452797,44.277532124954696,123.9804199109557,158.99999999993764,123.9804199109557,44.277532124954696,7.793093906889538,86.44836690452797,149.8035698673887,149.8035698673887,86.44836690452797,7.793093906889538,27.381107002026212,44.277532124954696,123.9804199109557,158.99999999993764,123.9804199109557,44.277532124954696,27.381107002026212,44.41918848299616,7.793093906889538,86.44836690452797,149.8035698673887,149.8035698673887,86.44836690452797,7.793093906889538,44.41918848299616,47.46178631182887,27.381107002026212,44.277532124954696,123.9804199109557,158.99999999993764,123.9804199109557,44.277532124954696,27.381107002026212,47.46178631182887
Planes,4268.999999998326,1894.399978056901,1894.399978056901,1168.7982212080656,3581.390022674332,1168.7982212080656,1181.8385409472044,1594.7946228355986,1594.7946228355986,1181.8385409472044,272.6566489668754,1145.0267254237735,3598.3476483549834,1145.0267254237735,272.6566489668754,530.1191103444031,1162.7845350909138,1671.83876362082,1671.83876362082,1162.7845350909138,530.1191103444031,174.51027514713823,252.69975271564235,1163.9190091617108,3589.7110227578005,1163.9190091617108,252.69975271564235,174.51027514713823,121.50937538629441,523.3229376658103,1179.6673333785795,1621.8014990822578,1621.8014990822578,1179.6673333785795,523.3229376658103,121.50937538629441,246.45323215735152,182.45566059393948,256.0225090681705,1160.7071434787804,3580.3142191181914,1160.7071434787804,256.0225090681705,182.45566059393948,246.45323215735152
Planes,3684.999999998554,539.8548810406573,539.8548810406573,2520.1237260947187,2872.4421768696216,2520.1237260947187,461.5113916738433,488.36335334432744,488.36335334432744,461.5113916738433,1805.7739275095798,2444.956264635802,2937.9402255221635,2444.956264635802,1805.7739275095798,332.15140504077567,565.6382885528441,413.0771719833486,413.0771719833486,565.6382885528441,332.15140504077567,1229.2853081055475,1762.9759006546703,2492.945907697236,2909.6805178690793,2492.945907697236,1762.9759006546703,1229.2853081055475,117.36403067541204,370.5354581468021,514.314172863891,447.9429953917948,447.9429953917948,514.314172863891,370.5354581468021,117.36403067541204,886.1983474181752,1223.0007001483154,1779.3912109789794,2487.032319431464,2939.9676088492693,2487.032319431464,1779.3912109789794,1223.0007001483154,886.1983474181752
Planes,2420.9999999990505,2277.030322002325,2277.030322002325,1928.1868130488022,2347.7528344661996,1928.1868130488022,1448.0683518338444,2209.7036658015754,2209.7036658015754,1448.0683518338444,950.5423070136188,1873.6655168196348,2326.3422802218342,1873.6655168196348,950.5423070136188,598.7413979136968,1406.2149398942,2213.538125675,2213.538125675,1406.2149398942,598.7413979136968,549.1413412834742,920.6900494799494,1885.2956697214797,2338.6314393176453,1885.2956697214797,920.6900494799494,549.1413412834742,638.1954046387486,585.7087507284463,1417.658825913228,2215.442502220082,2215.442502220082,1417.658825913228,585.7087507284463,638.1954046387486,656.5191802138683,554.903028961853,930.2074318998426,1878.7462736863,2326.270711210984,1878.7462736863,930.2074318998426,554.903028961853,656.5191802138683
Planes,3194.9999999987467,987.475044372826,987.475044372826,2192.6517978906495,3047.58503401241,2192.6517978906495,1286.3495135260405,913.3847474182819,913.3847474182819,1286.3495135260405,1174.660747712518,2189.3846987499023,3034.333610994228,2189.3846987499023,1174.660747712518,894.2575829273045,1267.0690864961045,919.2811311309413,919.2811311309413,1267.0690864961045,894.2575829273045,334.4790110285674,1212.826515182984,2161.408230920023,3057.0955921499253,2161.408230920023,1212.826515182984,334.4790110285674,477.5504661893422,909.8239818972039,1255.6542800636644,923.6447624391633,923.6447624391633,1255.6542800636644,909.8239818972039,477.5504661893422,173.88269199186092,358.79642801962615,1184.9465555334882,2184.520418562612,3036.2553924953627,2184.520418562612,1184.9465555334882,358.79642801962615,173.88269199186092
Planes,5882.999999997692,2001.6500702102824,2001.6500702102824,3908.367232311196,4760.673469385887,3908.367232311196,2010.4489255884073,1885.347536596678,1885.347536596678,2010.4489255884073,2208.1494926972573,3852.164427420951,4889.442253997187,3852.164427420951,2208.1494926972573,1457.615434808865,2009.5134331927088,1888.9764960283185,1888.9764960283185,2009.5134331927088,1457.615434808865,1373.8287605560179,2220.4935175993332,3842.9325882431444,4855.847890530536,3842.9325882431444,2220.4935175993332,1373.8287605560179,816.8444655307691,1478.2826243033921,2010.4168809457599,1905.4665819258248,1905.4665819258248,2010.4168809457599,1478.2826243033921,816.8444655307691,877.535338025605,1396.626668496939,2191.622730080825,3860.884440801616,4847.844643897996,3860.884440801616,2191.622730080825,1396.626668496939,877.535338025605
Planes,7596.99999999702,3981.1736870433097,3981.1736870433097,2571.180860959051,6845.104308387337,2571.180860959051,3435.9367708904224,3642.551785277324,3642.551785277324,3435.9367708904224,577.882941300411,2550.675538648309,6864.450229068528,2550.675538648309,577.882941300411,1299.2134842946223,3365.225283828623,3723.1569794427605,3723.1569794427605,3365.225283828623,1299.2134842946223,778.7650683287455,585.6843075041631,2561.054513488314,6854.753264995736,2561.054513488314,585.6843075041631,778.7650683287455,906.327056000426,1272.4183712548238,3395.523226310975,3687.388986243857,3687.388986243857,3395.523226310975,1272.4183712548238,906.327056000426,754.8668929122044,776.1198663704438,578.4266951425778,2553.5082506482045,6863.279310226953,2553.5082506482045,578.4266951425778,776.1198663704438,754.8668929122044
Planes,8155.9999999968,1481.7743124583933,1481.7743124583933,5489.1070961975,7348.553287978977,5489.1070961975,2292.2675839673866,1490.2333671283284,1490.2333671283284,2292.2675839673866,2953.0313268678974,5582.517051417785,7213.508815768377,5582.517051417785,2953.0313268678974,2262.200488282927,2311.764342637749,1457.590610253085,1457.590610253085,2311.764342637749,2262.200488282927,1166.3898088359192,2946.240556497526,5571.156239702062,7244.063461046073,5571.156239702062,2946.240556497526,1166.3898088359192,1597.533449280917,2259.769170277988,2300.798164347662,1463.471014739921,1463.471014739921,2300.798164347662,2259.769170277988,1597.533449280917,832.7993940964672,1178.5987490335347,2957.333371018927,5558.987533215444,7247.390614002512,5558.987533215444,2957.333371018927,1178.5987490335347,832.7993940964672
Planes,5480.999999997851,1475.6364025075322,1475.6364025075322,3336.1260712697476,4392.88662131347,3336.1260712697476,2152.272718770793,1288.681865984298,1288.681865984298,2152.272718770793,1343.898149789265,3257.9324860046763,4460.850000769534,3257.9324860046763,1343.898149789265,1930.2616002807488,2165.595401326575,1307.07026326438,1307.07026326438,2165.595401326575,1930.2616002807488,509.0124997453968,1333.4814357422058,3272.8716895525436,4456.77643813284,3272.8716895525436,1333.4814357422058,509.0124997453968,1047.5874689615678,1945.4763321052196,2143.2668169798635,1316.4344343234793,1316.4344343234793,2143.2668169798635,1945.4763321052196,1047.5874689615678,1036.304357761197,500.21793643598204,1345.1930508701669,3275.2907417922997,4452.862489713207,3275.2907417922997,1345.1930508701669,500.21793643598204,1036.304357761197
Planes,4322.999999998305,3116.8830129376906,3116.8830129376906,2764.320410927453,3467.004535146032,2764.320410927453,2242.9066786281755,2956.4567134722583,2956.4567134722583,2242.9066786281755,1967.2019025934324,2781.777038008745,3511.0441174188336,2781.777038008745,1967.2019025934324,1400.4817322920708,2239.7493899470633,2973.3621641204863,2973.3621641204863,2239.7493899470633,1400.4817322920708,1443.783694993239,1937.1110079036828,2791.628331393312,3461.3498906973246,2791.628331393312,1937.1110079036828,1443.783694993239,1181.1805964091368,1419.5857451947877,2256.9217033835266,2968.4367969542745,2968.4367969542745,2256.9217033835266,1419.5857451947877,1181.1805964091368,987.4979146395195,1407.6177507732084,1980.7409659334924,2765.725242459568,3518.608359214018,2765.725242459568,1980.7409659334924,1407.6177507732084,987.4979146395195
Planes,6964.999999997268,1200.2586203606209,1200.2586203606209,481.0961168562838,5886.292517004495,481.0961168562838,742.6624017525226,1227.9514936441992,1227.9514936441992,742.6624017525226,1583.6378727037327,450.13778095053596,6060.0822342518695,450.13778095053596,1583.6378727037327,699.352396563256,721.2127917830697,1217.0358386249886,1217.0358386249886,721.2127917830697,699.352396563256,905.5906374293143,1597.735136378604,477.36862116241394,6054.322289039939,477.36862116241394,1597.735136378604,905.5906374293143,485.617990905439,694.6979093087377,735.6129635226619,1200.0299554262697,1200.0299554262697,735.6129635226619,694.6979093087377,485.617990905439,939.5843693537993,898.2898728698794,1595.1248371004615,465.6198958035904,6044.855697552701,465.6198958035904,1595.1248371004615,898.2898728698794,939.5843693537993
Planes,4110.999999998387,758.2322973826248,758.2322973826248,2796.9312823145056,3178.1564625837873,2796.9312823145056,1093.3569353999242,480.4327725268664,480.4327725268664,1093.3569353999242,1863.3275533592753,2701.7467238982294,3259.4452465780787,2701.7467238982294,1863.3275533592753,983.6071106653426,1077.3214502751719,504.6566273300345,504.6566273300345,1077.3214502751719,983.6071106653426,1286.9657130378735,1814.6761562740232,2749.8733463767057,3218.3599856042424,2749.8733463767057,1814.6761562740232,1286.9657130378735,767.3920903082168,1002.3554629247561,1060.6556624673942,516.7180066281434,516.7180066281434,1060.6556624673942,1002.3554629247561,767.3920903082168,1008.5846152304482,1259.1758067424648,1844.5367749282884,2722.5529462429977,3249.0306967509437,2722.5529462429977,1844.5367749282884,1259.1758067424648,1008.5846152304482
Planes,6053.999999997624,1620.4385867387487,1620.4385867387487,3513.505701833207,4965.156462583086,3513.505701833207,2272.726304779289,1541.612394897288,1541.612394897288,2272.726304779289,1702.730943151066,3518.406420817697,5026.351088279145,3518.406420817697,1702.730943151066,2060.3077807218583,2300.544625683802,1485.0433662264977,1485.0433662264977,2300.544625683802,2060.3077807218583,655.5160879823915,1757.3906157668694,3474.47742764631,5081.217859133783,3474.47742764631,1757.3906157668694,655.5160879823915,1366.0902064771756,2058.6881617809045,2262.8101006198203,1516.2189570937549,1516.2189570937549,2262.8101006198203,2058.6881617809045,1366.0902064771756,195.3799426736818,647.8245947705756,1720.2176422242426,3497.5587792741485,5035.420568712492,3497.5587792741485,1720.2176422242426,647.8245947705756,195.3799426736818
Planes,6338.999999997514,1604.858695797457,1604.858695797457,3184.884166010827,5713.340136052181,3184.884166010827,822.8280933807303,1445.8970638684157,1445.8970638684157,822.8280933807303,1913.664611226304,3132.0842476861676,5569.094806174255,3132.0842476861676,1913.664611226304,1342.3758171196648,832.0037706107713,1451.8758127605129,1451.8758127605129,832.0037706107713,1342.3758171196648,1674.2638658973904,1885.6983758415795,3115.755109080674,5635.82748673932,3115.755109080674,1885.6983758415795,1674.2638658973904,1276.9978299772295,1333.0294726090149,821.5603696268711,1459.139211657169,1459.139211657169,821.5603696268711,1333.0294726090149,1276.9978299772295,1026.2845527703919,1672.5760219366298,1884.724662459459,3131.7589663819467,5627.2375724411195,3131.7589663819467,1884.724662459459,1672.5760219366298,1026.2845527703919
Planes,5278.999999997929,1370.0240040116914,1370.0240040116914,4127.963587537826,5092.138321993467,4127.963587537826,1694.8638107308836,1238.0222856739952,1238.0222856739952,1694.8638107308836,2996.300502917167,4092.1037299548143,4983.701189317309,4092.1037299548143,2996.300502917167,1642.7604689347231,1680.6898818524012,1221.2080734400297,1221.2080734400297,1680.6898818524012,1642.7604689347231,2029.744349417786,2957.9831779048345,4110.204388440997,4969.519731839484,4110.204388440997,2957.9831779048345,2029.744349417786,1337.180111956417,1634.1133539167806,1706.4003212017483,1234.2349390554339,1234.2349390554339,1706.4003212017483,1634.1133539167806,1337.180111956417,1379.040521092765,2030.821552697468,2957.4395731946147,4096.724346736208,4974.7195307570855,4096.724346736208,2957.4395731946147,2030.821552697468,1379.040521092765
Planes,10111.999999996031,5945.381686050129,5945.381686050129,1988.3077274751963,10111.999999996031,1988.3077274751963,3815.117081428309,5945.381686050129,5945.381686050129,3815.117081428309,3541.4403351328583,1988.3077274751963,10111.999999996031,1988.3077274751963,3541.4403351328583,2555.7830354994353,3815.117081428309,5945.381686050129,5945.381686050129,3815.117081428309,2555.7830354994353,1449.3951645987179,3541.4403351328583,1988.3077274751963,10111.999999996031,1988.3077274751963,3541.4403351328583,1449.3951645987179,1453.3852679097126,2555.7830354994353,3815.117081428309,5945.381686050129,5945.381686050129,3815.117081428309,2555.7830354994353,1453.3852679097126,824.833984553295,1449.3951645987179,3541.4403351328583,1988.3077274751963,10111.999999996031,1988.3077274751963,3541.4403351328583,1449.3951645987179,824.833984553295
Planes,4059.999999998408,1367.3590916879552,1367.3590916879552,2675.570275031283,3799.4376417218664,2675.570275031283,2057.154446202099,1471.9353154085552,1471.9353154085552,2057.154446202099,931.5337793071055,2622.11368329207,3717.430823575138,2622.11368329207,931.5337793071055,1394.7950727934744,2027.466520897838,1454.1456134221262,1454.1456134221262,2027.466520897838,1394.7950727934744,1129.7539170353741,907.68188134166,2605.423324778289,3780.232353190753,2605.423324778289,907.68188134166,1129.7539170353741,409.6443453623724,1366.7564159531528,2059.7595281246067,1418.5178380957368,1418.5178380957368,2059.7595281246067,1366.7564159531528,409.6443453623724,1136.3584638722316,1137.0165584397623,919.1878582438247,2606.8727967846667,3772.3386897227883,2606.8727967846667,919.1878582438247,1137.0165584397623,1136.3584638722316
Planes,8313.999999996739,3329.825711937123,3329.825711937123,1071.0260449477244,6984.8843537387565,1071.0260449477244,505.4173457331003,3286.87187949815,3286.87187949815,505.4173457331003,3230.000230597264,1087.4059670016454,7033.57968130287,1087.4059670016454,3230.000230597264,1907.6531272892014,533.6304431866761,3264.5081367109537,3264.5081367109537,533.6304431866761,1907.6531272892014,1353.0457989883391,3182.0888265295916,1092.747367369874,7041.3552980175355,1092.747367369874,3182.0888265295916,1353.0457989883391,1048.8381179183539,1933.6354160315616,538.6292871606938,3267.4956656659015,3267.4956656659015,538.6292871606938,1933.6354160315616,1048.8381179183539,799.4169966028056,1348.2887262341953,3185.892137378966,1090.442331815967,7033.295089103394,1090.442331815967,3185.892137378966,1348.2887262341953,799.4169966028056
Planes,5095.999999998001,1064.8077845219987,1064.8077845219987,1521.848544471149,4659.945578229464,1521.848544471149,462.0009314775877,1070.9800782861196,1070.9800782861196,462.0009314775877,1318.4343410037732,1542.8925006194438,4510.574914771396,1542.8925006194438,1318.4343410037732,434.6327494440882,490.5910497406876,1072.442355907106,1072.442355907106,490.5910497406876,434.6327494440882,260.10367271441726,1312.2423803080433,1540.5120337732244,4563.9830360970445,1540.5120337732244,1312.2423803080433,260.10367271441726,492.1672936571228,431.9757737791147,444.1140492235367,1057.5272383070787,1057.5272383070787,444.1140492235367,431.9757737791147,492.1672936571228,209.01531756717876,275.59412420248174,1358.15695914213,1534.799116556068,4588.77919832339,1534.799116556068,1358.15695914213,275.59412420248174,209.01531756717876
Planes,6125.999999997597,1460.9998712549627,1460.9998712549627,4631.0880957745185,5174.866213149897,4631.0880957745185,587.1711510070879,1360.487131653714,1360.487131653714,587.1711510070879,3149.874694650612,4544.613114798387,5293.470837766137,4544.613114798387,3149.874694650612,480.9805711510158,561.6636669260329,1369.7096882601022,1369.7096882601022,561.6636669260329,480.9805711510158,1878.9593146291986,3119.146306244105,4583.206644211873,5250.7318328623405,4583.206644211873,3119.146306244105,1878.9593146291986,1137.5962862150143,492.7221028634792,568.2460586068331,1370.0164676524726,1370.0164676524726,568.2460586068331,492.7221028634792,1137.5962862150143,899.5236696477533,1857.5783242894881,3145.333342115598,4552.892466061205,5278.876211399391,4552.892466061205,3145.333342115598,1857.5783242894881,899.5236696477533
Planes,52240.999999979496,4075.4379033370337,4075.4379033370337,2702.926361895758,51393.87528342654,2702.926361895758,1062.2792434428063,4263.932094392092,4263.932094392092,1062.2792434428063,11250.36551927544,2674.4703877446723,51468.39229022923,2674.4703877446723,11250.36551927544,1391.1563109232102,1007.9211809230009,4185.016143673652,4185.016143673652,1007.9211809230009,1391.1563109232102,2696.1737450723845,11257.286981765857,2704.9319498572727,51462.178461554395,2704.9319498572727,11257.286981765857,2696.1737450723845,974.051632837048,1426.8999371131956,1009.6815094848046,4216.756659776838,4216.756659776838,1009.6815094848046,1426.8999371131956,974.051632837048,3731.4008040308368,2701.7045575384227,11252.602682480692,2684.7191874619825,51454.15953639373,2684.7191874619825,11252.602682480692,2701.7045575384227,3731.4008040308368
Planes,4677.999999998165,1696.8976332044413,1696.8976332044413,3295.3582485310003,3721.6371882071567,3295.3582485310003,1941.644440908368,1580.495915516435,1580.495915516435,1941.644440908368,2293.872412925084,3145.369577774286,3876.7440418329006,3145.369577774286,2293.872412925084,1380.400493302584,1923.1994556021843,1596.226731475751,1596.226731475751,1923.1994556021843,1380.400493302584,1697.9025475518577,2270.6751704172993,3175.9231475648885,3837.299260180729,3175.9231475648885,2270.6751704172993,1697.9025475518577,934.8771252441543,1420.4661412328187,1896.0325070823442,1615.6188997910212,1615.6188997910212,1896.0325070823442,1420.4661412328187,934.8771252441543,1078.8839431807596,1674.3091531157922,2295.663833243182,3154.502159698947,3852.6393234519373,3154.502159698947,2295.663833243182,1674.3091531157922,1078.8839431807596
Planes,48123.99999998111,4731.445572673918,4731.445572673918,1689.9395837638272,47668.68480723753,1689.9395837638272,4501.609227506972,4584.70727714545,4584.70727714545,4501.609227506972,10402.878371630488,1709.1685354844237,47517.383374192716,1709.1685354844237,10402.878371630488,2107.7900560587086,4533.627616232443,4604.58260153045,4604.58260153045,4533.627616232443,2107.7900560587086,3745.9807115588737,10440.392906175308,1723.3086637854717,47603.93301649258,1723.3086637854717,10440.392906175308,3745.9807115588737,3095.3217746202045,2067.482030706268,4516.11644487895,4616.928865734299,4616.928865734299,4516.11644487895,2067.482030706268,3095.3217746202045,4288.755063083925,3766.8687059698436,10432.435766787094,1697.9583648010803,47576.71181512283,1697.9583648010803,10432.435766787094,3766.8687059698436,4288.755063083925
Planes,8776.999999996558,3037.2424589052007,3037.2424589052007,817.9493082041527,7728.659863942547,817.9493082041527,2656.868027037467,2991.7456453785812,2991.7456453785812,2656.868027037467,1951.3690673210233,782.3700360636216,7660.028120995961,782.3700360636216,1951.3690673210233,1656.868056717963,2655.0481732128887,2996.338053497201,2996.338053497201,2655.0481732128887,1656.868056717963,1297.5704815071038,1947.0067209084327,803.1341210882468,7692.679172685695,803.1341210882468,1947.0067209084327,1297.5704815071038,600.2194031433611,1618.6587200389404,2676.716989063036,3004.2483934634015,3004.2483934634015,2676.716989063036,1618.6587200389404,600.2194031433611,1107.8325635548597,1304.9503111520432,1945.3803904988754,793.2907484174855,7682.254096671256,793.2907484174855,1945.3803904988754,1304.9503111520432,1107.8325635548597
Planes,6470.999999997461,724.5872770453135,724.5872770453135,4217.848340441581,5167.498866211125,4217.848340441581,580.4687027292164,647.329080850266,647.329080850266,580.4687027292164,2893.142887392468,4136.8193675270195,5253.845481047501,4136.8193675270195,2893.142887392468,295.2585748076877,616.8388914377105,603.5392964387446,603.5392964387446,616.8388914377105,295.2585748076877,1893.9051871326758,2914.712728930579,4108.902936657182,5284.736814514698,4108.902936657182,2914.712728930579,1893.9051871326758,279.4282466904836,306.7845276643115,611.4978675308636,607.8975567216416,607.8975567216416,611.4978675308636,306.7845276643115,279.4282466904836,1100.8500808101635,1903.0094670488934,2905.1956853955558,4120.1469282084845,5274.38418325225,4120.1469282084845,2905.1956853955558,1903.0094670488934,1100.8500808101635
Planes,1083.9999999995748,1069.0905070882363,1069.0905070882363,1027.9211873565378,1083.9999999995748,1027.9211873565378,970.5016287020268,1069.0905070882363,1069.0905070882363,970.5016287020268,911.0024869911489,1027.9211873565378,1083.9999999995748,1027.9211873565378,911.0024869911489,863.3073291913693,970.5016287020268,1069.0905070882363,1069.0905070882363,970.5016287020268,863.3073291913693,835.0687606680656,911.0024869911489,1027.9211873565378,1083.9999999995748,1027.9211873565378,911.0024869911489,835.0687606680656,823.8603622039298,863.3073291913693,970.5016287020268,1069.0905070882363,1069.0905070882363,970.5016287020268,863.3073291913693,823.8603622039298,819.2472119214932,835.0687606680656,911.0024869911489,1027.9211873565378,1083.9999999995748,1027.9211873565378,911.0024869911489,835.0687606680656,819.2472119214932
Planes,2710.9999999989373,1303.6102399994606,1303.6102399994606,1657.9092744118975,2507.6258503391527,1657.9092744118975,1102.2572753824336,1189.8824138072553,1189.8824138072553,1102.2572753824336,1000.8546847175829,1594.2191781360698,2511.5846329451642,1594.2191781360698,1000.8546847175829,579.4343611513452,1095.4681880301418,1222.6752075643774,1222.6752075643774,1095.4681880301418,579.4343611513452,565.9700888413788,996.4557815202265,1623.9390584868572,2529.172745062295,1623.9390584868572,996.4557815202265,565.9700888413788,322.0184747804636,580.5581719114946,1109.175020761359,1241.1980414903305,1241.1980414903305,1109.175020761359,580.5581719114946,322.0184747804636,236.18490129706342,552.4842452723932,996.4364685371095,1607.68426196986,2526.530401125839,1607.68426196986,996.4364685371095,552.4842452723932,236.18490129706342
Planes,6156.999999997584,2432.1727191893647,2432.1727191893647,2822.6923882155743,5791.95238095011,2822.6923882155743,2340.6576997479183,2157.9148008283532,2157.9148008283532,2340.6576997479183,1612.7330415959552,2917.4274410114435,5701.762892002638,2917.4274410114435,1612.7330415959552,1673.8813384014725,2310.671269539552,2192.874214653364,2192.874214653364,2310.671269539552,1673.8813384014725,1165.620331286078,1643.5211441356787,2864.8160631181536,5750.860249011454,2864.8160631181536,1643.5211441356787,1165.620331286078,1122.5537242680168,1685.98882915104,2300.1287468780047,2197.5750782297946,2197.5750782297946,2300.1287468780047,1685.98882915104,1122.5537242680168,936.8230566963396,1163.600053412256,1629.9923967164536,2892.254242115915,5726.2416169020635,2892.254242115915,1629.9923967164536,1163.600053412256,936.8230566963396
Planes,5971.999999997656,1730.4551180780795,1730.4551180780795,4341.777789429391,4831.537414964091,4341.777789429391,1828.8713517991255,1627.2850601046052,1627.2850601046052,1828.8713517991255,2788.159619428062,4247.832369753958,4981.25700710928,4247.832369753958,2788.159619428062,1687.8310123268102,1824.5752028979193,1624.1748488313058,1624.1748488313058,1824.5752028979193,1687.8310123268102,1556.1896142261805,2800.8934442661807,4231.971541450458,4988.469660972916,4231.971541450458,2800.8934442661807,1556.1896142261805,1179.5875477812413,1697.7341413076401,1795.6611912441451,1641.9076409291522,1641.9076409291522,1795.6611912441451,1697.7341413076401,1179.5875477812413,838.6831381885416,1532.8391109848817,2813.272310861828,4239.946751227845,4989.081513911984,4239.946751227845,2813.272310861828,1532.8391109848817,838.6831381885416
Planes,9094.999999996433,2521.901618141308,2521.901618141308,2671.9381906048025,8206.387755098822,2671.9381906048025,2453.389813873575,2475.2996681501068,2475.2996681501068,2453.389813873575,907.6564855370436,2520.801656288117,8310.512301969684,2520.801656288117,907.6564855370436,1342.1252223279896,2447.791769037446,2498.5075787151354,2498.5075787151354,2447.791769037446,1342.1252223279896,1332.4001424754263,931.4678924027764,2551.833076448656,8253.826408410407,2551.833076448656,931.4678924027764,1332.4001424754263,1454.097990629005,1267.5757365890065,2434.4506063080266,2494.4223977763872,2494.4223977763872,2434.4506063080266,1267.5757365890065,1454.097990629005,1018.1275895684688,1342.0697081745561,920.5102190297703,2548.553471633713,8283.057650265631,2548.553471633713,920.5102190297703,1342.0697081745561,1018.1275895684688
Planes,57592.99999997739,2295.6826356311067,2295.6826356311067,3716.7704727596742,57258.21541947866,3716.7704727596742,552.0016678089711,2315.5465893830797,2315.5465893830797,552.0016678089711,11376.423405639469,3620.3018926225554,57155.94050316297,3620.3018926225554,11376.423405639469,1119.783012349317,560.2160614999267,2278.5322838138904,2278.5322838138904,560.2160614999267,1119.783012349317,1584.2783232443746,11348.067257614357,3648.8232332215134,57155.80219689633,3648.8232332215134,11348.067257614357,1584.2783232443746,942.5760904477348,1074.362324151581,542.926965694998,2287.564730035797,2287.564730035797,542.926965694998,1074.362324151581,942.5760904477348,2839.799735345688,1556.092170830412,11352.566926438853,3629.706442802328,57162.83856041659,3629.706442802328,11352.566926438853,1556.092170830412,2839.799735345688
Planes,12187.999999995216,5571.687053458809,5571.687053458809,2887.009553496517,11069.528344666858,2887.009553496517,3449.3277723028473,5380.033621729213,5380.033621729213,3449.3277723028473,2482.7899307523708,2964.8596419159417,11107.023493293189,2964.8596419159417,2482.7899307523708,1207.9168931032934,3493.405217649623,5416.4525381324365,5416.4525381324365,3493.405217649623,1207.9168931032934,1849.2125822368796,2438.7990208164792,2914.585827909285,11090.536957146829,2914.585827909285,2438.7990208164792,1849.2125822368796,2023.5210650491745,1205.9695204923335,3477.6346793171674,5412.62668375186,5412.62668375186,3477.6346793171674,1205.9695204923335,2023.5210650491745,1085.923647308342,1834.7867868716207,2445.924854464097,2940.074332567774,11099.365861099823,2940.074332567774,2445.924854464097,1834.7867868716207,1085.923647308342
Planes,59.999999999976474,59.97911976777462,59.97911976777462,59.91650744980855,59.999999999976474,59.91650744980855,59.8122481341385,59.97911976777462,59.97911976777462,59.8122481341385,59.666483474761655,59.91650744980855,59.999999999976474,59.91650744980855,59.666483474761655,59.479411452774336,59.8122481341385,59.97911976777462,59.97911976777462,59.8122481341385,59.479411452774336,59.25128604263259,59.666483474761655,59.91650744980855,59.999999999976474,59.91650744980855,59.666483474761655,59.25128604263259,58.982416784143034,59.479411452774336,59.8122481341385,59.97911976777462,59.97911976777462,59.8122481341385,59.479411452774336,58.982416784143034,58.67316826099475,59.25128604263259,59.666483474761655,59.91650744980855,59.999999999976474,59.91650744980855,59.666483474761655,59.25128604263259,58.67316826099475
Planes,1712.999999999328,989.8618868747573,989.8618868747573,611.2446514915559,1349.784580498337,611.2446514915559,646.7885126160193,820.8779999441701,820.8779999441701,646.7885126160193,150.72579833649073,639.8240834636987,1336.4660866608979,639.8240834636987,150.72579833649073,203.071587780182,642.5703683636192,867.5851104233077,867.5851104233077,642.5703683636192,203.071587780182,95.57502027108445,145.40331615442213,614.1326247425158,1372.5472382615255,614.1326247425158,145.40331615442213,95.57502027108445,151.2503160638089,207.8369574914588,615.8530963546683,878.52345019509,878.52345019509,615.8530963546683,207.8369574914588,151.2503160638089,191.61846572369038,99.11054228644386,131.70286802092886,614.4985181251757,1353.487767920554,614.4985181251757,131.70286802092886,99.11054228644386,191.61846572369038
Planes,8116.999999996815,1033.02749095505,1033.02749095505,5699.352990450983,7031.580498863454,5699.352990450983,878.431132353491,859.0081047498782,859.0081047498782,878.431132353491,3623.10805924341,5586.972840643475,7153.356518114645,5586.972840643475,3623.10805924341,514.3591932567991,903.5250834540275,831.2486274547072,831.2486274547072,903.5250834540275,514.3591932567991,2310.218979979339,3585.957809074282,5629.6216886515995,7110.113551559138,5629.6216886515995,3585.957809074282,2310.218979979339,908.1683384818206,544.3202013137197,876.0578190720306,860.0028465496497,860.0028465496497,876.0578190720306,544.3202013137197,908.1683384818206,1292.6572344572319,2302.2294308096934,3593.8112079907296,5621.634796378151,7120.119853570246,5621.634796378151,3593.8112079907296,2302.2294308096934,1292.6572344572319
Planes,12701.999999995018,4023.1249708735845,4023.1249708735845,1887.3603604123139,11728.086167795853,1887.3603604123139,913.0799743337742,3759.3047985228463,3759.3047985228463,913.0799743337742,2239.5365280676388,1801.9885512111014,11772.694000951775,1801.9885512111014,2239.5365280676388,4019.926529893306,946.8339124849995,3799.1159904188935,3799.1159904188935,946.8339124849995,4019.926529893306,1021.0303718992106,2259.5977264922185,1827.1989897497342,11738.021139204899,1827.1989897497342,2259.5977264922185,1021.0303718992106,834.4549369285363,4019.685648123683,927.9053745110471,3794.233085153652,3794.233085153652,927.9053745110471,4019.685648123683,834.4549369285363,2475.594706489614,1011.1907539904752,2234.030030858909,1809.700327952352,11743.84216620644,1809.700327952352,2234.030030858909,1011.1907539904752,2475.594706489614
Planes,6374.999999997499,1395.9353650039468,1395.9353650039468,3850.733741367502,5758.931972786857,3850.733741367502,981.8472350033278,1131.0964477852647,1131.0964477852647,981.8472350033278,2299.4449687470596,3847.6803070864758,5814.004488868098,3847.6803070864758,2299.4449687470596,1079.531518743792,956.9135834454578,1209.8206327423345,1209.8206327423345,956.9135834454578,1079.531518743792,1635.4410336893056,2287.14169882739,3845.0766476895105,5795.942837251612,3845.0766476895105,2287.14169882739,1635.4410336893056,1757.502096598335,1096.7569076687182,959.5728093222964,1179.549606516078,1179.549606516078,959.5728093222964,1096.7569076687182,1757.502096598335,970.9326486901437,1656.2180065426162,2300.6090828011925,3831.5725906523135,5829.653144715045,3831.5725906523135,2300.6090828011925,1656.2180065426162,970.9326486901437
Planes,5403.99999999788,767.7586732790357,767.7586732790357,3851.0319829627697,4842.59410430649,3851.0319829627697,1427.1224939509434,590.027136766727,590.027136766727,1427.1224939509434,2023.6808841850395,3913.913420288575,4747.138136885546,3913.913420288575,2023.6808841850395,1553.7807807669788,1448.62729020244,593.0521891450336,593.0521891450336,1448.62729020244,1553.7807807669788,604.7572414273976,2070.1003000196606,3891.7706041172073,4782.374960199483,3891.7706041172073,2070.1003000196606,604.7572414273976,1302.8238657977545,1584.9204576701122,1398.6794691416544,639.4302370991966,639.4302370991966,1398.6794691416544,1584.9204576701122,1302.8238657977545,450.78302261700077,589.7673570490691,2070.1426519822853,3883.552121662715,4784.585112765214,3883.552121662715,2070.1426519822853,589.7673570490691,450.78302261700077
Planes,30576.999999988,14560.627846073981,14560.627846073981,2083.9684330343657,29191.671201802605,2083.9684330343657,3063.0405437077175,14560.627846073981,14560.627846073981,3063.0405437077175,7038.638025184878,2083.9684330343657,29191.91415612719,2083.9684330343657,7038.638025184878,3564.142966253901,3063.040543707718,14560.627846073981,14560.627846073981,3063.040543707718,3564.142966253901,1492.3794698319523,7037.946200890431,2083.9684330343653,29192.316643608232,2083.9684330343653,7037.946200890431,1492.3794698319523,2363.0339641008563,3564.142966253901,3063.0405437077184,14560.627846073981,14560.627846073981,3063.0405437077184,3564.142966253901,2363.0339641008563,201.72552881357583,1492.3794698319523,7036.991175824539,2083.968433034366,29192.919691012772,2083.968433034366,7036.991175824539,1492.3794698319523,201.72552881357583
Planes,1202.9999999995284,1119.5808524143722,1119.5808524143722,916.5609231020437,1180.247165532417,916.5609231020437,665.2451902892533,1101.4990269665448,1101.4990269665448,665.2451902892533,441.7945091395708,916.4666606427572,1165.1021487955695,916.4666606427572,441.7945091395708,287.0517440840109,682.7115777491179,1097.3032950073027,1097.3032950073027,682.7115777491179,287.0517440840109,185.5707236920369,462.7565134594715,916.7413646180066,1169.0976061393833,916.7413646180066,462.7565134594715,185.5707236920369,123.37591354831446,295.43057800750546,678.5929182830631,1102.7293917401535,1102.7293917401535,678.5929182830631,295.43057800750546,123.37591354831446,135.72222669253506,180.14206986805834,453.8185445646466,916.9622022283962,1174.807710893563,916.9622022283962,453.8185445646466,180.14206986805834,135.72222669253506
Planes,11983.999999995298,2333.865100852792,2333.865100852792,6690.959978320679,10609.428571424409,6690.959978320679,3928.162383286414,2333.968798849335,2333.968798849335,3928.162383286414,2113.598274419197,6693.950703051993,10608.474308540117,6693.950703051993,2113.598274419197,2875.1664126542064,3932.0448659995345,2331.747983219439,2331.747983219439,3932.0448659995345,2875.1664126542064,887.2410966449687,2118.5942367259736,6690.772936267974,10612.120492398659,6690.772936267974,2118.5942367259736,887.2410966449687,1093.4213310823482,2877.1473232680005,3932.2463021133985,2331.879635189813,2331.879635189813,3932.2463021133985,2877.1473232680005,1093.4213310823482,1304.845318509662,888.5377985055298,2118.82184247101,6691.270554087736,10611.810499861022,6691.270554087736,2118.82184247101,888.5377985055298,1304.845318509662
Planes,6577.99999999742,949.6086656716243,949.6086656716243,4703.822927889395,5365.519274374312,4703.822927889395,924.0207004880568,941.2113943691855,941.2113943691855,924.0207004880568,3195.2958423483915,4677.457646083704,5403.204991745146,4677.457646083704,3195.2958423483915,904.3623447297515,912.4062593094487,954.2744424959773,954.2744424959773,912.4062593094487,904.3623447297515,2016.4445795872418,3243.6945430512305,4631.875403986212,5435.320216170406,4631.875403986212,3243.6945430512305,2016.4445795872418,919.7354387517703,899.0270344977404,917.7126318365813,949.7095208691647,949.7095208691647,917.7126318365813,899.0270344977404,919.7354387517703,1095.7565593344852,2010.6103942656177,3232.808202526325,4640.347595320729,5436.6390818026375,4640.347595320729,3232.808202526325,2010.6103942656177,1095.7565593344852
Planes,164.9999999999353,161.9597037798003,161.9597037798003,153.028608560354,164.9999999999353,153.028608560354,138.762740710122,161.9597037798003,161.9597037798003,138.762740710122,120.04584231443559,153.028608560354,164.9999999999353,153.028608560354,120.04584231443559,98.03089134710986,138.762740710122,161.9597037798003,161.9597037798003,138.762740710122,98.03089134710986,74.07399839232252,120.04584231443559,153.028608560354,164.9999999999353,153.028608560354,120.04584231443559,74.07399839232252,49.70062510954068,98.03089134710986,138.762740710122,161.9597037798003,161.9597037798003,138.762740710122,98.03089134710986,49.70062510954068,26.849808068485448,74.07399839232252,120.04584231443559,153.028608560354,164.9999999999353,153.028608560354,120.04584231443559,74.07399839232252,26.849808068485448
Planes,5835.99999999771,1035.0581091229014,1035.0581091229014,2992.8328311410696,4835.950113376788,2992.8328311410696,342.0601945095056,864.2893652269544,864.2893652269544,342.0601945095056,1753.7217954087207,2937.053831247846,4833.200549152006,2937.053831247846,1753.7217954087207,814.5447684765184,349.02523557127233,838.9088325000877,838.9088325000877,349.02523557127233,814.5447684765184,529.7256600515715,1746.551365498222,2967.2056041913784,4919.245468660458,2967.2056041913784,1746.551365498222,529.7256600515715,1028.1209964279274,815.363079467272,366.37260151967126,849.3245955976682,849.3245955976682,366.37260151967126,815.363079467272,1028.1209964279274,56.403588789724054,523.6907821186948,1751.081501839409,2942.7863137822533,4848.221926145667,2942.7863137822533,1751.081501839409,523.6907821186948,56.403588789724054
Planes,5886.99999999769,1226.8059615932737,1226.8059615932737,4061.813509073739,4925.467120179474,4061.813509073739,950.5184962916303,1159.4230657203727,1159.4230657203727,950.5184962916303,2896.750011433615,3872.6994607545366,5108.344193003997,3872.6994607545366,2896.750011433615,213.3375273004328,972.840408766645,1138.1189654809173,1138.1189654809173,972.840408766645,213.3375273004328,2587.0665479858058,2818.8646575054963,3955.680154904915,5027.387480084716,3955.680154904915,2818.8646575054963,2587.0665479858058,188.0400217427336,216.38745693557007,982.0438555143468,1137.5337614196412,1137.5337614196412,982.0438555143468,216.38745693557007,188.0400217427336,1904.6174093795323,2594.6066810034968,2809.1317077724034,3963.164082183453,5023.150855856111,3963.164082183453,2809.1317077724034,2594.6066810034968,1904.6174093795323
Planes,8574.999999996635,2597.604247877724,2597.604247877724,4577.804306454434,7268.569160994882,4577.804306454434,1740.6562512384369,2596.789055468898,2596.789055468898,1740.6562512384369,3507.9306536246468,4547.348840453396,7321.971107714591,4547.348840453396,3507.9306536246468,955.3934817621803,1770.3308096130002,2597.3581717594598,2597.3581717594598,1770.3308096130002,955.3934817621803,1843.8736399851002,3475.8353957458717,4551.463173456746,7317.285190952658,4551.463173456746,3475.8353957458717,1843.8736399851002,879.773256121893,920.4266492015473,1765.118679903319,2595.644577356315,2595.644577356315,1765.118679903319,920.4266492015473,879.773256121893,932.9269010603521,1869.5278065659595,3477.4624895993556,4561.02522976964,7305.024267545529,4561.02522976964,3477.4624895993556,1869.5278065659595,932.9269010603521
Planes,17072.9999999933,2012.6101541745425,2012.6101541745425,8594.98457164175,16200.460317453962,8594.98457164175,1806.7764847173812,2049.897334954983,2049.897334954983,1806.7764847173812,2595.0905962718025,8496.614026999949,16034.611920952568,8496.614026999949,2595.0905962718025,1666.465749822739,1884.640977328404,2097.060489158788,2097.060489158788,1884.640977328404,1666.465749822739,204.5594482974681,2615.582656655815,8548.923447270297,16061.341259941784,8548.923447270297,2615.582656655815,204.5594482974681,597.1847169928293,1646.727899141987,1844.7742824909433,2060.698541706,2060.698541706,1844.7742824909433,1646.727899141987,597.1847169928293,845.3262763550498,189.1890135465428,2618.720975768144,8517.351170534153,16082.474641873609,8517.351170534153,2618.720975768144,189.1890135465428,845.3262763550498
Planes,63090.99999997523,1735.6891848909593,1735.6891848909593,1189.995929254569,62318.96825394379,1189.995929254569,601.7577267657308,1658.0887219008303,1658.0887219008303,601.7577267657308,9394.46921917663,1178.414843508343,62235.86716951913,1178.414843508343,9394.46921917663,316.03556264517584,582.6539305936074,1594.0315226395423,1594.0315226395423,582.6539305936074,316.03556264517584,302.79999390294415,9351.258071243883,1147.359288684082,62344.21596218513,1147.359288684082,9351.258071243883,302.79999390294415,337.06438301721073,308.0894797752564,591.4654836533718,1620.118792715761,1620.118792715761,591.4654836533718,308.0894797752564,337.06438301721073,3304.316356324609,269.0005521133263,9369.177044288448,1179.9704943686206,62256.26605496255,1179.9704943686206,9369.177044288448,269.0005521133263,3304.316356324609
Planes,6979.999999997261,1548.271760716196,1548.271760716196,4359.824479560522,5770.272108841274,4359.824479560522,1401.4104524599757,1522.5644593622605,1522.5644593622605,1401.4104524599757,3111.7466248627366,4309.936907079144,5835.104447218776,4309.936907079144,3111.7466248627366,1110.4840930445787,1447.1028032164745,1478.2971925110353,1478.2971925110353,1447.1028032164745,1110.4840930445787,1441.7004512251515,3136.354423894778,4283.581152404769,5853.92600476595,4283.581152404769,3136.354423894778,1441.7004512251515,642.6931568004032,1112.1659161427806,1446.415631871423,1479.2023903100092,1479.2023903100092,1446.415631871423,1112.1659161427806,642.6931568004032,971.8730305809889,1452.966388756516,3127.4684110048474,4300.216219000917,5840.207562664113,4300.216219000917,3127.4684110048474,1452.966388756516,971.8730305809889
Planes,6468.999999997461,1333.438298151427,1333.438298151427,4616.77099925576,5339.140589567066,4616.77099925576,2163.1446980974833,1295.7238097698175,1295.7238097698175,2163.1446980974833,3145.5241679008186,4550.082611355352,5408.924167397264,4550.082611355352,3145.5241679008186,2218.9856839378776,2133.96301210484,1326.9873309593788,1326.9873309593788,2133.96301210484,2218.9856839378776,1693.5556283118945,3153.514626901096,4549.159790198075,5421.003482725045,4549.159790198075,3153.514626901096,1693.5556283118945,1841.8900063985539,2264.2999523544945,2112.1498014161366,1335.1569734234872,1335.1569734234872,2112.1498014161366,2264.2999523544945,1841.8900063985539,600.5455514620072,1685.8030771582721,3150.1417376830605,4535.11273154043,5437.711007363421,4535.11273154043,3150.1417376830605,1685.8030771582721,600.5455514620072
Planes,3155.999999998762,700.6789705167307,700.6789705167307,1462.0281059658541,3155.999999998762,1462.0281059658541,362.74874860755745,700.6789705167307,700.6789705167307,362.74874860755745,909.0084509006068,1462.0281059658541,3155.999999998762,1462.0281059658541,909.0084509006068,982.5998036371599,362.74874860755745,700.6789705167307,700.6789705167307,362.74874860755745,982.5998036371599,569.6203809649714,909.0084509006068,1462.0281059658541,3155.999999998762,1462.0281059658541,909.0084509006068,569.6203809649714,953.9275302578618,982.5998036371599,362.74874860755745,700.6789705167307,700.6789705167307,362.74874860755745,982.5998036371599,953.9275302578618,109.38908789630031,569.6203809649714,909.0084509006068,1462.0281059658541,3155.999999998762,1462.0281059658541,909.0084509006068,569.6203809649714,109.38908789630031
Planes,8613.99999999662,1821.6150813920283,1821.6150813920283,4309.408377172522,7634.557823126255,4309.408377172522,1422.9735160199396,1628.4772956991533,1628.4772956991533,1422.9735160199396,1564.6199531537136,4177.522905559278,7755.403304175771,4177.522905559278,1564.6199531537136,1834.3904058379242,1421.870110401394,1619.912148603057,1619.912148603057,1421.870110401394,1834.3904058379242,1188.279204512792,1505.3020325011619,4238.360631049745,7697.2191180214495,4238.360631049745,1505.3020325011619,1188.279204512792,2291.3733216106025,1845.0405138542324,1407.5779349419197,1637.0903475225045,1637.0903475225045,1407.5779349419197,1845.0405138542324,2291.3733216106025,1125.9676765434788,1179.898068420857,1515.9349174744516,4227.783711675861,7714.20680636519,4227.783711675861,1515.9349174744516,1179.898068420857,1125.9676765434788
Planes,842.9999999996694,457.5365961049731,457.5365961049731,171.13419915110578,814.8367346935579,171.13419915110578,142.88001637947193,450.18086956448474,450.18086956448474,142.88001637947193,371.30551786593753,161.57407339727976,817.6942477668134,161.57407339727976,371.30551786593753,568.2980847592768,137.0065033192973,449.6880395464879,449.6880395464879,137.0065033192973,568.2980847592768,170.44087724266365,367.31518098436334,169.72469275202428,815.8006061970854,169.72469275202428,367.31518098436334,170.44087724266365,228.85167577748595,564.4489600813633,143.1037918274423,445.7428825934727,445.7428825934727,143.1037918274423,564.4489600813633,228.85167577748595,90.66348046675834,174.08950655999666,371.3792291860235,165.85230671890432,809.4511403270474,165.85230671890432,371.3792291860235,174.08950655999666,90.66348046675834
Planes,5771.999999997734,1681.4026905256917,1681.4026905256917,4213.820347253644,4705.451247163687,4213.820347253644,2039.9105406782335,1715.219554911901,1715.219554911901,2039.9105406782335,2811.0763828675554,4186.52814457518,4726.615330030385,4186.52814457518,2811.0763828675554,2279.1260984835403,1993.4885903133409,1733.4831699250597,1733.4831699250597,1993.4885903133409,2279.1260984835403,1517.817530776948,2874.3421800495926,4143.803403640751,4780.427461139802,4143.803403640751,2874.3421800495926,1517.817530776948,2048.0678162878125,2276.917985729398,2008.6474601738885,1723.418083235051,1723.418083235051,2008.6474601738885,2276.917985729398,2048.0678162878125,563.918739630244,1543.692156564682,2837.2044983345218,4154.674316197886,4763.243557242735,4154.674316197886,2837.2044983345218,1543.692156564682,563.918739630244
Planes,6600.999999997411,3707.024238051676,3707.024238051676,3242.1752330577756,6226.786848070119,3242.1752330577756,2950.4611887307483,3522.8539757092167,3522.8539757092167,2950.4611887307483,1036.6430709131223,3318.9139511870108,6188.965755007059,3318.9139511870108,1036.6430709131223,1431.8693965763518,2932.575647666776,3541.1306672649207,3541.1306672649207,2932.575647666776,1431.8693965763518,282.1949377245265,1050.0363820682098,3261.1690327105593,6242.646045433136,3261.1690327105593,1050.0363820682098,282.1949377245265,915.1393265393169,1454.4881126156058,2924.603444523651,3557.560325691681,3557.560325691681,2924.603444523651,1454.4881126156058,915.1393265393169,809.8654637006547,269.28503587846745,1046.8281718447652,3281.037166864427,6215.1557506225945,3281.037166864427,1046.8281718447652,269.28503587846745,809.8654637006547
Planes,1118.9999999995612,256.79908390790433,256.79908390790433,553.9714455653889,1118.9999999995612,553.9714455653889,280.03645733387765,256.79908390790433,256.79908390790433,280.03645733387765,530.8338538978728,553.9714455653889,1118.9999999995612,553.9714455653889,530.8338538978728,229.14932932702663,280.03645733387765,256.79908390790433,256.79908390790433,280.03645733387765,229.14932932702663,362.79110696454194,530.8338538978728,553.9714455653889,1118.9999999995612,553.9714455653889,530.8338538978728,362.79110696454194,419.1578667884728,229.14932932702663,280.03645733387765,256.79908390790433,256.79908390790433,280.03645733387765,229.14932932702663,419.1578667884728,72.44334410244083,362.79110696454194,530.8338538978728,553.9714455653889,1118.9999999995612,553.9714455653889,530.8338538978728,362.79110696454194,72.44334410244083
Planes,5972.999999997657,2779.0394160880373,2779.0394160880373,3099.6004793835723,5743.666666664414,3099.6004793835723,2734.316792684346,2774.375647241493,2774.375647241493,2734.316792684346,976.360715596666,3134.4423957234926,5749.745121629165,3134.4423957234926,976.360715596666,875.8786991887389,2793.2273459081957,2789.201617414094,2789.201617414094,2793.2273459081957,875.8786991887389,549.1277092025125,990.587004044037,3095.4093946331654,5753.67135837712,3095.4093946331654,990.587004044037,549.1277092025125,307.9096326673409,823.414205188697,2767.3272148378383,2793.5146544067643,2793.5146544067643,2767.3272148378383,823.414205188697,307.9096326673409,449.66348038196406,544.4668984234694,975.71559794064,3112.6675177434427,5740.64592479999,3112.6675177434427,975.71559794064,544.4668984234694,449.66348038196406
Planes,3034.9999999988095,1525.3170050171173,1525.3170050171173,2138.812643192915,2625.426303853845,2138.812643192915,1511.4442637783284,1371.8647030975865,1371.8647030975865,1511.4442637783284,1607.6822081091568,1998.3042095494636,2702.5959708135697,1998.3042095494636,1607.6822081091568,969.7279316151261,1439.1296456581865,1443.2218160735333,1443.2218160735333,1439.1296456581865,969.7279316151261,1248.815281803407,1593.1177575132194,2038.0159909689783,2606.672761997856,2038.0159909689783,1593.1177575132194,1248.815281803407,668.1814829179501,942.5422334326719,1460.3877052437174,1421.9151042258309,1421.9151042258309,1460.3877052437174,942.5422334326719,668.1814829179501,832.9727437131962,1257.3913361439988,1609.7134807961081,2009.6081262037949,2666.869135491203,2009.6081262037949,1609.7134807961081,1257.3913361439988,832.9727437131962
Planes,4384.999999998279,982.945469173298,982.945469173298,3229.625341329267,3284.895691608688,3229.625341329267,743.758798029617,963.7148382581345,963.7148382581345,743.758798029617,2469.196315366593,3071.697678416665,3459.9613586917794,3071.697678416665,2469.196315366593,688.2129202039783,783.2118136934492,961.6998597779776,961.6998597779776,783.2118136934492,688.2129202039783,1833.4916301354065,2497.7724628709907,3060.707110514396,3465.219352509639,3060.707110514396,2497.7724628709907,1833.4916301354065,526.1714795510358,708.2873677964783,776.3408339200874,959.5263062622726,959.5263062622726,776.3408339200874,708.2873677964783,526.1714795510358,1228.3018758096407,1861.2520531832358,2462.551803200773,3093.912294959059,3432.7532408205875,3093.912294959059,2462.551803200773,1861.2520531832358,1228.3018758096407
Planes,17963.99999999295,6037.426065634328,6037.426065634328,1869.0809355483498,16578.671201807556,1869.0809355483498,3809.98267043179,6037.426065634328,6037.426065634328,3809.98267043179,2127.6479707828753,1869.0809355483498,16578.91415613214,1869.0809355483498,2127.6479707828753,2141.230590997653,3809.98267043179,6037.426065634328,6037.426065634328,3809.98267043179,2141.230590997653,1868.0759692209358,2127.2049783101656,1869.0809355483498,16579.31664361318,1869.0809355483498,2127.2049783101656,1868.0759692209358,522.2033223097582,2141.2305909976526,3809.98267043179,6037.426065634328,6037.426065634328,3809.98267043179,2141.2305909976526,522.2033223097582,2472.474099726455,1868.0759692209358,2126.5937011944734,1869.0809355483498,16579.91969101772,1869.0809355483498,2126.5937011944734,1868.0759692209358,2472.474099726455
Planes,17988.999999992942,1899.4082023595367,1899.4082023595367,4784.801034083068,17987.195011330812,4784.801034083068,2907.4780176090017,1896.9675646398248,1896.9675646398248,2907.4780176090017,1573.666273384571,4782.014849764877,17983.9767226548,4782.014849764877,1573.666273384571,929.1921883169402,2910.943361932303,1893.4910080675816,1893.4910080675816,2910.943361932303,929.1921883169402,2603.718986952506,1576.9032376315313,4778.592051908852,17980.026526469526,4778.592051908852,1576.9032376315313,2603.718986952506,504.1205086000917,925.8504025575785,2914.7134736854296,1889.7027662420319,1889.7027662420319,2914.7134736854296,925.8504025575785,504.1205086000917,660.4712708075216,2604.9947652852306,1580.0820996381588,4775.219550789532,17976.140594698445,4775.219550789532,1580.0820996381588,2604.9947652852306,660.4712708075216
Planes,7311.9999999971305,333.1041900076427,333.1041900076427,5278.034893385373,5971.546485258428,5278.034893385373,985.1975846633869,323.67724499953226,323.67724499953226,985.1975846633869,3391.667220243594,5229.0712432720675,6027.5733876293325,5229.0712432720675,3391.667220243594,1364.6632507119634,975.098921385906,318.02734890474363,318.02734890474363,975.098921385906,1364.6632507119634,1946.1657145972429,3413.1285388440165,5193.779883478094,6070.205316989861,5193.779883478094,3413.1285388440165,1946.1657145972429,1303.2315611014944,1375.7984108583512,967.8095474559593,320.7308133733117,320.7308133733117,967.8095474559593,1375.7984108583512,1303.2315611014944,961.7532046893451,1943.4857943416187,3421.197500398673,5182.910937863082,6080.553079957866,5182.910937863082,3421.197500398673,1943.4857943416187,961.7532046893451
Planes,4672.9999999981665,944.5542824560995,944.5542824560995,3603.403701800479,3751.226757368143,3603.403701800479,1245.9054935769589,936.6255962316158,936.6255962316158,1245.9054935769589,2534.9730884788128,3434.562091483752,3934.06856710784,3434.562091483752,2534.9730884788128,1414.3762209390948,1259.5343200732834,944.492116217939,944.492116217939,1259.5343200732834,1414.3762209390948,1631.5140748595695,2549.589679252406,3476.2530702460213,3879.693633233914,3476.2530702460213,2549.589679252406,1631.5140748595695,1206.6483188865175,1409.304538928196,1242.0835752761818,948.6095963067256,948.6095963067256,1242.0835752761818,1409.304538928196,1206.6483188865175,939.1111890387087,1631.7908940607851,2536.1581656649187,3470.6714324549166,3891.897063234707,3470.6714324549166,2536.1581656649187,1631.7908940607851,939.1111890387087
Planes,4223.999999998343,2615.645418765149,2615.645418765149,110.85163663368533,4223.999999998343,110.85163663368533,1404.7714079532038,2615.645418765149,2615.645418765149,1404.7714079532038,1836.3404750189616,110.85163663368533,4223.999999998343,110.85163663368533,1836.3404750189616,265.51447026381237,1404.7714079532038,2615.645418765149,2615.645418765149,1404.7714079532038,265.51447026381237,1305.844587171369,1836.3404750189616,110.85163663368533,4223.999999998343,110.85163663368533,1836.3404750189616,1305.844587171369,998.717340274578,265.51447026381237,1404.7714079532038,2615.645418765149,2615.645418765149,1404.7714079532038,265.51447026381237,998.717340274578,312.23502093958297,1305.844587171369,1836.3404750189616,110.85163663368533,4223.999999998343,110.85163663368533,1836.3404750189616,1305.844587171369,312.23502093958297
Planes,6549.99999999743,1883.433421282904,1883.433421282904,4660.292786959215,5511.034013603279,4660.292786959215,1809.3748936649022,1782.2898001378826,1782.2898001378826,1809.3748936649022,2560.0900394166933,4497.164909158844,5678.925231768484,4497.164909158844,2560.0900394166933,1489.331365787593,1843.2943738367435,1785.6324338792701,1785.6324338792701,1843.2943738367435,1489.331365787593,1471.54814902297,2541.4155842746018,4517.901553621864,5640.65851533393,4517.901553621864,2541.4155842746018,1471.54814902297,960.5310626694497,1527.1903157404683,1806.8258603914712,1805.1148317022758,1805.1148317022758,1806.8258603914712,1527.1903157404683,960.5310626694497,1096.8920863546273,1462.0559042779043,2554.305306411188,4514.438802073064,5638.294855895528,4514.438802073064,2554.305306411188,1462.0559042779043,1096.8920863546273
Planes,693.9999999997276,640.5443966093002,640.5443966093002,502.2938305319655,693.9999999997276,502.2938305319655,344.6464627265677,640.5443966093002,640.5443966093002,344.6464627265677,264.7679644616926,502.2938305319655,693.9999999997276,502.2938305319655,264.7679644616926,276.55862286408154,344.6464627265677,640.5443966093002,640.5443966093002,344.6464627265677,276.55862286408154,274.2048588091025,264.7679644616926,502.2938305319655,693.9999999997276,502.2938305319655,264.7679644616926,274.2048588091025,210.8587085366485,276.55862286408154,344.6464627265677,640.5443966093002,640.5443966093002,344.6464627265677,276.55862286408154,210.8587085366485,108.45084264170264,274.2048588091025,264.7679644616926,502.2938305319655,693.9999999997276,502.2938305319655,264.7679644616926,274.2048588091025,108.45084264170264
Planes,842.9999999996694,457.5365961049731,457.5365961049731,171.13419915110578,814.8367346935579,171.13419915110578,142.88001637947193,450.18086956448474,450.18086956448474,142.88001637947193,371.30551786593753,161.57407339727976,817.6942477668134,161.57407339727976,371.30551786593753,568.2980847592768,137.0065033192973,449.6880395464879,449.6880395464879,137.0065033192973,568.2980847592768,170.44087724266365,367.31518098436334,169.72469275202428,815.8006061970854,169.72469275202428,367.31518098436334,170.44087724266365,228.85167577748595,564.4489600813633,143.1037918274423,445.7428825934727,445.7428825934727,143.1037918274423,564.4489600813633,228.85167577748595,90.66348046675834,174.08950655999666,371.3792291860235,165.85230671890432,809.4511403270474,165.85230671890432,371.3792291860235,174.08950655999666,90.66348046675834
Planes,4328.999999998302,536.341195607591,536.341195607591,2416.7722259677266,3956.0702947830287,2416.7722259677266,531.1873103341585,331.16699670940557,331.16699670940557,531.1873103341585,1356.374448061234,2514.3607010712662,3969.5867925385883,2514.3607010712662,1356.374448061234,823.7921837782726,493.0835892417816,368.4822453009676,368.4822453009676,493.0835892417816,823.7921837782726,860.5266827958685,1369.9518558949894,2453.695012693451,3964.7862781023596,2453.695012693451,1369.9518558949894,860.5266827958685,1114.9020707317914,801.6101649245634,490.75145045235155,368.4751106709829,368.4751106709829,490.75145045235155,801.6101649245634,1114.9020707317914,645.1686691008948,870.8636759286542,1367.4337688641872,2484.170301406434,3972.971912559735,2484.170301406434,1367.4337688641872,870.8636759286542,645.1686691008948
Planes,5962.999999997661,1630.085431411855,1630.085431411855,3770.702737606066,5237.095238093183,3770.702737606066,1910.8704200421212,1299.3982252600888,1299.3982252600888,1910.8704200421212,2635.3462834086254,3740.6644289574897,5252.889212825928,3740.6644289574897,2635.3462834086254,1900.0123751113097,1822.624624617992,1385.2365508999449,1385.2365508999449,1822.624624617992,1900.0123751113097,1342.0443997850568,2628.507346956806,3743.7964896969793,5253.145598118203,3743.7964896969793,2628.507346956806,1342.0443997850568,1265.5601344521901,1869.5665048179596,1855.578988276429,1351.8191341169857,1351.8191341169857,1855.578988276429,1869.5665048179596,1265.5601344521901,876.6338556447121,1328.443890788332,2639.1312535741567,3736.5618302029507,5258.68909640644,3736.5618302029507,2639.1312535741567,1328.443890788332,876.6338556447121
Planes,3996.9999999984325,1581.0832209969096,1581.0832209969096,1280.298224281684,3437.3628117900353,1280.298224281684,1837.1520430905193,1695.7222412760837,1695.7222412760837,1837.1520430905193,369.62099170525926,1210.406291204574,3561.7277214726805,1210.406291204574,369.62099170525926,1229.3688973555065,1773.2609262309118,1589.9327066529204,1589.9327066529204,1773.2609262309118,1229.3688973555065,891.4335441768095,464.4622223428023,1232.1615957853717,3517.680821042165,1232.1615957853717,464.4622223428023,891.4335441768095,493.0760131093152,1226.5677595741754,1804.6887211793107,1627.1323064558694,1627.1323064558694,1804.6887211793107,1226.5677595741754,493.0760131093152,1078.7217517275012,889.950569760091,404.99257381328897,1240.4843143188928,3547.3517551190507,1240.4843143188928,404.99257381328897,889.950569760091,1078.7217517275012
Planes,10597.999999995842,3599.7511270694004,3599.7511270694004,4087.421014723925,10156.857142853158,4087.421014723925,1782.5879894191617,3348.285187772578,3348.285187772578,1782.5879894191617,2225.4346084647177,4093.7676385756363,10098.107794587797,4093.7676385756363,2225.4346084647177,1922.2388318810033,1719.7455995638443,3394.292095728978,3394.292095728978,1719.7455995638443,1922.2388318810033,1501.5830802766823,2252.354182359631,4078.6383057361904,10123.530377847674,4078.6383057361904,2252.354182359631,1501.5830802766823,1284.14336875355,1890.1448968273346,1756.0728826555019,3383.038464798411,3383.038464798411,1756.0728826555019,1890.1448968273346,1284.14336875355,1288.402461778087,1500.4900462140447,2221.331895203915,4085.350194674357,10121.057428468484,4085.350194674357,2221.331895203915,1500.4900462140447,1288.402461778087
Planes,5899.999999997686,1228.806339004332,1228.806339004332,3575.9607024686447,5410.585034011483,3575.9607024686447,1823.040660987173,1178.42061447448,1178.42061447448,1823.040660987173,1153.9223314236197,3655.214582144832,5442.954756503641,3655.214582144832,1153.9223314236197,1584.5914540274646,1820.5037001619287,1166.8114832735216,1166.8114832735216,1820.5037001619287,1584.5914540274646,1268.1929752648941,1242.6485740073047,3573.3097645678686,5479.270595761416,3573.3097645678686,1242.6485740073047,1268.1929752648941,821.3309671137663,1567.8808083902393,1805.6936557646766,1207.224853058059,1207.224853058059,1805.6936557646766,1567.8808083902393,821.3309671137663,1365.1975522370944,1284.0780765093045,1202.904112951436,3619.6803004758845,5436.814705448079,3619.6803004758845,1202.904112951436,1284.0780765093045,1365.1975522370944
Planes,4070.999999998403,2082.3039694139584,2082.3039694139584,1430.116649966901,3813.4580498851255,1430.116649966901,2166.993819257261,1867.944919658714,1867.944919658714,2166.993819257261,187.60046077874432,1519.5035726743702,3717.873494067371,1519.5035726743702,187.60046077874432,1565.9946778038689,2182.032947676466,1870.5123810073244,1870.5123810073244,2182.032947676466,1565.9946778038689,892.4542299488025,158.9946222111175,1489.6011046481242,3763.2504806282814,1489.6011046481242,158.9946222111175,892.4542299488025,640.4758601190199,1583.1892806357303,2160.7922480010375,1898.9058209032514,1898.9058209032514,2160.7922480010375,1583.1892806357303,640.4758601190199,933.0485612476475,898.1309555078856,166.1108087520977,1488.4039659627729,3760.724439873614,1488.4039659627729,166.1108087520977,898.1309555078856,933.0485612476475
Planes,4357.999999998291,1676.9459222487337,1676.9459222487337,3042.7401960441593,4205.446712016491,3042.7401960441593,1473.447315542132,1630.7905100269963,1630.7905100269963,1473.447315542132,1922.9094523831855,2972.5343867925617,4134.684097673729,2972.5343867925617,1922.9094523831855,1095.6773345074337,1447.853575402789,1608.2237501543552,1608.2237501543552,1447.853575402789,1095.6773345074337,906.0639618376887,1948.156355417753,2970.11913016735,4152.047632676082,2970.11913016735,1948.156355417753,906.0639618376887,723.8496794654229,1110.037451276369,1451.942325260158,1620.0767394597144,1620.0767394597144,1451.942325260158,1110.037451276369,723.8496794654229,374.63822931147746,926.0597214655953,1925.1422657322753,2974.102472453489,4160.9490276627075,2974.102472453489,1925.1422657322753,926.0597214655953,374.63822931147746
Planes,8193.999999996786,956.985631311989,956.985631311989,5430.675842680177,6959.133786845343,5430.675842680177,2010.739041224874,934.7039252862656,934.7039252862656,2010.739041224874,3335.171695125145,5385.363528354952,7012.234932972707,5385.363528354952,3335.171695125145,1886.5946345148377,2080.650323046863,900.7494935690081,900.7494935690081,2080.650323046863,1886.5946345148377,1679.726967595988,3348.618217539538,5372.398648072525,7020.689428612071,5372.398648072525,3348.618217539538,1679.726967595988,1315.9822213214684,1869.1557191948166,2058.056428489739,918.6115194246751,918.6115194246751,2058.056428489739,1869.1557191948166,1315.9822213214684,796.686658296545,1687.2203022463548,3340.8211155184395,5390.138124644634,6998.087029260816,5390.138124644634,3340.8211155184395,1687.2203022463548,796.686658296545
Planes,3378.999999998675,379.56067277021475,379.56067277021475,2797.262402324548,3048.5646258491442,2797.262402324548,1038.33527169412,307.63476434513217,307.63476434513217,1038.33527169412,2126.9005284291234,2659.5308708051366,2972.7020068786833,2659.5308708051366,2126.9005284291234,1336.3993395792565,963.693436214082,289.1728260399156,289.1728260399156,963.693436214082,1336.3993395792565,1385.5713340217508,2131.636524801982,2685.702288910233,3016.9527575684406,2685.702288910233,2131.636524801982,1385.5713340217508,1338.074653132681,1326.0463700787689,977.940679661911,308.0586689475055,308.0586689475055,977.940679661911,1326.0463700787689,1338.074653132681,791.4365100241138,1403.9122238853324,2103.329328220191,2670.407862460195,3002.85950808801,2670.407862460195,2103.329328220191,1403.9122238853324,791.4365100241138
Planes,3922.999999998461,1006.8270318637601,1006.8270318637601,2467.0559416944807,3445.4126984113464,2467.0559416944807,1827.0906985522142,935.5842008956128,935.5842008956128,1827.0906985522142,1069.4407021858963,2518.91842793088,3277.46403504584,2518.91842793088,1069.4407021858963,1780.142683964892,1866.4099501257242,881.3894984370111,881.3894984370111,1866.4099501257242,1780.142683964892,220.05793998840204,1104.3776385752535,2496.7660148055693,3350.0516324725386,2496.7660148055693,1104.3776385752535,220.05793998840204,1300.1761332389167,1786.399847635159,1820.4097675843998,897.2766045029276,897.2766045029276,1820.4097675843998,1786.399847635159,1300.1761332389167,103.39534900227049,199.81914633754067,1091.9873032786088,2483.3964226312155,3367.4279117226847,2483.3964226312155,1091.9873032786088,199.81914633754067,103.39534900227049
Planes,51026.99999997998,4828.50917674091,4828.50917674091,6317.573304697353,50841.82086165805,6317.573304697353,1225.9225616100045,4755.699361070093,4755.699361070093,1225.9225616100045,6558.539259094635,6288.926453802793,50714.099510986314,6288.926453802793,6558.539259094635,2695.6790747333584,1191.9976592248904,4721.660553489836,4721.660553489836,1191.9976592248904,2695.6790747333584,2336.365124500895,6532.7281344483135,6289.51053348918,50714.498257899446,6289.51053348918,6532.7281344483135,2336.365124500895,1578.4591263942984,2678.728241718354,1208.804609876059,4727.952028022602,4727.952028022602,1208.804609876059,2678.728241718354,1578.4591263942984,3511.3892747956634,2348.157327671642,6520.911004035259,6284.141493090619,50733.984851085566,6284.141493090619,6520.911004035259,2348.157327671642,3511.3892747956634
Planes,39717.999999984415,9802.309364634104,9802.309364634104,1695.7783350656412,39506.58956914549,1695.7783350656412,3429.698426600501,9813.453594370258,9813.453594370258,3429.698426600501,8725.850861057863,1752.4947671520026,39447.506532756364,1752.4947671520026,8725.850861057863,4652.867064737165,3381.37208384594,9780.17566346839,9780.17566346839,3381.37208384594,4652.867064737165,512.2062141088525,8713.830834775688,1802.7769682714209,39454.94174424272,1802.7769682714209,8713.830834775688,512.2062141088525,1152.1833192957906,4664.2212709944715,3385.3085261326883,9745.112021488843,9745.112021488843,3385.3085261326883,4664.2212709944715,1152.1833192957906,3215.875129359301,494.1780420707106,8697.142507755487,1774.0311988516007,39454.30097858995,1774.0311988516007,8697.142507755487,494.1780420707106,3215.875129359301
Planes,4446.999999998256,1864.3262144560085,1864.3262144560085,2457.6575260033114,3917.7029478442682,2457.6575260033114,1353.3567833133757,1690.9135090355494,1690.9135090355494,1353.3567833133757,1383.3072600117139,2504.713544001085,3968.1943788837852,2504.713544001085,1383.3072600117139,834.6242528961616,1342.029875550105,1679.1137691518297,1679.1137691518297,1342.029875550105,834.6242528961616,868.6515677806192,1370.774118301636,2478.320436263127,3943.172092473057,2478.320436263127,1370.774118301636,868.6515677806192,707.017827563032,864.5262895150844,1334.243182419022,1710.0178294722875,1710.0178294722875,1334.243182419022,864.5262895150844,707.017827563032,535.5633034610581,867.5868802101448,1350.6907392270325,2476.514145004443,3954.598457650657,2476.514145004443,1350.6907392270325,867.5868802101448,535.5633034610581
Planes,5336.999999997907,967.5626996610343,967.5626996610343,2800.1512209209204,4942.1473922883115,2800.1512209209204,755.7486643273123,880.8661743596649,880.8661743596649,755.7486643273123,1541.778686154739,2740.937135235085,5078.922285465484,2740.937135235085,1541.778686154739,479.64849972262647,793.1284680590509,879.6387480666193,879.6387480666193,793.1284680590509,479.64849972262647,708.5899559295528,1582.9482170228855,2753.758145276578,5007.721265449694,2753.758145276578,1582.9482170228855,708.5899559295528,1296.982493511755,450.044139907954,785.895420856515,892.5547324076002,892.5547324076002,785.895420856515,450.044139907954,1296.982493511755,546.314792856209,726.4789031540214,1554.5186071321714,2754.0092901983517,5047.453779567835,2754.0092901983517,1554.5186071321714,726.4789031540214,546.314792856209
Planes,10949.999999995704,1257.0595274834338,1257.0595274834338,1957.2755600163396,9647.301587297803,1957.2755600163396,1090.2416644635452,1190.2498144678225,1190.2498144678225,1090.2416644635452,1909.9921551995426,1904.6642914302395,9711.488947502632,1904.6642914302395,1909.9921551995426,499.2217633693224,1058.982480147848,1169.1689568856764,1169.1689568856764,1058.982480147848,499.2217633693224,733.6003442559957,1909.3458225211587,1908.4210232771857,9706.234454507667,1908.4210232771857,1909.3458225211587,733.6003442559957,265.22445949988884,484.96148406046956,1080.704841048881,1187.5058436740483,1187.5058436740483,1080.704841048881,484.96148406046956,265.22445949988884,469.1873941943644,751.7779054129749,1888.80704923473,1928.7452954462783,9681.184113688996,1928.7452954462783,1888.80704923473,751.7779054129749,469.1873941943644
Planes,12213.999999995209,2667.488452698305,2667.488452698305,3445.353107370699,11937.287981854728,3445.353107370699,2367.7380691074195,2769.4500687945583,2769.4500687945583,2367.7380691074195,2638.5937570727897,3428.6638881062845,11812.877134522647,3428.6638881062845,2638.5937570727897,1874.6254674430672,2367.021941394033,2755.287927545682,2755.287927545682,2367.021941394033,1874.6254674430672,2648.113385506946,2613.529701835778,3408.6575640212673,11860.853185882115,3408.6575640212673,2613.529701835778,2648.113385506946,924.5302786139262,1861.2668581478836,2378.6723157448987,2728.9358893731605,2728.9358893731605,2378.6723157448987,1861.2668581478836,924.5302786139262,1998.1483052475467,2640.598712638294,2626.409274983092,3410.073610174536,11864.442776134245,3410.073610174536,2626.409274983092,2640.598712638294,1998.1483052475467
Planes,38548.99999998487,7950.72461988543,7950.72461988543,1209.4661942668304,37333.344671187166,1209.4661942668304,3462.614610040897,8008.3904063649115,8008.3904063649115,3462.614610040897,5851.456044464745,1147.7859972920648,37273.17208877554,1147.7859972920648,5851.456044464745,197.42707530355102,3419.356836206009,7980.878869557224,7980.878869557224,3419.356836206009,197.42707530355102,903.029484327149,5882.136993186236,1186.7407018568358,37299.458041290505,1186.7407018568358,5882.136993186236,903.029484327149,2798.9813214963146,210.32051436507916,3449.0105781947073,7992.570542787516,7992.570542787516,3449.0105781947073,210.32051436507916,2798.9813214963146,3639.743430404648,890.0915082724981,5851.959688261577,1169.6925576759513,37276.58409557112,1169.6925576759513,5851.959688261577,890.0915082724981,3639.743430404648
Planes,7255.999999997154,2045.3996850755047,2045.3996850755047,2267.3324975979563,6568.956916097197,2267.3324975979563,358.84824372346674,1857.1353813356168,1857.1353813356168,358.84824372346674,2119.734723976414,2247.316604866458,6484.108781832187,2247.316604866458,2119.734723976414,520.9301055254149,300.14747684544085,1824.8571936861738,1824.8571936861738,300.14747684544085,520.9301055254149,1232.3132897273838,2151.5278056752754,2268.831169158792,6568.789004574184,2268.831169158792,2151.5278056752754,1232.3132897273838,426.2437416810447,487.8938858760764,303.60310437433856,1860.5066266387794,1860.5066266387794,303.60310437433856,487.8938858760764,426.2437416810447,820.0979193745675,1235.8216589360197,2140.250825659988,2257.423869370612,6517.565438191708,2257.423869370612,2140.250825659988,1235.8216589360197,820.0979193745675
Planes,12778.999999994987,2244.0232647056096,2244.0232647056096,5634.750482368409,11512.623582761924,5634.750482368409,1647.9848809164116,2273.9367149439495,2273.9367149439495,1647.9848809164116,1722.8666178460846,5649.890664120417,11547.228978661766,5649.890664120417,1722.8666178460846,794.3903527763389,1612.8503273529923,2256.790596589343,2256.790596589343,1612.8503273529923,794.3903527763389,1040.754664272946,1691.3072042064546,5635.470918846431,11510.374297639188,5635.470918846431,1691.3072042064546,1040.754664272946,623.4408508632425,819.8508613021064,1632.1827789634885,2247.990117364534,2247.990117364534,1632.1827789634885,819.8508613021064,623.4408508632425,601.3596486939872,1055.3253717140608,1706.6817356731735,5634.20827362824,11511.904383423014,5634.20827362824,1706.6817356731735,1055.3253717140608,601.3596486939872
Planes,6927.9999999972815,1035.1253684407627,1035.1253684407627,5159.981074409851,6157.151927435226,5159.981074409851,1209.190053799969,1175.5777627369428,1175.5777627369428,1209.190053799969,3828.6076256516267,5182.969631346835,6183.072732038236,5182.969631346835,3828.6076256516267,799.8633446433522,1243.8338911276512,1107.0396037001926,1107.0396037001926,1243.8338911276512,799.8633446433522,2483.9091962838165,3783.028691874896,5190.148384194481,6105.939672656928,5190.148384194481,3783.028691874896,2483.9091962838165,413.90313526249696,851.133621206982,1216.9850410942165,1134.1433993184053,1134.1433993184053,1216.9850410942165,851.133621206982,413.90313526249696,1537.0163852238893,2477.173871631759,3789.4421855539567,5175.82616370026,6130.500146076383,5175.82616370026,3789.4421855539567,2477.173871631759,1537.0163852238893
Planes,6902.9999999972915,1384.623638657925,1384.623638657925,4773.882585874774,5654.020408161047,4773.882585874774,2181.1257441675616,1366.310316703302,1366.310316703302,2181.1257441675616,3215.95969944001,4730.2549724774135,5732.790488528764,4730.2549724774135,3215.95969944001,2165.54434344569,2169.424527414773,1361.421783868747,1361.421783868747,2169.424527414773,2165.54434344569,1493.9584810066876,3239.972983655148,4689.566163553035,5776.695325218283,4689.566163553035,3239.972983655148,1493.9584810066876,1806.843289640966,2178.129081480776,2157.5568178576773,1355.7719158152427,1355.7719158152427,2157.5568178576773,2178.129081480776,1806.843289640966,500.3167579760036,1489.20327565121,3229.8102951568526,4692.83293526655,5773.9144658364985,4692.83293526655,3229.8102951568526,1489.20327565121,500.3167579760036
Planes,5595.9999999978045,501.5995364825322,501.5995364825322,4077.706058277553,4459.64172335426,4077.706058277553,1136.8698503479357,419.37523550995047,419.37523550995047,1136.8698503479357,2889.730767240459,3973.1711784262448,4565.563977970351,3973.1711784262448,2889.730767240459,1384.5105379859858,1192.9332769218718,377.24086470406036,377.24086470406036,1192.9332769218718,1384.5105379859858,1865.8730283515667,2887.011631885559,3979.3509949115473,4566.526761328594,3979.3509949115473,2887.011631885559,1865.8730283515667,1310.8045475014194,1421.0293726851303,1148.2341369481112,429.15015086268716,429.15015086268716,1148.2341369481112,1421.0293726851303,1310.8045475014194,1000.7807777817984,1866.3523962480965,2885.890912110107,3974.319324679492,4556.498512880595,3974.319324679492,2885.890912110107,1866.3523962480965,1000.7807777817984
Planes,46248.999999981854,3275.53745526361,3275.53745526361,2558.3867467593204,45962.87301585497,2558.3867467593204,597.3249074460743,3307.123729473419,3307.123729473419,597.3249074460743,11480.776576293758,2582.7060663318093,46028.07729802134,2582.7060663318093,11480.776576293758,1912.3291454130026,561.4855170382805,3318.6698145561704,3318.6698145561704,561.4855170382805,1912.3291454130026,393.7797676902884,11503.62423694224,2611.7040184226616,45954.166016735835,2611.7040184226616,11503.62423694224,393.7797676902884,2154.5387378304886,1932.2418177972474,572.9666410017433,3304.701123281071,3304.701123281071,572.9666410017433,1932.2418177972474,2154.5387378304886,4146.2603295181025,389.77549050239656,11490.35155593566,2580.52886657675,45962.354689048676,2580.52886657675,11490.35155593566,389.77549050239656,4146.2603295181025
Planes,10387.999999995925,571.7627204813967,571.7627204813967,618.6545423353198,9014.56235827311,618.6545423353198,2342.4522742366294,569.6066750908668,569.6066750908668,2342.4522742366294,4293.502993714405,603.9475132430357,9033.157727486545,603.9475132430357,4293.502993714405,807.4465286271145,2324.921767320339,566.6215471932155,566.6215471932155,2324.921767320339,807.4465286271145,459.25449088335483,4299.58697677317,590.5630706161501,9050.788371106297,590.5630706161501,4299.58697677317,459.25449088335483,574.0746490297751,787.0674466612353,2311.1210887808475,563.5289067747731,563.5289067747731,2311.1210887808475,787.0674466612353,574.0746490297751,1880.8860166253075,452.02903556881523,4303.658332683978,582.8382685325018,9061.982665741842,582.8382685325018,4303.658332683978,452.02903556881523,1880.8860166253075
Planes,6977.999999997262,1573.8172667567608,1573.8172667567608,4687.730540195962,5937.74149659631,4687.730540195962,1330.4074811870082,1512.932269490646,1512.932269490646,1330.4074811870082,3204.2116622901194,4562.908682653052,6070.073734706922,4562.908682653052,3204.2116622901194,1156.6658460978795,1391.806482623517,1480.4638816628276,1480.4638816628276,1391.806482623517,1156.6658460978795,1892.5311440752898,3217.0568978317865,4554.728075120997,6085.232555915583,4554.728075120997,3217.0568978317865,1892.5311440752898,528.0985467347608,1182.0889192403117,1361.6496755892088,1507.365737942747,1507.365737942747,1361.6496755892088,1182.0889192403117,528.0985467347608,989.2880441116502,1904.7390279652589,3200.1381747950873,4578.087256851036,6055.742484633567,4578.087256851036,3200.1381747950873,1904.7390279652589,989.2880441116502
Planes,21830.999999991433,16256.223000145674,16256.223000145674,6331.176524121338,21351.399092962143,6331.176524121338,2747.531005056843,16349.972961803462,16349.972961803462,2747.531005056843,6665.358485446904,6359.195043891136,21434.899424614043,6359.195043891136,6665.358485446904,4882.212155863977,2801.5305990438883,16337.045615542233,16337.045615542233,2801.5305990438883,4882.212155863977,92.88788460668998,6692.702354298637,6372.821437691128,21419.166499395244,6372.821437691128,6692.702354298637,92.88788460668998,2965.986898875975,4828.520690693985,2765.869748332725,16318.667985720787,16318.667985720787,2765.869748332725,4828.520690693985,2965.986898875975,2303.7608348209733,77.99536626903075,6672.369866509164,6349.3538338415565,21448.07795270359,6349.3538338415565,6672.369866509164,77.99536626903075,2303.7608348209733
Planes,13864.999999994561,1617.7176321738511,1617.7176321738511,577.3323080684639,12487.68934239873,577.3323080684639,2844.3712869366673,1617.8009822202562,1617.8009822202562,2844.3712869366673,615.665135543613,578.3867281487051,12483.082157120993,578.3867281487051,615.665135543613,2060.2549357666758,2844.76838000667,1616.8890837087456,1616.8890837087456,2844.76838000667,2060.2549357666758,1391.363045534322,615.5278892736968,576.9174550859142,12486.614334471067,576.9174550859142,615.5278892736968,1391.363045534322,675.1675685975389,2059.831336054347,2845.400164877858,1617.4464633196055,1617.4464633196055,2845.400164877858,2059.831336054347,675.1675685975389,1362.1513885567138,1392.1020181986876,615.8914211369192,578.8075753260682,12486.031267611539,578.8075753260682,615.8914211369192,1392.1020181986876,1362.1513885567138
Planes,5805.999999997723,490.86062826332306,490.86062826332306,2173.497692222778,4928.5986394538495,2173.497692222778,1241.3997219052062,434.19744037586577,434.19744037586577,1241.3997219052062,832.0009193100141,2119.6855972901863,4861.950946363034,2119.6855972901863,832.0009193100141,821.0089817516063,1250.1844250756078,367.928075863631,367.928075863631,1250.1844250756078,821.0089817516063,1370.4214870061528,885.6642932689995,2110.7193676147867,4959.086516362717,2110.7193676147867,885.6642932689995,1370.4214870061528,586.7121077924163,856.870934661926,1266.2971411837989,423.84530098749207,423.84530098749207,1266.2971411837989,856.870934661926,586.7121077924163,781.9386121006486,1359.3138880445326,886.472020120551,2110.356407287598,4897.178394564302,2110.356407287598,886.472020120551,1359.3138880445326,781.9386121006486
Planes,9204.99999999639,3135.695046050057,3135.695046050057,1769.9791948947247,8147.435374146464,1769.9791948947247,1870.6563567611538,3264.463567029586,3264.463567029586,1870.6563567611538,1488.0687894258053,1746.606739206276,8170.827510139174,1746.606739206276,1488.0687894258053,364.86145830806925,1907.3766744423551,3194.9112878850715,3194.9112878850715,1907.3766744423551,364.86145830806925,1710.0386250283887,1474.158880544881,1793.9483079954643,8127.949353320137,1793.9483079954643,1474.158880544881,1710.0386250283887,1941.7009810492914,378.1313386108411,1906.9600162958557,3203.518219671385,3203.518219671385,1906.9600162958557,378.1313386108411,1941.7009810492914,812.7554617979174,1682.5598525277294,1480.980543944947,1743.48473046872,8178.8833621770045,1743.48473046872,1480.980543944947,1682.5598525277294,812.7554617979174
Planes,13523.999999994696,1198.7727435533866,1198.7727435533866,7337.193575131055,13029.342403623006,7337.193575131055,1416.3141415723724,938.9421220548699,938.9421220548699,1416.3141415723724,1200.934062185725,7307.7396746819695,12985.650114916156,7307.7396746819695,1200.934062185725,1936.7461863618146,1383.7314935470736,1003.9618550097987,1003.9618550097987,1383.7314935470736,1936.7461863618146,252.22459767584314,1223.16094630649,7311.073317470653,13066.157752191688,7311.073317470653,1223.16094630649,252.22459767584314,1149.6261113485743,1901.255191420709,1401.174821171472,1001.8546416369207,1001.8546416369207,1401.174821171472,1901.255191420709,1149.6261113485743,617.8963732997341,219.11821874711302,1227.0626611963298,7302.7224248327975,13016.943116746788,7302.7224248327975,1227.0626611963298,219.11821874711302,617.8963732997341
Planes,2068.9999999991883,637.0275799998235,637.0275799998235,452.9121045933432,1894.6190476183046,452.9121045933432,127.92193595742187,604.2967309632311,604.2967309632311,127.92193595742187,548.2854014137062,455.7358539499378,1842.9605411318298,455.7358539499378,548.2854014137062,289.29133563205505,81.12470788420269,614.1665724467496,614.1665724467496,81.12470788420269,289.29133563205505,206.81639565011702,590.1498398046883,434.50955937477164,1864.6469575899005,434.50955937477164,590.1498398046883,206.81639565011702,64.21216873627509,291.93512503535953,96.93995987095171,608.2869213032006,608.2869213032006,96.93995987095171,291.93512503535953,64.21216873627509,196.36585475561873,181.61587055011415,573.9805410623844,441.5377489032512,1865.9327611558815,441.5377489032512,573.9805410623844,181.61587055011415,196.36585475561873
Planes,12292.999999995176,5987.669392257506,5987.669392257506,4026.6805043155846,10907.67120180978,4026.6805043155846,2306.514877434026,5987.669392257506,5987.669392257506,2306.514877434026,2676.0881506745177,4026.680504315585,10907.914156134368,4026.680504315585,2676.0881506745177,1903.3229374704076,2306.514877434026,5987.669392257506,5987.669392257506,2306.514877434026,1903.3229374704076,1406.2194478448314,2676.58686715208,4026.680504315585,10908.316643615408,4026.680504315585,2676.58686715208,1406.2194478448314,1491.5247077149397,1903.3229374704072,2306.514877434026,5987.669392257506,5987.669392257506,2306.514877434026,1903.3229374704072,1491.5247077149397,1659.8719746060838,1406.2194478448316,2677.275497897928,4026.680504315585,10908.919691019948,4026.680504315585,2677.275497897928,1406.2194478448316,1659.8719746060838
Planes,8007.999999996857,499.6286677076139,499.6286677076139,4547.825999352703,6690.748299317103,4547.825999352703,1646.1615072658917,500.0178227199778,500.0178227199778,1646.1615072658917,2208.5317816479937,4564.768869610165,6666.639640887754,4564.768869610165,2208.5317816479937,1523.076185977913,1641.0079676705077,503.50109939703503,503.50109939703503,1641.0079676705077,1523.076185977913,1082.843957964021,2218.999026722191,4554.41687045238,6681.072067369996,4554.41687045238,2218.999026722191,1082.843957964021,1078.5673793440033,1524.285022178716,1644.2832143665612,500.6775796480424,500.6775796480424,1644.2832143665612,1524.285022178716,1078.5673793440033,679.219489861475,1083.4992647546587,2222.4762410010862,4559.363924530478,6685.738102557432,4559.363924530478,2222.4762410010862,1083.4992647546587,679.219489861475
Planes,6992.999999997257,6182.637752304766,6182.637752304766,4210.714917866964,6992.999999997257,4210.714917866964,2211.9303864492526,6182.637752304766,6182.637752304766,2211.9303864492526,1426.197118757532,4210.714917866964,6992.999999997257,4210.714917866964,1426.197118757532,1413.7622019769549,2211.9303864492526,6182.637752304766,6182.637752304766,2211.9303864492526,1413.7622019769549,1089.919227502208,1426.197118757532,4210.714917866964,6992.999999997257,4210.714917866964,1426.197118757532,1089.919227502208,489.80364651558745,1413.7622019769549,2211.9303864492526,6182.637752304766,6182.637752304766,2211.9303864492526,1413.7622019769549,489.80364651558745,138.00894023642556,1089.919227502208,1426.197118757532,4210.714917866964,6992.999999997257,4210.714917866964,1426.197118757532,1089.919227502208,138.00894023642556
Planes,3848.99999999849,2298.8599998630607,2298.8599998630607,89.8013192137253,3049.362811790187,89.8013192137253,1183.8133538224122,2011.680025485376,2011.680025485376,1183.8133538224122,1046.3878603530404,39.397865746127856,3094.796165176876,39.397865746127856,1046.3878603530404,307.4193512488541,1154.9944796715472,2062.362391933877,2062.362391933877,1154.9944796715472,307.4193512488541,522.0345437111431,1004.2160667428404,64.06246007459461,3064.3726530304075,64.06246007459461,1004.2160667428404,522.0345437111431,402.13316662323564,313.974717730194,1171.7389512763905,2050.6104444505727,2050.6104444505727,1171.7389512763905,313.974717730194,402.13316662323564,197.17696687879382,491.9042273901328,1025.826170741285,52.90563467250078,3082.8693305941633,52.90563467250078,1025.826170741285,491.9042273901328,197.17696687879382
Planes,1704.9999999993315,1459.6828979648851,1459.6828979648851,1172.8539530110372,1345.2630385482255,1172.8539530110372,972.4115829841556,1249.3465094105848,1249.3465094105848,972.4115829841556,847.4567580752528,1136.2055708498742,1319.742375861392,1136.2055708498742,847.4567580752528,732.8066036502245,964.1069641963003,1296.9499511021234,1296.9499511021234,964.1069641963003,732.8066036502245,619.0426845410582,799.0160211835369,1140.7896803115082,1370.5491372397955,1140.7896803115082,799.0160211835369,619.0426845410582,525.1454912882027,693.3077572780976,963.9578028598444,1292.683841770475,1292.683841770475,963.9578028598444,693.3077572780976,525.1454912882027,437.91374545954477,615.9613054271921,826.7259074261968,1141.669249554369,1340.8169453031087,1141.669249554369,826.7259074261968,615.9613054271921,437.91374545954477
Planes,8151.9999999968,1469.6757882314698,1469.6757882314698,5044.304923634109,6928.104308387303,5044.304923634109,944.2239072955285,1476.184423751078,1476.184423751078,944.2239072955285,3333.403951936621,5043.740281891853,6938.102519009419,5043.740281891853,3333.403951936621,1031.045721096276,1012.9330582402793,1438.2622803131007,1438.2622803131007,1012.9330582402793,1031.045721096276,2595.916074371677,3351.008731429482,5013.817399243714,6942.301235633198,5013.817399243714,3351.008731429482,2595.916074371677,754.3420890468645,1039.6554490330984,987.8874677502411,1433.8937468291963,1433.8937468291963,987.8874677502411,1039.6554490330984,754.3420890468645,1687.0976879845477,2594.91626995521,3350.1543965030473,5010.42871296442,6952.847283843638,5010.42871296442,3350.1543965030473,2594.91626995521,1687.0976879845477
Planes,46496.99999998175,4750.919481503166,4750.919481503166,3011.4331796868532,46485.74376415409,3011.4331796868532,349.9515094687421,4749.163007593167,4749.163007593167,349.9515094687421,3482.622398893309,3015.030354682615,46485.71951499865,3015.030354682615,3482.622398893309,4131.570139049568,352.5145343078959,4751.256425537438,4751.256425537438,352.5145343078959,4131.570139049568,2030.5357718224407,3483.037028714475,3013.730504860138,46485.936429507354,3013.730504860138,3483.037028714475,2030.5357718224407,629.1587354172163,4131.626924485482,349.9314723803217,4751.784159564985,4751.784159564985,349.9314723803217,4131.626924485482,629.1587354172163,3401.1175172792573,2029.7357876277865,3487.885815550891,3015.135551050847,46481.857629387996,3015.135551050847,3487.885815550891,2029.7357876277865,3401.1175172792573
Planes,6475.999999997459,785.4462652564704,785.4462652564704,5400.881492153407,5814.326530609964,5400.881492153407,866.4677727429788,798.2309631717122,798.2309631717122,866.4677727429788,4073.084624342971,5249.012315465842,5793.344193003728,5249.012315465842,4073.084624342971,714.6813929236644,841.5682905406014,823.9320000635997,823.9320000635997,841.5682905406014,714.6813929236644,2953.897475263621,4104.57185622615,5264.472812420203,5765.6870590871895,5264.472812420203,4104.57185622615,2953.897475263621,491.1604794472186,692.8105868711781,860.5263883509201,816.231434031158,816.231434031158,860.5263883509201,692.8105868711781,491.1604794472186,2153.0298376592223,2949.965959119165,4091.210346020445,5255.961295504598,5807.940032219231,5255.961295504598,4091.210346020445,2949.965959119165,2153.0298376592223
Planes,3175.999999998754,737.4243155657979,737.4243155657979,2421.7271197238,3138.2993197266596,2421.7271197238,1812.290640775016,724.911385370628,724.911385370628,1812.290640775016,1236.4544930616971,2427.137699114528,3110.0622888599028,2427.137699114528,1236.4544930616971,2074.631291400471,1796.1305503756419,721.5129501586948,721.5129501586948,1796.1305503756419,2074.631291400471,282.2957889677447,1247.502900944667,2435.4307170696193,3099.0091846394184,2435.4307170696193,1247.502900944667,282.2957889677447,1652.1878023615147,2084.247896403497,1797.2149082082315,723.1966999755592,723.1966999755592,1797.2149082082315,2084.247896403497,1652.1878023615147,629.5130889115195,264.1807111456563,1244.3864245594996,2436.648716321015,3095.428484419974,2436.648716321015,1244.3864245594996,264.1807111456563,629.5130889115195
Planes,32.99999999998706,32.96616215643062,32.96616215643062,32.8647808000802,32.99999999998706,32.8647808000802,32.696252371795815,32.96616215643062,32.96616215643062,32.696252371795815,32.46123734658091,32.8647808000802,32.99999999998706,32.8647808000802,32.46123734658091,32.16065989319261,32.696252371795815,32.96616215643062,32.96616215643062,32.696252371795815,32.16065989319261,31.795707498420725,32.46123734658091,32.8647808000802,32.99999999998706,32.8647808000802,32.46123734658091,31.795707498420725,31.36783066241769,32.16065989319261,32.696252371795815,32.96616215643062,32.96616215643062,32.696252371795815,32.16065989319261,31.36783066241769,30.87874281020559,31.795707498420725,32.46123734658091,32.8647808000802,32.99999999998706,32.8647808000802,32.46123734658091,31.795707498420725,30.87874281020559
Planes,9782.999999996162,2491.009499074489,2491.009499074489,3341.9897630581363,8597.24489795581,3341.9897630581363,1319.9513868021088,2420.636384400763,2420.636384400763,1319.9513868021088,1302.7430372034657,3311.044105249233,8646.055146771872,3311.044105249233,1302.7430372034657,1509.7162555692455,1352.26014908278,2384.207096932483,2384.207096932483,1352.26014908278,1509.7162555692455,1756.7233277725697,1275.84856903765,3319.924647965458,8594.236512162079,3319.924647965458,1275.84856903765,1756.7233277725697,1507.318928090188,1497.7351684025766,1328.0193979969429,2410.917805940792,2410.917805940792,1328.0193979969429,1497.7351684025766,1507.318928090188,698.4880535051592,1731.6787943675045,1275.7422704495764,3323.52937964922,8617.10861065894,3323.52937964922,1275.7422704495764,1731.6787943675045,698.4880535051592
Planes,12099.999999995252,2251.705523147626,2251.705523147626,1314.948345519691,12033.918367342216,1314.948345519691,4736.6138599476135,2290.674201830319,2290.674201830319,4736.6138599476135,2500.181568012138,1360.2675310764582,12007.446835418801,1360.2675310764582,2500.181568012138,1691.4704833177684,4757.46567068334,2299.254811865071,2299.254811865071,4757.46567068334,1691.4704833177684,3172.2657500204746,2485.012747631946,1352.2998580317624,12022.924802645506,1352.2998580317624,2485.012747631946,3172.2657500204746,485.66230736107434,1678.8321395649202,4734.826968195994,2291.8488726568353,2291.8488726568353,4734.826968195994,1678.8321395649202,485.66230736107434,1392.067863558555,3187.183951696762,2499.547676439404,1346.0686692710635,12019.29236258732,1346.0686692710635,2499.547676439404,3187.183951696762,1392.067863558555
Planes,7826.9999999969305,4054.66498129216,4054.66498129216,4409.201125982187,7691.770975053672,4409.201125982187,1861.119928872622,3972.36774679841,3972.36774679841,1861.119928872622,1711.1942380850276,4383.99361275624,7702.443133259354,4383.99361275624,1711.1942380850276,831.8480859793502,1854.9466913604201,3990.2909142202584,3990.2909142202584,1854.9466913604201,831.8480859793502,783.4619777980662,1706.1853316088811,4370.848136235226,7689.805877903016,4370.848136235226,1706.1853316088811,783.4619777980662,1448.754290199511,855.6741131717255,1844.7861249549296,3978.421940026755,3978.421940026755,1844.7861249549296,855.6741131717255,1448.754290199511,1316.1856631001594,778.7526715622441,1705.3441595507365,4388.92212243158,7696.9457984547225,4388.92212243158,1705.3441595507365,778.7526715622441,1316.1856631001594
Planes,6955.999999997271,2534.021557577068,2534.021557577068,3943.363044590692,6013.024943308299,3943.363044590692,2463.707724748462,2314.671449374331,2314.671449374331,2463.707724748462,2689.728791917753,3824.647194017953,6134.779767686981,3824.647194017953,2689.728791917753,1894.9334455718183,2403.403800545666,2350.515703806615,2350.515703806615,2403.403800545666,1894.9334455718183,1864.9484174542558,2657.2519652817978,3866.3961056417124,6090.409755663253,3866.3961056417124,2657.2519652817978,1864.9484174542558,1675.5538551895345,1905.5698571317714,2396.882071242411,2365.5139569395924,2365.5139569395924,2396.882071242411,1905.5698571317714,1675.5538551895345,939.0432871268988,1844.7730228059133,2684.2684565983573,3833.620643228416,6130.512916117468,3833.620643228416,2684.2684565983573,1844.7730228059133,939.0432871268988
Planes,3299.999999998706,1600.6647817696016,1600.6647817696016,1116.9859492255619,2970.0181405884045,1116.9859492255619,1751.416324681092,1390.2086955673317,1390.2086955673317,1751.416324681092,626.7341152555341,1085.890974587883,2943.7261017774254,1085.890974587883,626.7341152555341,735.7169923779624,1724.6962565269002,1413.7093475410798,1413.7093475410798,1724.6962565269002,735.7169923779624,768.9566223797872,627.1781204778796,1093.037302494972,2957.26527515335,1093.037302494972,627.1781204778796,768.9566223797872,61.049707672118295,706.9691438344743,1737.4044225063008,1423.9916669089853,1423.9916669089853,1737.4044225063008,706.9691438344743,61.049707672118295,645.7800442719383,753.6148022103189,630.5321616741328,1106.0641900688129,2940.240022483486,1106.0641900688129,630.5321616741328,753.6148022103189,645.7800442719383
Planes,10778.999999995769,5013.991910224799,5013.991910224799,588.7473899910843,10727.140589564953,588.7473899910843,5139.938592948478,5032.885722410679,5032.885722410679,5139.938592948478,5892.614425686388,587.824951560882,10694.617134831598,587.824951560882,5892.614425686388,698.3638844972955,5120.326275411547,5029.74831877586,5029.74831877586,5120.326275411547,698.3638844972955,1308.4551516377794,5884.612486726168,572.2859987493616,10702.357428391098,572.2859987493616,5884.612486726168,1308.4551516377794,2133.6820947372707,690.7617219824426,5109.533610447763,5021.255618222311,5021.255618222311,5109.533610447763,690.7617219824426,2133.6820947372707,1226.1244545168067,1302.1928335376974,5887.37827848229,571.0919810426691,10709.643764595337,571.0919810426691,5887.37827848229,1302.1928335376974,1226.1244545168067
Planes,16697.999999993448,12642.315977888713,12642.315977888713,4051.0391643466296,16697.999999993448,4051.0391643466296,2952.1842842239776,12642.315977888713,12642.315977888713,2952.1842842239776,3328.583034389081,4051.0391643466296,16697.999999993448,4051.0391643466296,3328.583034389081,110.64517402320206,2952.1842842239776,12642.315977888713,12642.315977888713,2952.1842842239776,110.64517402320206,2098.023735873257,3328.583034389081,4051.0391643466296,16697.999999993448,4051.0391643466296,3328.583034389081,2098.023735873257,1311.8295082606198,110.64517402320206,2952.1842842239776,12642.315977888713,12642.315977888713,2952.1842842239776,110.64517402320206,1311.8295082606198,1228.4600560258452,2098.023735873257,3328.583034389081,4051.0391643466296,16697.999999993448,4051.0391643466296,3328.583034389081,2098.023735873257,1228.4600560258452
Planes,6022.999999997637,1448.3171479397993,1448.3171479397993,3575.2322018894843,5032.229024941336,3575.2322018894843,1473.5178276342415,1209.1871275287829,1209.1871275287829,1473.5178276342415,2452.3184921934812,3453.781797428958,5167.866058893186,3453.781797428958,2452.3184921934812,1355.9026825735884,1464.1370149465395,1220.0887154487598,1220.0887154487598,1464.1370149465395,1355.9026825735884,1557.6723831055672,2389.6119887155214,3518.6443427669283,5106.233065301253,3518.6443427669283,2389.6119887155214,1557.6723831055672,1253.8973508705003,1362.875899087305,1456.763991980732,1227.172399318731,1227.172399318731,1456.763991980732,1362.875899087305,1253.8973508705003,775.9514285735253,1533.781216521904,2409.1233575073593,3500.587229562499,5123.436479813078,3500.587229562499,2409.1233575073593,1533.781216521904,775.9514285735253
Planes,9771.999999996166,2351.958967036913,2351.958967036913,5410.144544156535,8544.843537411614,5410.144544156535,2557.810386321589,2247.495254450122,2247.495254450122,2557.810386321589,2355.898683369558,5352.499909187175,8581.552069350451,5352.499909187175,2355.898683369558,1627.8701254480336,2562.3186934759515,2250.5478229394203,2250.5478229394203,2562.3186934759515,1627.8701254480336,924.5755107331446,2345.388398636225,5359.854824907742,8566.990103186685,5359.854824907742,2345.388398636225,924.5755107331446,772.73918180921,1636.7412551141658,2578.092355024966,2246.304804463338,2246.304804463338,2578.092355024966,1636.7412551141658,772.73918180921,559.487930031547,917.2665466996225,2363.9250870336114,5345.90912692926,8579.931899605188,5345.90912692926,2363.9250870336114,917.2665466996225,559.487930031547
Planes,6706.999999997368,528.093103013607,528.093103013607,5008.862933103388,5531.839002265403,5008.862933103388,795.9354749557965,506.7076556325863,506.7076556325863,795.9354749557965,3594.8691266091914,4959.1700472103985,5577.197911361904,4959.1700472103985,3594.8691266091914,1003.6853137717504,765.1259521893065,515.3922968405668,515.3922968405668,765.1259521893065,1003.6853137717504,2334.849701995338,3639.9328735759673,4905.127055787964,5645.646129440902,4905.127055787964,3639.9328735759673,2334.849701995338,947.2112526614762,991.1290061625695,776.0899095588322,517.2497926141324,517.2497926141324,776.0899095588322,991.1290061625695,947.2112526614762,1303.5929353111155,2360.028791590839,3618.716049654273,4929.186029439018,5608.775964632807,4929.186029439018,3618.716049654273,2360.028791590839,1303.5929353111155
Planes,34.99999999998627,12.288667050106056,12.288667050106056,4.115338281735696,24.55102040815364,4.115338281735696,1.294896819230365,18.331234088347834,18.331234088347834,1.294896819230365,0.37438212288708106,9.235917128651911,9.402702577626005,9.235917128651911,0.37438212288708106,0.0966923205794782,3.8281209330623724,15.961736368541395,15.961736368541395,3.8281209330623724,0.0966923205794782,0.022022738663879212,1.3540960488172824,11.56364797222792,2.8336213666455174,11.56364797222792,1.3540960488172824,0.022022738663879212,0.004345127769481242,0.4069788276032936,6.083725796803848,8.183976427973803,8.183976427973803,6.083725796803848,0.4069788276032936,0.004345127769481242,0.0004135549997799958,0.10666968850261699,2.549731642722309,9.502136225457134,7.557846821587583,9.502136225457134,2.549731642722309,0.10666968850261699,0.0004135549997799958
Planes,9277.99999999636,723.3931672547262,723.3931672547262,3325.844968356979,8222.276643987705,3325.844968356979,1825.753088735027,889.9822524090023,889.9822524090023,1825.753088735027,1238.334866618903,3219.776070753548,8297.234824992503,3219.776070753548,1238.334866618903,1416.9364789678334,1824.5378939961836,877.4562747258059,877.4562747258059,1824.5378939961836,1416.9364789678334,1101.850432300728,1269.195459812857,3246.833765074454,8249.867592632789,3246.833765074454,1269.195459812857,1101.850432300728,1462.1671615785424,1453.4052711655572,1820.155764634065,871.396649736061,871.396649736061,1820.155764634065,1453.4052711655572,1462.1671615785424,882.7121873826726,1106.1194607869784,1258.4448675447625,3237.856235341424,8275.651261488327,3237.856235341424,1258.4448675447625,1106.1194607869784,882.7121873826726
Planes,2701.99999999894,315.00391266735164,315.00391266735164,2013.1907849974461,2410.7437641713896,2013.1907849974461,728.4906905190938,250.1418908792889,250.1418908792889,728.4906905190938,1246.5799169275965,2065.702798049056,2389.9708146287694,2065.702798049056,1246.5799169275965,947.2505475346126,764.5068874416128,220.36358402940047,220.36358402940047,764.5068874416128,947.2505475346126,753.4459948419588,1260.1030232265655,2018.989117505027,2412.1989427261014,2018.989117505027,1260.1030232265655,753.4459948419588,951.8255747543903,998.0689965715541,710.3823813252975,282.59646254355715,282.59646254355715,710.3823813252975,998.0689965715541,951.8255747543903,638.1202501620953,744.8100314580926,1271.552276095113,2013.7831019848202,2419.5059499004146,2013.7831019848202,1271.552276095113,744.8100314580926,638.1202501620953
Planes,6448.999999997472,2651.3761175993764,2651.3761175993764,2669.404145484447,5900.723356006756,2669.404145484447,2044.3866451994245,2594.697207924978,2594.697207924978,2044.3866451994245,1658.8352738238111,2535.378382032126,5949.827741525116,2535.378382032126,1658.8352738238111,2154.5892817090794,1997.6282914619014,2587.9498460949258,2587.9498460949258,1997.6282914619014,2154.5892817090794,1263.6578905516649,1667.6580164895022,2566.8348121588087,5937.375670969196,2566.8348121588087,1667.6580164895022,1263.6578905516649,854.2599651983383,2135.164946835824,2010.6845943587116,2590.209055933862,2590.209055933862,2010.6845943587116,2135.164946835824,854.2599651983383,1538.0924386336255,1252.122089476443,1664.1583261124551,2554.797740637124,5939.379301707599,2554.797740637124,1664.1583261124551,1252.122089476443,1538.0924386336255
Planes,5168.999999997972,2167.3970436400086,2167.3970436400086,2080.9869825271053,4599.263038546948,2080.9869825271053,2193.016691236164,2160.730300150405,2160.730300150405,2193.016691236164,1327.1962541419723,1960.19908489882,4715.02804386876,1960.19908489882,1327.1962541419723,1229.8102752282728,2206.2997185120425,2173.7736627403874,2173.7736627403874,2206.2997185120425,1229.8102752282728,1246.1526443016064,1244.778596773277,2026.2941797435576,4663.980564480035,2026.2941797435576,1244.778596773277,1246.1526443016064,1050.510261148097,1204.9701720730143,2229.4425348892614,2128.1176617176934,2128.1176617176934,2229.4425348892614,1204.9701720730143,1050.510261148097,650.5775849475064,1232.2451844000782,1277.5197474140034,2027.635734086457,4672.335948344528,2027.635734086457,1277.5197474140034,1232.2451844000782,650.5775849475064
Planes,6065.99999999762,1056.9225439931008,1056.9225439931008,4721.763968599984,5027.401360542246,4721.763968599984,787.7750598422728,1049.040066644049,1049.040066644049,787.7750598422728,3325.1208738662936,4587.711270555924,5154.320977368518,4587.711270555924,3325.1208738662936,456.4403072099662,775.350182124916,1056.3927117418882,1056.3927117418882,775.350182124916,456.4403072099662,2139.5417300000636,3372.2979444776515,4544.609720821426,5198.6203653051425,4544.609720821426,3372.2979444776515,2139.5417300000636,530.6755044244956,453.75405739829733,786.6036104922294,1046.8160132764767,1046.8160132764767,786.6036104922294,453.75405739829733,530.6755044244956,1377.581657984219,2169.9697499949507,3330.1711541259738,4583.167093048126,5164.8830158552155,4583.167093048126,3330.1711541259738,2169.9697499949507,1377.581657984219
Planes,4541.999999998217,241.33108847720374,241.33108847720374,3582.379123314749,3567.442176869349,3582.379123314749,199.4699559801737,316.74412665539717,316.74412665539717,199.4699559801737,2826.697250999817,3405.026966101391,3738.3402903096694,3405.026966101391,2826.697250999817,377.19696679943905,249.12433404510577,285.54559155538266,285.54559155538266,249.12433404510577,377.19696679943905,2209.0288321947564,2803.275377708871,3430.588460620014,3714.1046726582754,3430.588460620014,2803.275377708871,2209.0288321947564,501.5092894961002,367.68157459113866,273.54194615866015,277.07148702077313,277.07148702077313,273.54194615866015,367.68157459113866,501.5092894961002,1704.0540410187973,2204.9810536916234,2812.835237740405,3419.82510519418,3728.426010326847,3419.82510519418,2812.835237740405,2204.9810536916234,1704.0540410187973
Planes,5426.99999999787,1071.9966545254383,1071.9966545254383,3882.332528694815,4243.625850338471,3882.332528694815,992.1973086623891,1046.3560741902284,1046.3560741902284,992.1973086623891,2616.415672991335,3812.0090470949217,4298.33533866893,3812.0090470949217,2616.415672991335,854.6541915075657,1008.5001161919225,1047.264823789625,1047.264823789625,1008.5001161919225,854.6541915075657,1666.317087949046,2668.196392019663,3795.804069272548,4334.815400114156,3795.804069272548,2668.196392019663,1666.317087949046,664.4172484854208,863.5241994705501,1001.7145507183349,1045.879304584852,1045.879304584852,1001.7145507183349,863.5241994705501,664.4172484854208,1033.6948016568524,1648.7093049969321,2675.540721602878,3760.3557978055737,4360.45928606604,3760.3557978055737,2675.540721602878,1648.7093049969321,1033.6948016568524
Planes,13599.999999994663,2576.2938956924513,2576.2938956924513,4081.2627611572925,12262.190476185666,4081.2627611572925,2609.474025391292,2553.6963060960384,2553.6963060960384,2609.474025391292,1356.048231532035,4089.0870530481316,12251.60319002404,4089.0870530481316,1356.048231532035,1290.8127459002449,2614.0672392627785,2565.3137989475517,2565.3137989475517,2614.0672392627785,1290.8127459002449,1071.1678378797826,1364.7954759133283,4107.717551128533,12273.700742809471,4107.717551128533,1364.7954759133283,1071.1678378797826,929.4863747925318,1289.5883078426555,2614.8747215221792,2546.979071688241,2546.979071688241,2614.8747215221792,1289.5883078426555,929.4863747925318,750.0102599035315,1067.1627094903413,1364.9091082344084,4097.055722183316,12270.658249275926,4097.055722183316,1364.9091082344084,1067.1627094903413,750.0102599035315
Planes,5677.999999997772,729.3981760042343,729.3981760042343,3881.6293535897576,4622.761904760091,3881.6293535897576,1324.0625652229814,775.1310688701191,775.1310688701191,1324.0625652229814,2295.7988099583868,3871.3291931396807,4642.486895890323,3871.3291931396807,2295.7988099583868,1595.5960092690073,1356.7202122630695,746.9243853755413,746.9243853755413,1356.7202122630695,1595.5960092690073,1232.4172954733704,2286.6057319385473,3872.6934320419277,4646.980705561391,3872.6934320419277,2286.6057319385473,1232.4172954733704,1284.1743625758295,1610.1935369629389,1331.6809553699668,749.0809389319523,749.0809389319523,1331.6809553699668,1610.1935369629389,1284.1743625758295,649.824531909311,1197.2761333333194,2317.3798183063172,3838.9253170796096,4683.398605921927,3838.9253170796096,2317.3798183063172,1197.2761333333194,649.824531909311
Planes,509.9999999998,509.10426519677554,509.10426519677554,506.4234233499234,509.9999999998,506.4234233499234,501.976504639978,509.10426519677554,509.10426519677554,501.976504639978,495.795034942774,506.4234233499234,509.9999999998,506.4234233499234,495.795034942774,487.9227512649179,501.976504639978,509.10426519677554,509.10426519677554,501.976504639978,487.9227512649179,478.4152074777697,495.795034942774,506.4234233499234,509.9999999998,506.4234233499234,495.795034942774,478.4152074777697,467.3392744193493,487.9227512649179,501.976504639978,509.10426519677554,509.10426519677554,501.976504639978,487.9227512649179,467.3392744193493,454.77253951967555,478.4152074777697,495.795034942774,506.4234233499234,509.9999999998,506.4234233499234,495.795034942774,478.4152074777697,454.77253951967555
Planes,6083.999999997613,1569.2781538060426,1569.2781538060426,4006.240613220765,5089.818594102311,4006.240613220765,1010.9764114051519,1504.398330541922,1504.398330541922,1010.9764114051519,2212.4849250311795,3802.429581632715,5316.658799572166,3802.429581632715,2212.4849250311795,688.4646258759026,1034.3815894996596,1492.113647311572,1492.113647311572,1034.3815894996596,688.4646258759026,1709.7249609229368,2187.576738375366,3842.7882439546734,5272.375047366577,3842.7882439546734,2187.576738375366,1709.7249609229368,891.594407373595,728.7575859032653,1012.6731109906709,1495.383034609435,1495.383034609435,1012.6731109906709,728.7575859032653,891.594407373595,1492.134949356947,1720.76004066257,2175.2018988648633,3869.913682349938,5248.242717013816,3869.913682349938,2175.2018988648633,1720.76004066257,1492.134949356947
Planes,1733.9999999993197,177.92372001486407,177.92372001486407,1212.7213495495132,1423.9183673463804,1212.7213495495132,326.7860637118143,207.01049104066286,207.01049104066286,326.7860637118143,754.2648693104356,1162.5164991746567,1402.1888719201004,1162.5164991746567,754.2648693104356,351.2383793084421,303.07435153334796,249.32244051216767,249.32244051216767,303.07435153334796,351.2383793084421,409.27904311141447,735.2490676511919,1093.0140510912565,1403.5929738264927,1093.0140510912565,735.2490676511919,409.27904311141447,261.4975990157808,362.798922934971,280.22266693317044,226.5423831462568,226.5423831462568,280.22266693317044,362.798922934971,261.4975990157808,222.45564495503208,379.1010639953445,738.3390138528988,1151.7400443952208,1405.9122931478767,1151.7400443952208,738.3390138528988,379.1010639953445,222.45564495503208
Planes,1761.9999999993092,754.5918067878463,754.5918067878463,433.74905377070183,1265.927437641227,433.74905377070183,738.0918055495061,637.3234667552035,637.3234667552035,738.0918055495061,483.76457973354024,479.6264195575276,1367.2065960165555,479.6264195575276,483.76457973354024,670.9689692617042,686.6676274888684,733.4125322050587,733.4125322050587,686.6676274888684,670.9689692617042,557.6420148716045,480.02904280719855,443.29330184395627,1355.7374515509966,443.29330184395627,480.02904280719855,557.6420148716045,242.790888311156,671.5246694866403,699.3268625737682,674.8680445490221,674.8680445490221,699.3268625737682,671.5246694866403,242.790888311156,432.13614291501005,553.4031121358676,473.7807222224961,450.5810062343771,1336.2783995568839,450.5810062343771,473.7807222224961,553.4031121358676,432.13614291501005
Planes,8825.999999996538,321.1325961350648,321.1325961350648,1975.806408497986,7905.746031742931,1975.806408497986,2544.7195764604735,570.0853929562306,570.0853929562306,2544.7195764604735,3126.0606254713593,1913.2788533308162,8017.813904697056,1913.2788533308162,3126.0606254713593,840.9213356759708,2518.08349634234,554.7759742707392,554.7759742707392,2518.08349634234,840.9213356759708,153.4276330300113,3130.3517330160166,1948.8970750652766,7943.9248940001935,1948.8970750652766,3130.3517330160166,153.4276330300113,2219.496191792743,815.995747409331,2522.811526705094,533.2448265046212,533.2448265046212,2522.811526705094,815.995747409331,2219.496191792743,1089.4789182504978,153.20744785745083,3104.9276262103745,1928.7567883969277,7981.629864644002,1928.7567883969277,3104.9276262103745,153.20744785745083,1089.4789182504978
Planes,7516.999999997051,2816.656561749749,2816.656561749749,3236.154698994385,6619.3854875257475,3236.154698994385,1989.8438736143526,2722.860652019152,2722.860652019152,1989.8438736143526,2474.4320572750175,3241.072939165764,6772.534329829048,3241.072939165764,2474.4320572750175,969.6220314388962,1821.6442070343196,2750.9625517972963,2750.9625517972963,1821.6442070343196,969.6220314388962,1889.8036342224914,2476.377938757149,3272.588995374964,6666.551118579512,3272.588995374964,2476.377938757149,1889.8036342224914,181.13091875099278,928.6326981530124,1890.7032233347638,2764.8255784458597,2764.8255784458597,1890.7032233347638,928.6326981530124,181.13091875099278,1418.9475684606493,1872.6806947901823,2468.3721027831284,3280.9456202292627,6689.25612895726,3280.9456202292627,2468.3721027831284,1872.6806947901823,1418.9475684606493
Ships,29309.999999988497,5396.646866966526,5396.646866966526,11141.68367195161,28368.662131508143,11141.68367195161,2022.783317236919,5413.314432190028,5413.314432190028,2022.783317236919,3511.80423605724,10998.483254238057,28512.684992353104,10998.483254238057,3511.80423605724,4929.92447236435,1972.0498857346797,5382.779387367615,5382.779387367615,1972.0498857346797,4929.92447236435,1701.0164467998184,3543.9104468491155,11039.21661008811,28438.918565047883,11039.21661008811,3543.9104468491155,1701.0164467998184,2344.716490799736,4915.210893845641,1968.517575813394,5388.949367968973,5388.949367968973,1968.517575813394,4915.210893845641,2344.716490799736,1019.1239551808659,1684.3255690640603,3552.2271931133982,11033.618933603964,28450.660648320616,11033.618933603964,3552.2271931133982,1684.3255690640603,1019.1239551808659
Ships,27179.999999989333,6008.6793202234685,6008.6793202234685,9380.096906397488,25824.544217676943,9380.096906397488,2979.2766012164034,5991.656229294949,5991.656229294949,2979.2766012164034,1438.183436195942,9380.699289546039,25832.698968012446,9380.699289546039,1438.183436195942,397.93287942378464,2970.5077899252665,6001.388912313565,6001.388912313565,2970.5077899252665,397.93287942378464,2784.7437953651365,1439.6725039159533,9387.50439094718,25828.02621425692,9387.50439094718,1439.6725039159533,2784.7437953651365,820.608434227041,403.8776995598102,2965.880214315163,6003.94258177627,6003.94258177627,2965.880214315163,403.8776995598102,820.608434227041,2875.428347329473,2787.056948677012,1431.9662352306407,9384.005299691136,25836.490372408483,9384.005299691136,1431.9662352306407,2787.056948677012,2875.428347329473
Ships,39863.99999998436,12012.258546481922,12012.258546481922,5389.630643612458,38792.993197263684,5389.630643612458,984.0703708957734,12070.272797548507,12070.272797548507,984.0703708957734,4609.610391417139,5329.625348335383,38752.337328567024,5329.625348335383,4609.610391417139,3348.6833053280457,973.6095215918612,12117.16368973933,12117.16368973933,973.6095215918612,3348.6833053280457,431.7553832874343,4590.520957186587,5365.816159481215,38808.10466697793,5365.816159481215,4590.520957186587,431.7553832874343,1288.6866662926964,3318.0524332037307,959.4616929103297,12134.358925444623,12134.358925444623,959.4616929103297,3318.0524332037307,1288.6866662926964,2543.829851610257,442.3088293091869,4588.1699556308495,5310.425123658479,38844.48618055097,5310.425123658479,4588.1699556308495,442.3088293091869,2543.829851610257
Ships,30987.999999987842,16998.920703640393,16998.920703640393,3344.6278754954096,30978.036281166984,3344.6278754954096,6208.110646084404,16993.641744080545,16993.641744080545,6208.110646084404,5288.033673668096,3353.719971144751,30969.72051767338,3353.719971144751,5288.033673668096,1657.0812004816723,6198.573819041993,16991.717118085642,16991.717118085642,6198.573819041993,1657.0812004816723,248.57066296719506,5284.2932657101155,3356.053969807612,30969.164931837804,3356.053969807612,5284.2932657101155,248.57066296719506,1597.9795963486233,1653.0413664184832,6199.4056178718565,16992.7974301228,16992.7974301228,6199.4056178718565,1653.0413664184832,1597.9795963486233,1476.346816929418,247.06194415876985,5286.613717109066,3354.4286201682494,30971.38020244583,3354.4286201682494,5286.613717109066,247.06194415876985,1476.346816929418
Ships,4680.999999998164,3591.0380807233328,3591.0380807233328,2721.6336476215442,3995.308390021108,2721.6336476215442,2539.2951431384745,3399.410519202484,3399.410519202484,2539.2951431384745,2049.5930200233947,2731.7868598672076,4015.9282243493894,2731.7868598672076,2049.5930200233947,1911.4739146969407,2465.622947803941,3439.9354364404444,3439.9354364404444,2465.622947803941,1911.4739146969407,1633.8708980092688,2052.3750453452667,2732.9254623837237,4005.1744806188126,2732.9254623837237,2052.3750453452667,1633.8708980092688,1371.4747580253195,1875.283286161927,2500.0819010314085,3422.99971455094,3422.99971455094,2500.0819010314085,1875.283286161927,1371.4747580253195,1184.1735240918063,1629.0125420821307,2051.878037518916,2732.2893722120893,4014.7680340042552,2732.2893722120893,2051.878037518916,1629.0125420821307,1184.1735240918063
Ships,41395.99999998375,11675.103785801048,11675.103785801048,2680.847628377338,40518.33560089112,2680.847628377338,4852.736171098694,11845.23355955113,11845.23355955113,4852.736171098694,4031.7144011596106,2708.0241266395146,40554.05766114379,2708.0241266395146,4031.7144011596106,3064.8209425682912,4902.81156897076,11755.176181503139,11755.176181503139,4902.81156897076,3064.8209425682912,1516.341225716246,4098.3636077595165,2728.8297692164015,40508.51375177194,2728.8297692164015,4098.3636077595165,1516.341225716246,1899.4048142671984,3062.3421609098705,4908.964419701587,11748.466559264327,11748.466559264327,4908.964419701587,3062.3421609098705,1899.4048142671984,2723.4649912341515,1539.2486760241986,4094.123358884252,2721.2755916575325,40514.17123600886,2721.2755916575325,4094.123358884252,1539.2486760241986,2723.4649912341515
Ships,13018.999999994892,7486.307237547901,7486.307237547901,1199.5297160700213,11973.861677999837,1199.5297160700213,2009.0448185149066,7286.037380852997,7286.037380852997,2009.0448185149066,2453.779155961871,1210.3715817102393,12094.937310066674,1210.3715817102393,2453.779155961871,1995.8914125783122,2016.2207188349057,7275.666940652797,7275.666940652797,2016.2207188349057,1995.8914125783122,39.45214626392745,2438.830766288565,1186.1098044561456,12078.484071963492,1186.1098044561456,2438.830766288565,39.45214626392745,398.99810745752643,2031.2983542389638,2019.7721681143885,7302.701486824388,7302.701486824388,2019.7721681143885,2031.2983542389638,398.99810745752643,374.4001248467981,46.94352345123261,2440.0430250857685,1196.5514388683353,12062.652349136866,1196.5514388683353,2440.0430250857685,46.94352345123261,374.4001248467981
Ships,8675.999999996597,1921.6452707124588,1921.6452707124588,5201.302706624494,7888.46258503092,5201.302706624494,1095.2884923132412,1961.7853881584551,1961.7853881584551,1095.2884923132412,1240.6990837222534,5013.069526142259,8089.272988103635,5013.069526142259,1240.6990837222534,2093.2858319198576,1037.6196438650734,1990.8182286808376,1990.8182286808376,1037.6196438650734,2093.2858319198576,225.25488406305587,1229.988046771584,5065.3685151571235,8022.423208013921,5065.3685151571235,1229.988046771584,225.25488406305587,895.0984126591087,2104.2069972309832,1049.6413660414073,1983.401745992832,1983.401745992832,1049.6413660414073,2104.2069972309832,895.0984126591087,739.246105891483,252.79943831330286,1225.6493969947355,5056.827137295236,8035.567219007877,5056.827137295236,1225.6493969947355,252.79943831330286,739.246105891483
Ships,14153.999999994447,5692.623558339664,5692.623558339664,1450.1889083411786,13139.641723350855,1450.1889083411786,2840.3739120638165,5549.85670262182,5549.85670262182,2840.3739120638165,2565.717874533007,1520.4758172719,13188.671170957543,1520.4758172719,2565.717874533007,1142.1394167564733,2908.101874680447,5614.290558499174,5614.290558499174,2908.101874680447,1142.1394167564733,1455.704665915472,2555.5175464251374,1465.3033373859068,13221.635660094213,1465.3033373859068,2555.5175464251374,1455.704665915472,1074.508394219592,1166.8562579894055,2862.1329608849933,5577.883463246783,5577.883463246783,2862.1329608849933,1166.8562579894055,1074.508394219592,304.34521315859797,1491.0480580808935,2550.5431721136197,1499.1711161706885,13231.42508013509,1499.1711161706885,2550.5431721136197,1491.0480580808935,304.34521315859797
Ships,13798.999999994587,4188.407569621695,4188.407569621695,2217.883395796415,12715.448979586849,2217.883395796415,2036.361876595344,4164.3182862077165,4164.3182862077165,2036.361876595344,737.1781673385158,2243.2245034174944,12725.127076676019,2243.2245034174944,737.1781673385158,2024.622694324096,2009.1490718631378,4162.64654490443,4162.64654490443,2009.1490718631378,2024.622694324096,1230.1375878667159,691.1495497133683,2187.9590334722757,12667.272223639144,2187.9590334722757,691.1495497133683,1230.1375878667159,1816.4090628141576,1998.348178337033,1998.0860822113398,4147.234311533838,4147.234311533838,1998.0860822113398,1998.348178337033,1816.4090628141576,1290.0149656356866,1250.4635543466572,741.5475171176946,2249.623399545876,12734.431043592987,2249.623399545876,741.5475171176946,1250.4635543466572,1290.0149656356866
Ships,30327.999999988097,11354.096840178103,11354.096840178103,3672.736215594576,30018.467120169626,3672.736215594576,2623.717009689363,11313.390666493835,11313.390666493835,2623.717009689363,4338.393985176419,3650.2936077098375,29960.588767014327,3650.2936077098375,4338.393985176419,3402.998129585823,2642.8127127657235,11289.948647226815,11289.948647226815,2642.8127127657235,3402.998129585823,516.6001886477067,4350.986601794804,3627.856755132534,29928.07308264522,3627.856755132534,4350.986601794804,516.6001886477067,350.05369727327775,3403.6176377477045,2640.5057035582972,11295.580846425115,11295.580846425115,2640.5057035582972,3403.6176377477045,350.05369727327775,1260.847298628471,521.5919293403005,4348.547078541203,3642.7410043385594,29929.133855480002,3642.7410043385594,4348.547078541203,521.5919293403005,1260.847298628471
Ships,6308.999999997525,2671.730970221061,2671.730970221061,3146.001677957451,5292.564625848264,3146.001677957451,1393.0657858730015,2557.684706458711,2557.684706458711,1393.0657858730015,1178.7291922628606,3056.6273907788795,5276.684267355667,3056.6273907788795,1178.7291922628606,443.16121134329967,1405.8390800785307,2601.3132477200475,2601.3132477200475,1405.8390800785307,443.16121134329967,103.94241653856392,1151.9889076031343,3085.227944219215,5293.030360097805,3085.227944219215,1151.9889076031343,103.94241653856392,320.6460761816022,470.97765718954014,1414.4384821425383,2586.518485094316,2586.518485094316,1414.4384821425383,470.97765718954014,320.6460761816022,470.29050979689293,93.12467163760647,1160.4951511542602,3083.4256032989506,5285.05539508173,3083.4256032989506,1160.4951511542602,93.12467163760647,470.29050979689293
Ships,15325.999999993986,5966.235796513425,5966.235796513425,2347.5665575603857,14057.006802715572,2347.5665575603857,1316.3948655213624,6060.020512149948,6060.020512149948,1316.3948655213624,1627.0071128429906,2371.4247649563413,14150.057136681322,2371.4247649563413,1627.0071128429906,750.4448976442172,1271.0239738371822,6114.985632837627,6114.985632837627,1271.0239738371822,750.4448976442172,503.3567804615164,1625.2636396090509,2369.8359679427367,14158.615505760408,2369.8359679427367,1625.2636396090509,503.3567804615164,327.249003816343,748.4444630777557,1274.6818122295354,6109.962560083205,6109.962560083205,1274.6818122295354,748.4444630777557,327.249003816343,810.9814714602604,511.7851858405492,1629.2834153453668,2365.2557088403973,14143.31136492936,2365.2557088403973,1629.2834153453668,511.7851858405492,810.9814714602604
Ships,27307.999999989283,9143.06930550764,9143.06930550764,6130.884811733264,26146.35374148634,6130.884811733264,3958.6086682624323,9047.861453880902,9047.861453880902,3958.6086682624323,2546.245646623193,6114.636864773836,26130.235241478633,6114.636864773836,2546.245646623193,2294.679559442347,3960.6759280420683,9073.755994092155,9073.755994092155,3960.6759280420683,2294.679559442347,1051.8271313128564,2543.3674985977805,6117.077246718687,26144.626139744854,6117.077246718687,2543.3674985977805,1051.8271313128564,143.66279993715955,2273.5478950082916,3952.073633779721,9068.861687511451,9068.861687511451,3952.073633779721,2273.5478950082916,143.66279993715955,1292.4279334940911,1029.20590225039,2548.153896171154,6130.5378825848065,26119.01409293137,6130.5378825848065,2548.153896171154,1029.20590225039,1292.4279334940911
Ships,16211.999999993639,5052.860692302188,5052.860692302188,2760.6453043921997,15061.492063486156,2760.6453043921997,2461.9226498256526,4949.044310862577,4949.044310862577,2461.9226498256526,1729.6215589775118,2690.934057610348,15161.383374205416,2690.934057610348,1729.6215589775118,3357.920257136999,2448.3218934737597,4949.569654331392,4949.569654331392,2448.3218934737597,3357.920257136999,719.4411313314419,1727.0868899161685,2714.9775138537193,15148.468105926004,2714.9775138537193,1727.0868899161685,719.4411313314419,1177.6674810167294,3350.7767642364156,2457.987748257929,4955.378244025425,4955.378244025425,2457.987748257929,3350.7767642364156,1177.6674810167294,2066.9032488771145,736.3389370775493,1741.39090258805,2708.7087495916126,15143.127285660727,2708.7087495916126,1741.39090258805,736.3389370775493,2066.9032488771145
Ships,12448.999999995116,1599.8558672168906,1599.8558672168906,4691.734434174764,11481.108843532911,4691.734434174764,2576.744735462593,1672.1135905135404,1672.1135905135404,2576.744735462593,2242.7166661249626,4687.233356017522,11526.661591616252,4687.233356017522,2242.7166661249626,1959.341599657161,2635.7720672857226,1607.8678490104603,1607.8678490104603,2635.7720672857226,1959.341599657161,818.4831230734826,2142.9628361810105,4724.260274781756,11485.9463033033,4724.260274781756,2142.9628361810105,818.4831230734826,1786.0723712212086,1934.7449769684345,2626.158169142471,1629.7262334102732,1629.7262334102732,2626.158169142471,1934.7449769684345,1786.0723712212086,463.0194675702525,806.9725362868411,2177.982670867056,4678.252048545731,11530.967481541218,4678.252048545731,2177.982670867056,806.9725362868411,463.0194675702525
Ships,34797.99999998634,6806.5922553549735,6806.5922553549735,7649.914735835576,34060.87074828595,7649.914735835576,4144.0561676674415,6939.575498515351,6939.575498515351,4144.0561676674415,1750.6298265451294,7656.385364194961,34027.61512948516,7656.385364194961,1750.6298265451294,985.2550274449949,4094.4749533753657,6850.408901191921,6850.408901191921,4094.4749533753657,985.2550274449949,2787.087653805839,1744.8371090087946,7662.235974999409,34012.654739776044,7662.235974999409,1744.8371090087946,2787.087653805839,834.5229589206956,939.1636776639865,4090.983857878764,6870.952478758855,6870.952478758855,4090.983857878764,939.1636776639865,834.5229589206956,762.6909735455044,2778.5274309063852,1753.4497316582701,7657.321985199273,34019.466088314104,7657.321985199273,1753.4497316582701,2778.5274309063852,762.6909735455044
Ships,6385.999999997495,5222.289614505106,5222.289614505106,2501.1776623795463,6374.585034011106,2501.1776623795463,634.5643217126079,5208.39219753447,5208.39219753447,634.5643217126079,1584.9877519916283,2491.0172317466427,6356.609159761186,2491.0172317466427,1584.9877519916283,1241.8825318271918,644.8291638110167,5191.5866074985215,5191.5866074985215,644.8291638110167,1241.8825318271918,658.2294565840202,1586.40606821388,2480.4604582851343,6339.052719800477,2480.4604582851343,1586.40606821388,658.2294565840202,920.2775300878387,1239.2009310246185,652.8008221336958,5177.765817976976,5177.765817976976,652.8008221336958,1239.2009310246185,920.2775300878387,650.2157006116269,664.1968740494699,1588.459767722233,2472.5942215663263,6327.3623269408145,2472.5942215663263,1588.459767722233,664.1968740494699,650.2157006116269
Ships,37756.999999985186,17215.127501775398,17215.127501775398,2970.3512311360487,36596.42403626682,2970.3512311360487,3569.416561007132,17218.16165677323,17218.16165677323,3569.416561007132,4084.545196716638,3056.8542326289808,36676.26894656651,3056.8542326289808,4084.545196716638,4063.590890995716,3574.0756823434385,17183.92441527074,17183.92441527074,3574.0756823434385,4063.590890995716,286.83000201381293,4062.6414782670904,3057.692669317144,36689.52358964404,3057.692669317144,4062.6414782670904,286.83000201381293,2464.147240066051,4065.005153346693,3548.7788254837037,17201.248326739802,17201.248326739802,3548.7788254837037,4065.005153346693,2464.147240066051,1180.3362323262286,299.4780737378683,4088.361894585408,3041.4917667710893,36668.44047001486,3041.4917667710893,4088.361894585408,299.4780737378683,1180.3362323262286
Ships,3406.999999998664,675.6456401863848,675.6456401863848,820.6633362117707,3204.333333332077,820.6633362117707,1105.1762584878932,520.5245190353378,520.5245190353378,1105.1762584878932,701.7180803879817,796.329030344165,3084.0706649994845,796.329030344165,701.7180803879817,477.4343841630014,1101.4798872843821,498.70207786567204,498.70207786567204,1101.4798872843821,477.4343841630014,445.1364406815217,679.734260674665,811.7876005779358,3103.4731727099515,811.7876005779358,679.734260674665,445.1364406815217,303.66724029313787,486.474693239686,1083.2971358056877,522.2931115308204,522.2931115308204,1083.2971358056877,486.474693239686,303.66724029313787,432.5832223703888,441.5702776366751,677.2495573907314,809.6164118345463,3120.2622077782657,809.6164118345463,677.2495573907314,441.5702776366751,432.5832223703888
Ships,46817.99999998163,13172.522380923689,13172.522380923689,4860.235012383832,45585.80498864424,4860.235012383832,4690.317615328264,13041.46221092106,13041.46221092106,4690.317615328264,6441.434144633415,4795.266094454607,45648.8486895713,4795.266094454607,6441.434144633415,2684.919725198462,4673.790909380484,13039.74256376952,13039.74256376952,4673.790909380484,2684.919725198462,1615.8848259448257,6480.493255902659,4815.879630761223,45618.492790626085,4815.879630761223,6480.493255902659,1615.8848259448257,863.8467677033758,2654.0546505706407,4690.3201546945265,13061.823389795878,13061.823389795878,4690.3201546945265,2654.0546505706407,863.8467677033758,1626.3066126821122,1593.7915841482413,6455.5155168686315,4815.282209969301,45614.63099907225,4815.282209969301,6455.5155168686315,1593.7915841482413,1626.3066126821122
Ships,87.9999999999655,86.23682317795394,86.23682317795394,81.0746003519421,87.9999999999655,81.0746003519421,72.8856885369945,86.23682317795394,86.23682317795394,72.8856885369945,62.260473268956076,81.0746003519421,87.9999999999655,81.0746003519421,62.260473268956076,49.96897576482382,72.8856885369945,86.23682317795394,86.23682317795394,72.8856885369945,49.96897576482382,36.92781749428746,62.260473268956076,81.0746003519421,87.9999999999655,81.0746003519421,62.260473268956076,36.92781749428746,24.23475147307523,49.96897576482382,72.8856885369945,86.23682317795394,86.23682317795394,72.8856885369945,49.96897576482382,24.23475147307523,13.62604718027448,36.92781749428746,62.260473268956076,81.0746003519421,87.9999999999655,81.0746003519421,62.260473268956076,36.92781749428746,13.62604718027448
Ships,7073.999999997224,1371.1402195600674,1371.1402195600674,3305.7040854241723,5737.138321993214,3305.7040854241723,989.3842805295656,1336.9372061636645,1336.9372061636645,989.3842805295656,1479.6963291581203,3287.8022697679007,5755.922840789388,3287.8022697679007,1479.6963291581203,651.0080596786046,994.8702274526844,1339.937314173409,1339.937314173409,994.8702274526844,651.0080596786046,748.8037444113315,1476.0922422317517,3292.1361298782235,5754.724395869628,3292.1361298782235,1476.0922422317517,748.8037444113315,313.94202493517844,655.7344208260046,994.1440166196708,1336.768007131506,1336.768007131506,994.1440166196708,655.7344208260046,313.94202493517844,377.46359886677624,739.2705803107681,1480.1786583427206,3284.5626697036823,5764.295421189546,3284.5626697036823,1480.1786583427206,739.2705803107681,377.46359886677624
Ships,13799.999999994587,6079.294643379063,6079.294643379063,3790.745528737975,12598.884353736554,3790.745528737975,2775.006054642818,5946.250575069336,5946.250575069336,2775.006054642818,1930.6372295732472,3697.0452248002043,12675.21551205019,3697.0452248002043,1930.6372295732472,1373.4990106025916,2821.1872255114445,5913.133624108903,5913.133624108903,2821.1872255114445,1373.4990106025916,1302.6229647332552,1938.8095952637416,3688.342533568356,12688.287551299809,3688.342533568356,1938.8095952637416,1302.6229647332552,855.0328194402493,1370.572596239782,2809.0259377942552,5920.833597448451,5920.833597448451,2809.0259377942552,1370.572596239782,855.0328194402493,725.9435500070998,1321.8978362924763,1923.5432487507496,3708.615535637648,12666.793296327483,3708.615535637648,1923.5432487507496,1321.8978362924763,725.9435500070998
Ships,52392.99999997944,9597.28583792051,9597.28583792051,5328.20811368288,51261.24943308646,5328.20811368288,897.334563772022,9573.256767283377,9573.256767283377,897.334563772022,6948.480092390464,5264.411381928837,51257.82829683151,5264.411381928837,6948.480092390464,3468.582306987517,952.2152317123084,9599.760759633782,9599.760759633782,952.2152317123084,3468.582306987517,2025.828968538554,6930.922713223011,5267.825097233757,51248.62522124879,5267.825097233757,6930.922713223011,2025.828968538554,733.7715698913299,3443.6066618282607,922.105132585529,9617.18692132956,9617.18692132956,922.105132585529,3443.6066618282607,733.7715698913299,1832.0960124695118,2032.1138795497789,6930.151580765561,5265.0178063689755,51255.328090563926,5265.0178063689755,6930.151580765561,2032.1138795497789,1832.0960124695118
Ships,20588.999999991924,4844.512147334183,4844.512147334183,4018.423519214922,19223.494331058217,4018.423519214922,3778.7342921608893,4840.5601707752685,4840.5601707752685,3778.7342921608893,1601.3652899826875,4015.3526257102894,19224.608558154952,4015.3526257102894,1601.3652899826875,2682.6690142276652,3779.336838965262,4841.606968090953,4841.606968090953,3779.336838965262,2682.6690142276652,664.2293507828853,1604.1364614351469,4022.364054298993,19219.06526634629,4022.364054298993,1604.1364614351469,664.2293507828853,493.6977629194401,2681.340242841724,3781.1719847997147,4841.236617973479,4841.236617973479,3781.1719847997147,2681.340242841724,493.6977629194401,1663.765355781058,661.4012546653064,1600.6906581928054,4017.6002583529844,19224.120030699858,4017.6002583529844,1600.6906581928054,661.4012546653064,1663.765355781058
Ships,13242.999999994805,2826.666727556131,2826.666727556131,2104.1499508454176,12332.619047614211,2104.1499508454176,1100.032970975359,2835.3535355639747,2835.3535355639747,1100.032970975359,1553.734810042662,2052.301439788773,12365.640566425805,2052.301439788773,1553.734810042662,218.07256891801924,1124.8928386923835,2802.4163040166623,2802.4163040166623,1124.8928386923835,218.07256891801924,423.4813122048317,1565.7367206018773,2095.845763679083,12333.274589678425,2095.845763679083,1565.7367206018773,423.4813122048317,594.5834445214332,196.2712339778487,1129.0652649904675,2819.3316513839036,2819.3316513839036,1129.0652649904675,196.2712339778487,594.5834445214332,356.3916408531884,421.45733219668824,1555.16702276534,2115.0628819901563,12339.659263677633,2115.0628819901563,1555.16702276534,421.45733219668824,356.3916408531884
Ships,856.9999999996639,745.7355294239128,745.7355294239128,592.9343660506805,820.4285714282497,592.9343660506805,520.6083638561353,741.0078658694409,741.0078658694409,520.6083638561353,465.6828140364528,593.8716825340392,837.1366097456109,593.8716825340392,465.6828140364528,422.4713951856674,515.5560736456869,740.4551723965388,740.4551723965388,515.5560736456869,422.4713951856674,342.3788865975055,468.07722868518783,591.2309631073025,818.7978401048645,591.2309631073025,468.07722868518783,342.3788865975055,215.06624290765652,425.82470271227,520.6079606336656,737.6938410065503,737.6938410065503,520.6079606336656,425.82470271227,215.06624290765652,187.70007954538136,342.70348412528443,468.1766968728081,594.7397341626414,835.0526810643953,594.7397341626414,468.1766968728081,342.70348412528443,187.70007954538136
Ships,8590.999999996631,2238.1658086322927,2238.1658086322927,4280.639700613592,7360.700680269223,4280.639700613592,1637.28206805746,2091.933220104505,2091.933220104505,1637.28206805746,2589.322170193701,4189.776080821294,7442.656377740923,4189.776080821294,2589.322170193701,1075.6733690438084,1666.5435998916798,2071.4492345045715,2071.4492345045715,1666.5435998916798,1075.6733690438084,1770.3476500346342,2595.869827643326,4205.741884778575,7424.389936310054,4205.741884778575,2595.869827643326,1770.3476500346342,573.1990284459633,1074.7813551703111,1648.5292722709582,2092.964424074013,2092.964424074013,1648.5292722709582,1074.7813551703111,573.1990284459633,1406.247785770159,1760.724608261191,2588.839661308693,4211.492561695865,7417.68212490065,4211.492561695865,2588.839661308693,1760.724608261191,1406.247785770159
Ships,5750.999999997743,4385.642318777658,4385.642318777658,1364.1626035821603,5750.999999997743,1364.1626035821603,1612.3901049905685,4385.642318777658,4385.642318777658,1612.3901049905685,2189.1227491202826,1364.1626035821603,5750.999999997743,1364.1626035821603,2189.1227491202826,908.1664191780145,1612.3901049905685,4385.642318777658,4385.642318777658,1612.3901049905685,908.1664191780145,1170.284037788251,2189.1227491202826,1364.1626035821603,5750.999999997743,1364.1626035821603,2189.1227491202826,1170.284037788251,1839.9263742443225,908.1664191780145,1612.3901049905685,4385.642318777658,4385.642318777658,1612.3901049905685,908.1664191780145,1839.9263742443225,1132.2347057360369,1170.284037788251,2189.1227491202826,1364.1626035821603,5750.999999997743,1364.1626035821603,2189.1227491202826,1170.284037788251,1132.2347057360369
Ships,39443.999999984524,16715.48673710706,16715.48673710706,3401.955446550467,38453.990929690124,3401.955446550467,4978.090591511603,16643.016861921908,16643.016861921908,4978.090591511603,3763.369560483928,3338.277228313409,38403.388341262485,3338.277228313409,3763.369560483928,2668.8341133159443,5017.419790141641,16681.51607970309,16681.51607970309,5017.419790141641,2668.8341133159443,730.3443761509296,3786.84475975003,3396.2424530081676,38457.61951515454,3396.2424530081676,3786.84475975003,730.3443761509296,1903.2720548397451,2630.217685668219,5017.565057705702,16670.44534509666,16670.44534509666,5017.565057705702,2630.217685668219,1903.2720548397451,1662.8012877478507,729.3380463819663,3765.8514829005194,3356.5778855499584,38411.52868943281,3356.5778855499584,3765.8514829005194,729.3380463819663,1662.8012877478507
Ships,1646.999999999354,1127.7641942260698,1127.7641942260698,693.7975545805328,944.6507936504232,693.7975545805328,495.4089685980686,890.8019416815736,890.8019416815736,495.4089685980686,366.8976164354206,685.0042691395607,1049.444105079262,685.0042691395607,366.8976164354206,226.39334905333556,451.90385057278604,933.8069479800363,933.8069479800363,451.90385057278604,226.39334905333556,142.8722384352485,334.640841277204,688.3844821432209,1024.500198755235,688.3844821432209,334.640841277204,142.8722384352485,121.05809264714453,211.80515724283825,498.44646610437434,911.5765589327721,911.5765589327721,498.44646610437434,211.80515724283825,121.05809264714453,89.3535015984011,122.62994808547622,336.32520220214224,683.6969599776718,1029.762428564363,683.6969599776718,336.32520220214224,122.62994808547622,89.3535015984011
Ships,3853.999999998488,3478.9967465321497,3478.9967465321497,3031.6375548558367,3291.6507936495027,3031.6375548558367,2567.53262883882,3191.521967286809,3191.521967286809,2567.53262883882,2118.9193099258637,2976.12172203166,3349.8655498467433,2976.12172203166,2118.9193099258637,1703.5837966577246,2607.151174636094,3258.7094678209464,3258.7094678209464,2607.151174636094,1703.5837966577246,1332.5811287126585,2152.5892628580646,2968.6702357373697,3327.187094282696,2968.6702357373697,2152.5892628580646,1332.5811287126585,1009.3860779809187,1708.438179182525,2568.0132752831537,3236.85534128095,3236.85534128095,2568.0132752831537,1708.438179182525,1009.3860779809187,735.5144789923261,1322.4692061829737,2139.3329546236314,2971.0240946615977,3362.8962132989095,2971.0240946615977,2139.3329546236314,1322.4692061829737,735.5144789923261
Ships,47168.99999998149,11419.479437387576,11419.479437387576,5324.858663047703,46373.117913814,5324.858663047703,1642.146148446679,11387.809112181161,11387.809112181161,1642.146148446679,7727.858830703001,5253.07405521079,46264.66600334464,5253.07405521079,7727.858830703001,2291.673451373534,1690.787683152634,11381.90242155928,11381.90242155928,1690.787683152634,2291.673451373534,1521.3777336248252,7700.448709887087,5282.267207366364,46285.70966808027,5282.267207366364,7700.448709887087,1521.3777336248252,981.3219015526589,2330.050168721845,1660.6989030731056,11404.032333680341,11404.032333680341,1660.6989030731056,2330.050168721845,981.3219015526589,2415.8465015048346,1521.4301166874118,7723.345170684363,5257.229787141633,46267.14728457629,5257.229787141633,7723.345170684363,1521.4301166874118,2415.8465015048346
Ships,42687.99999998325,8934.184130550933,8934.184130550933,8319.010848010927,41726.77551018771,8319.010848010927,549.4277598583454,8757.81229691541,8757.81229691541,549.4277598583454,5912.6364795417285,8350.28008116441,41698.630879092656,8350.28008116441,5912.6364795417285,1544.5739186695484,497.2988391585967,8791.083290955397,8791.083290955397,497.2988391585967,1544.5739186695484,1312.672982336863,5916.131514172534,8317.232297486142,41706.292209561354,8317.232297486142,5916.131514172534,1312.672982336863,842.5090065571476,1543.2186005765311,530.1642417697635,8769.223491383387,8769.223491383387,530.1642417697635,1543.2186005765311,842.5090065571476,4157.551143159445,1312.2504751414458,5920.096311114329,8338.673593860867,41727.34040685446,8338.673593860867,5920.096311114329,1312.2504751414458,4157.551143159445
Ships,8437.99999999669,7581.016633545181,7581.016633545181,5362.129020778222,8437.99999999669,5362.129020778222,2624.9243791471745,7581.016633545181,7581.016633545181,2624.9243791471745,641.240229853722,5362.129020778222,8437.99999999669,5362.129020778222,641.240229853722,1274.3170336380283,2624.9243791471745,7581.016633545181,7581.016633545181,2624.9243791471745,1274.3170336380283,1421.1259351242065,641.240229853722,5362.129020778222,8437.99999999669,5362.129020778222,641.240229853722,1421.1259351242065,867.6378884722818,1274.3170336380283,2624.9243791471745,7581.016633545181,7581.016633545181,2624.9243791471745,1274.3170336380283,867.6378884722818,247.92390087931867,1421.1259351242065,641.240229853722,5362.129020778222,8437.99999999669,5362.129020778222,641.240229853722,1421.1259351242065,247.92390087931867
Ships,4323.999999998305,3556.534029828137,3556.534029828137,1887.263347139667,4284.190476188796,1887.263347139667,730.4774482975004,3519.0568277888865,3519.0568277888865,730.4774482975004,598.1614356812074,1865.6381979227895,4252.346460578029,1865.6381979227895,598.1614356812074,165.2179201844049,709.5099061045875,3504.5710595405453,3504.5710595405453,709.5099061045875,165.2179201844049,366.63350058284027,582.2428002621948,1865.3091500966882,4247.539319492567,1865.3091500966882,582.2428002621948,366.63350058284027,451.43856115461983,173.8026737597249,714.0874846550482,3506.0202822168494,3506.0202822168494,714.0874846550482,173.8026737597249,451.43856115461983,267.57161267146626,357.21695741099796,590.8158422771012,1866.1435171790615,4248.404986223457,1866.1435171790615,590.8158422771012,357.21695741099796,267.57161267146626
Ships,915.9999999996407,902.4520786639077,902.4520786639077,862.7715678791955,915.9999999996407,862.7715678791955,799.7863561486829,902.4520786639077,902.4520786639077,799.7863561486829,718.0137381090552,862.7715678791955,915.9999999996407,862.7715678791955,718.0137381090552,623.4036355125659,799.7863561486829,902.4520786639077,902.4520786639077,799.7863561486829,623.4036355125659,523.0542239633252,718.0137381090552,862.7715678791955,915.9999999996407,862.7715678791955,718.0137381090552,523.0542239633252,424.9658844601759,623.4036355125659,799.7863561486829,902.4520786639077,902.4520786639077,799.7863561486829,623.4036355125659,424.9658844601759,337.828470885927,523.0542239633252,718.0137381090552,862.7715678791955,915.9999999996407,862.7715678791955,718.0137381090552,523.0542239633252,337.828470885927
Ships,1034.9999999995941,891.626889213305,891.626889213305,519.5635268432969,1034.9999999995941,519.5635268432969,71.16383857540517,891.626889213305,891.626889213305,71.16383857540517,299.1522453568773,519.5635268432969,1034.9999999995941,519.5635268432969,299.1522453568773,449.16255327547043,71.16383857540517,891.626889213305,891.626889213305,71.16383857540517,449.16255327547043,364.06270815483276,299.1522453568773,519.5635268432969,1034.9999999995941,519.5635268432969,299.1522453568773,364.06270815483276,120.66947095895222,449.16255327547043,71.16383857540517,891.626889213305,891.626889213305,71.16383857540517,449.16255327547043,120.66947095895222,147.04061623840275,364.06270815483276,299.1522453568773,519.5635268432969,1034.9999999995941,519.5635268432969,299.1522453568773,364.06270815483276,147.04061623840275
Ships,8223.999999996773,4680.118096664145,4680.118096664145,1407.1806275269767,7209.99546484978,1407.1806275269767,1364.3690460956702,4722.271004752234,4722.271004752234,1364.3690460956702,1139.9038951422776,1437.921887280428,7221.080845940987,1437.921887280428,1139.9038951422776,535.2607791057201,1281.955899066217,4635.493982949622,4635.493982949622,1281.955899066217,535.2607791057201,598.9611270225208,1155.4748044210733,1442.7825218343708,7253.465811841437,1442.7825218343708,1155.4748044210733,598.9611270225208,211.7464558101151,518.2716704609401,1282.4417118088572,4662.4977610229,4662.4977610229,1282.4417118088572,518.2716704609401,211.7464558101151,492.9705259877894,595.35832100068,1154.6388477205276,1437.8259758041359,7252.141912138719,1437.8259758041359,1154.6388477205276,595.35832100068,492.9705259877894
Ships,4181.999999998359,3646.7266021700098,3646.7266021700098,2363.4783297372187,4181.999999998359,2363.4783297372187,1252.2222852283614,3646.7266021700098,3646.7266021700098,1252.2222852283614,1195.4582759766474,2363.4783297372187,4181.999999998359,2363.4783297372187,1195.4582759766474,1144.8089081622277,1252.2222852283614,3646.7266021700098,3646.7266021700098,1252.2222852283614,1144.8089081622277,605.2553811101775,1195.4582759766474,2363.4783297372187,4181.999999998359,2363.4783297372187,1195.4582759766474,605.2553811101775,140.3429140392186,1144.8089081622277,1252.2222852283614,3646.7266021700098,3646.7266021700098,1252.2222852283614,1144.8089081622277,140.3429140392186,493.94998773101804,605.2553811101775,1195.4582759766474,2363.4783297372187,4181.999999998359,2363.4783297372187,1195.4582759766474,605.2553811101775,493.94998773101804
Ships,1532.9999999993988,426.1225563294446,426.1225563294446,316.69428755380204,579.9795918365073,316.69428755380204,77.44125095044441,265.62722313775504,265.62722313775504,77.44125095044441,207.55373979521437,224.62236191867197,687.6500069412825,224.62236191867197,207.55373979521437,60.20899197403199,125.97678604239415,228.4464808422283,228.4464808422283,125.97678604239415,60.20899197403199,141.0792010804565,164.94107736223697,264.9742317915198,649.5019413432276,264.9742317915198,164.94107736223697,141.0792010804565,58.87851057446183,67.96389445792381,80.70843529706121,256.9763193197969,256.9763193197969,80.70843529706121,67.96389445792381,58.87851057446183,102.73941244901806,125.75232200456423,178.761071076301,251.15923902017926,653.0335123111186,251.15923902017926,178.761071076301,125.75232200456423,102.73941244901806
Ships,4814.999999998112,3986.586526680697,3986.586526680697,2756.4924986412057,4651.970521540125,2756.4924986412057,1905.8537092504937,3953.682639979207,3953.682639979207,1905.8537092504937,954.6388454403631,2744.7506905796095,4679.7343236596025,2744.7506905796095,954.6388454403631,392.98611226256264,1887.6838814345099,3955.0432718785614,3955.0432718785614,1887.6838814345099,392.98611226256264,338.4372383849667,978.9782142561041,2750.947021289888,4663.344126042999,2750.947021289888,978.9782142561041,338.4372383849667,710.7148161762178,413.0377118056817,1903.9244506642935,3951.207097654067,3951.207097654067,1903.9244506642935,413.0377118056817,710.7148161762178,1032.1181403270527,338.1324985671778,964.3666648591114,2740.700775520004,4673.277070631088,2740.700775520004,964.3666648591114,338.1324985671778,1032.1181403270527
Ships,949.9999999996273,938.5960081393584,938.5960081393584,905.0143381861136,949.9999999996273,905.0143381861136,851.1102847438539,938.5960081393584,938.5960081393584,851.1102847438539,779.8615448800007,905.0143381861136,949.9999999996273,905.0143381861136,779.8615448800007,695.211869668208,851.1102847438539,938.5960081393584,938.5960081393584,851.1102847438539,695.211869668208,601.884421612372,779.8615448800007,905.0143381861136,949.9999999996273,905.0143381861136,779.8615448800007,601.884421612372,505.20142756660334,695.211869668208,851.1102847438539,938.5960081393584,938.5960081393584,851.1102847438539,695.211869668208,505.20142756660334,410.962604498208,601.884421612372,779.8615448800007,905.0143381861136,949.9999999996273,905.0143381861136,779.8615448800007,601.884421612372,410.962604498208
Ships,3027.999999998812,1612.1730660433254,1612.1730660433254,229.60644761717015,2288.975056688445,229.60644761717015,735.0641052140808,1277.6068464576729,1277.6068464576729,735.0641052140808,646.6789358801298,220.60207833096013,2310.8237000006366,220.60207833096013,646.6789358801298,215.73094336408118,721.5322099536892,1355.7134253310094,1355.7134253310094,721.5322099536892,215.73094336408118,362.3760131109224,627.5514425016011,237.93573651431876,2311.321087004999,237.93573651431876,627.5514425016011,362.3760131109224,363.72115109409435,193.05943218197797,719.1789288256822,1319.4570518375485,1319.4570518375485,719.1789288256822,193.05943218197797,363.72115109409435,232.71765419426075,350.7704491250803,635.8111996735429,233.0913104059718,2316.5693335300775,233.0913104059718,635.8111996735429,350.7704491250803,232.71765419426075
Ships,6609.999999997407,1562.4677489038677,1562.4677489038677,2251.842980740319,5621.736961449043,2251.842980740319,1879.6773667622385,1426.7976955229028,1426.7976955229028,1879.6773667622385,820.5926519193729,2286.023940462019,5641.950452741243,2286.023940462019,820.5926519193729,1152.6590429471703,1846.736838890911,1434.633708503724,1434.633708503724,1846.736838890911,1152.6590429471703,206.94056930832824,836.1327073220332,2306.6857211584393,5606.67974998906,2306.6857211584393,836.1327073220332,206.94056930832824,658.5796096604968,1154.618752321514,1849.4175729427998,1469.214138709787,1469.214138709787,1849.4175729427998,1154.618752321514,658.5796096604968,82.26737300039882,215.0233655184543,821.3532255175018,2297.0846718250727,5631.799237010796,2297.0846718250727,821.3532255175018,215.0233655184543,82.26737300039882
Ships,3709.999999998545,2142.7675518283345,2142.7675518283345,987.7227305238573,2743.7868480714865,987.7227305238573,669.4386281726348,2005.2171652005584,2005.2171652005584,669.4386281726348,162.63711982452145,919.1516323877838,2889.42925015698,919.1516323877838,162.63711982452145,329.1907646121121,636.9185612335631,1976.2390509125535,1976.2390509125535,636.9185612335631,329.1907646121121,589.1374693108552,147.03052344910336,941.7070375445686,2857.4585075370715,941.7070375445686,147.03052344910336,589.1374693108552,249.34808268058907,320.90837772392706,660.4809320727477,1997.6758945952602,1997.6758945952602,660.4809320727477,320.90837772392706,249.34808268058907,228.93861419409362,563.4263796523329,152.82176962799608,946.8538141075244,2857.5037502508403,946.8538141075244,152.82176962799608,563.4263796523329,228.93861419409362
Ships,14509.999999994307,6043.383837352516,6043.383837352516,2907.0495031271125,13874.36281178594,2907.0495031271125,3056.0091180788545,5734.872779778613,5734.872779778613,3056.0091180788545,740.1377403089764,2886.6321328090935,13887.474077153758,2886.6321328090935,740.1377403089764,751.8839204701057,2968.4603129327047,5832.529025479809,5832.529025479809,2968.4603129327047,751.8839204701057,415.3204533232248,724.1823160980075,2876.9249385576773,13900.947866273818,2876.9249385576773,724.1823160980075,415.3204533232248,742.1435911330184,693.9037067424867,3014.8272049601487,5791.732237993318,5791.732237993318,3014.8272049601487,693.9037067424867,742.1435911330184,755.557280020359,417.8355741172466,713.7674966449148,2891.110801885583,13887.28561772958,2891.110801885583,713.7674966449148,417.8355741172466,755.557280020359
Ships,3031.9999999988113,384.5209644513598,384.5209644513598,1697.6701278568598,2457.4739229015304,1697.6701278568598,473.0467244302147,459.7800157830145,459.7800157830145,473.0467244302147,1102.2787085649522,1643.1612297261513,2461.2165301485093,1643.1612297261513,1102.2787085649522,718.7329083029684,495.17348303028325,422.77056159317834,422.77056159317834,495.17348303028325,718.7329083029684,495.8849015163727,1095.5319889238162,1620.8899936880964,2519.692306078705,1620.8899936880964,1095.5319889238162,495.8849015163727,442.35493466834134,693.5474817806104,508.0119829386239,439.4368214658861,439.4368214658861,508.0119829386239,693.5474817806104,442.35493466834134,107.99927159469634,499.8358788612541,1082.1763291019317,1619.7419106409445,2518.6194577816823,1619.7419106409445,1082.1763291019317,499.8358788612541,107.99927159469634
Ships,35576.999999986045,5423.331240142063,5423.331240142063,554.9973350251191,35567.9659863806,554.9973350251191,2355.6999614043193,5423.686726607597,5423.686726607597,2355.6999614043193,7256.428434791998,562.0134995476888,35555.55708268307,562.0134995476888,7256.428434791998,1676.546775676429,2343.865554623839,5424.825715152174,5424.825715152174,2343.865554623839,1676.546775676429,1202.6623198132834,7263.003457114666,566.4044256666026,35546.399168405944,566.4044256666026,7263.003457114666,1202.6623198132834,1791.4560434018408,1687.2777860293515,2337.4130124953776,5426.661771703308,5426.661771703308,2337.4130124953776,1687.2777860293515,1791.4560434018408,2697.5319782681713,1205.1651605301035,7263.942168928292,566.7476512211093,35543.21950608195,566.7476512211093,7263.942168928292,1205.1651605301035,2697.5319782681713
Ships,888.9999999996513,884.3177107048816,884.3177107048816,870.385380005435,888.9999999996513,870.385380005435,847.5446324756175,884.3177107048816,884.3177107048816,847.5446324756175,816.3584038847548,870.385380005435,888.9999999996513,870.385380005435,816.3584038847548,777.6019454261575,847.5446324756175,884.3177107048816,884.3177107048816,847.5446324756175,777.6019454261575,732.2516103113353,816.3584038847548,870.385380005435,888.9999999996513,870.385380005435,816.3584038847548,732.2516103113353,681.4729367022306,777.6019454261575,847.5446324756175,884.3177107048816,884.3177107048816,847.5446324756175,777.6019454261575,681.4729367022306,626.6101490763679,732.2516103113353,816.3584038847548,870.385380005435,888.9999999996513,870.385380005435,816.3584038847548,732.2516103113353,626.6101490763679
Ships,5646.9999999977845,3443.162921877508,3443.162921877508,772.1163878908661,5179.517006800688,772.1163878908661,555.6202933982642,3370.0694927744216,3370.0694927744216,555.6202933982642,1051.4085019294494,816.1552947827954,5339.4652382474,816.1552947827954,1051.4085019294494,1249.8955269338776,575.2204635028381,3424.3855577308195,3424.3855577308195,575.2204635028381,1249.8955269338776,1327.1672352768762,1086.8066091576204,788.6904157808829,5267.248121747545,788.6904157808829,1086.8066091576204,1327.1672352768762,930.7110280303922,1258.9193002359434,574.2837401905084,3375.5662588572313,3375.5662588572313,574.2837401905084,1258.9193002359434,930.7110280303922,478.5092195615298,1298.1918693128507,1074.44550247306,811.203202711064,5301.983613303061,811.203202711064,1074.44550247306,1298.1918693128507,478.5092195615298
Ships,68.99999999997294,68.93705310837872,68.93705310837872,68.74842302252931,68.99999999997294,68.74842302252931,68.43474068116306,68.93705310837872,68.93705310837872,68.43474068116306,67.99705489256087,68.74842302252931,68.99999999997294,68.74842302252931,67.99705489256087,67.43682821384908,68.43474068116306,68.93705310837872,68.93705310837872,68.43474068116306,67.43682821384908,66.7559312094704,67.99705489256087,68.74842302252931,68.99999999997294,68.74842302252931,67.99705489256087,66.7559312094704,65.95663511625519,67.43682821384908,68.43474068116306,68.93705310837872,68.93705310837872,68.43474068116306,67.43682821384908,65.95663511625519,65.04160295035558,66.7559312094704,67.99705489256087,68.74842302252931,68.99999999997294,68.74842302252931,67.99705489256087,66.7559312094704,65.04160295035558
Ships,5427.999999997871,905.7131681385041,905.7131681385041,3039.1861112884085,4139.224489794295,3039.1861112884085,984.7891168115251,814.8041230758242,814.8041230758242,984.7891168115251,1259.1062860835866,2968.283896815127,4227.480648493567,2968.283896815127,1259.1062860835866,778.6799932343816,1018.9601748700313,766.6897283501042,766.6897283501042,1018.9601748700313,778.6799932343816,151.20112206369018,1268.7886930242657,2951.149006502696,4248.520518467392,2951.149006502696,1268.7886930242657,151.20112206369018,448.56168708019527,779.946699915404,1015.1819194333541,771.5416893075974,771.5416893075974,1015.1819194333541,779.946699915404,448.56168708019527,243.628523772788,134.02197834834914,1261.8937612083273,2962.5459788945946,4232.430781631227,2962.5459788945946,1261.8937612083273,134.02197834834914,243.628523772788
Ships,23257.999999990876,12332.464390778236,12332.464390778236,2361.8227455697606,22631.079365070484,2361.8227455697606,3480.9502512277745,12336.962228980008,12336.962228980008,3480.9502512277745,2924.3299832636467,2379.45223148312,22578.638067463027,2379.45223148312,2924.3299832636467,745.6779906009365,3464.6781186963008,12356.856404116974,12356.856404116974,3464.6781186963008,745.6779906009365,1400.3270970210776,2941.71666808534,2378.373283713077,22572.59795724282,2378.373283713077,2941.71666808534,1400.3270970210776,865.1048231327073,738.7638527197329,3486.7170912225465,12336.246201672593,12336.246201672593,3486.7170912225465,738.7638527197329,865.1048231327073,503.8347189050249,1414.1849140135919,2922.7980212093385,2374.7445925999154,22595.849072409394,2374.7445925999154,2922.7980212093385,1414.1849140135919,503.8347189050249
Ships,17383.99999999318,5199.450649911846,5199.450649911846,624.3435992471549,16950.331065752987,624.3435992471549,2242.1810310246683,5214.669772567278,5214.669772567278,2242.1810310246683,2082.107661947464,593.0131887567679,16873.351288808226,593.0131887567679,2082.107661947464,2167.535942377558,2230.3646932549877,5191.705156509305,5191.705156509305,2230.3646932549877,2167.535942377558,476.5432269201716,2024.8680839091455,606.655440552354,16923.640396135328,606.655440552354,2024.8680839091455,476.5432269201716,982.7178441424439,2128.426824526309,2275.3269432490906,5209.867187717218,5209.867187717218,2275.3269432490906,2128.426824526309,982.7178441424439,221.69538681202133,450.06966563940193,2076.4178721202707,589.8686850922346,16884.59574888388,589.8686850922346,2076.4178721202707,450.06966563940193,221.69538681202133
Ships,16511.99999999352,5004.722007683218,5004.722007683218,3069.089814787499,15231.251700674296,3069.089814787499,2258.52566946819,4954.219664602593,4954.219664602593,2258.52566946819,2761.3293585937417,3081.244738967921,15269.471485640423,3081.244738967921,2761.3293585937417,2016.3988670536232,2271.4469857080735,4940.000253206332,4940.000253206332,2271.4469857080735,2016.3988670536232,249.8778836818535,2765.6097131460665,3052.6182875393674,15259.612571279591,3052.6182875393674,2765.6097131460665,249.8778836818535,1583.813790329296,2029.7736640874323,2237.2401450450743,4935.582084275517,4935.582084275517,2237.2401450450743,2029.7736640874323,1583.813790329296,624.2919859363643,242.9025387543001,2789.325898562859,3054.533528147335,15285.191255396403,3054.533528147335,2789.325898562859,242.9025387543001,624.2919859363643
Ships,11628.999999995438,4105.043533509474,4105.043533509474,4400.4966098588375,10465.32653060814,4400.4966098588375,3706.9144130415357,4055.9365039605664,4055.9365039605664,3706.9144130415357,1260.8595995698693,4409.096767505945,10473.049855765865,4409.096767505945,1260.8595995698693,2231.644710814431,3721.3435757484954,4018.6698329223054,4018.6698329223054,3721.3435757484954,2231.644710814431,201.4684434356933,1226.5125830289198,4420.201838896796,10498.411080392068,4420.201838896796,1226.5125830289198,201.4684434356933,1007.871738123682,2266.9863743068195,3706.01677788665,4034.06647358104,4034.06647358104,3706.01677788665,2266.9863743068195,1007.871738123682,488.7241407289656,204.03551520939723,1222.6391782527662,4398.706474066333,10499.163278008022,4398.706474066333,1222.6391782527662,204.03551520939723,488.7241407289656
Ships,45137.99999998228,11032.499339952503,11032.499339952503,2532.5110469113383,44726.426303837325,2532.5110469113383,4013.205486017969,10878.721329914786,10878.721329914786,4013.205486017969,8607.691182522283,2408.593273463395,44789.034352952636,2408.593273463395,8607.691182522283,1434.8085187570914,4023.2319778827004,10912.872157571479,10912.872157571479,4023.2319778827004,1434.8085187570914,908.0488032405465,8629.27734102678,2449.759857927787,44759.10007137309,2449.759857927787,8629.27734102678,908.0488032405465,1406.8012927799941,1434.1621168298313,4009.4366478439006,10914.274116936605,10914.274116936605,4009.4366478439006,1434.1621168298313,1406.8012927799941,2220.3402099614905,900.7913975886257,8637.895093284033,2444.6271616731733,44771.81494582226,2444.6271616731733,8637.895093284033,900.7913975886257,2220.3402099614905
Ships,8241.999999996768,1359.6522126096613,1359.6522126096613,3418.053332647491,7140.458049883821,3418.053332647491,682.721287453,1321.3579028631316,1321.3579028631316,682.721287453,1161.5503742385556,3447.581542506765,7153.993521215206,3447.581542506765,1161.5503742385556,1130.5246431283235,718.1619612114257,1340.8402547482892,1340.8402547482892,718.1619612114257,1130.5246431283235,790.110005014181,1133.3668776330794,3433.4128138747406,7141.782937831125,3433.4128138747406,1133.3668776330794,790.110005014181,1181.5348021976208,1137.6787511763002,694.530544044748,1339.624784876561,1339.624784876561,694.530544044748,1137.6787511763002,1181.5348021976208,441.2039801878388,775.2391996924372,1146.2824461642008,3453.0222125054493,7143.896231160883,3453.0222125054493,1146.2824461642008,775.2391996924372,441.2039801878388
Ships,34243.99999998656,11621.952633364694,11621.952633364694,5968.365967763895,33324.73469386448,5968.365967763895,7967.030199114679,11422.100008645655,11422.100008645655,7967.030199114679,2133.2823132294143,5963.845976305038,33262.14830239181,5963.845976305038,2133.2823132294143,1709.8074596105962,7957.142080684133,11505.559393202295,11505.559393202295,7957.142080684133,1709.8074596105962,1207.782924924808,2129.037999834865,5970.377319294418,33268.26738108956,5970.377319294418,2129.037999834865,1207.782924924808,1216.4097949676673,1684.952967964616,7957.1043283089175,11457.908885944453,11457.908885944453,7957.1043283089175,1684.952967964616,1216.4097949676673,2758.299177428583,1200.5349616180224,2130.765765888177,5974.941433966521,33287.08833587199,5974.941433966521,2130.765765888177,1200.5349616180224,2758.299177428583
Ships,43691.99999998286,10136.480300459936,10136.480300459936,7858.583098930213,43691.99999998286,7858.583098930213,5892.1423547749155,10136.480300459936,10136.480300459936,5892.1423547749155,5124.674969505286,7858.583098930213,43691.99999998286,7858.583098930213,5124.674969505286,4441.849564462115,5892.1423547749155,10136.480300459936,10136.480300459936,5892.1423547749155,4441.849564462115,1842.9570817581762,5124.674969505286,7858.583098930213,43691.99999998286,7858.583098930213,5124.674969505286,1842.9570817581762,2119.165429041197,4441.849564462115,5892.1423547749155,10136.480300459936,10136.480300459936,5892.1423547749155,4441.849564462115,2119.165429041197,1310.2181003909827,1842.9570817581762,5124.674969505286,7858.583098930213,43691.99999998286,7858.583098930213,5124.674969505286,1842.9570817581762,1310.2181003909827
Ships,262.9999999998969,260.22435389228036,260.22435389228036,252.03832020005427,262.9999999998969,252.03832020005427,238.85654447492016,260.22435389228036,260.22435389228036,238.85654447492016,221.3440147172942,252.03832020005427,262.9999999998969,252.03832020005427,221.3440147172942,200.37974702438183,238.85654447492016,260.22435389228036,260.22435389228036,238.85654447492016,200.37974702438183,177.01157600949952,221.3440147172942,252.03832020005427,262.9999999998969,252.03832020005427,221.3440147172942,177.01157600949952,152.4076997669828,200.37974702438183,238.85654447492016,260.22435389228036,260.22435389228036,238.85654447492016,200.37974702438183,152.4076997669828,127.81217049241397,177.01157600949952,221.3440147172942,252.03832020005427,262.9999999998969,252.03832020005427,221.3440147172942,177.01157600949952,127.81217049241397
Ships,44323.9999999826,11125.288428355787,11125.288428355787,3619.785873104613,43825.66893422316,3619.785873104613,1241.6099051703513,11367.797468092102,11367.797468092102,1241.6099051703513,6329.917709822972,3732.721535067232,43766.37388740628,3732.721535067232,6329.917709822972,3329.3163015213895,1230.2929166149554,11282.793815794852,11282.793815794852,1230.2929166149554,3329.3163015213895,914.496784686845,6348.270867116251,3725.785944212632,43767.48522109945,3725.785944212632,6348.270867116251,914.496784686845,420.50487588982025,3322.989993018479,1203.6606520825892,11293.445497469238,11293.445497469238,1203.6606520825892,3322.989993018479,420.50487588982025,1821.7632492159712,922.2665834473911,6344.784555269268,3746.6571582950933,43740.69182838677,3746.6571582950933,6344.784555269268,922.2665834473911,1821.7632492159712
Ships,2002.9999999992147,682.0552267539437,682.0552267539437,1048.1562055926865,1050.1292517002685,1048.1562055926865,769.7706911819942,545.0990555077841,545.0990555077841,769.7706911819942,577.1991862748584,907.3195127251006,1191.7640643554337,907.3195127251006,577.1991862748584,629.1180975579067,723.9616133123167,565.7815381609581,565.7815381609581,723.9616133123167,629.1180975579067,344.5290125352294,550.5418434303145,966.181823907474,1134.8336449419444,966.181823907474,550.5418434303145,344.5290125352294,497.5198114873849,642.2531376374276,711.1281254444433,569.388221420933,569.388221420933,711.1281254444433,642.2531376374276,497.5198114873849,201.9171845999108,313.93236109536076,559.3059386604871,943.5647947838048,1161.1566710176035,943.5647947838048,559.3059386604871,313.93236109536076,201.9171845999108
Ships,15005.999999994114,4828.373114846394,4828.373114846394,1320.1513413750833,14474.897959177995,1320.1513413750833,1907.4447764386773,4890.800555294137,4890.800555294137,1907.4447764386773,1805.255963559702,1348.9618682153982,14476.686843439184,1348.9618682153982,1805.255963559702,1116.0044177623258,1922.0727743443838,4891.840143266315,4891.840143266315,1922.0727743443838,1116.0044177623258,1074.5997584190306,1812.4907111767052,1312.0021538150827,14455.632540843413,1312.0021538150827,1812.4907111767052,1074.5997584190306,1190.5515222255224,1105.5812179309837,1919.2039472304805,4866.283833139052,4866.283833139052,1919.2039472304805,1105.5812179309837,1190.5515222255224,489.1104627385526,1075.4615619329115,1804.75121188973,1318.7101862602,14470.747944420895,1318.7101862602,1804.75121188973,1075.4615619329115,489.1104627385526
Ships,17720.999999993048,2762.164329482183,2762.164329482183,2409.5005861629356,16458.496598633,2409.5005861629356,2075.2539422219825,2814.7989826441008,2814.7989826441008,2075.2539422219825,2303.270906189384,2404.405791614955,16513.921467900414,2404.405791614955,2303.270906189384,1288.4029453839544,2065.900206358848,2822.4959848496446,2822.4959848496446,2065.900206358848,1288.4029453839544,2176.6590446922673,2302.719827376427,2400.3227003983975,16504.161799231246,2400.3227003983975,2302.719827376427,2176.6590446922673,1120.1947470269533,1306.5626078681335,2070.436587309462,2811.394319507585,2811.394319507585,2070.436587309462,1306.5626078681335,1120.1947470269533,820.8604953635955,2181.0521011331093,2317.1565596028195,2413.9098266456813,16483.696715412814,2413.9098266456813,2317.1565596028195,2181.0521011331093,820.8604953635955
Ships,40278.9999999842,6286.198720278649,6286.198720278649,4881.362982517361,39923.453514723566,4881.362982517361,3239.8724210392625,6104.331498034053,6104.331498034053,3239.8724210392625,6729.009986570939,4820.0635286490315,39856.02370924131,4820.0635286490315,6729.009986570939,1604.256999220352,3279.552469034681,6150.988173253469,6150.988173253469,3279.552469034681,1604.256999220352,3079.533035027724,6724.968840900136,4873.323678656672,39855.058521087354,4873.323678656672,6724.968840900136,3079.533035027724,1404.482792911327,1577.9052181002673,3278.0829166144113,6141.651798670531,6141.651798670531,3278.0829166144113,1577.9052181002673,1404.482792911327,1099.7400341195362,3103.904732147156,6717.951795603131,4852.734011218102,39838.44554692412,4852.734011218102,6717.951795603131,3103.904732147156,1099.7400341195362
Ships,17641.999999993077,8882.700178269984,8882.700178269984,3967.9919419437288,17355.160997725616,3967.9919419437288,355.4756698416572,8891.409155750214,8891.409155750214,355.4756698416572,2521.696706704438,3982.3471894807612,17380.56892960584,3982.3471894807612,2521.696706704438,1882.8893574726767,362.8775433489768,8895.079888757924,8895.079888757924,362.8775433489768,1882.8893574726767,833.3315486844189,2535.9543563041457,3987.3393831197927,17400.475893102528,3987.3393831197927,2535.9543563041457,833.3315486844189,791.357818564114,1868.5539600067036,333.7089723094929,8862.82847755916,8862.82847755916,333.7089723094929,1868.5539600067036,791.357818564114,1184.46234088921,793.5019260784687,2504.8272671283785,3963.6150500777358,17358.58263420584,3963.6150500777358,2504.8272671283785,793.5019260784687,1184.46234088921
Ships,45349.9999999822,9590.522315227183,9590.522315227183,3246.557977607732,44093.18367345209,3246.557977607732,629.521276188265,9546.889539761376,9546.889539761376,629.521276188265,5173.419737700706,3278.620457617717,44173.64095205511,3278.620457617717,5173.419737700706,1343.7222213212515,635.4305695569681,9538.601705431676,9538.601705431676,635.4305695569681,1343.7222213212515,1044.2255660875167,5174.112009884338,3281.468954483135,44157.51856135028,3281.468954483135,5174.112009884338,1044.2255660875167,1670.4109285194543,1355.2755450493707,628.5655441688854,9546.2127609142,9546.2127609142,628.5655441688854,1355.2755450493707,1670.4109285194543,3421.6734864616174,1058.172651672622,5181.6309176043615,3274.0213760690704,44139.641975516555,3274.0213760690704,5181.6309176043615,1058.172651672622,3421.6734864616174
Ships,3864.9999999984834,2981.1141509779823,2981.1141509779823,1516.7543762234604,3375.1541950100136,1516.7543762234604,692.0980133864745,2719.0243644407738,2719.0243644407738,692.0980133864745,407.0241204859334,1496.926133596024,3352.884184057796,1496.926133596024,407.0241204859334,244.69434723597624,666.2919523475263,2767.8813357211156,2767.8813357211156,666.2919523475263,244.69434723597624,354.64790410794285,355.56862244869205,1492.454330158639,3360.245947731353,1492.454330158639,355.56862244869205,354.64790410794285,317.88845363045385,236.7258475460679,675.1671980791419,2738.316111646994,2738.316111646994,675.1671980791419,236.7258475460679,317.88845363045385,270.7480230855178,375.92178965919936,379.8555073116274,1491.391867055704,3354.86654782359,1491.391867055704,379.8555073116274,375.92178965919936,270.7480230855178
Ships,5433.999999997869,4125.778533891276,4125.778533891276,2047.9148000622479,5157.664399090948,2047.9148000622479,1144.341346327164,3987.2777385223458,3987.2777385223458,1144.341346327164,345.9382737304998,2067.5564580426703,5087.244975085545,2067.5564580426703,345.9382737304998,390.54658962534205,1190.5163783177588,3982.969617875461,3982.969617875461,1190.5163783177588,390.54658962534205,526.8930178654916,351.9577537912558,2064.5323875505296,5076.09561833663,2064.5323875505296,351.9577537912558,526.8930178654916,590.2631481154325,431.25226930188853,1184.1662904044547,3965.6059649414037,3965.6059649414037,1184.1662904044547,431.25226930188853,590.2631481154325,519.9082432276475,552.1307076724986,342.0700469987737,2056.920360562199,5074.404871516946,2056.920360562199,342.0700469987737,552.1307076724986,519.9082432276475
Ships,18247.99999999284,6187.57125824557,6187.57125824557,6978.942360897227,17510.816326523738,6978.942360897227,1579.2292014955817,6332.394256293691,6332.394256293691,1579.2292014955817,1279.204775963252,7023.264584128354,17491.74991900836,7023.264584128354,1279.204775963252,2316.8315753990346,1622.5542130360948,6307.991659156514,6307.991659156514,1622.5542130360948,2316.8315753990346,1420.5422491472714,1301.9862350535818,7001.385665378402,17543.49786892437,7001.385665378402,1301.9862350535818,1420.5422491472714,2665.250265706194,2304.1020330720507,1586.7462487741782,6291.269837144258,6291.269837144258,1586.7462487741782,2304.1020330720507,2665.250265706194,861.8774735560712,1393.5221122601442,1286.51591780176,7002.2935739779605,17526.284412152956,7002.2935739779605,1286.51591780176,1393.5221122601442,861.8774735560712
Ships,776.9999999996953,761.4117233570432,761.4117233570432,715.9067376123118,776.9999999996953,715.9067376123118,644.1910424281667,761.4117233570432,761.4117233570432,644.1910424281667,552.2288565216376,715.9067376123118,776.9999999996953,715.9067376123118,552.2288565216376,448.0640010561759,644.1910424281667,761.4117233570432,761.4117233570432,644.1910424281667,448.0640010561759,341.9794022262423,552.2288565216376,715.9067376123118,776.9999999996953,715.9067376123118,552.2288565216376,341.9794022262423,247.79848216444574,448.0640010561759,644.1910424281667,761.4117233570432,761.4117233570432,644.1910424281667,448.0640010561759,247.79848216444574,185.62966650886656,341.9794022262423,552.2288565216376,715.9067376123118,776.9999999996953,715.9067376123118,552.2288565216376,341.9794022262423,185.62966650886656
Ships,37559.99999998526,5888.2830121640645,5888.2830121640645,11450.342692240503,36175.26984125564,11450.342692240503,5906.751818120287,5887.730834646981,5887.730834646981,5906.751818120287,4381.803111846417,11450.235883331594,36176.38940563468,11450.235883331594,4381.803111846417,2721.337875445781,5906.776784317217,5887.18390702505,5887.18390702505,5906.776784317217,2721.337875445781,2592.254134543801,4381.438048136481,11450.012994639554,36177.5168812028,11450.012994639554,4381.438048136481,2592.254134543801,3425.4059412502347,2720.714908586266,5906.606019416621,5886.927509636943,5886.927509636943,5906.606019416621,2720.714908586266,3425.4059412502347,1170.0620625659024,2593.16535313722,4380.325694764894,11449.695830226485,36178.42405684805,11449.695830226485,4380.325694764894,2593.16535313722,1170.0620625659024
Ships,1586.9999999993772,1567.2051215553092,1567.2051215553092,1508.8419002485336,1586.9999999993772,1508.8419002485336,1414.9042194662386,1567.2051215553092,1567.2051215553092,1414.9042194662386,1290.1531189729167,1508.8419002485336,1586.9999999993772,1508.8419002485336,1290.1531189729167,1140.793302463831,1414.9042194662386,1567.2051215553092,1567.2051215553092,1414.9042194662386,1140.793302463831,974.0577668404748,1290.1531189729167,1508.8419002485336,1586.9999999993772,1508.8419002485336,1290.1531189729167,974.0577668404748,797.7341069074943,1140.793302463831,1414.9042194662386,1567.2051215553092,1567.2051215553092,1414.9042194662386,1140.793302463831,797.7341069074943,619.670613670238,974.0577668404748,1290.1531189729167,1508.8419002485336,1586.9999999993772,1508.8419002485336,1290.1531189729167,974.0577668404748,619.670613670238
Ships,40031.999999984284,9338.240449569234,9338.240449569234,819.8384001371596,39023.21541948582,819.8384001371596,1810.812372735827,9187.279616349357,9187.279616349357,1810.812372735827,1457.1042952900946,810.9018409179098,39087.66952040054,810.9018409179098,1457.1042952900946,1316.8702269109608,1800.302062371935,9238.705117934676,9238.705117934676,1800.302062371935,1316.8702269109608,591.3205358646921,1496.3527581763121,752.5019055713193,39035.599356495164,752.5019055713193,1496.3527581763121,591.3205358646921,658.8530217639184,1321.4549339440348,1812.346563516521,9217.078585146757,9217.078585146757,1812.346563516521,1321.4549339440348,658.8530217639184,1201.0124935292463,570.6321859703992,1453.1800931244975,788.8074096652256,39061.857716309634,788.8074096652256,1453.1800931244975,570.6321859703992,1201.0124935292463
Ships,1873.9999999992651,1848.3060714338906,1848.3060714338906,1772.6734244812797,1873.9999999992651,1772.6734244812797,1651.3459194573275,1848.3060714338906,1848.3060714338906,1651.3459194573275,1491.0601417232408,1772.6734244812797,1873.9999999992651,1772.6734244812797,1491.0601417232408,1300.5703516060382,1651.3459194573275,1848.3060714338906,1848.3060714338906,1651.3459194573275,1300.5703516060382,1090.040844214512,1491.0601417232408,1772.6734244812797,1873.9999999992651,1772.6734244812797,1491.0601417232408,1090.040844214512,870.359661586179,1300.5703516060382,1651.3459194573275,1848.3060714338906,1848.3060714338906,1651.3459194573275,1300.5703516060382,870.359661586179,652.4434796247715,1090.040844214512,1491.0601417232408,1772.6734244812797,1873.9999999992651,1772.6734244812797,1491.0601417232408,1090.040844214512,652.4434796247715
Ships,10514.999999995875,2269.948075277527,2269.948075277527,3323.255096215671,10222.460317456309,3323.255096215671,3082.647476160001,2278.3239633149874,2278.3239633149874,3082.647476160001,1985.7940131069467,3267.4247323563277,10250.3087448091,3267.4247323563277,1985.7940131069467,2523.778198703092,3108.90696379711,2290.0952575704546,2290.0952575704546,3108.90696379711,2523.778198703092,1493.1990965136993,1978.9611246928234,3283.409008276033,10252.570318816857,3283.409008276033,1978.9611246928234,1493.1990965136993,347.4491630559193,2568.77425826833,3087.0828660932916,2277.04903376165,2277.04903376165,3087.0828660932916,2568.77425826833,347.4491630559193,255.03179736019334,1490.631076448209,1990.9581329819007,3276.931115192425,10255.820113144058,3276.931115192425,1990.9581329819007,1490.631076448209,255.03179736019334
Ships,6580.999999997419,2019.7293765599547,2019.7293765599547,1140.7191215566204,5213.122448977548,1140.7191215566204,1463.3985829101641,2020.9457358737852,2020.9457358737852,1463.3985829101641,813.8495942001872,1139.1845672427426,5210.193700153756,1139.1845672427426,813.8495942001872,186.21449721306362,1466.6709362712058,2020.1247532215245,2020.1247532215245,1466.6709362712058,186.21449721306362,387.5852389676943,814.5795691646041,1136.5176855154036,5216.415579373404,1136.5176855154036,814.5795691646041,387.5852389676943,488.12404064738627,189.34574295502205,1469.067666442804,2022.0880116761514,2022.0880116761514,1469.067666442804,189.34574295502205,488.12404064738627,280.76256817567935,390.7836758318868,813.903722579764,1139.5676498400323,5215.837616575369,1139.5676498400323,813.903722579764,390.7836758318868,280.76256817567935
Ships,41.99999999998353,41.979495375571034,41.979495375571034,41.918018759616096,41.99999999998353,41.918018759616096,41.815681841361155,41.979495375571034,41.979495375571034,41.815681841361155,41.67267049443421,41.918018759616096,41.99999999998353,41.918018759616096,41.67267049443421,41.48924436503012,41.815681841361155,41.979495375571034,41.979495375571034,41.815681841361155,41.48924436503012,41.265736297055746,41.67267049443421,41.918018759616096,41.99999999998353,41.918018759616096,41.67267049443421,41.265736297055746,41.00255159593081,41.48924436503012,41.815681841361155,41.979495375571034,41.979495375571034,41.815681841361155,41.48924436503012,41.00255159593081,40.70016713322224,41.265736297055746,41.67267049443421,41.918018759616096,41.99999999998353,41.918018759616096,41.67267049443421,41.265736297055746,40.70016713322224
Ships,28030.999999989002,3915.1918895051804,3915.1918895051804,7832.995254709612,26974.088435363567,7832.995254709612,5474.702591708448,3890.3718710528346,3890.3718710528346,5474.702591708448,3710.8591628587196,7791.442930485069,26946.759976542406,7791.442930485069,3710.8591628587196,2134.600882770576,5471.687127524364,3919.9804487480747,3919.9804487480747,5471.687127524364,2134.600882770576,1642.126653667388,3677.4396257250096,7802.077425873296,26968.98959476193,7802.077425873296,3677.4396257250096,1642.126653667388,2251.461036907796,2140.2873066231887,5486.937117865912,3903.2332241779545,3903.2332241779545,5486.937117865912,2140.2873066231887,2251.461036907796,985.0527152472588,1633.0005120198998,3708.9196958074454,7803.583260743728,26962.40665741852,7803.583260743728,3708.9196958074454,1633.0005120198998,985.0527152472588
Ships,35522.99999998606,12910.389670068658,12910.389670068658,4047.6085888622956,35449.911564611946,4047.6085888622956,4483.276229853875,12856.098467513008,12856.098467513008,4483.276229853875,4962.718358566594,4037.415561746765,35432.625001914304,4037.415561746765,4962.718358566594,4101.048420657259,4477.472599777841,12857.788515919576,12857.788515919576,4477.472599777841,4101.048420657259,620.0689787400281,4949.64877964993,4027.9056887307015,35441.00957614496,4027.9056887307015,4949.64877964993,620.0689787400281,1032.4909105160343,4094.108649562275,4470.011510219586,12864.27028551649,12864.27028551649,4470.011510219586,4094.108649562275,1032.4909105160343,2311.525595556534,607.9058927147968,4944.8827116401535,4035.175914916899,35446.04554517083,4035.175914916899,4944.8827116401535,607.9058927147968,2311.525595556534
Ships,3381.999999998674,1736.1975152393982,1736.1975152393982,496.4731408485209,2441.67800453419,496.4731408485209,454.35783005920587,1816.1806828453655,1816.1806828453655,454.35783005920587,784.2112033363469,560.9246306432426,2501.950020823675,560.9246306432426,784.2112033363469,564.7031896136054,489.01180971385094,1683.9312312114532,1683.9312312114532,489.01180971385094,564.7031896136054,227.16399296444212,794.2964385459013,549.8230986536362,2503.7503069529726,549.8230986536362,794.2964385459013,227.16399296444212,88.0098369533072,585.0603170336512,450.881599246353,1723.0773075491747,1723.0773075491747,450.881599246353,585.0603170336512,88.0098369533072,213.81390323762085,230.5507241894977,778.9607352261228,571.0307257722509,2520.922802306707,571.0307257722509,778.9607352261228,230.5507241894977,213.81390323762085
Ships,12116.999999995245,1086.6641970119556,1086.6641970119556,4206.592156576618,10912.977324258756,4206.592156576618,2212.946151550566,1091.5411712673413,1091.5411712673413,2212.946151550566,1291.2285159325654,4211.997940843801,10909.119271287003,4211.997940843801,1291.2285159325654,2317.376392870171,2206.1640590307125,1076.7575817658071,1076.7575817658071,2206.1640590307125,2317.376392870171,764.8390395090285,1300.506528443098,4189.015744668118,10908.243723913232,4189.015744668118,1300.506528443098,764.8390395090285,972.5275329225075,2329.0880901092437,2199.691541052232,1092.7598164956466,1092.7598164956466,2199.691541052232,2329.0880901092437,972.5275329225075,536.4368970182995,771.1364730085104,1282.8326669457178,4204.237252150036,10918.159900433206,4204.237252150036,1282.8326669457178,771.1364730085104,536.4368970182995
Ships,18288.999999992826,10693.75062042932,10693.75062042932,4549.922191406063,17516.995464845735,4549.922191406063,4533.824756940663,10650.31192672461,10650.31192672461,4533.824756940663,1230.466873127483,4536.878412931302,17599.326129537883,4536.878412931302,1230.466873127483,1977.7117386611442,4545.7555523794645,10633.961930703608,10633.961930703608,4545.7555523794645,1977.7117386611442,1478.033054927542,1240.8363293526459,4547.604038073598,17611.09810661027,4547.604038073598,1240.8363293526459,1478.033054927542,1533.4101137272737,1958.7234427676754,4553.894322947517,10656.176439517738,10656.176439517738,4553.894322947517,1958.7234427676754,1533.4101137272737,709.9091196805471,1483.8424115584921,1240.6681800227404,4543.332350378137,17606.068913967527,4543.332350378137,1240.6681800227404,1483.8424115584921,709.9091196805471
Ships,1587.999999999377,1486.704051654739,1486.704051654739,1212.0608510231941,1587.999999999377,1212.0608510231941,844.6488214252748,1486.704051654739,1486.704051654739,844.6488214252748,502.8814072262964,1212.0608510231941,1587.999999999377,1212.0608510231941,502.8814072262964,332.95230658143237,844.6488214252748,1486.704051654739,1486.704051654739,844.6488214252748,332.95230658143237,342.1845830897122,502.8814072262964,1212.0608510231941,1587.999999999377,1212.0608510231941,502.8814072262964,342.1845830897122,342.6523743503275,332.95230658143237,844.6488214252748,1486.704051654739,1486.704051654739,844.6488214252748,332.95230658143237,342.6523743503275,280.20710933564175,342.1845830897122,502.8814072262964,1212.0608510231941,1587.999999999377,1212.0608510231941,502.8814072262964,342.1845830897122,280.20710933564175
Ships,18915.999999992575,3266.3673728183076,3266.3673728183076,2614.317999041956,17649.981859403506,2614.317999041956,3391.094913430394,3227.133411110359,3227.133411110359,3391.094913430394,1488.6470365479538,2611.499604935846,17653.350239862262,2611.499604935846,1488.6470365479538,970.8485622043343,3367.128941516481,3229.0444451413373,3229.0444451413373,3367.128941516481,970.8485622043343,1547.9905582567299,1466.916729469342,2633.9313574847374,17643.987146642743,2633.9313574847374,1466.916729469342,1547.9905582567299,988.8897875648994,980.5458576016567,3356.737241263188,3234.818301270135,3234.818301270135,3356.737241263188,980.5458576016567,988.8897875648994,1173.0227747168408,1542.399856695358,1482.4190722142398,2617.2151625006145,17653.709675059326,2617.2151625006145,1482.4190722142398,1542.399856695358,1173.0227747168408
Ships,9704.999999996193,2817.889795758173,2817.889795758173,1163.1117725636848,9220.142857139239,1163.1117725636848,487.32090704296166,2759.8233074541554,2759.8233074541554,487.32090704296166,571.4408207304142,1177.7465589895394,9222.640674406735,1177.7465589895394,571.4408207304142,942.7076115406791,521.9082859361498,2770.2891505721327,2770.2891505721327,521.9082859361498,942.7076115406791,941.023059721072,551.9287606176147,1200.7780993488068,9188.998972947498,1200.7780993488068,551.9287606176147,941.023059721072,271.68617111494484,974.1521857483057,510.871480073988,2804.5300694124326,2804.5300694124326,510.871480073988,974.1521857483057,271.68617111494484,768.2298500488733,908.3406572596757,601.6849750061007,1171.40189891705,9224.213067016091,1171.40189891705,601.6849750061007,908.3406572596757,768.2298500488733
Ships,22834.99999999104,4837.496941995909,4837.496941995909,9454.642495481405,22605.662131510402,9454.642495481405,3844.418198612015,4851.391647993261,4851.391647993261,3844.418198612015,2461.4405671042755,9383.68467814293,22512.42101284075,9383.68467814293,2461.4405671042755,2245.8617097483934,3865.1062771261395,4847.804274763892,4847.804274763892,3865.1062771261395,2245.8617097483934,804.3753016873112,2461.934093688185,9370.73474733187,22481.805453184053,9370.73474733187,2461.934093688185,804.3753016873112,1383.9419317168943,2227.907693420654,3854.537270670922,4840.232710559657,4840.232710559657,3854.537270670922,2227.907693420654,1383.9419317168943,319.2210415684812,775.6854505625685,2460.7839647882465,9383.257104943663,22484.89771036328,9383.257104943663,2460.7839647882465,775.6854505625685,319.2210415684812
Ships,25223.999999990105,7643.53426611624,7643.53426611624,1881.8770356730095,24614.37188207651,1881.8770356730095,6881.276818371697,7791.321594294581,7791.321594294581,6881.276818371697,5847.625671873919,1926.175215992874,24523.278263676802,1926.175215992874,5847.625671873919,681.4796072783346,6879.9678654465015,7770.738712187855,7770.738712187855,6879.9678654465015,681.4796072783346,705.78641115276,5892.023342771747,1949.8509136227008,24597.506609599055,1949.8509136227008,5892.023342771747,705.78641115276,985.0588883153524,668.7219872108332,6919.9289775298885,7771.51505562462,7771.51505562462,6919.9289775298885,668.7219872108332,985.0588883153524,1351.434196327651,736.0604266932222,5865.218883199426,1933.661672573506,24567.326580846107,1933.661672573506,5865.218883199426,736.0604266932222,1351.434196327651
Ships,22610.999999991127,3174.7087506753255,3174.7087506753255,3191.2056995754747,21764.759637179668,3191.2056995754747,2896.2178486092594,3175.026658707489,3175.026658707489,2896.2178486092594,1289.0335918567225,3221.1977373089135,21760.21609822214,3221.1977373089135,1289.0335918567225,127.75375894278223,2925.8569100675086,3151.6446119114976,3151.6446119114976,2925.8569100675086,127.75375894278223,595.2738313813596,1278.1916544467495,3159.397466782249,21765.11195764896,3159.397466782249,1278.1916544467495,595.2738313813596,282.1978831237775,79.38466901108383,2924.2191178016406,3188.0322225910495,3188.0322225910495,2924.2191178016406,79.38466901108383,282.1978831237775,1254.6316033715352,611.2140148511738,1282.3668731765238,3211.8733143372624,21742.741137182646,3211.8733143372624,1282.3668731765238,611.2140148511738,1254.6316033715352
Ships,4327.999999998303,1596.0614328395104,1596.0614328395104,891.5162727467832,3872.172335599388,891.5162727467832,1323.2371847953316,1461.7104033869305,1461.7104033869305,1323.2371847953316,746.4691796909187,947.4890777494636,3804.2749471655834,947.4890777494636,746.4691796909187,245.5093978053113,1363.0990476501074,1438.0968505449212,1438.0968505449212,1363.0990476501074,245.5093978053113,557.3126711294684,701.4927069104199,880.7427123653166,3848.987257426164,880.7427123653166,701.4927069104199,557.3126711294684,574.6393488545752,265.9085924014199,1350.6922422850164,1455.3182913743449,1455.3182913743449,1350.6922422850164,265.9085924014199,574.6393488545752,90.94034473331224,553.6915505552769,716.583238173572,908.5029987242099,3834.8545046636646,908.5029987242099,716.583238173572,553.6915505552769,90.94034473331224
Ships,138.9999999999455,137.2374436488489,137.2374436488489,132.03226473462453,138.9999999999455,132.03226473462453,123.63059639742032,137.2374436488489,137.2374436488489,123.63059639742032,112.4395424804144,132.03226473462453,138.9999999999455,132.03226473462453,112.4395424804144,99.0280820832207,123.63059639742032,137.2374436488489,137.2374436488489,123.63059639742032,99.0280820832207,84.14364211741602,112.4395424804144,132.03226473462453,138.9999999999455,132.03226473462453,112.4395424804144,84.14364211741602,68.77334647094823,99.0280820832207,123.63059639742032,137.2374436488489,137.2374436488489,123.63059639742032,99.0280820832207,68.77334647094823,54.31512075102194,84.14364211741602,112.4395424804144,132.03226473462453,138.9999999999455,132.03226473462453,112.4395424804144,84.14364211741602,54.31512075102194
Ships,108.99999999995724,108.93601202619286,108.93601202619286,108.74426490817471,108.99999999995724,108.74426490817471,108.42540887600836,108.93601202619286,108.93601202619286,108.42540887600836,107.98052705217026,108.74426490817471,108.99999999995724,108.74426490817471,107.98052705217026,107.41113457635556,108.42540887600836,108.93601202619286,108.93601202619286,108.42540887600836,107.41113457635556,106.7191774128589,107.98052705217026,108.74426490817471,108.99999999995724,108.74426490817471,107.98052705217026,106.7191774128589,105.90703087258463,107.41113457635556,108.42540887600836,108.93601202619286,108.93601202619286,108.42540887600836,107.41113457635556,105.90703087258463,104.97749789015862,106.7191774128589,107.98052705217026,108.74426490817471,108.99999999995724,108.74426490817471,107.98052705217026,106.7191774128589,104.97749789015862
Ships,24861.999999990247,9583.875635128936,9583.875635128936,3672.4810521244403,24683.31519273408,3672.4810521244403,4690.580477676971,9610.52445756496,9610.52445756496,4690.580477676971,3881.173365044693,3564.3188103871767,24620.85788327971,3564.3188103871767,3881.173365044693,1771.6555547806754,4659.029472459654,9557.845563763933,9557.845563763933,4659.029472459654,1771.6555547806754,1004.9704808584568,3903.0646662980353,3591.6511382217313,24617.89488020767,3591.6511382217313,3903.0646662980353,1004.9704808584568,2087.0153594583044,1777.6596547933257,4643.81620277146,9561.843767003482,9561.843767003482,4643.81620277146,1777.6596547933257,2087.0153594583044,1312.3342595490162,1018.8717946548444,3892.07130944135,3587.323671039619,24610.378873497375,3587.323671039619,3892.07130944135,1018.8717946548444,1312.3342595490162
Ships,9206.99999999639,3278.9259599156685,3278.9259599156685,4435.973831747181,8692.30612244557,4435.973831747181,910.3722836738209,3113.5576025521264,3113.5576025521264,910.3722836738209,629.3574207831311,4419.560219529149,8654.525321236211,4419.560219529149,629.3574207831311,1454.525043921997,934.6706841649716,3121.4799447675073,3121.4799447675073,934.6706841649716,1454.525043921997,1314.9497586568962,638.5558866056904,4393.476848224665,8666.368740247777,4393.476848224665,638.5558866056904,1314.9497586568962,853.3723407342643,1446.1594363146983,907.3432266267122,3121.018261314862,3121.018261314862,907.3432266267122,1446.1594363146983,853.3723407342643,387.20451650116013,1292.5914337155546,625.4467924924974,4414.57333499532,8647.783280696705,4414.57333499532,625.4467924924974,1292.5914337155546,387.20451650116013
Ships,33243.99999998696,1986.7346902617392,1986.7346902617392,5793.133803186832,33107.43764171036,5793.133803186832,1589.1303461835691,1944.922683781413,1944.922683781413,1589.1303461835691,5220.074041815963,5794.173978039331,33160.372437397324,5794.173978039331,5220.074041815963,2005.7262764399986,1570.9580091545333,1994.6493594899673,1994.6493594899673,1570.9580091545333,2005.7262764399986,1098.9013956440351,5220.566965821846,5802.227226978752,33152.842641430456,5802.227226978752,5220.566965821846,1098.9013956440351,1136.496254273006,1989.7580404732148,1588.3114098242024,1962.0575020817441,1962.0575020817441,1588.3114098242024,1989.7580404732148,1136.496254273006,1909.4375735846068,1095.743666072405,5222.53035408204,5775.552159070862,33141.75460984212,5775.552159070862,5222.53035408204,1095.743666072405,1909.4375735846068
Ships,14529.9999999943,2977.2278556755914,2977.2278556755914,6657.751500260744,13206.802721083253,6657.751500260744,4910.554533349721,2999.1701125107465,2999.1701125107465,4910.554533349721,2184.100498767972,6638.224401980489,13230.729140630654,6638.224401980489,2184.100498767972,2746.5956111103333,4885.048236633921,3011.394439892268,3011.394439892268,4885.048236633921,2746.5956111103333,1685.529383788839,2208.637311702051,6617.745044485844,13235.264229328439,6617.745044485844,2208.637311702051,1685.529383788839,558.8199474720699,2761.306360617481,4896.107720843635,2998.4299329250466,2998.4299329250466,4896.107720843635,2761.306360617481,558.8199474720699,921.1964625527088,1665.5995627078141,2198.3311619226592,6628.208241125134,13234.294397745905,6628.208241125134,2198.3311619226592,1665.5995627078141,921.1964625527088
Ships,22690.999999991094,7528.930458906496,7528.930458906496,2991.674734079714,21333.16326529775,2991.674734079714,887.6856732212386,7521.879494694169,7521.879494694169,887.6856732212386,782.1809095102121,2994.3688105505776,21321.921437047182,2994.3688105505776,782.1809095102121,404.5555281433837,884.285153914386,7528.663649166043,7528.663649166043,884.285153914386,404.5555281433837,813.9614213386362,775.5269874166618,2995.5588109635423,21330.9367735575,2995.5588109635423,775.5269874166618,813.9614213386362,290.9240599166031,409.73029752112024,886.6728341727692,7521.435070540492,7521.435070540492,886.6728341727692,409.73029752112024,290.9240599166031,834.7152874588046,818.6476999377614,777.5317904572516,2992.8542207302476,21326.268345983885,2992.8542207302476,777.5317904572516,818.6476999377614,834.7152874588046
Ships,13371.999999994754,959.6583508050287,959.6583508050287,7767.633144860117,12026.39455781841,7767.633144860117,605.4786003046996,953.3895343119509,953.3895343119509,605.4786003046996,3216.5206663295207,7754.235212862807,12029.485615556698,7754.235212862807,3216.5206663295207,1076.7210828173727,615.9101377620516,950.8872820061835,950.8872820061835,615.9101377620516,1076.7210828173727,1074.7970086413302,3217.2636160904494,7756.235214535756,12030.152495524373,7756.235214535756,3217.2636160904494,1074.7970086413302,1589.4689949834049,1073.4466876663255,615.8157618084606,950.7401681907248,950.7401681907248,615.8157618084606,1073.4466876663255,1589.4689949834049,544.6607404199435,1078.833616501696,3218.890855364364,7755.007571806814,12028.347054625357,7755.007571806814,3218.890855364364,1078.833616501696,544.6607404199435
Ships,6175.999999997577,5324.244662485844,5324.244662485844,3876.041281932692,5795.047619045345,3876.041281932692,1943.9043434042353,5340.454916977038,5340.454916977038,1943.9043434042353,371.5869857467925,3808.6318589815205,5877.332531196114,3808.6318589815205,371.5869857467925,771.5069363949667,2009.2613122147202,5284.387486855367,5284.387486855367,2009.2613122147202,771.5069363949667,1049.1697520192897,390.50721783065956,3817.0554417550757,5859.506743412154,3817.0554417550757,390.50721783065956,1049.1697520192897,835.6169278906898,726.2141101464958,1947.3104689755075,5301.861245659409,5301.861245659409,1947.3104689755075,726.2141101464958,835.6169278906898,403.2440306951834,1056.4198753548014,391.74230983455686,3825.251279681631,5842.641912575025,3825.251279681631,391.74230983455686,1056.4198753548014,403.2440306951834
Ships,34543.999999986445,4780.802217171022,4780.802217171022,3506.6434972238276,33173.015873002856,3506.6434972238276,3187.774459297109,4768.317050227479,4768.317050227479,3187.774459297109,2882.8407168472295,3494.803803888719,33184.10779457874,3494.803803888719,2882.8407168472295,874.576862208853,3195.6281134107758,4759.78275441389,4759.78275441389,3195.6281134107758,874.576862208853,1050.887208238994,2877.1322002348466,3492.361480438064,33187.92097358446,3492.361480438064,2877.1322002348466,1050.887208238994,2229.5853466273425,874.523849428021,3193.8909019192765,4762.437130597911,4762.437130597911,3193.8909019192765,874.523849428021,2229.5853466273425,463.34310012404865,1051.7695850121536,2880.071944300417,3495.368623237216,33183.61243797798,3495.368623237216,2880.071944300417,1051.7695850121536,463.34310012404865
Ships,44209.999999982654,12819.350002839234,12819.350002839234,2550.709114190866,43638.61678002823,2550.709114190866,2975.7114419173895,12508.41736675033,12508.41736675033,2975.7114419173895,5817.150178727829,2558.473210276728,43633.85573910392,2558.473210276728,5817.150178727829,3995.3976809556857,2895.8272073891485,12595.541524724062,12595.541524724062,2895.8272073891485,3995.3976809556857,1978.8076695103387,5845.147326901077,2538.8090818547007,43646.566673902984,2538.8090818547007,5845.147326901077,1978.8076695103387,1885.4466595470933,3991.214334661493,2931.149488277667,12551.637672608967,12551.637672608967,2931.149488277667,3991.214334661493,1885.4466595470933,590.6171535642967,1986.096502737493,5833.172007596833,2560.2374795984438,43624.0652973165,2560.2374795984438,5833.172007596833,1986.096502737493,590.6171535642967
Ships,24037.99999999057,9644.720538037258,9644.720538037258,6054.611775757269,23179.197278902473,6054.611775757269,1109.057149723229,9685.707412960059,9685.707412960059,1109.057149723229,1474.0416051825214,6046.031546395356,23150.248353300496,6046.031546395356,1474.0416051825214,1905.918132242091,1205.365391599831,9652.473977131716,9652.473977131716,1205.365391599831,1905.918132242091,984.7289411218954,1484.5107554908238,6042.654531257822,23117.179659847527,6042.654531257822,1484.5107554908238,984.7289411218954,2004.8345783334319,1933.0241268273721,1183.9947736088022,9657.94833165921,9657.94833165921,1183.9947736088022,1933.0241268273721,2004.8345783334319,1567.3211399316908,992.775672543743,1471.7241497309544,6044.546556459693,23141.860129504304,6044.546556459693,1471.7241497309544,992.775672543743,1567.3211399316908
Ships,36106.999999985834,17454.018111642403,17454.018111642403,1428.7937469269295,35424.98639454392,1428.7937469269295,5417.500039413,17253.85061982569,17253.85061982569,5417.500039413,6303.388307177681,1488.097500366136,35418.769787266094,1488.097500366136,6303.388307177681,5104.089826649806,5397.849132203013,17266.620111178134,17266.620111178134,5397.849132203013,5104.089826649806,600.689335511158,6310.005621673631,1442.0647942899727,35426.69380509593,1442.0647942899727,6310.005621673631,600.689335511158,3059.406993132187,5074.379860039727,5388.792720532855,17281.3927519376,17281.3927519376,5388.792720532855,5074.379860039727,3059.406993132187,2191.1749515776187,595.3971502896401,6293.453710801661,1477.6778957338831,35412.57178190477,1477.6778957338831,6293.453710801661,595.3971502896401,2191.1749515776187
Ships,53464.999999979016,8717.531831857683,8717.531831857683,6131.242647945909,52565.77097503606,6131.242647945909,2385.6076911442747,8726.271738539313,8726.271738539313,2385.6076911442747,9205.246610015518,6097.032893038563,52609.73105339846,6097.032893038563,9205.246610015518,2037.4213453539655,2405.7920822068277,8760.387059956287,8760.387059956287,2405.7920822068277,2037.4213453539655,1147.7999518704855,9232.468050681897,6120.173093691371,52567.86935931533,6120.173093691371,9232.468050681897,1147.7999518704855,361.8262453792205,2025.933277091232,2397.6376418596087,8748.650626933433,8748.650626933433,2397.6376418596087,2025.933277091232,361.8262453792205,2100.0448684384164,1182.0391657959842,9245.868189534765,6105.110211540128,52588.89229819074,6105.110211540128,9245.868189534765,1182.0391657959842,2100.0448684384164
Ships,8573.999999996639,2415.4941063090237,2415.4941063090237,3395.62701586274,8543.156462581683,3395.62701586274,2299.521143572252,2400.0175942454157,2400.0175942454157,2299.521143572252,2747.837765672443,3396.386025130655,8528.842766128051,3396.386025130655,2747.837765672443,894.2362709181357,2304.6300062757614,2400.3617927084365,2400.3617927084365,2304.6300062757614,894.2362709181357,1346.0707561091126,2754.749581583371,3396.201572901741,8540.102361534024,3396.201572901741,2754.749581583371,1346.0707561091126,1167.952877826716,881.0910203847874,2304.3066884900277,2407.8900232130877,2407.8900232130877,2304.3066884900277,881.0910203847874,1167.952877826716,1131.315457513858,1350.1404516563562,2748.232076125024,3393.930141085099,8545.47332515322,3393.930141085099,2748.232076125024,1350.1404516563562,1131.315457513858
Ships,3016.9999999988163,2867.283374019492,2867.283374019492,2448.128827005656,3016.9999999988163,2448.128827005656,1845.0405872340427,2867.283374019492,2867.283374019492,1845.0405872340427,1191.904047791906,2448.128827005656,3016.9999999988163,2448.128827005656,1191.904047791906,694.7724541961595,1845.0405872340427,2867.283374019492,2867.283374019492,1845.0405872340427,694.7724541961595,630.2926411773025,1191.904047791906,2448.128827005656,3016.9999999988163,2448.128827005656,1191.904047791906,630.2926411773025,796.0432968985197,694.7724541961595,1845.0405872340427,2867.283374019492,2867.283374019492,1845.0405872340427,694.7724541961595,796.0432968985197,862.6357450825213,630.2926411773025,1191.904047791906,2448.128827005656,3016.9999999988163,2448.128827005656,1191.904047791906,630.2926411773025,862.6357450825213
Ships,2828.9999999988904,1814.3441520433903,1814.3441520433903,1368.2187220359763,1776.496598638759,1368.2187220359763,857.4089686068011,1800.0189702765465,1800.0189702765465,857.4089686068011,407.4440219181242,1323.6091995658817,1842.3346290890086,1323.6091995658817,407.4440219181242,214.23451038405037,791.5794499902472,1712.7111902282002,1712.7111902282002,791.5794499902472,214.23451038405037,126.50861485908796,455.53570328226607,1301.0967040476808,1887.5275207437273,1301.0967040476808,455.53570328226607,126.50861485908796,173.54322359012048,219.0631290256499,849.8189731690389,1740.6954391716881,1740.6954391716881,849.8189731690389,219.0631290256499,173.54322359012048,269.4016701520076,122.63150596972591,470.93058150260964,1303.3485832704607,1903.8425772137844,1303.3485832704607,470.93058150260964,122.63150596972591,269.4016701520076
Ships,40160.99999998424,14775.824483481761,14775.824483481761,7095.935690631794,40103.770975040956,7095.935690631794,2269.7947626644223,14733.257266950292,14733.257266950292,2269.7947626644223,3887.4556314063534,7091.864996182993,40053.00641706359,7091.864996182993,3887.4556314063534,4933.07836577421,2232.364320882323,14711.91487455838,14711.91487455838,2232.364320882323,4933.07836577421,1863.7442010466748,3866.05864847159,7095.057531993952,40045.58634826976,7095.057531993952,3866.05864847159,1863.7442010466748,1825.3799823527884,4922.933961856086,2235.082295735411,14714.720950460875,14714.720950460875,2235.082295735411,4922.933961856086,1825.3799823527884,766.808510523887,1866.250664508156,3870.302244328355,7099.0924062037775,40056.80968685149,7099.0924062037775,3870.302244328355,1866.250664508156,766.808510523887
Ships,53314.999999979074,9596.481751537867,9596.481751537867,4101.87474635635,51946.229024922926,4101.87474635635,2536.6829673661045,9595.410219238807,9595.410219238807,2536.6829673661045,4705.041578513322,4100.176375885464,51939.340722209556,4100.176375885464,4705.041578513322,3670.003839869915,2537.1042450461277,9597.221985283373,9597.221985283373,2537.1042450461277,3670.003839869915,866.4318730968735,4706.472591629066,4101.370512098499,51945.83820720132,4101.370512098499,4706.472591629066,866.4318730968735,2095.4725898009506,3670.851323801627,2535.096053203508,9597.768110954883,9597.768110954883,2535.096053203508,3670.851323801627,2095.4725898009506,867.2022635506382,863.6834517746202,4704.3252853060485,4099.856835864123,51941.72330893288,4099.856835864123,4704.3252853060485,863.6834517746202,867.2022635506382
Ships,1386.999999999456,1251.9990099831361,1251.9990099831361,904.1780611819062,1386.999999999456,904.1780611819062,498.4383793110485,1251.9990099831361,1251.9990099831361,498.4383793110485,277.093106800598,904.1780611819062,1386.999999999456,904.1780611819062,277.093106800598,311.90682072969463,498.4383793110485,1251.9990099831361,1251.9990099831361,498.4383793110485,311.90682072969463,295.0703359368039,277.093106800598,904.1780611819062,1386.999999999456,904.1780611819062,277.093106800598,295.0703359368039,185.59722114952578,311.90682072969463,498.4383793110485,1251.9990099831361,1251.9990099831361,498.4383793110485,311.90682072969463,185.59722114952578,78.0361242312915,295.0703359368039,277.093106800598,904.1780611819062,1386.999999999456,904.1780611819062,277.093106800598,295.0703359368039,78.0361242312915
Ships,3574.999999998598,850.6411815537253,850.6411815537253,1843.254243567144,2487.9115646248747,1843.254243567144,772.8287584569812,835.103381975663,835.103381975663,772.8287584569812,910.0720377185731,1847.8601752960515,2493.2955250117484,1847.8601752960515,910.0720377185731,634.6958174432033,776.5687265036993,839.740838026527,839.740838026527,776.5687265036993,634.6958174432033,341.02096664324114,952.835803895466,1834.9264134808689,2505.6297818216094,1834.9264134808689,952.835803895466,341.02096664324114,404.35573301242437,643.9809485897028,775.8882412477541,843.9848604036245,843.9848604036245,775.8882412477541,643.9809485897028,404.35573301242437,138.7379211182362,322.7244362735461,926.8866483093138,1847.8141133030408,2486.683927835418,1847.8141133030408,926.8866483093138,322.7244362735461,138.7379211182362
Ships,43672.99999998286,15956.614790323027,15956.614790323027,3642.0633529876213,42461.65306120783,3642.0633529876213,4250.440961122584,15886.72709948026,15886.72709948026,4250.440961122584,4150.8071883293815,3656.93165543516,42495.537276118266,3656.93165543516,4150.8071883293815,2809.3598834130557,4250.001253096083,15885.525016146463,15885.525016146463,4250.001253096083,2809.3598834130557,290.7567796783994,4140.864939408345,3655.6648585228336,42496.79547740733,3655.6648585228336,4140.864939408345,290.7567796783994,1812.9757936034755,2790.516471360417,4253.382667313155,15891.866780967983,15891.866780967983,4253.382667313155,2790.516471360417,1812.9757936034755,1201.4018994888127,307.6689819878231,4136.674003498676,3648.840936327432,42479.08682091991,3648.840936327432,4136.674003498676,307.6689819878231,1201.4018994888127
Ships,42.99999999998314,42.98257909264251,42.98257909264251,42.93034088311323,42.99999999998314,42.93034088311323,42.843358867926305,42.98257909264251,42.98257909264251,42.843358867926305,42.72175540489122,42.93034088311323,42.99999999998314,42.93034088311323,42.72175540489122,42.56570150876461,42.843358867926305,42.98257909264251,42.98257909264251,42.843358867926305,42.56570150876461,42.37541656575009,42.72175540489122,42.93034088311323,42.99999999998314,42.93034088311323,42.72175540489122,42.37541656575009,42.15116796739281,42.56570150876461,42.843358867926305,42.98257909264251,42.98257909264251,42.843358867926305,42.56570150876461,42.15116796739281,41.89327066459276,42.37541656575009,42.72175540489122,42.93034088311323,42.99999999998314,42.93034088311323,42.72175540489122,42.37541656575009,41.89327066459276
Ships,1371.9999999994616,1355.6677389166796,1355.6677389166796,1307.4764418460095,1371.9999999994616,1307.4764418460095,1229.8012137316584,1355.6677389166796,1355.6677389166796,1229.8012137316584,1126.4673910058923,1307.4764418460095,1371.9999999994616,1307.4764418460095,1126.4673910058923,1002.5680072288776,1229.8012137316584,1355.6677389166796,1355.6677389166796,1229.8012137316584,1002.5680072288776,864.2468043574593,1126.4673910058923,1307.4764418460095,1371.9999999994616,1307.4764418460095,1126.4673910058923,864.2468043574593,718.4997345388989,1002.5680072288776,1229.8012137316584,1355.6677389166796,1355.6677389166796,1229.8012137316584,1002.5680072288776,718.4997345388989,573.1013062337033,864.2468043574593,1126.4673910058923,1307.4764418460095,1371.9999999994616,1307.4764418460095,1126.4673910058923,864.2468043574593,573.1013062337033
Ships,4560.99999999821,3700.367761388073,3700.367761388073,3041.380084177822,3670.809523808084,3041.380084177822,2203.539283651547,3624.0483262447196,3624.0483262447196,2203.539283651547,1354.8553144642492,2947.4546012373503,3846.8971107702373,2947.4546012373503,1354.8553144642492,733.1477299398402,2162.2486960178667,3594.8882440509437,3594.8882440509437,2162.2486960178667,733.1477299398402,573.6832157235737,1351.8330958465417,2992.4967315335816,3841.0178966455856,2992.4967315335816,1351.8330958465417,573.6832157235737,686.2056834295043,695.3716186428953,2164.489044028471,3593.187345263987,3593.187345263987,2164.489044028471,695.3716186428953,686.2056834295043,689.9816543363424,581.9346654986751,1355.5042644286013,2963.4406971530525,3866.372302121932,2963.4406971530525,1355.5042644286013,581.9346654986751,689.9816543363424
Ships,8624.999999996617,7407.993854377875,7407.993854377875,4520.059126534933,8624.999999996617,4520.059126534933,1674.3466268057437,7407.993854377875,7407.993854377875,1674.3466268057437,649.8867634463904,4520.059126534933,8624.999999996617,4520.059126534933,649.8867634463904,841.1576597531276,1674.3466268057437,7407.993854377875,7407.993854377875,1674.3466268057437,841.1576597531276,938.152930810371,649.8867634463904,4520.059126534933,8624.999999996617,4520.059126534933,649.8867634463904,938.152930810371,853.5846070557087,841.1576597531276,1674.3466268057437,7407.993854377875,7407.993854377875,1674.3466268057437,841.1576597531276,853.5846070557087,376.77437510596775,938.152930810371,649.8867634463904,4520.059126534933,8624.999999996617,4520.059126534933,649.8867634463904,938.152930810371,376.77437510596775
Ships,13443.999999994725,7011.308267067233,7011.308267067233,7652.893540468098,13428.331065754368,7652.893540468098,4886.256196078038,6999.870985289477,6999.870985289477,4886.256196078038,4049.341119232239,7647.75612020823,13413.4502599173,7647.75612020823,4049.341119232239,1507.024975376023,4883.594105438781,6992.509745142646,6992.509745142646,4883.594105438781,1507.024975376023,717.2576467854173,4049.582685892914,7645.207879468936,13409.939908248254,7645.207879468936,4049.582685892914,717.2576467854173,341.6401685488161,1510.9404779933193,4884.704240081272,6990.85484225927,6990.85484225927,4884.704240081272,1510.9404779933193,341.6401685488161,874.0374789130003,713.1744041690797,4048.4134804215696,7644.296626512027,13412.374761717978,7644.296626512027,4048.4134804215696,713.1744041690797,874.0374789130003
Ships,6643.999999997393,1025.1357939245613,1025.1357939245613,1913.9548259494711,5953.764172333265,1913.9548259494711,345.0359659668283,785.7521167669115,785.7521167669115,345.0359659668283,674.4637496342241,1936.7579399572621,5892.152097117716,1936.7579399572621,674.4637496342241,437.17597787042064,420.78510966793266,843.4489222408953,843.4489222408953,420.78510966793266,437.17597787042064,648.6425763515924,658.1935957622975,1923.3320526352443,5924.32810141665,1923.3320526352443,658.1935957622975,648.6425763515924,688.5824735157373,417.02565651055176,375.7837438998098,808.5781437223376,808.5781437223376,375.7837438998098,417.02565651055176,688.5824735157373,188.31992312601966,656.1866277143972,651.2186996538722,1919.589351915292,5920.847168508608,1919.589351915292,651.2186996538722,656.1866277143972,188.31992312601966
Ships,14108.999999994463,1691.6368887284593,1691.6368887284593,1243.7229447774869,12978.419501128694,1243.7229447774869,2679.8161577078467,1646.7781395012594,1646.7781395012594,2679.8161577078467,1512.322921480224,1251.2317130019928,12913.640227060816,1251.2317130019928,1512.322921480224,220.69991663725978,2654.16799196367,1671.1593503895808,1671.1593503895808,2654.16799196367,220.69991663725978,1766.0844895216803,1520.127250020857,1262.0543647730988,12942.19471651941,1262.0543647730988,1520.127250020857,1766.0844895216803,926.6036590336062,243.79939909842696,2663.87534514408,1652.914988298461,1652.914988298461,2663.87534514408,243.79939909842696,926.6036590336062,229.14991348000066,1756.741499885506,1517.1104669798965,1249.372003820894,12938.760660591637,1249.372003820894,1517.1104669798965,1756.741499885506,229.14991348000066
Ships,27808.999999989086,9502.47263388078,9502.47263388078,6262.610556055987,26428.8412698309,6262.610556055987,969.7577471140769,9498.9572655792,9498.9572655792,969.7577471140769,2483.6207798817386,6261.028999027206,26436.32219598821,6261.028999027206,2483.6207798817386,2021.0892664738867,965.2378869444741,9495.376785914696,9495.376785914696,965.2378869444741,2021.0892664738867,2613.825384891103,2479.8303638765597,6259.938749220224,26442.140425566293,6259.938749220224,2479.8303638765597,2613.825384891103,2483.8694056186528,2019.0706956736512,962.504043044519,9493.3964209472,9493.3964209472,962.504043044519,2019.0706956736512,2483.8694056186528,1412.3838838857293,2613.3393192292474,2477.9403013880524,6259.735981780264,26444.350519532272,6259.735981780264,2477.9403013880524,2613.3393192292474,1412.3838838857293
Ships,46516.999999981745,13307.502141326688,13307.502141326688,4837.973355427423,45135.321995447135,4837.973355427423,1151.9301560094996,13304.34831868605,13304.34831868605,1151.9301560094996,6923.11457648598,4837.935494746745,45141.7464173701,4837.935494746745,6923.11457648598,1533.973271278921,1147.2871181922055,13300.163202980215,13300.163202980215,1147.2871181922055,1533.973271278921,349.8442467412708,6923.25137325782,4837.902493113513,45149.06093345973,4837.902493113513,6923.25137325782,349.8442467412708,526.1137293532189,1536.1383819058765,1142.808744252794,13296.109292083624,13296.109292083624,1142.808744252794,1536.1383819058765,526.1137293532189,3032.265494214967,355.1240525057502,6922.982007227532,4837.875293165402,45155.50901939348,4837.875293165402,6922.982007227532,355.1240525057502,3032.265494214967
Ships,3771.9999999985203,1442.8977406538188,1442.8977406538188,2127.8130613140333,2973.691609976158,2127.8130613140333,1507.9806404264104,1404.2550715223156,1404.2550715223156,1507.9806404264104,1125.1070315353984,2125.0912344818707,3064.8786462418757,2125.0912344818707,1125.1070315353984,1311.5598195013167,1436.899930060944,1407.387481679434,1407.387481679434,1436.899930060944,1311.5598195013167,717.1318771562163,1156.8911700187668,2096.602685828092,3061.476951463119,2096.602685828092,1156.8911700187668,717.1318771562163,972.9389826233435,1292.6994157325062,1462.7606539449362,1396.443524429121,1396.443524429121,1462.7606539449362,1292.6994157325062,972.9389826233435,392.4090036605479,707.9161447881935,1160.3534509753904,2086.2715372415882,3084.4682124170786,2086.2715372415882,1160.3534509753904,707.9161447881935,392.4090036605479
Ships,325.99999999987216,322.4298496252339,322.4298496252339,311.89351849585444,325.99999999987216,311.89351849585444,294.9067999695458,322.4298496252339,322.4298496252339,294.9067999695458,272.3086727604588,311.89351849585444,325.99999999987216,311.89351849585444,272.3086727604588,245.23480113341492,294.9067999695458,322.4298496252339,322.4298496252339,294.9067999695458,245.23480113341492,215.0905645636495,272.3086727604588,311.89351849585444,325.99999999987216,311.89351849585444,272.3086727604588,215.0905645636495,183.53654276750106,245.23480113341492,294.9067999695458,322.4298496252339,322.4298496252339,294.9067999695458,245.23480113341492,183.53654276750106,152.5060338598429,215.0905645636495,272.3086727604588,311.89351849585444,325.99999999987216,311.89351849585444,272.3086727604588,215.0905645636495,152.5060338598429
Ships,16816.9999999934,3926.7208589218867,3926.7208589218867,4890.617133940976,15607.058956909977,4890.617133940976,2496.649800234695,3891.3608570837896,3891.3608570837896,2496.649800234695,842.2071538254304,4834.205269401057,15699.53986764158,4834.205269401057,842.2071538254304,1419.0831209489002,2548.860466853851,3861.0722778427235,3861.0722778427235,2548.860466853851,1419.0831209489002,1511.7784856540466,889.8955375300347,4821.499863241856,15680.638354770323,4821.499863241856,889.8955375300347,1511.7784856540466,550.2870221237833,1418.2776739923754,2519.131355567664,3861.190423132804,3861.190423132804,2519.131355567664,1418.2776739923754,550.2870221237833,965.3395884808126,1501.552413844965,869.2625763351716,4828.465364464529,15673.574115746887,4828.465364464529,869.2625763351716,1501.552413844965,965.3395884808126
Ships,4681.999999998165,1569.3161237310806,1569.3161237310806,543.2811668978393,3477.7006802707447,543.2811668978393,787.2402819388144,1552.669927178395,1552.669927178395,787.2402819388144,952.7407335441588,480.5242929116164,3541.207490704644,480.5242929116164,952.7407335441588,198.63338047056953,777.2348389532394,1541.5436750277931,1541.5436750277931,777.2348389532394,198.63338047056953,485.49232636790003,1009.3650931609872,435.3180279760114,3600.915162828442,435.3180279760114,1009.3650931609872,485.49232636790003,194.98646158177334,187.92516002911154,784.9576864678181,1535.0807211874708,1535.0807211874708,784.9576864678181,187.92516002911154,194.98646158177334,61.15720787769022,484.218647658012,999.6164723036352,446.3906813826476,3585.742477927852,446.3906813826476,999.6164723036352,484.218647658012,61.15720787769022
Ships,48612.99999998092,8557.744064994185,8557.744064994185,2414.047302139301,47954.48299317846,2414.047302139301,1512.2723401871863,8697.49893030357,8697.49893030357,1512.2723401871863,6761.590463331251,2486.6307261605916,47871.512163123116,2486.6307261605916,6761.590463331251,3858.2773968599417,1491.2554900515274,8681.978348275896,8681.978348275896,1491.2554900515274,3858.2773968599417,2021.4560817719555,6689.778605171806,2413.144940491745,47950.00093807887,2413.144940491745,6689.778605171806,2021.4560817719555,817.8843945765932,3821.1503299289247,1535.3052136714966,8734.965374393341,8734.965374393341,1535.3052136714966,3821.1503299289247,817.8843945765932,1538.3334832942517,1980.6571134729725,6722.635172056779,2450.3475002363093,47908.80080058529,2450.3475002363093,6722.635172056779,1980.6571134729725,1538.3334832942517
Ships,8641.99999999661,4261.173062949359,4261.173062949359,777.3453514859358,7530.594104305435,777.3453514859358,2562.394598195064,4286.906270389362,4286.906270389362,2562.394598195064,2086.3437523384255,771.9056360813236,7632.710660678511,771.9056360813236,2086.3437523384255,772.5867198447658,2552.332534720639,4262.017879185809,4262.017879185809,2552.332534720639,772.5867198447658,1453.0182204654247,2089.466634910101,770.7175430558922,7660.410613087448,770.7175430558922,2089.466634910101,1453.0182204654247,830.1980524886785,783.122461427349,2548.5796415714976,4254.309536024096,4254.309536024096,2548.5796415714976,783.122461427349,830.1980524886785,684.7694905428064,1435.7568026461747,2088.7269662863655,776.5574433255059,7649.63378231272,776.5574433255059,2088.7269662863655,1435.7568026461747,684.7694905428064
Ships,11040.999999995669,4929.27714379545,4929.27714379545,2266.5474204824704,9912.28344670813,2266.5474204824704,2580.6455220330413,4889.051026587924,4889.051026587924,2580.6455220330413,1801.856236155937,2245.0384213786906,9986.205176851407,2245.0384213786906,1801.856236155937,768.7626710500225,2640.7980289153247,4816.65272996274,4816.65272996274,2640.7980289153247,768.7626710500225,1197.8062625904695,1799.2143494393345,2208.1367808026307,10015.725392042194,2208.1367808026307,1799.2143494393345,1197.8062625904695,227.439620140994,789.855507880586,2619.521069206368,4840.813281528865,4840.813281528865,2619.521069206368,789.855507880586,227.439620140994,255.14085678746883,1203.205512219831,1798.7680756706131,2215.8098905283796,10005.187874229701,2215.8098905283796,1798.7680756706131,1203.205512219831,255.14085678746883
Ships,45742.99999998204,13555.101358637154,13555.101358637154,4298.623181120844,44546.16099771495,4298.623181120844,2349.821117783377,13553.850427207433,13553.850427207433,2349.821117783377,5370.950068852342,4380.248540041359,44587.70507657096,4380.248540041359,5370.950068852342,2150.5308810005795,2335.021421798364,13547.73135328639,13547.73135328639,2335.021421798364,2150.5308810005795,968.0527615908518,5392.85151173971,4331.478087587191,44543.49466749815,4331.478087587191,5392.85151173971,968.0527615908518,1221.296853601766,2127.508193415029,2372.5459851135943,13551.729230759487,13551.729230759487,2372.5459851135943,2127.508193415029,1221.296853601766,2560.539738556114,990.3388344488752,5401.224975474715,4336.467681052183,44552.59762106915,4336.467681052183,5401.224975474715,990.3388344488752,2560.539738556114
Ships,43193.99999998305,14413.55709922425,14413.55709922425,4383.714637516727,41812.41269839629,4383.714637516727,5633.727106147364,14411.402447034683,14411.402447034683,5633.727106147364,2747.6400566420593,4384.23122488564,41813.85944126577,4384.23122488564,2747.6400566420593,2444.6944517244406,5634.386871394704,14411.708397688866,14411.708397688866,5634.386871394704,2444.6944517244406,1652.7465835020766,2746.047029522175,4384.6453996592545,41814.43227090325,4384.6453996592545,2746.047029522175,1652.7465835020766,2458.805897159094,2444.5298032421188,5635.828700739863,14410.753953225469,14410.753953225469,5635.828700739863,2444.5298032421188,2458.805897159094,1854.9964730332363,1653.4954290608616,2744.432423491175,4383.0923712351,41816.148315419094,4383.0923712351,2744.432423491175,1653.4954290608616,1854.9964730332363
Ships,39939.99999998433,16783.600577369616,16783.600577369616,4292.574834016691,38608.712018125436,4292.574834016691,5942.803226830814,16786.101976329075,16786.101976329075,5942.803226830814,2344.5085294957194,4288.36695416736,38612.37410336769,4288.36695416736,2344.5085294957194,390.3541748203847,5928.749988697071,16784.292645405698,16784.292645405698,5928.749988697071,390.3541748203847,2798.3859385318706,2334.765221160838,4280.861412453979,38607.35780251389,4280.861412453979,2334.765221160838,2798.3859385318706,166.21080747222652,395.33838728751334,5941.933819632928,16781.971570861675,16781.971570861675,5941.933819632928,395.33838728751334,166.21080747222652,3100.2520667227777,2790.2499300495183,2330.1913271603144,4281.382826909798,38614.98387788182,4281.382826909798,2330.1913271603144,2790.2499300495183,3100.2520667227777
Ships,8129.99999999681,5884.631818891926,5884.631818891926,1702.75459807058,7586.875283443736,1702.75459807058,1210.1003116227816,5568.405860721707,5568.405860721707,1210.1003116227816,1239.700908289643,1657.670691469324,7573.096179058223,1657.670691469324,1239.700908289643,293.10120102609324,1171.5796644012203,5649.844692299279,5649.844692299279,1171.5796644012203,293.10120102609324,80.3074082913675,1223.2164758882104,1681.2433344086658,7594.96707460682,1681.2433344086658,1223.2164758882104,80.3074082913675,328.5993782499797,302.9523650701781,1196.5151167951026,5616.0156695367095,5616.0156695367095,1196.5151167951026,302.9523650701781,328.5993782499797,280.0279438439032,78.65528199371357,1241.0151686861907,1665.1371961322382,7577.590528566531,1665.1371961322382,1241.0151686861907,78.65528199371357,280.0279438439032
Ships,453.99999999982197,401.5477018230855,401.5477018230855,263.0926500872232,453.99999999982197,263.0926500872232,93.0755827902934,401.5477018230855,401.5477018230855,93.0755827902934,96.23063716961262,263.0926500872232,453.99999999982197,263.0926500872232,96.23063716961262,184.69388514588235,93.0755827902934,401.5477018230855,401.5477018230855,93.0755827902934,184.69388514588235,195.77492804869183,96.23063716961262,263.0926500872232,453.99999999982197,263.0926500872232,96.23063716961262,195.77492804869183,139.25826437619833,184.69388514588235,93.0755827902934,401.5477018230855,401.5477018230855,93.0755827902934,184.69388514588235,139.25826437619833,55.18568864591774,195.77492804869183,96.23063716961262,263.0926500872232,453.99999999982197,263.0926500872232,96.23063716961262,195.77492804869183,55.18568864591774
Ships,17637.99999999308,3925.065337131072,3925.065337131072,2383.4452111117357,16254.798185934667,2383.4452111117357,2448.7861301286703,3922.645007819673,3922.645007819673,2448.7861301286703,3079.392742357925,2386.8640058999385,16258.291977101926,2386.8640058999385,3079.392742357925,720.2908774515505,2452.1379226342483,3919.8641703358585,3919.8641703358585,2452.1379226342483,720.2908774515505,1193.4685769916393,3074.580816260728,2389.9691645419716,16261.602878197707,2389.9691645419716,3074.580816260728,1193.4685769916393,1717.6047109323358,719.8297570995634,2454.5626352636027,3917.9003093249694,3917.9003093249694,2454.5626352636027,719.8297570995634,1717.6047109323358,1136.9326444992685,1190.2414426371893,3071.196590603463,2391.555993876338,16263.61088015671,2391.555993876338,3071.196590603463,1190.2414426371893,1136.9326444992685
Ships,30018.99999998822,9490.015899800526,9490.015899800526,8246.417273306051,28986.587301575928,8246.417273306051,4212.966414986314,9712.79321955323,9712.79321955323,4212.966414986314,5733.558934650954,8241.975458261848,28995.108041391126,8241.975458261848,5733.558934650954,1937.510528925129,4230.851170501453,9673.43765170225,9673.43765170225,4230.851170501453,1937.510528925129,935.1710727626423,5743.3633513461045,8264.483060374208,28995.2811215984,8264.483060374208,5743.3633513461045,935.1710727626423,1908.072680697644,1925.7881267974506,4213.116396572098,9697.046927402478,9697.046927402478,4213.116396572098,1925.7881267974506,1908.072680697644,745.4847982477424,945.8477069510933,5735.180432307085,8258.773585879113,29009.761404501558,8258.773585879113,5735.180432307085,945.8477069510933,745.4847982477424
Ships,7348.999999997117,4087.003431057581,4087.003431057581,2887.379038638496,6588.664399090387,2887.379038638496,39.36577902326999,3885.5525742308037,3885.5525742308037,39.36577902326999,1833.3688296216053,2794.5605978905296,6797.770419729853,2794.5605978905296,1833.3688296216053,1526.1008929646546,33.91992008759786,3918.407275025884,3918.407275025884,33.91992008759786,1526.1008929646546,1041.3334552428694,1775.2770020512392,2814.117237193504,6721.8459923210685,2814.117237193504,1775.2770020512392,1041.3334552428694,134.5043891415454,1513.0506164560074,36.61690958879718,3920.964548013012,3920.964548013012,36.61690958879718,1513.0506164560074,134.5043891415454,948.1068474804506,1027.5819549953035,1791.2041142506446,2819.0736052200627,6734.934283702292,2819.0736052200627,1791.2041142506446,1027.5819549953035,948.1068474804506
Ships,4118.999999998384,3510.9818178651058,3510.9818178651058,3015.263453084124,3382.1337868467463,3015.263453084124,2591.950773002396,3349.2802958914654,3349.2802958914654,2591.950773002396,2119.543247463581,3026.673533469532,3537.1368874066366,3026.673533469532,2119.543247463581,1629.2551859192552,2573.2925226806456,3365.4608468966044,3365.4608468966044,2573.2925226806456,1629.2551859192552,1203.6950298268596,2107.0611697672603,3026.5500293927585,3479.1212660869087,3026.5500293927585,2107.0611697672603,1203.6950298268596,860.2309571431996,1626.3223781208967,2576.754376476634,3359.307569834675,3359.307569834675,2576.754376476634,1626.3223781208967,860.2309571431996,553.8389988060737,1215.4754407353207,2098.8579442554733,2997.6802097422697,3501.791654193044,2997.6802097422697,2098.8579442554733,1215.4754407353207,553.8389988060737
Ships,8397.999999996704,4221.772038925053,4221.772038925053,2547.2417509193965,7699.54648525775,2547.2417509193965,3952.251114052578,3940.3738772451593,3940.3738772451593,3952.251114052578,289.28637922666286,2503.4121065732797,7744.136702296929,2503.4121065732797,289.28637922666286,2693.9956450327454,3914.293264662507,4004.254427351972,4004.254427351972,3914.293264662507,2693.9956450327454,1126.631497157054,288.75025333220157,2528.3610270218073,7721.60744217102,2528.3610270218073,288.75025333220157,1126.631497157054,1461.7648105672865,2654.4614544944707,3935.8287903778896,3967.882856723584,3967.882856723584,3935.8287903778896,2654.4614544944707,1461.7648105672865,1344.074625439933,1143.4249008965087,281.78925212197174,2519.512415063732,7712.507030131923,2519.512415063732,281.78925212197174,1143.4249008965087,1344.074625439933
Ships,1605.9999999993702,1595.7580144796464,1595.7580144796464,1565.3786968836657,1605.9999999993702,1565.3786968836657,1515.8905054972945,1595.7580144796464,1595.7580144796464,1515.8905054972945,1448.970059484019,1565.3786968836657,1605.9999999993702,1565.3786968836657,1448.970059484019,1366.888397265906,1515.8905054972945,1595.7580144796464,1595.7580144796464,1515.8905054972945,1366.888397265906,1272.4405391835487,1448.970059484019,1565.3786968836657,1605.9999999993702,1565.3786968836657,1448.970059484019,1272.4405391835487,1168.8627027152584,1366.888397265906,1515.8905054972945,1595.7580144796464,1595.7580144796464,1515.8905054972945,1366.888397265906,1168.8627027152584,1059.7417544137213,1272.4405391835487,1448.970059484019,1565.3786968836657,1605.9999999993702,1565.3786968836657,1448.970059484019,1272.4405391835487,1059.7417544137213
Ships,5253.999999997939,2598.6961057621506,2598.6961057621506,1785.0131763431198,4329.61904761735,1785.0131763431198,842.2525828111281,2480.6694114889447,2480.6694114889447,842.2525828111281,675.5394931499059,1768.405452817806,4371.548182082911,1768.405452817806,675.5394931499059,295.02091689787835,818.3335311343386,2471.87843053055,2471.87843053055,818.3335311343386,295.02091689787835,293.450495886144,626.9872843204323,1786.9647720725384,4336.576155541115,1786.9647720725384,626.9872843204323,293.450495886144,406.7592772096307,250.015067475142,838.7552939032145,2489.059795748247,2489.059795748247,838.7552939032145,250.015067475142,406.7592772096307,208.4418591379938,272.525921346324,661.4395227598137,1778.1276946741011,4355.435550075079,1778.1276946741011,661.4395227598137,272.525921346324,208.4418591379938
Ships,8303.999999996744,5813.344191478695,5813.344191478695,2427.7869783919923,7795.387755098984,2427.7869783919923,2797.5988616230297,5592.173050170092,5592.173050170092,2797.5988616230297,1899.9777718678172,2435.6448953931363,7708.764743082419,2435.6448953931363,1899.9777718678172,1423.7113148040862,2718.063685900048,5623.341072177766,5623.341072177766,2718.063685900048,1423.7113148040862,1339.5819482077309,1893.6148221576686,2432.7482947452013,7755.789010741655,2432.7482947452013,1893.6148221576686,1339.5819482077309,939.872068742319,1392.114317062991,2735.996211474221,5630.875362777029,5630.875362777029,2735.996211474221,1392.114317062991,939.872068742319,1002.3805297699661,1355.6963233741703,1879.672678460786,2436.905019210519,7748.362941189348,2436.905019210519,1879.672678460786,1355.6963233741703,1002.3805297699661
Ships,4419.9999999982665,1180.2254360795894,1180.2254360795894,3118.832739143523,4255.877551018739,3118.832739143523,1782.1987111172002,1073.8475670566554,1073.8475670566554,1782.1987111172002,1672.4939655813853,3095.6926970688633,4215.663226740291,3095.6926970688633,1672.4939655813853,1615.0846505847453,1754.5788748435734,1104.2703447724127,1104.2703447724127,1754.5788748435734,1615.0846505847453,597.9834570270066,1673.72683579479,3052.3596612996407,4234.03582799154,3052.3596612996407,1673.72683579479,597.9834570270066,1210.031450726324,1616.222025081237,1767.4604106899696,1103.5278922911114,1103.5278922911114,1767.4604106899696,1616.222025081237,1210.031450726324,180.20823519386497,602.5544467422436,1646.430036307725,3072.137823449707,4210.371711953699,3072.137823449707,1646.430036307725,602.5544467422436,180.20823519386497
Ships,32009.999999987438,7714.640922427541,7714.640922427541,1526.8001440496541,30806.761904749816,1526.8001440496541,5368.889451233361,7745.557256898055,7745.557256898055,5368.889451233361,2251.671166216273,1515.4592954878572,30847.362025070033,1515.4592954878572,2251.671166216273,2564.1015008893464,5405.720437303575,7755.025207986967,7755.025207986967,5405.720437303575,2564.1015008893464,1190.8351849715132,2282.9747219960564,1536.4450413627328,30820.324018629253,1536.4450413627328,2282.9747219960564,1190.8351849715132,1933.1273048481783,2586.839144438204,5379.5524074714795,7722.917015882801,7722.917015882801,5379.5524074714795,2586.839144438204,1933.1273048481783,1240.046241765021,1230.6116155855498,2262.3795267764494,1533.0017257791717,30827.81649044327,1533.0017257791717,2262.3795267764494,1230.6116155855498,1240.046241765021
Ships,41327.999999983775,10515.217844025781,10515.217844025781,2724.1342677327984,40996.185941027,2724.1342677327984,5169.533667175668,10437.967383798485,10437.967383798485,5169.533667175668,8113.998940182286,2669.2501971741267,40924.97811095622,2669.2501971741267,8113.998940182286,860.0947290441219,5127.660518494867,10449.614401063898,10449.614401063898,5127.660518494867,860.0947290441219,1695.1492737963933,8134.234211656616,2627.707596348506,40884.084686267015,2627.707596348506,8134.234211656616,1695.1492737963933,1745.2862853732308,848.6117024283213,5136.8367428003,10451.141590433408,10451.141590433408,5136.8367428003,848.6117024283213,1745.2862853732308,2233.532773731048,1703.38733826863,8111.167203529219,2636.045297894687,40913.71183441397,2636.045297894687,8111.167203529219,1703.38733826863,2233.532773731048
Ships,7854.999999996917,2847.3364243725246,2847.3364243725246,3911.8913401686004,7064.306122446208,3911.8913401686004,2901.5034612141194,2663.256087084331,2663.256087084331,2901.5034612141194,1910.2348430717598,3842.9544620382994,7087.00419577984,3842.9544620382994,1910.2348430717598,2078.509495368237,2907.7121888571023,2661.915399350693,2661.915399350693,2907.7121888571023,2078.509495368237,1218.1375093766776,1894.2770329918642,3870.2785858334514,7084.242811433219,3870.2785858334514,1894.2770329918642,1218.1375093766776,1340.0557541481924,2088.4181518750047,2904.377394919844,2680.5404178182143,2680.5404178182143,2904.377394919844,2088.4181518750047,1340.0557541481924,884.9521500551807,1221.1931128305273,1888.1173938916795,3872.87208792444,7076.1788457368975,3872.87208792444,1888.1173938916795,1221.1931128305273,884.9521500551807
Ships,27504.999999989202,5581.733607657553,5581.733607657553,3751.137827758016,26679.93424035234,3751.137827758016,3170.547008108184,5615.272824098707,5615.272824098707,3170.547008108184,1995.9645150557417,3860.115592715174,26569.878893043395,3860.115592715174,1995.9645150557417,2023.0196483884015,3204.532534470872,5602.2792736239135,5602.2792736239135,3204.532534470872,2023.0196483884015,3025.3158299325146,1976.2533446531957,3805.8112648851975,26564.9134306786,3805.8112648851975,1976.2533446531957,3025.3158299325146,1221.0460108211291,2028.0230299986783,3158.470591176573,5606.213349735415,5606.213349735415,3158.470591176573,2028.0230299986783,1221.0460108211291,878.7832092956593,3018.803196015303,1993.8081523399937,3829.5639565321076,26554.847150618916,3829.5639565321076,1993.8081523399937,3018.803196015303,878.7832092956593
Ships,10276.99999999597,7992.373500999819,7992.373500999819,3822.839438163647,9892.08843537027,3822.839438163647,1752.7363562172159,7750.909325979717,7750.909325979717,1752.7363562172159,815.897343163973,3785.545114382625,9821.610979989051,3785.545114382625,815.897343163973,1987.7401361634234,1712.5185583727355,7790.720983228386,7790.720983228386,1712.5185583727355,1987.7401361634234,2426.496221021311,811.5241949523665,3810.5101676269574,9851.13047809016,3810.5101676269574,811.5241949523665,2426.496221021311,1606.3957731864484,1971.879780739429,1719.3551669966794,7779.919939759351,7779.919939759351,1719.3551669966794,1971.879780739429,1606.3957731864484,805.5494326536684,2409.843257073997,819.0632491152262,3798.7217811633827,9824.735961819319,3798.7217811633827,819.0632491152262,2409.843257073997,805.5494326536684
Ships,35453.99999998609,16442.885274146254,16442.885274146254,1450.8974740636686,34503.99546483906,1450.8974740636686,6885.605713123008,16160.687948051302,16160.687948051302,6885.605713123008,2687.416903222707,1392.8205120343423,34638.145556621756,1392.8205120343423,2687.416903222707,2127.983461074944,6853.339119614439,16174.81800209202,16174.81800209202,6853.339119614439,2127.983461074944,453.91135560964636,2697.759892943813,1419.0016410519224,34564.65779396548,1419.0016410519224,2697.759892943813,453.91135560964636,1728.051087803167,2117.029391921889,6868.06988992441,16201.40027982416,16201.40027982416,6868.06988992441,2117.029391921889,1728.051087803167,2873.02246778737,446.14376810867327,2676.0764927413134,1406.7660141984045,34589.60387607964,1406.7660141984045,2676.0764927413134,446.14376810867327,2873.02246778737
Ships,17228.99999999324,1334.834429599269,1334.834429599269,6268.525627440609,16057.154195005036,6268.525627440609,2014.3197017881348,1384.9142108170172,1384.9142108170172,2014.3197017881348,3110.6750506499934,6312.607069766664,16048.729186906563,6312.607069766664,3110.6750506499934,1340.6573486519294,1967.9553492812904,1428.477617086326,1428.477617086326,1967.9553492812904,1340.6573486519294,1147.6781727917623,3101.286135589681,6284.928895017646,16063.745843471916,6284.928895017646,3101.286135589681,1147.6781727917623,1653.7627178048024,1353.7731858851905,1996.6807460648647,1388.5349758543148,1388.5349758543148,1996.6807460648647,1353.7731858851905,1653.7627178048024,584.8954897964304,1141.7429063805178,3092.994191549214,6296.037644403516,16042.799021326771,6296.037644403516,3092.994191549214,1141.7429063805178,584.8954897964304
Ships,18215.999999992855,8733.977441468232,8733.977441468232,2229.3764691156853,17751.845804981698,2229.3764691156853,4621.924190330876,8531.552487883197,8531.552487883197,4621.924190330876,3903.9853548023716,2234.29820712049,17834.788467761064,2234.29820712049,3903.9853548023716,837.9984909820577,4593.574247157343,8616.088352704044,8616.088352704044,4593.574247157343,837.9984909820577,1667.849486825077,3938.3512420526085,2224.9737166447276,17777.953161754882,2224.9737166447276,3938.3512420526085,1667.849486825077,1242.6620553789157,783.7594784672611,4608.761923146745,8547.199695565807,8547.199695565807,4608.761923146745,783.7594784672611,1242.6620553789157,593.2227552209582,1663.95843089336,3928.108480073001,2233.3321655238096,17778.343413869647,2233.3321655238096,3928.108480073001,1663.95843089336,593.2227552209582
Ships,1067.9999999995814,1034.5264331656022,1034.5264331656022,938.2842278304846,1067.9999999995814,938.2842278304846,791.1558765260851,1034.5264331656022,1034.5264331656022,791.1558765260851,610.883174036168,938.2842278304846,1067.9999999995814,938.2842278304846,610.883174036168,418.3533217719746,791.1558765260851,1034.5264331656022,1034.5264331656022,791.1558765260851,418.3533217719746,234.49496963854472,610.883174036168,938.2842278304846,1067.9999999995814,938.2842278304846,610.883174036168,234.49496963854472,77.47395775914342,418.3533217719746,791.1558765260851,1034.5264331656022,1034.5264331656022,791.1558765260851,418.3533217719746,77.47395775914342,42.447257842125026,234.49496963854472,610.883174036168,938.2842278304846,1067.9999999995814,938.2842278304846,610.883174036168,234.49496963854472,42.447257842125026
Ships,5928.9999999976735,3168.800275259778,3168.800275259778,251.1716387546269,4793.208616778165,251.1716387546269,610.5194200261253,3089.883162665765,3089.883162665765,610.5194200261253,1028.779741306505,330.1461272948163,4903.356734074928,330.1461272948163,1028.779741306505,704.3538202103664,677.5102649527805,3023.3726900588617,3023.3726900588617,677.5102649527805,704.3538202103664,92.07797587302325,1042.3653428405198,316.72373640734446,4907.9100709805325,316.72373640734446,1042.3653428405198,92.07797587302325,362.5416196307968,668.289791680864,663.286015912928,3047.886064602638,3047.886064602638,663.286015912928,668.289791680864,362.5416196307968,415.7837068522505,110.87815938854875,1033.017419257805,312.2133018160887,4893.390381943958,312.2133018160887,1033.017419257805,110.87815938854875,415.7837068522505
Ships,32484.999999987256,12865.363161326331,12865.363161326331,2051.3615049713344,32315.208616767366,2051.3615049713344,1396.0649906624478,12901.539399044335,12901.539399044335,1396.0649906624478,9884.669070979147,2056.025333585489,32368.908680012595,2056.025333585489,9884.669070979147,1057.682561662164,1406.0360610230414,12894.47732783076,12894.47732783076,1406.0360610230414,1057.682561662164,1280.0066620690902,9929.947828219123,2057.5779640333512,32297.720916000308,2057.5779640333512,9929.947828219123,1280.0066620690902,1114.5254030928763,1015.5191865076938,1407.1799578612574,12897.8787151189,12897.8787151189,1407.1799578612574,1015.5191865076938,1114.5254030928763,3476.2186710402048,1282.8495268426402,9911.841434697479,2054.4990169231646,32364.04524866469,2054.4990169231646,9911.841434697479,1282.8495268426402,3476.2186710402048
Ships,4032.9999999984184,3799.6429443741326,3799.6429443741326,3160.389835599782,4032.9999999984184,3160.389835599782,2277.444093467398,3799.6429443741326,3799.6429443741326,2277.444093467398,1363.86928705368,3160.389835599782,4032.9999999984184,3160.389835599782,1363.86928705368,638.8294511402053,2277.444093467398,3799.6429443741326,3799.6429443741326,2277.444093467398,638.8294511402053,370.1377364779098,1363.86928705368,3160.389835599782,4032.9999999984184,3160.389835599782,1363.86928705368,370.1377364779098,457.99082540870717,638.8294511402053,2277.444093467398,3799.6429443741326,3799.6429443741326,2277.444093467398,638.8294511402053,457.99082540870717,473.00554211489396,370.1377364779098,1363.86928705368,3160.389835599782,4032.9999999984184,3160.389835599782,1363.86928705368,370.1377364779098,473.00554211489396
Ships,40144.99999998424,18266.12362554774,18266.12362554774,5371.9206763682105,39215.643990914316,5371.9206763682105,3801.6613736851828,18114.21209328695,18114.21209328695,3801.6613736851828,2334.081845847459,5458.731542774663,39202.342958936904,5458.731542774663,2334.081845847459,4213.640682508748,3704.238915959983,18161.23886392147,18161.23886392147,3704.238915959983,4213.640682508748,222.0128001300963,2324.6861707906105,5459.035763779557,39247.53771058013,5459.035763779557,2324.6861707906105,222.0128001300963,1581.1146663180868,4257.798115949782,3727.386253545425,18109.881163978007,18109.881163978007,3727.386253545425,4257.798115949782,1581.1146663180868,400.2619675499714,214.0371963897011,2326.1302936752604,5443.497706082734,39208.86160824077,5443.497706082734,2326.1302936752604,214.0371963897011,400.2619675499714
Ships,39280.99999998459,7086.006998681266,7086.006998681266,284.6337379481426,37896.31972787629,284.6337379481426,8846.633968845137,7085.931665013426,7085.931665013426,8846.633968845137,2217.9715252218425,285.6266628128617,37897.69699352177,285.6266628128617,2217.9715252218425,3380.390637102851,8847.956210476337,7085.829868604486,7085.829868604486,8847.956210476337,3380.390637102851,765.9060643900558,2215.9748347484747,286.8026977808425,37899.440547576174,286.8026977808425,2215.9748347484747,765.9060643900558,3156.2743598005454,3378.7177666058874,8849.347640326734,7085.729357629296,7085.729357629296,8849.347640326734,3378.7177666058874,3156.2743598005454,888.5521395317776,765.7038630762263,2213.8418620358148,287.88513338227045,37901.27484189067,287.88513338227045,2213.8418620358148,765.7038630762263,888.5521395317776
Ships,23144.99999999092,3393.794446931162,3393.794446931162,9565.788727526788,21779.471655320252,9565.788727526788,1632.4158755572141,3385.269345619138,3385.269345619138,1632.4158755572141,2555.3577663928036,9565.02744041517,21788.82729417443,9565.02744041517,2555.3577663928036,653.9578477579636,1637.0689015519638,3387.3587126041753,3387.3587126041753,1637.0689015519638,653.9578477579636,1143.5026102280526,2559.4378148979686,9559.842700572162,21784.25409103283,9559.842700572162,2559.4378148979686,1143.5026102280526,432.0531425808391,652.1729790739216,1637.384595386923,3390.3594729614997,3390.3594729614997,1637.384595386923,652.1729790739216,432.0531425808391,976.147332292158,1150.968997656125,2555.3791336289596,9560.789201103895,21784.245567475187,9560.789201103895,2555.3791336289596,1150.968997656125,976.147332292158
Ships,4055.999999998409,3732.213121489707,3732.213121489707,2850.3968288772294,4055.999999998409,2850.3968288772294,1654.0878351539031,3732.213121489707,3732.213121489707,1654.0878351539031,518.1394950181179,2850.3968288772294,4055.999999998409,2850.3968288772294,518.1394950181179,645.0651129293122,1654.0878351539031,3732.213121489707,3732.213121489707,1654.0878351539031,645.0651129293122,1092.5265317700319,518.1394950181179,2850.3968288772294,4055.999999998409,2850.3968288772294,518.1394950181179,1092.5265317700319,1088.3065242459038,645.0651129293122,1654.0878351539031,3732.213121489707,3732.213121489707,1654.0878351539031,645.0651129293122,1088.3065242459038,724.3136885939672,1092.5265317700319,518.1394950181179,2850.3968288772294,4055.999999998409,2850.3968288772294,518.1394950181179,1092.5265317700319,724.3136885939672
Ships,5310.999999997917,3781.4292036073525,3781.4292036073525,2354.5957413401698,4497.684807254472,2354.5957413401698,1758.43225576234,3632.2174617592736,3632.2174617592736,1758.43225576234,1675.7932808707535,2369.2143934943633,4589.793218873052,2369.2143934943633,1675.7932808707535,1193.4137023661392,1759.414372294058,3593.2165868380343,3593.2165868380343,1759.414372294058,1193.4137023661392,851.752222642028,1651.2497678769937,2337.424148751034,4557.813393925635,2337.424148751034,1651.2497678769937,851.752222642028,612.7760015525952,1206.081552963805,1744.7811825584572,3634.487839784415,3634.487839784415,1744.7811825584572,1206.081552963805,612.7760015525952,472.4247827084511,863.5592938731174,1642.6168042675777,2344.0055361994555,4578.313019482532,2344.0055361994555,1642.6168042675777,863.5592938731174,472.4247827084511
Ships,20260.999999992047,11470.958226209652,11470.958226209652,1718.5571745216594,19775.226757361856,1718.5571745216594,3431.65463764754,11209.470438354012,11209.470438354012,3431.65463764754,2164.8082470224554,1774.219915331597,19618.337405702885,1774.219915331597,2164.8082470224554,3948.728172151758,3488.533392835937,11241.310807828737,11241.310807828737,3488.533392835937,3948.728172151758,1957.6979723035643,2153.3701438572875,1794.2139705220734,19700.611498033555,1794.2139705220734,2153.3701438572875,1957.6979723035643,2037.513913072196,3949.212842254747,3462.9336392658793,11256.882441876442,11256.882441876442,3462.9336392658793,3949.212842254747,2037.513913072196,1770.7171875170332,1960.4913272891802,2163.489253064363,1765.498654312985,19661.725005215667,1765.498654312985,2163.489253064363,1960.4913272891802,1770.7171875170332
Ships,42412.99999998335,13522.473542610984,13522.473542610984,664.2919896135625,41813.78911562985,664.2919896135625,4256.349889883028,13532.441283315002,13532.441283315002,4256.349889883028,6245.714069573148,644.0936360948161,41820.01399106755,644.0936360948161,6245.714069573148,2025.1074711742308,4249.367581310529,13530.084170203894,13530.084170203894,4249.367581310529,2025.1074711742308,939.392428588003,6242.133443235989,636.2123968235761,41804.1633931374,636.2123968235761,6242.133443235989,939.392428588003,1531.5243029243093,2049.8901301064707,4247.468415384515,13516.252274521035,13516.252274521035,4247.468415384515,2049.8901301064707,1531.5243029243093,2403.8356528843783,940.0990852157702,6242.356436238418,639.0805095907214,41804.52031477897,639.0805095907214,6242.356436238418,940.0990852157702,2403.8356528843783
Ships,679.9999999997333,652.0635401547516,652.0635401547516,572.4346193872267,679.9999999997333,572.4346193872267,452.91012970413965,652.0635401547516,652.0635401547516,452.91012970413965,310.81303146194557,572.4346193872267,679.9999999997333,572.4346193872267,310.81303146194557,165.9629515730948,452.91012970413965,652.0635401547516,652.0635401547516,452.91012970413965,165.9629515730948,37.523538464203554,310.81303146194557,572.4346193872267,679.9999999997333,572.4346193872267,310.81303146194557,37.523538464203554,61.37732844397002,165.9629515730948,452.91012970413965,652.0635401547516,652.0635401547516,452.91012970413965,165.9629515730948,61.37732844397002,120.30828816456065,37.523538464203554,310.81303146194557,572.4346193872267,679.9999999997333,572.4346193872267,310.81303146194557,37.523538464203554,120.30828816456065
Ships,27712.999999989126,10597.510837036578,10597.510837036578,3868.5192761964686,27520.374149649066,3868.5192761964686,2814.4097837094387,10461.425720947713,10461.425720947713,2814.4097837094387,4911.202437858314,3969.7933714944334,27489.086198641013,3969.7933714944334,4911.202437858314,2863.6085436299254,2878.959487678327,10478.993908663613,10478.993908663613,2878.959487678327,2863.6085436299254,1909.3895581466277,4945.034592378363,3932.3585094265095,27524.50874237479,3932.3585094265095,4945.034592378363,1909.3895581466277,921.9325090161357,2875.4089200397307,2844.5208311292363,10487.862419142808,10487.862419142808,2844.5208311292363,2875.4089200397307,921.9325090161357,1281.2681081261628,1903.1393003037715,4923.476707653658,3936.7469607901785,27505.255762085766,3936.7469607901785,4923.476707653658,1903.1393003037715,1281.2681081261628
Ships,7662.999999996993,1385.6244724130888,1385.6244724130888,2797.3716267757545,6717.099773239996,2797.3716267757545,1908.2019982344523,1347.466622739811,1347.466622739811,1908.2019982344523,2075.3469646783287,2773.0359771153485,6529.691162630292,2773.0359771153485,2075.3469646783287,2023.806899053106,1879.6575241073772,1429.7549183090919,1429.7549183090919,1879.6575241073772,2023.806899053106,1885.8359768160615,2056.129380822103,2777.3821717297624,6652.510289240856,2777.3821717297624,2056.129380822103,1885.8359768160615,1428.616429166643,2022.269748558007,1868.8344619337895,1380.6585795529136,1380.6585795529136,1868.8344619337895,2022.269748558007,1428.616429166643,971.1742220194768,1881.5154439921553,2057.640904842038,2772.3257076081563,6607.8022125315365,2772.3257076081563,2057.640904842038,1881.5154439921553,971.1742220194768
Ships,36175.99999998581,785.9207811456165,785.9207811456165,801.1597246587565,35018.07709749193,801.1597246587565,1497.0714716518255,824.2093096763865,824.2093096763865,1497.0714716518255,2781.4318911974774,753.037471607345,34993.80492694571,753.037471607345,2781.4318911974774,1174.2901144352243,1487.2029827329413,815.1029626735703,815.1029626735703,1487.2029827329413,1174.2901144352243,3243.315666562802,2753.1817891846226,764.0294139972823,35000.30437812178,764.0294139972823,2753.1817891846226,3243.315666562802,402.2740230236102,1158.3100821872226,1501.7316301896647,818.0339156494263,818.0339156494263,1501.7316301896647,1158.3100821872226,402.2740230236102,3260.8248064073696,3244.4918899200356,2764.4201541765506,752.3259456358472,35014.637107840324,752.3259456358472,2764.4201541765506,3244.4918899200356,3260.8248064073696
Ships,8723.999999996577,329.0936594861983,329.0936594861983,2405.5307429612744,7589.142857139879,2405.5307429612744,529.2971669385619,386.9249497165922,386.9249497165922,529.2971669385619,642.1118322585457,2412.25526238737,7424.43716352463,2412.25526238737,642.1118322585457,500.8636612055265,538.9753241803954,322.20652037177246,322.20652037177246,538.9753241803954,500.8636612055265,192.81766590350279,643.1395764025655,2405.9886311165465,7509.644782602998,2405.9886311165465,643.1395764025655,192.81766590350279,354.8451388369615,504.8634736246404,527.044603861048,373.97986300023075,373.97986300023075,527.044603861048,504.8634736246404,354.8451388369615,92.10853364265392,195.80513242611752,631.7722170955868,2408.988964705269,7487.138436361882,2408.988964705269,631.7722170955868,195.80513242611752,92.10853364265392
Ships,4988.999999998043,1574.8145573640243,1574.8145573640243,2355.2791005218005,4049.453514737641,2355.2791005218005,1503.6573828879548,1526.4311848726093,1526.4311848726093,1503.6573828879548,555.3806652224985,2369.946121326305,4081.3190645856857,2369.946121326305,555.3806652224985,632.0761245259283,1525.3286203368903,1525.0115615639027,1525.0115615639027,1525.3286203368903,632.0761245259283,211.08305729824235,575.7023931089655,2349.860381468484,4077.310670595244,2349.860381468484,575.7023931089655,211.08305729824235,126.41362576659665,646.0074159395989,1502.4436709193424,1527.2864149098143,1527.2864149098143,1502.4436709193424,646.0074159395989,126.41362576659665,134.20274214468634,200.53370707137728,572.5283479226516,2345.8950794390603,4097.162474845504,2345.8950794390603,572.5283479226516,200.53370707137728,134.20274214468634
Ships,5008.9999999980355,1819.0252706401627,1819.0252706401627,1741.4483079194895,3832.2834467105154,1741.4483079194895,693.7073187387896,1770.4587764848304,1770.4587764848304,693.7073187387896,619.175127104022,1702.8804637839498,3855.276273773304,1702.8804637839498,619.175127104022,389.9860814286176,726.7054250117997,1746.6221635165389,1746.6221635165389,726.7054250117997,389.9860814286176,804.162253027106,634.7688664921163,1690.5190645065395,3875.149100853817,1690.5190645065395,634.7688664921163,804.162253027106,324.6726825206209,405.10150276750903,752.3499188375623,1726.0854919173744,1726.0854919173744,752.3499188375623,405.10150276750903,324.6726825206209,221.6723851351048,808.3479097804623,631.8250345600522,1682.4473520227934,3885.8226706280816,1682.4473520227934,631.8250345600522,808.3479097804623,221.6723851351048
Ships,16130.99999999367,7676.4693777764405,7676.4693777764405,4267.295806546492,14761.208616774253,4267.295806546492,1666.6262433520653,7658.621428991451,7658.621428991451,1666.6262433520653,2744.9113054898685,4252.767138928017,14783.796890178844,4252.767138928017,2744.9113054898685,1311.2313068289718,1669.868819664619,7639.8523429435645,7639.8523429435645,1669.868819664619,1311.2313068289718,2128.636154667821,2760.7454909537746,4241.252180246805,14802.224491562374,4241.252180246805,2760.7454909537746,2128.636154667821,766.6897501127819,1320.8372028117274,1671.6549813798847,7628.329487753232,7628.329487753232,1671.6549813798847,1320.8372028117274,766.6897501127819,283.32314635978986,2120.3263222879173,2767.403265204475,4236.671431078613,14810.402447338947,4236.671431078613,2767.403265204475,2120.3263222879173,283.32314635978986
Ships,39036.999999984684,14094.823016744207,14094.823016744207,4771.828008435841,38568.69160996219,4771.828008435841,3641.005488507624,14202.335580448047,14202.335580448047,3641.005488507624,6610.791847848123,4781.719876401627,38512.8606136181,4781.719876401627,6610.791847848123,3325.235928716991,3648.8900823693803,14226.09829368712,14226.09829368712,3648.8900823693803,3325.235928716991,1597.5276953049108,6651.966075230009,4767.982933482219,38464.23092017541,4767.982933482219,6651.966075230009,1597.5276953049108,705.4191798263594,3312.1122255558116,3622.2252407311685,14246.614674086857,14246.614674086857,3622.2252407311685,3312.1122255558116,705.4191798263594,3223.777352373188,1599.9358061211035,6621.55588118754,4796.950884274671,38485.1532301153,4796.950884274671,6621.55588118754,1599.9358061211035,3223.777352373188
Ships,42414.99999998335,4087.1005719833006,4087.1005719833006,9297.286195678204,41936.23809522163,9297.286195678204,921.7095545372242,4146.590039979268,4146.590039979268,921.7095545372242,10995.60358194217,9282.85584030208,41887.62122262228,9282.85584030208,10995.60358194217,1444.3522860295786,926.233383672694,4131.709805074032,4131.709805074032,926.233383672694,1444.3522860295786,1624.3076017776168,10982.96327399197,9286.318082605947,41916.971307115426,9286.318082605947,10982.96327399197,1624.3076017776168,2614.6053228889527,1428.8731017787834,911.4171380222548,4121.437981447736,4121.437981447736,911.4171380222548,1428.8731017787834,2614.6053228889527,4062.848227977833,1608.906952568626,10986.548643934235,9301.621165938832,41916.997834258815,9301.621165938832,10986.548643934235,1608.906952568626,4062.848227977833
Ships,5741.999999997748,2926.2422266198496,2926.2422266198496,2319.9855169558473,5621.673469385551,2319.9855169558473,639.5922441638719,2971.0195955528043,2971.0195955528043,639.5922441638719,399.98782244684685,2325.752875773407,5619.650053216363,2325.752875773407,399.98782244684685,726.710313627777,667.811536553564,2943.6340995677097,2943.6340995677097,667.811536553564,726.710313627777,440.48404507339245,427.42073391483393,2334.1788034456854,5607.196704836533,2334.1788034456854,427.42073391483393,440.48404507339245,429.88978698210065,731.0681689627752,665.9967321199225,2959.8088218330627,2959.8088218330627,665.9967321199225,731.0681689627752,429.88978698210065,160.06624843678293,428.80492889390825,429.7073916764902,2341.3388823708315,5584.26594896539,2341.3388823708315,429.7073916764902,428.80492889390825,160.06624843678293
Ships,33094.99999998701,2430.876927781008,2430.876927781008,6672.943171415216,32362.369614499774,6672.943171415216,1405.7540352032208,2532.9158489389215,2532.9158489389215,1405.7540352032208,6396.099200471718,6756.878031191961,32292.385410387316,6756.878031191961,6396.099200471718,3260.9540935489813,1402.140395399071,2581.73942774733,2581.73942774733,1402.140395399071,3260.9540935489813,1928.938811468904,6340.337317806576,6692.478039957168,32352.666222644148,6692.478039957168,6340.337317806576,1928.938811468904,717.9118068055927,3259.609948012802,1402.7710624257684,2539.4488156659404,2539.4488156659404,1402.7710624257684,3259.609948012802,717.9118068055927,2857.261615592798,1932.521054859349,6346.991724730277,6720.695562836659,32351.479030146584,6720.695562836659,6346.991724730277,1932.521054859349,2857.261615592798
Ships,29413.99999998846,12208.894930932523,12208.894930932523,4876.189191422728,28472.24036280062,4876.189191422728,2228.841213562948,12082.993829587089,12082.993829587089,2228.841213562948,1697.7716887173483,4826.347336942646,28441.98185939927,4826.347336942646,1697.7716887173483,1111.515955026405,2250.8334816488737,12104.587535810326,12104.587535810326,2250.8334816488737,1111.515955026405,1412.4120065091781,1716.424584636215,4867.98962198026,28371.052740475992,4867.98962198026,1716.424584636215,1412.4120065091781,1701.9173566598963,1105.9396491509183,2240.7868896059013,12127.140302100914,12127.140302100914,2240.7868896059013,1105.9396491509183,1701.9173566598963,1220.5615762620812,1414.7279277107878,1698.0358945845783,4870.256253116204,28404.033236250503,4870.256253116204,1698.0358945845783,1414.7279277107878,1220.5615762620812
Ships,19141.999999992488,7357.110357163225,7357.110357163225,7718.452892471834,18072.789115639167,7718.452892471834,3591.894984618502,7296.229500248997,7296.229500248997,3591.894984618502,1471.7469258405222,7658.802004918422,18116.696592462078,7658.802004918422,1471.7469258405222,893.0819551833629,3599.1432991639026,7322.582720650968,7322.582720650968,3599.1432991639026,893.0819551833629,2083.521540537999,1463.921252451684,7658.223504601933,18104.93946367693,7658.223504601933,1463.921252451684,2083.521540537999,630.0961390729256,902.2784011730585,3621.636420046456,7289.817506690344,7289.817506690344,3621.636420046456,902.2784011730585,630.0961390729256,1052.579785621768,2093.370806332495,1458.8098519460684,7664.096673721822,18100.73042223777,7664.096673721822,1458.8098519460684,2093.370806332495,1052.579785621768
Ships,7222.999999997167,2229.4804115111347,2229.4804115111347,2689.5997759286893,6046.555555553185,2689.5997759286893,735.3732570190651,2034.968476269929,2034.968476269929,735.3732570190651,1739.7060409156902,2584.956960111515,6173.545544292394,2584.956960111515,1739.7060409156902,600.086957519717,758.0133360061072,1998.014102956201,1998.014102956201,758.0133360061072,600.086957519717,1499.848709415052,1728.9537985646514,2603.175046787632,6153.147218711139,2603.175046787632,1728.9537985646514,1499.848709415052,645.6860641732948,575.0114348197079,728.8099763839955,2030.9691510930484,2030.9691510930484,728.8099763839955,575.0114348197079,645.6860641732948,738.1235529058073,1500.4542972740626,1727.7891873838967,2614.4008583759814,6137.215878501333,2614.4008583759814,1727.7891873838967,1500.4542972740626,738.1235529058073
Ships,21293.999999991647,893.1981148178711,893.1981148178711,3667.1689983987844,20391.22902493531,3667.1689983987844,3907.1219996727937,762.4835846642342,762.4835846642342,3907.1219996727937,765.7505469684356,3762.1829592768117,20306.27044286306,3762.1829592768117,765.7505469684356,2415.708173652306,3866.5137255261347,850.0149750644601,850.0149750644601,3866.5137255261347,2415.708173652306,483.25008370720053,768.7841731350084,3761.7929191806397,20290.713471946776,3761.7929191806397,768.7841731350084,483.25008370720053,961.8967381726804,2374.506339245481,3890.4594039398376,807.7360604028562,807.7360604028562,3890.4594039398376,2374.506339245481,961.8967381726804,204.362701550225,464.787035272419,788.6346709421722,3731.0055303291106,20328.27988875625,3731.0055303291106,788.6346709421722,464.787035272419,204.362701550225
Ships,16998.99999999333,5571.471645414659,5571.471645414659,2755.0884702078024,16099.997732419986,2755.0884702078024,3982.832332488706,5457.615235829232,5457.615235829232,3982.832332488706,3152.948615029116,2724.270954705399,16114.435914041835,2724.270954705399,3152.948615029116,2724.066946215736,4001.3521883318153,5415.4815156257255,5415.4815156257255,4001.3521883318153,2724.066946215736,1265.1517446485977,3160.282881354247,2729.771874689201,16120.924392959983,2729.771874689201,3160.282881354247,1265.1517446485977,1035.4914158821166,2729.218482471657,3996.186494040993,5421.954471116762,5421.954471116762,3996.186494040993,2729.218482471657,1035.4914158821166,776.9420724918092,1246.5990848076715,3141.181128070661,2716.4923322793616,16140.696855891509,2716.4923322793616,3141.181128070661,1246.5990848076715,776.9420724918092
Ships,7519.99999999705,3433.6324149281804,3433.6324149281804,3690.3585338690473,6444.21315192491,3690.3585338690473,704.0972136172093,3449.526354138703,3449.526354138703,704.0972136172093,628.4826647867183,3728.271480342411,6402.3061378721395,3728.271480342411,628.4826647867183,769.4953189270836,694.1052861995589,3455.1942614363925,3455.1942614363925,694.1052861995589,769.4953189270836,810.8858942240554,661.1989884365225,3712.473678687941,6399.868999995752,3712.473678687941,661.1989884365225,810.8858942240554,650.1223408024989,788.6879856230529,696.8372819964335,3447.1838370677488,3447.1838370677488,696.8372819964335,788.6879856230529,650.1223408024989,300.6875698335683,829.5107619656536,653.3752110153612,3732.211786212522,6415.871553325336,3732.211786212522,653.3752110153612,829.5107619656536,300.6875698335683
Ships,35813.99999998594,3589.0677759042514,3589.0677759042514,6333.495617797457,35738.78458048485,6333.495617797457,4370.471687947429,3607.2221185132157,3607.2221185132157,4370.471687947429,5011.752296839874,6314.969223689985,35681.73924443661,6314.969223689985,5011.752296839874,1701.2415299484849,4363.943955527367,3618.641883770746,3618.641883770746,4363.943955527367,1701.2415299484849,3345.2128253065994,5035.630982416732,6295.241929167095,35653.95687957953,6295.241929167095,5035.630982416732,3345.2128253065994,3492.831563674364,1699.3802776605469,4364.204696191953,3626.62747391848,3626.62747391848,4364.204696191953,1699.3802776605469,3492.831563674364,2425.697686298998,3340.656461035331,5049.640890582114,6289.558572386832,35642.05798081055,6289.558572386832,5049.640890582114,3340.656461035331,2425.697686298998
Ships,19396.99999999239,1961.5612906248082,1961.5612906248082,1520.8643564312304,18179.276643983794,1520.8643564312304,1669.8680415733265,1949.5025489936156,1949.5025489936156,1669.8680415733265,237.88643272276803,1506.9786129333502,18189.363367108417,1506.9786129333502,237.88643272276803,129.0153662412241,1689.6965178521173,1947.1258908947784,1947.1258908947784,1689.6965178521173,129.0153662412241,832.1244599699525,231.107258670611,1506.1047275778092,18176.138691877975,1506.1047275778092,231.107258670611,832.1244599699525,134.41619729439844,123.44635110141061,1685.2628982055824,1941.9465195458608,1941.9465195458608,1685.2628982055824,123.44635110141061,134.41619729439844,723.2032663590036,842.3854101371287,233.84893296839775,1509.925340676333,18184.82258044867,1509.925340676333,233.84893296839775,842.3854101371287,723.2032663590036
Ships,8333.999999996731,6139.188565207146,6139.188565207146,3480.362884264191,8301.922902491075,3480.362884264191,1522.033197781478,6109.066858488222,6109.066858488222,1522.033197781478,1568.95955272113,3475.035392145786,8271.129529359521,3475.035392145786,1568.95955272113,1353.3222489901698,1515.1748404532386,6092.593376112522,6092.593376112522,1515.1748404532386,1353.3222489901698,856.8517877158558,1539.6194673080697,3471.901532959502,8264.676010096364,3471.901532959502,1539.6194673080697,856.8517877158558,497.144440672863,1338.7010497430304,1509.7951380438537,6095.046710050105,6095.046710050105,1509.7951380438537,1338.7010497430304,497.144440672863,849.0589685867127,859.8853912845475,1539.1639476480552,3471.50750274556,8272.550959840988,3471.50750274556,1539.1639476480552,859.8853912845475,849.0589685867127
Ships,24037.99999999057,9644.720538037258,9644.720538037258,6054.611775757269,23179.197278902473,6054.611775757269,1109.057149723229,9685.707412960059,9685.707412960059,1109.057149723229,1474.0416051825214,6046.031546395356,23150.248353300496,6046.031546395356,1474.0416051825214,1905.918132242091,1205.365391599831,9652.473977131716,9652.473977131716,1205.365391599831,1905.918132242091,984.7289411218954,1484.5107554908238,6042.654531257822,23117.179659847527,6042.654531257822,1484.5107554908238,984.7289411218954,2004.8345783334319,1933.0241268273721,1183.9947736088022,9657.94833165921,9657.94833165921,1183.9947736088022,1933.0241268273721,2004.8345783334319,1567.3211399316908,992.775672543743,1471.7241497309544,6044.546556459693,23141.860129504304,6044.546556459693,1471.7241497309544,992.775672543743,1567.3211399316908
Ships,23540.999999990763,8825.444731595908,8825.444731595908,3330.7948499687704,22550.886621306345,3330.7948499687704,2544.101357293938,8924.531163851614,8924.531163851614,2544.101357293938,3321.060120858686,3382.246906816305,22630.230351542174,3382.246906816305,3321.060120858686,6020.46789425791,2589.2882715251058,8865.476370066783,8865.476370066783,2589.2882715251058,6020.46789425791,3016.4025966391387,3349.4651987102693,3330.1344181111417,22624.968817934983,3330.1344181111417,3349.4651987102693,3016.4025966391387,1495.5888129228208,6002.907950323238,2588.3870663560742,8876.64967870322,8876.64967870322,2588.3870663560742,6002.907950323238,1495.5888129228208,3095.43415130756,2992.0707523393085,3344.5256900742193,3347.551557828686,22634.53246048848,3347.551557828686,3344.5256900742193,2992.0707523393085,3095.43415130756
Ships,39393.999999984546,10075.260279135682,10075.260279135682,5779.355951201785,38498.26303853365,5779.355951201785,2827.6813917166132,10045.39807015214,10045.39807015214,2827.6813917166132,6542.006498001161,5798.723686302006,38586.78800498278,5798.723686302006,6542.006498001161,3929.9280374120926,2843.8491917944743,10033.650822755737,10033.650822755737,2843.8491917944743,3929.9280374120926,2965.0297687233383,6567.434460870963,5787.277310844551,38551.03517008426,5787.277310844551,6567.434460870963,2965.0297687233383,1793.2167391933376,3964.6032398124953,2853.424405947017,10023.964584380552,10023.964584380552,2853.424405947017,3964.6032398124953,1793.2167391933376,3409.9454409408036,2960.3810750234234,6583.026204633102,5789.637435047912,38542.536342552165,5789.637435047912,6583.026204633102,2960.3810750234234,3409.9454409408036
Ships,4456.999999998252,2231.968601472266,2231.968601472266,3682.516342181991,4456.999999998252,3682.516342181991,1815.4261246895787,2231.968601472266,2231.968601472266,1815.4261246895787,2516.9010718944296,3682.516342181991,4456.999999998252,3682.516342181991,2516.9010718944296,1069.0819989724305,1815.4261246895787,2231.968601472266,2231.968601472266,1815.4261246895787,1069.0819989724305,1433.653413234071,2516.9010718944296,3682.516342181991,4456.999999998252,3682.516342181991,2516.9010718944296,1433.653413234071,437.44554853407817,1069.0819989724305,1815.4261246895787,2231.968601472266,2231.968601472266,1815.4261246895787,1069.0819989724305,437.44554853407817,723.35663735109,1433.653413234071,2516.9010718944296,3682.516342181991,4456.999999998252,3682.516342181991,2516.9010718944296,1433.653413234071,723.35663735109
Ships,40923.99999998394,8309.349139069775,8309.349139069775,3759.318150526813,39871.242630369845,3759.318150526813,1641.3253119058306,8478.164982126853,8478.164982126853,1641.3253119058306,6508.284929271381,3757.1145622746453,39980.901167707634,3757.1145622746453,6508.284929271381,4278.440082528004,1661.0309918733444,8470.391410511063,8470.391410511063,1661.0309918733444,4278.440082528004,1188.809396570237,6476.767885534958,3762.380323900231,39954.63609782067,3762.380323900231,6476.767885534958,1188.809396570237,820.1310521948739,4252.439572029969,1632.4669930705631,8466.361436186793,8466.361436186793,1632.4669930705631,4252.439572029969,820.1310521948739,1147.385313056991,1194.526023675887,6475.468742839259,3767.246597810047,39978.32584313933,3767.246597810047,6475.468742839259,1194.526023675887,1147.385313056991
Ships,4806.999999998114,1234.6977173389002,1234.6977173389002,2990.9625156378834,3510.6507936494163,2990.9625156378834,948.7970458916753,1228.0655270923828,1228.0655270923828,948.7970458916753,2348.2598582211576,2927.8700899698065,3570.914603481716,2927.8700899698065,2348.2598582211576,850.350758416538,941.5957455053904,1215.604107785723,1215.604107785723,941.5957455053904,850.350758416538,1543.1792139868342,2378.021597931319,2903.357730374233,3590.198085055977,2903.357730374233,2378.021597931319,1543.1792139868342,676.0618083785879,851.0197763693171,943.4998678585928,1208.0420103359143,1208.0420103359143,943.4998678585928,851.0197763693171,676.0618083785879,1141.5197099359168,1546.909909475075,2371.6033859766035,2909.631666601898,3588.1014944494045,2909.631666601898,2371.6033859766035,1546.909909475075,1141.5197099359168
Ships,16765.999999993423,8291.885974633831,8291.885974633831,2668.173412376696,16574.07709749917,2668.173412376696,2565.087826969125,8323.888343096092,8323.888343096092,2565.087826969125,2821.0550779496475,2547.782925619939,16512.008299004738,2547.782925619939,2821.0550779496475,1590.1456543028996,2542.511431078655,8291.543179172875,8291.543179172875,2542.511431078655,1590.1456543028996,1403.6763161699105,2846.8032512112595,2547.9351878419247,16466.4094360458,2547.9351878419247,2846.8032512112595,1403.6763161699105,2096.3792714196534,1604.4372873976163,2555.708798638064,8263.799874796321,8263.799874796321,2555.708798638064,1604.4372873976163,2096.3792714196534,1142.956978792729,1395.8429724943926,2826.2449189939693,2551.243537794579,16479.56916135919,2551.243537794579,2826.2449189939693,1395.8429724943926,1142.956978792729
Ships,1843.9999999992765,806.5736973551576,806.5736973551576,717.5178834918859,612.6938775507801,717.5178834918859,570.131582496723,752.8708013620784,752.8708013620784,570.131582496723,363.3781386537747,679.3774631974366,729.3935551542021,679.3774631974366,363.3781386537747,288.73333454446856,573.1032396758033,713.7216790210566,713.7216790210566,573.1032396758033,288.73333454446856,149.59138094119965,382.3645728767246,656.5189310507301,791.4014014691579,656.5189310507301,382.3645728767246,149.59138094119965,56.05913620424035,291.3414890580159,562.2051717831097,708.4020297314913,708.4020297314913,562.2051717831097,291.3414890580159,56.05913620424035,40.9808699882559,145.28028253052958,399.965910676916,651.8628140881785,792.3208951614258,651.8628140881785,399.965910676916,145.28028253052958,40.9808699882559
Ships,1167.9999999995418,1083.5644150342325,1083.5644150342325,855.7216034463416,1167.9999999995418,855.7216034463416,552.4883129474873,1083.5644150342325,1083.5644150342325,552.4883129474873,267.1755645666263,855.7216034463416,1167.9999999995418,855.7216034463416,267.1755645666263,136.90159430732518,552.4883129474873,1083.5644150342325,1083.5644150342325,552.4883129474873,136.90159430732518,182.03763289406876,267.1755645666263,855.7216034463416,1167.9999999995418,855.7216034463416,267.1755645666263,182.03763289406876,188.62584389682067,136.90159430732518,552.4883129474873,1083.5644150342325,1083.5644150342325,552.4883129474873,136.90159430732518,188.62584389682067,152.40510321772405,182.03763289406876,267.1755645666263,855.7216034463416,1167.9999999995418,855.7216034463416,267.1755645666263,182.03763289406876,152.40510321772405
Ships,17260.999999993226,5675.764727950523,5675.764727950523,2535.632136364372,16143.734693871218,2535.632136364372,2259.6139689380725,5594.253226577653,5594.253226577653,2259.6139689380725,59.58137824924292,2539.0426807019503,16180.215943967614,2539.0426807019503,59.58137824924292,128.5733613511782,2212.7793778921537,5619.709754481291,5619.709754481291,2212.7793778921537,128.5733613511782,1377.588438511505,45.1417788473676,2556.3723710650183,16176.771296051218,2556.3723710650183,45.1417788473676,1377.588438511505,1462.0943492354165,119.45784268876321,2220.7962751203513,5607.709616813258,5607.709616813258,2220.7962751203513,119.45784268876321,1462.0943492354165,485.454699114974,1397.7209971908785,37.466588722994985,2528.92129011783,16199.823308329082,2528.92129011783,37.466588722994985,1397.7209971908785,485.454699114974
Ships,31305.999999987715,6647.646393452662,6647.646393452662,2585.8210009674413,30066.344671190018,2585.8210009674413,4207.115503453242,6750.434031154111,6750.434031154111,4207.115503453242,3014.9562838096044,2529.1303725837674,30062.79929657759,2529.1303725837674,3014.9562838096044,523.9749801363937,4230.930878924276,6718.236971141735,6718.236971141735,4230.930878924276,523.9749801363937,1049.0325356782268,3031.138388169571,2563.0711624051182,30056.591355892015,2563.0711624051182,3031.138388169571,1049.0325356782268,1519.7631751625534,551.375116683823,4205.293193831819,6726.288136852399,6726.288136852399,4205.293193831819,551.375116683823,1519.7631751625534,576.0544146552589,1029.0976761770876,3010.5252600489944,2546.41046799912,30057.729101617086,2546.41046799912,3010.5252600489944,1029.0976761770876,576.0544146552589
Ships,35431.999999986096,3159.1944690905543,3159.1944690905543,3993.3819202856967,35369.396825382944,3993.3819202856967,1610.0540950908025,3133.117619549913,3133.117619549913,1610.0540950908025,7571.061264353676,4000.188629422981,35321.029200782104,4000.188629422981,7571.061264353676,2108.0635692671485,1639.8059769453666,3126.769367396863,3126.769367396863,1639.8059769453666,2108.0635692671485,444.1213646168019,7583.39536448781,4000.591811547046,35319.19471632407,4000.591811547046,7583.39536448781,444.1213646168019,2261.99096130086,2129.0352408264444,1636.1653765196586,3132.8290573169593,3132.8290573169593,1636.1653765196586,2129.0352408264444,2261.99096130086,4060.462769959936,450.6061542003698,7565.093013877585,4000.2305859628245,35328.973027032895,4000.2305859628245,7565.093013877585,450.6061542003698,4060.462769959936
Ships,38952.99999998471,11680.7091173959,11680.7091173959,2998.4980631100966,38320.2154194861,2998.4980631100966,697.8835146161667,11826.575590921302,11826.575590921302,697.8835146161667,6047.587295544514,2982.872665965302,38209.73395343033,2982.872665965302,6047.587295544514,4699.631984383822,750.2099314713706,11738.009553508402,11738.009553508402,750.2099314713706,4699.631984383822,1466.1679527386352,6032.069408494628,2985.1681891500416,38297.6337520699,2985.1681891500416,6032.069408494628,1466.1679527386352,2915.8617903315685,4622.929771406878,681.0051888779153,11795.705788511135,11795.705788511135,681.0051888779153,4622.929771406878,2915.8617903315685,489.74963695468836,1462.811584565143,6035.273307865697,2975.636165481196,38284.232083327624,2975.636165481196,6035.273307865697,1462.811584565143,489.74963695468836
Ships,9707.999999996193,1145.0998036351737,1145.0998036351737,1752.3643461037068,8581.21995464516,1752.3643461037068,2374.8670985862345,1129.5527759290103,1129.5527759290103,2374.8670985862345,1164.418141248203,1794.0831603802087,8554.794638033265,1794.0831603802087,1164.418141248203,697.7908482733285,2366.1623068753024,1116.4110414915733,1116.4110414915733,2366.1623068753024,697.7908482733285,603.5815170135802,1144.224455973271,1773.5365123770355,8579.82556606135,1773.5365123770355,1144.224455973271,603.5815170135802,547.6964284640001,690.194830638356,2368.370307077522,1115.4365573152336,1115.4365573152336,2368.370307077522,690.194830638356,547.6964284640001,286.3842069042343,618.6008081646085,1157.3080921071125,1789.2788464238888,8557.053104280796,1789.2788464238888,1157.3080921071125,618.6008081646085,286.3842069042343
Ships,8267.999999996757,1878.182670865265,1878.182670865265,4126.979442113344,7989.165532876686,4126.979442113344,2427.995959625501,1782.8078660123986,1782.8078660123986,2427.995959625501,1410.2280291853504,4137.688849822407,7939.902386348252,4137.688849822407,1410.2280291853504,1165.7720148537178,2413.776233272416,1795.1004869450887,1795.1004869450887,2413.776233272416,1165.7720148537178,854.3482450191657,1381.7135082520404,4163.8209512925,7947.682172797959,4163.8209512925,1381.7135082520404,854.3482450191657,408.9729078047575,1140.5261912716303,2420.4133031970496,1789.2968048849798,1789.2968048849798,2420.4133031970496,1140.5261912716303,408.9729078047575,903.4833812973192,861.9811993888969,1407.2760828346982,4148.521044072057,7909.603856746621,4148.521044072057,1407.2760828346982,861.9811993888969,903.4833812973192
