Clase,m00,m10,m01,m20,m11,m02,m30,m21,m12,m03,mu20,mu11,mu02,mu30,mu21,mu12,mu03,nu20,nu11,nu02,nu30,nu21,nu12,nu03
cavallo,2605080.0,340328355.0,296353860.0,51188828775.0,36224691060.0,38646144540.0,8420672075415.0,5145829990770.0,4484693056470.0,5690825497680.0,6728240533.177862,-2491057274.6769733,4932934067.8073635,-24608667124.155735,-26545578251.728516,2715566056.1816406,172099695483.00406,0.0009914238897374393,-0.0003670638230961864,0.0007268807732433993,-2.2466500514714786e-06,-2.4234804934658605e-06,2.479178002251917e-07,1.5711854192037306e-05
cavallo,3887985.0,542714460.0,410016285.0,83201400510.0,55717563495.0,55752098145.0,13690013835840.0,8416452201285.0,7510974345525.0,8780640130575.0,7445196436.915463,-1515621999.5379386,12512899957.45524,-2383299626.6682863,65383667373.32031,48339989888.07031,262023502004.36557,0.0004925235480246865,-0.00010026324100401587,0.0008277683383297118,-7.99589703789745e-08,2.1936019559909443e-06,1.621791811793084e-06,8.790808004552364e-06
cavallo,1834470.0,215295990.0,256800555.0,27868482330.0,29798637000.0,39160163085.0,3910027842600.0,3881368523670.0,4473107067720.0,6392937298995.0,2601040883.653045,-339838811.146788,3211619337.591743,28819734978.740982,59932434347.66211,-27639463605.373047,11888347088.94732,0.0007729047044628038,-0.00010098380903782655,0.0009543393610492299,6.322858284740483e-06,1.3148777714968944e-05,-6.063914590884645e-06,2.608224327484942e-06
cavallo,2026485.0,273551250.0,265221165.0,38920944270.0,36546094590.0,37505073345.0,5797969881960.0,5287045969020.0,5237734198560.0,5682458655705.0,1994795605.4095874,744407820.9362011,2793606759.2827516,5560553024.707145,-7799816684.421875,-19854736899.208984,42650552280.085205,0.00048574866521925125,0.0001812692510540625,0.0006802655624411437,9.51172975803893e-07,-1.3342152864079813e-06,-3.3962969323934454e-06,7.2956866972893835e-06
cavallo,6816405.0,991202340.0,754105890.0,156881051550.0,102083893725.0,111698098800.0,26602006109430.0,15053942906355.0,14661227816475.0,18960381763950.0,12746118425.944782,-7573839754.126109,28270589235.545998,82333317474.74045,-99280769336.07031,94537227065.20312,347897629061.6555,0.000274326129844619,-0.00016300665648795196,0.00060844886845145,6.787145336189596e-07,-8.184208182542312e-07,7.793174372801659e-07,2.8678933911313006e-06
cavallo,4208775.0,527600100.0,507226875.0,76676104530.0,60747967620.0,71049247245.0,12095022822240.0,8760794324880.0,8258569576290.0,10964174943165.0,10537652006.40109,-2836555185.967889,9920034416.501062,-158816578137.37524,231222825243.90625,35740865822.07031,10511759665.698952,0.0005948841998624736,-0.00016013262358115777,0.0005600177091522582,-4.3702528200464325e-06,6.362699763038638e-06,9.83503243060022e-07,2.8925851357239436e-07
cavallo,3808425.0,506098245.0,395360415.0,77617001745.0,57094619595.0,50145079605.0,13054607711985.0,9190916169285.0,7585559387835.0,7437745681875.0,10362051577.390018,4555522153.4141245,9101903554.802814,-13855130565.289057,-77422725339.92578,-24012296445.71875,342307484647.93976,0.0007144221893678173,0.0003140851101008965,0.0006275400017527044,-4.8949369741765e-07,-2.735299816353682e-06,-8.483404552065545e-07,1.2093524165974523e-05
cavallo,4473720.0,548981850.0,445442160.0,83797126920.0,50600941065.0,50836304790.0,14309741359920.0,7235597278185.0,5527265279835.0,6453571373670.0,16430132197.61628,-4060428234.9999995,6484240309.999996,-5591405744.883625,-111436154518.40625,97592255208.67773,100616465591.961,0.0008209249583439026,-0.00020287766644746684,0.000323982463583031,-1.320836344461664e-07,-2.6324135591419205e-06,2.3053844328065764e-06,2.37682419535992e-06
cavallo,2238645.0,319252095.0,307769700.0,56497252515.0,39654615990.0,48101258940.0,10909868701905.0,6688329471630.0,5726673867900.0,8143521505770.0,10968863618.194557,-4236274036.1191463,5788972606.932455,-275706325360.84735,129333411372.34375,31785169466.742188,-61196418989.73411,0.0021887248954173453,-0.0008453052904481499,0.0011551304587892794,-3.6769155589018225e-05,1.724835409337883e-05,4.238980879442392e-06,-8.161367528943252e-06
cavallo,1638120.0,198752100.0,232679340.0,30765501630.0,26859206100.0,33893161800.0,5417782202580.0,4028256841260.0,3711667044690.0,5067469869300.0,6651030617.858033,-1371636238.5429633,843278236.6251575,71091690625.39008,-8849993614.302734,-10913873668.40039,13709848540.94572,0.002478549071485948,-0.000511149011452304,0.0003142530249040879,2.06992476476451e-05,-2.5767879184055467e-06,-3.177712780073487e-06,3.9917963360318416e-06
cavallo,3886710.0,531197895.0,561825945.0,83852133225.0,78576385950.0,85876709805.0,14460785524965.0,12482536363470.0,12176861472150.0,13781764664955.0,11253147539.823845,1791454905.3926678,4664478258.230887,-75254784432.22014,-128010381428.78125,-77847309373.73438,19736252644.864105,0.000744920176482752,0.00011858823494167816,0.0003087726305040255,-2.5268459844122417e-06,-4.298231942551491e-06,-2.613895748588419e-06,6.626883741582872e-07
cavallo,2554080.0,273148860.0,324372240.0,32859142410.0,36449506455.0,47319040830.0,4303237281600.0,4579313872335.0,5473323018945.0,7632064460250.0,3646940866.078273,1759164894.9680488,6123248183.482429,9028498013.526724,29878694409.56836,-34096707151.384766,67146083620.132385,0.0005590616846106065,0.0002696730563515449,0.0009386698524749401,8.660226806082716e-07,2.8659946523643523e-06,-3.2705907098741208e-06,6.4407203991109435e-06
cavallo,361845.0,21551835.0,49619175.0,1450932915.0,2919751785.0,7048399665.0,106035869955.0,195083296425.0,411274557255.0,1040514007695.0,167284966.6596195,-35613834.08033816,244208567.4841433,-310390955.0754817,361779557.2486572,1232444021.9064941,7003438969.257129,0.0012776495970961972,-0.0002720029281314881,0.0018651585021887756,-3.940965359659194e-06,4.593435084482659e-06,1.5648069373901077e-05,8.89211168206165e-05
cavallo,3399405.0,399879015.0,420379995.0,60640293105.0,45155831205.0,62808645315.0,10467438960435.0,6249576687615.0,6463067652975.0,10745636220165.0,13601700575.610231,-4294333846.326607,10823271346.261345,134204193427.65756,-239070041791.45312,136856112910.67969,301669845953.49866,0.0011770296211729746,-0.00037161221953346227,0.0009365969278419262,6.298814435692927e-06,-1.1220646627479976e-05,6.423281103204023e-06,1.4158740736588358e-05
cavallo,1450950.0,204738990.0,204037485.0,30534513450.0,29649024165.0,30255739545.0,4776193267890.0,4536064465755.0,4491102801495.0,4680266242065.0,1644438653.3356795,857936532.0421821,1563299912.259228,3481002204.6012416,76700397.46679688,-19481285290.466797,-14070963471.394106,0.0007811110522872312,0.0004075212571656391,0.0007425700174514666,1.3726922485104742e-06,3.024589898885321e-08,-7.682215562488632e-06,-5.548718831813932e-06
cavallo,4386255.0,546058275.0,441987165.0,80288574015.0,51635083875.0,51416272965.0,13034679902115.0,7140059600895.0,5735143168875.0,6785977185945.0,12308112392.049305,-3389247563.103885,6878813554.9253,-25238746357.97976,-106456129510.46094,17218999304.79883,218637319458.32697,0.0006397402869445905,-0.00017616334166293074,0.0003575409467587368,-6.263730856008669e-07,-2.6420192737310917e-06,4.273396773566749e-07,5.426122616162176e-06
cavallo,2831265.0,362779320.0,311356275.0,56351753340.0,42673889175.0,38560973265.0,9812540610570.0,6908652668565.0,5589231767505.0,5409885620895.0,9867642873.596317,2778783022.014314,4320896839.135366,63257409998.81651,-499968142.97265625,37117528410.41797,218962946701.6928,0.0012309839281197314,0.00034665190903741415,0.0005390299012818309,4.689862452749048e-06,-3.7067306760456944e-08,2.7518689562870513e-06,1.6233767748296563e-05
cavallo,1745475.0,244719165.0,211988130.0,41815616295.0,32269886115.0,31558922400.0,7870042937145.0,5771052844665.0,5120644135725.0,5470258489890.0,7505488840.698322,2548716712.108841,5812940784.166546,-97161765126.76869,-22128927856.646484,76934820250.875,225459316218.92993,0.002463495185008095,0.0008365546177596618,0.0019079572212379835,-2.413855751453781e-05,-5.497639911191305e-06,1.9113440159031576e-05,5.6012389900887345e-05
cavallo,3155370.0,389097360.0,381039870.0,55445061570.0,42704765085.0,55094371800.0,8696116483920.0,5605567505085.0,5810325164145.0,9077402030610.0,7464395100.150313,-4282310114.340554,9080312425.151123,18123114883.943375,-33805352105.24414,50742978948.83203,231189256678.06696,0.0007497112621910237,-0.0004301080098039013,0.0009120112745923372,1.0247244843639753e-06,-1.9114358776967274e-06,2.8691300182896544e-06,1.3071996362491475e-05
cavallo,5733675.0,953164500.0,843454065.0,176694101220.0,143759252115.0,135968259555.0,35254053034350.0,27427264355415.0,23746258012455.0,23588915056455.0,18240306043.215485,3543688425.273524,11891683926.799206,-184050628896.97687,256419487578.28125,100342443575.94531,88601639990.38594,0.0005548377171042047,0.00010779270870505361,0.0003617239067611015,-2.3380544708014667e-06,3.2573794119910725e-06,1.2746824078781312e-06,1.1255351950784153e-06
cavallo,2280720.0,291186795.0,278817765.0,44566033035.0,32989179150.0,38673565965.0,7562899701255.0,4805318743140.0,4382340921360.0,5955478279665.0,7389286401.317646,-2608373982.086871,4588125367.471492,-13815359953.438448,23165034782.839844,82510290405.64844,105843538031.75348,0.0014205566507589464,-0.0005014480163144536,0.0008820462019330091,-1.7586615852493134e-06,2.948852359319464e-06,1.0503358480215612e-05,1.3473623923710451e-05
cavallo,4023645.0,710874465.0,592725825.0,132525067995.0,110519848350.0,100004728785.0,25774410527835.0,21587380720920.0,19463455709460.0,18631580049765.0,6931854630.243377,5800457415.02473,12689892704.299398,-88716988011.52783,15441749206.679688,86256705595.89844,161103748395.21027,0.00042816398440334694,0.00035828030024509175,0.0007838241440058921,-2.731855018816145e-06,4.754965313304673e-07,2.6560957418671923e-06,4.9608546623151906e-06
cavallo,1895415.0,198101340.0,226475190.0,25181087820.0,22186842885.0,30325905600.0,3543909441930.0,2676038338215.0,2869999174875.0,4498157877570.0,4476312923.845015,-1483455501.2397423,3265334861.9104004,-23612402492.308372,-22654350821.0459,54958245540.8584,94320248759.61964,0.001245982126626208,-0.00041291997937498035,0.0009089062683077702,-4.773966799853922e-06,-4.580267455933223e-06,1.1111484300496032e-05,1.9069712888346045e-05
cavallo,1825035.0,222554565.0,188049750.0,30823560795.0,24911018340.0,22966506150.0,4646545275645.0,3657653639820.0,3232556368200.0,3268237163640.0,3684062427.93349,1979222341.7814713,3590051191.5676947,-10753892121.888582,-1088705524.8652344,24023206416.29883,161961285093.02563,0.0011060750236049637,0.0005942267378008,0.0010778498014442316,-2.389943760666728e-06,-2.419537918795965e-07,5.338914658533817e-06,3.599425755720373e-05
cavallo,1727370.0,228997905.0,191457060.0,31266622785.0,25969695465.0,24945205170.0,4384503634245.0,3629767219515.0,3474733068195.0,3730604153550.0,908308993.2883133,588181581.2001814,3724617905.057574,-1350483460.8937101,8307790293.714844,37355577390.68945,140091159578.6075,0.0003044127712356933,0.0001971245319004626,0.0012482770363947762,-3.4437041817854056e-07,2.1184689042344168e-06,9.525593004167146e-06,3.572294856189928e-05
cavallo,1771995.0,235379790.0,230791575.0,33360965070.0,29751044565.0,32373524745.0,4978444131090.0,4092841279545.0,4071721314075.0,4884854462805.0,2094711192.0578504,-905741970.6670022,2314325316.682974,-9494499305.90291,-11596352799.173828,7376762239.232422,65546093425.12152,0.0006671126391972504,-0.00028845595458426094,0.0007370541943095476,-2.271516191286165e-06,-2.7743751718232376e-06,1.7648571373602652e-06,1.5681607601798662e-05
cavallo,1423920.0,280234800.0,190694100.0,55647798300.0,37360376655.0,27892156020.0,11148269776020.0,7384841519355.0,5451842051505.0,4421329595670.0,496144322.92263925,-169205747.57879442,2354036059.040117,1208538554.720478,-1017332361.9804688,7842607480.921875,55444458453.10193,0.00024470162097483736,-8.345337999009247e-05,0.0011610259613313207,4.995127001535532e-07,-4.2048342860190364e-07,3.241503569528912e-06,2.2916282680668013e-05
cavallo,1881900.0,241661205.0,231334725.0,34542752625.0,28573711860.0,30708238065.0,5313409710885.0,3970874353950.0,3662863678440.0,4397369260935.0,3510212106.3475556,-1132770100.7012246,2271150551.9410534,-23859749886.29094,15592455761.708984,-1991890265.5058594,64156133385.67612,0.0009911520309471586,-0.0003198517217452357,0.0006412875957189386,-4.91105198337354e-06,3.209394950036877e-06,-4.0999074532191914e-07,1.320525603205647e-05
cavallo,1123530.0,142694175.0,141205485.0,21177359085.0,16641269910.0,19835703105.0,3461653074225.0,2318297874570.0,2206751428350.0,3075909290625.0,3054453974.3837957,-1292563799.4246473,2088968265.6230145,-3845277588.625956,-14952337377.210938,12412964997.430664,57870046945.397316,0.002419715123668479,-0.0010239591756838232,0.0016548647148010324,-2.873862686448517e-06,-1.1174996726025945e-05,9.27713438421872e-06,4.3250601483579646e-05
cavallo,9061170.0,1264632465.0,1508666445.0,216101147145.0,202634652480.0,279995121675.0,41270656400625.0,33948789258480.0,36797452095030.0,55834387356195.0,39601283271.79419,-7924090508.282644,28805215485.298462,56258771438.7263,180255482055.57812,358305494993.5625,-376253093337.7891,0.00048232603232219883,-9.651190110155244e-05,0.0003508347242147465,2.2763002591885625e-07,7.293362262099218e-07,1.4497488485166215e-06,-1.5223670762489337e-06
cavallo,1862265.0,193991505.0,222169260.0,24598998045.0,21566835120.0,29749863660.0,3461478938295.0,2583592446930.0,2764942651290.0,4423005395490.0,4390969642.938519,-1576460335.8756678,3244946213.263041,-15801830622.162403,-22643167303.44336,42054784919.47168,99582148892.98145,0.001266127589771421,-0.00045456928372129303,0.0009356739540533782,-3.3389022104241853e-06,-4.784466000694654e-06,8.886110583263696e-06,2.1041553033180517e-05
cavallo,11563485.0,1458131820.0,1401462915.0,250476495330.0,179978456085.0,227710983495.0,48833114924850.0,31161681269985.0,29676177339435.0,42479566487475.0,66609053594.52732,3256847425.3740153,57857491911.77079,450009909771.44244,-16751962886.53125,172845725262.96875,857273792414.8181,0.00049814500550226,2.4356783216122097e-05,0.0004326952429347236,9.896923747049562e-07,-3.684205518620897e-08,3.801340650031251e-07,1.8853747816759449e-06
cavallo,1510110.0,107010750.0,159194970.0,9341103390.0,11746554855.0,19903669020.0,914719220490.0,1042256232465.0,1550253534375.0,2952885735810.0,1758013008.7943256,465540136.91489255,3121422380.1519747,3625948640.189433,-8456809863.491699,41668169175.1875,196534558173.88452,0.0007709121979010329,0.0002041455713722737,0.0013687854274245343,1.2938984407701123e-06,-3.0177628483147935e-06,1.4869041036031794e-05,7.013220087015539e-05
cavallo,12454455.0,1609785675.0,1818599820.0,275846406825.0,231283543440.0,330204378660.0,53253994814505.0,39412863333330.0,41962482849870.0,65307854432850.0,67775486063.29621,-3777399715.9693666,64652389006.17477,79318976114.64362,110250902954.0,385463084486.125,-1789683726201.2456,0.0004369413893418528,-2.4352496394548235e-05,0.0004168071129765948,1.448989638762932e-07,2.0140504059672368e-07,7.041593864483602e-07,-3.2693729835595884e-06
cavallo,8964270.0,1118358855.0,1307622660.0,194118769635.0,167294187945.0,232035818940.0,38073116480445.0,29765314981845.0,30137712877875.0,45361245933780.0,54595246965.90246,4158608493.504866,41292231236.20755,233046880414.5262,411476334367.33594,-23705083551.46875,-532575790738.64844,0.00067939911567773,5.175093236049802e-05,0.0005138525227985662,9.68625664286494e-07,1.7102418921282798e-06,-9.852675247643881e-08,-2.2135742738522977e-06
cavallo,7812180.0,892618320.0,1228969440.0,142924802100.0,146398346055.0,237064959540.0,26818059715140.0,24347912346765.0,28509524502615.0,48542792528340.0,40934389027.12886,5976512858.102222,43730207338.448845,1133184576052.206,498013377122.3281,-457860943728.03125,-2509764813801.5386,0.0006707239744031743,9.792720869978891e-05,0.0007165344143302226,6.643088702276354e-06,2.919512945251573e-06,-2.684126599295635e-06,-1.4713040251588818e-05
cavallo,3723000.0,484667535.0,408926160.0,74841182415.0,56466200655.0,58141166370.0,12734589509265.0,9076537424805.0,8238217156485.0,9559726576650.0,11746200012.911295,3231380895.6082144,13225613232.115067,-66671573010.791176,14810816836.550781,-40570957629.86719,268283555722.45605,0.0008474446050356583,0.00023313210261943757,0.0009541787616015771,-2.4929186760913295e-06,5.537916721123302e-07,-1.5169898266242472e-06,1.0031398035868286e-05
cavallo,3899715.0,528904425.0,513494775.0,81815686905.0,68171637270.0,74019817215.0,13799830465335.0,10299723619590.0,9809805580530.0,11544874643295.0,10082267723.192955,-1471826088.7017014,6405418739.136858,-31383062866.91189,-74115770330.51172,158367244602.71484,111452586856.18839,0.0006629678794832006,-9.678114564940377e-05,0.00042119362382321925,-1.0449924540516884e-06,-2.4679050942242826e-06,5.273308608551361e-06,3.7111454909027397e-06
cavallo,7103025.0,1001517090.0,1173485010.0,164367274740.0,171195287340.0,210283968570.0,29847613704540.0,29027239818060.0,31403073482880.0,39896531854320.0,23154695372.4674,5735459678.711877,16413460062.047384,142483714518.08896,254871029211.125,-141788064521.78125,-267621256544.55124,0.0004589362738597503,0.00011367934025816455,0.00032532201701857905,1.0596364048318394e-06,1.8954490483526841e-06,-1.054462928946529e-06,-1.9902711485349837e-06
cavallo,4662930.0,640048980.0,540539310.0,102688155240.0,80348261610.0,74215894110.0,18304839385320.0,13580003635590.0,11536216328670.0,11580030703560.0,14832944718.066286,6152072944.203221,11555132388.233627,137491538830.11612,-12789008573.261719,-77228834253.7539,297722204517.2579,0.0006821966562317642,0.000282946081927856,0.000531443541885997,2.928388772083745e-06,-2.7238904612375374e-07,-1.6448724993124618e-06,6.341091010593805e-06
cavallo,4339590.0,489977910.0,440425545.0,69179720100.0,44135680755.0,52426526355.0,11032451471880.0,5702539912845.0,4775189825295.0,7073877676605.0,13856901057.655428,-5592240096.9032755,7727681374.587788,92319913922.5483,-55692477355.9707,-9112154173.99414,184536055775.3616,0.0007358151347908534,-0.0002969534734761199,0.0004103475148306478,2.353280203977832e-06,-1.4196287550944013e-06,-2.3227331051504608e-07,4.703915206643648e-06
cavallo,3165825.0,508782120.0,427925190.0,90636806790.0,72645802755.0,65052024900.0,17333853775800.0,13377783387435.0,11421142947615.0,10898809539330.0,8870049110.186876,3873623190.556992,7209292520.119205,-83480249364.554,-118677473335.75,-80613788316.32422,156751510824.82028,0.000885018228239749,0.00038649471839315733,0.0007193145397233941,-4.681300034391561e-06,-6.655045525583261e-06,-4.5205582504869494e-06,8.790113333402842e-06
cavallo,1189320.0,165299160.0,158943540.0,27223952490.0,21371065245.0,25423553040.0,4818790286040.0,3497147285145.0,3383393490585.0,4495758853890.0,4249637506.054889,-719905771.5694675,4181962124.4082346,-146248138091.1376,58987880684.26172,42288306002.14453,-19679588206.40079,0.003004377092519918,-0.000508953623878396,0.0029565324549344634,-9.480768458215965e-05,3.823983306097522e-05,2.74140678253744e-05,-1.275760646071636e-05
cavallo,4030275.0,528069045.0,489013755.0,81319237095.0,60920230830.0,67445669355.0,13709838125145.0,9036791103420.0,8186160394410.0,10290187990725.0,12128693946.651056,-3153071015.3366055,8111144395.983547,-123398448512.09125,-3819546173.2109375,114209966288.39844,138329274723.92667,0.0007466974635182886,-0.00019411736661843678,0.0004993588735400336,-3.784190558551922e-06,-1.1713186625034174e-07,3.502412561360057e-06,4.242065777110045e-06
cavallo,4114680.0,515372085.0,401510505.0,77158694835.0,45679688670.0,47263745355.0,12884594759685.0,6279431807370.0,5019306067020.0,6494445807915.0,12607287192.79034,-4610323217.012585,8084347291.151771,62133424544.23803,-94809385284.19922,-823950955.5253906,304707847099.3558,0.0007446454065708922,-0.00027230727386925893,0.0004774994004199896,1.809193949822634e-06,-2.760648837574543e-06,-2.3991709689617526e-08,8.872448243105208e-06
cavallo,4336530.0,486463245.0,498565290.0,68322619965.0,58577112585.0,65117823570.0,10954158518175.0,8476485869535.0,7711984456245.0,9342606000450.0,13752148012.556454,2649057476.9375553,7798411876.137832,204487119408.54077,27189997200.410156,-201919974170.96875,62946560880.09223,0.0007312835893968379,0.0001408661583982842,0.0004146879907902381,5.221677784317464e-06,6.943097675183243e-07,-5.1561244854352736e-06,1.6073709654547376e-06
cavallo,1069470.0,82993320.0,128869095.0,6976828560.0,10189799235.0,16235191335.0,622981769310.0,866237263125.0,1301862814605.0,2137251047025.0,536356957.596566,189262483.66952708,706711203.6087265,-1681152041.0390694,-3831674049.2197266,-3636731621.4208984,10626755587.066729,0.0004689393806594794,0.00016547306903925786,0.0006178808896419045,-1.4212990828562517e-06,-3.239418374434544e-06,-3.074607883130619e-06,8.984195123898661e-06
cavallo,4435980.0,561085680.0,439944360.0,85843422360.0,54826527960.0,53478646410.0,14505799729170.0,8014056619590.0,6641253834420.0,7176424131150.0,14874405299.2688,-819908767.1188749,9846565134.653946,-114903392182.99896,-292169146555.5156,39629343142.44922,-80486508943.29018,0.0007558932238495067,-4.1666437667287934e-05,0.0005003865172238924,-2.7724192238704825e-06,-7.0495339009860266e-06,9.561871992647949e-07,-1.9419996260964804e-06
cavallo,3957600.0,369309870.0,556332480.0,49504476510.0,48021985050.0,85288679040.0,8011717538760.0,5937710711220.0,6891394529940.0,14112149612940.0,15041726338.326033,-3893083644.556697,7083244356.618562,584840698884.3988,-294712918901.6211,27069380585.13672,131418835455.05148,0.0009603596139549991,-0.00024855925589170575,0.00045223943468101693,1.8769722161434892e-05,-9.458438196453781e-06,8.687575157377779e-07,4.2177212238750484e-06
cavallo,2085900.0,207089580.0,354554805.0,22801656810.0,34146623385.0,62890285095.0,2716396462740.0,3660179744535.0,5903417342475.0,11593884910935.0,2241661534.782396,-1053820382.4058683,2624160281.4480414,7524981092.977834,-6327059804.005859,17877016464.195312,11896300739.284798,0.0005152085617218614,-0.00024220306014449846,0.0006031195269020493,1.1974894689803133e-06,-1.0068580095139356e-06,2.8448628226639215e-06,1.893120351944813e-06
cavallo,721140.0,96239550.0,86519460.0,14088115560.0,11240417340.0,11602450530.0,2212063661280.0,1609910143560.0,1493348696490.0,1716118953240.0,1244491597.6591215,-306014554.83734226,1222195713.055162,-228715397.74358565,1353213467.6386719,18375473771.626953,30835678497.219006,0.002393055647171308,-0.0005884409826049325,0.002350182483012911,-5.17900630317093e-07,3.0642016880269365e-06,4.1609220640973246e-05,6.982397113406777e-05
cavallo,1016685.0,61654920.0,136500735.0,4483836870.0,8152276305.0,19094858745.0,365438471730.0,581492582595.0,1130925050745.0,2787048110415.0,744892004.8683225,-125550058.49134602,768188581.143719,3179642839.54483,-5282545149.130127,6666664118.314453,17086061891.488016,0.0007206435115008704,-0.00012146302340342237,0.0007431817135802677,3.050789896160896e-06,-5.068473467066182e-06,6.396501921632059e-06,1.6393660424827233e-05
cavallo,1512405.0,190499790.0,198650610.0,28494518550.0,25420018995.0,27629083230.0,4719399702060.0,3877838065245.0,3561164895915.0,4074927040710.0,4499510605.670209,398348550.66009265,1536822986.6312623,-3218545626.3002315,34803876579.31836,-23588472640.38672,42200433159.169586,0.0019671119237018664,0.0001741514250028326,0.0006718736961774922,-1.1441669768483254e-06,1.2372497044305164e-05,-8.385511520756398e-06,1.5001913173100019e-05
cavallo,4042515.0,477782025.0,439989240.0,66416422545.0,55161699195.0,55552086090.0,10231659869505.0,7894380786375.0,7166667998175.0,7947242417190.0,9947698640.920326,3159678159.7259145,7663449606.084022,30526154898.355373,-81294291663.71094,-86795988808.1875,232740213717.13995,0.0006087224793749269,0.00019334794838911826,0.0004689440455695883,9.290583768161066e-07,-2.4741780584220102e-06,-2.6416212832828193e-06,7.083409158338818e-06
cavallo,4136100.0,558998250.0,543995580.0,84018000780.0,70016415135.0,80229728430.0,13683336069750.0,10093769465085.0,9892704813945.0,13043619800490.0,8468801412.70654,-3505157657.663374,8681363772.58447,39080432043.0775,-9145617127.882812,-28403777336.929688,207889355907.787,0.0004950395400115049,-0.00020489223326384875,0.0005074647661715904,1.1232638456427357e-06,-2.6286661965553716e-07,-8.163915927820736e-07,5.9752307018452155e-06
cavallo,1711815.0,335060310.0,154501950.0,66741062790.0,30098183205.0,17375010480.0,13523469875490.0,5980345110585.0,3386703888345.0,2295161132970.0,1158385142.4177008,-143093605.05511525,3430248602.2255316,6507494635.408709,12565665499.011719,11654647828.38086,107755837136.23613,0.0003953113860014102,-4.8832231415032044e-05,0.0011706092210790897,1.6973513483417216e-06,3.2775054721530397e-06,3.039884519967452e-06,2.810598021236697e-05
cavallo,2673675.0,397095945.0,333499710.0,63306412455.0,46483591470.0,47885983860.0,10653126030375.0,6966303285060.0,6381969788520.0,7641036947370.0,4329465168.795417,-3048001748.949933,6287039870.889839,-35213353982.784515,-24812660281.535156,30294803926.566406,99576718368.6891,0.0006056434428114774,-0.0004263811350728693,0.000879486108340297,-3.0125610339539977e-06,-2.1227643793725317e-06,2.5917708913802736e-06,8.518953968235517e-06
cavallo,7211910.0,671991300.0,1009737780.0,73140932940.0,94007261640.0,173348090160.0,8775541609830.0,10369926792900.0,16069415174040.0,33104026429440.0,10526132245.636097,-78078227.15224822,31974947073.171616,-1191487643.1041224,144032754395.21875,-60948542039.859375,-120007130596.36676,0.0002023802952972814,-1.5011681687650428e-06,0.0006147651463780715,-8.530290016000552e-09,1.031182466646215e-06,-4.3635260731526386e-07,-8.591743556047962e-07
cavallo,7926165.0,998661345.0,1184649930.0,171114871815.0,149494050390.0,234180211860.0,33078279281145.0,25835024236680.0,29400433762380.0,49721584833450.0,45288008256.49357,233456843.44173262,57121639820.55783,106397606732.15909,201251842572.53906,-175010934390.14062,-2354023587161.0186,0.0007208700849927654,3.7160400965492706e-06,0.0009092314486245374,6.015532632692193e-07,1.1378423477439189e-06,-9.894808908174767e-07,-1.3309233301028862e-05
cavallo,5821395.0,716066265.0,578694705.0,106653738015.0,73040008785.0,70251250755.0,17700486939615.0,11320038432645.0,9079529844195.0,9793335142005.0,18573321573.39962,1857112591.7977111,12724221306.725657,12183389674.486267,260904872334.48438,68982855606.25,279995844045.2521,0.0005480692560278462,5.48004465719384e-05,0.0003754715858200876,1.4900487023981738e-07,3.1909097292150132e-06,8.436717303647075e-07,3.4243954699257496e-06
cavallo,1456305.0,195289200.0,185838390.0,30572496720.0,27562275270.0,28521056400.0,5293279330290.0,4610732481240.0,4524947275380.0,5018750985060.0,4384389395.888635,2641513127.1878815,4806307636.6625805,17649416450.128788,941579250.9804688,26134608423.695312,152531238125.56348,0.0020673044405424158,0.0012455125045935354,0.0022662451307821426,6.896035669708498e-06,3.678968151137565e-07,1.0211396643788297e-05,5.959748651355615e-05
cavallo,3501150.0,481088610.0,371728545.0,81122043300.0,51776281710.0,48858244545.0,15125570995950.0,9058967111100.0,6912821288970.0,7598489171505.0,15016263578.556446,697530724.931537,9390609291.49272,-148038474183.95865,254280851695.17578,51153231863.8125,416986175875.7995,0.0012250122946535285,5.690388354396915e-05,0.0007660768456937353,-6.454280059092386e-06,1.1086306040048613e-05,2.2302126943463856e-06,1.8180041200154408e-05
cavallo,2846055.0,378397560.0,374464185.0,60809227800.0,52959437850.0,53153662425.0,10816416755040.0,8819043677040.0,7961379667170.0,8130526030275.0,10499338000.275953,3172510362.165569,3884261149.299348,-60362220364.050285,-25415860404.875,59494713777.15625,114807342146.40292,0.0012962099170981145,0.0003916665406359391,0.0004795366929027721,-4.417300913248194e-06,-1.8599299810433562e-06,4.353816872809912e-06,8.401589177010099e-06
cavallo,349350.0,52087320.0,39489300.0,10171310460.0,4530307305.0,6394799220.0,2169935752860.0,727417312305.0,663681576495.0,1177855464690.0,2405205107.824817,-1357460852.0802922,1931067104.671533,-63805993191.749565,-17523104378.899414,17116253306.845215,18447646538.126072,0.019707458572031385,-0.011122587183311133,0.01582252791719028,-0.0008845239653860632,-0.0002429177103241483,0.0002372776519914855,0.00025573436995027726
cavallo,6449205.0,1103777445.0,860415390.0,205738649415.0,154614213750.0,137378085960.0,40604182058775.0,29706419251860.0,25404693606690.0,24418803456270.0,16827822717.643032,7354652174.134669,22586473141.23363,-368003368331.97253,-259522076682.14062,-69910558841.10938,63907371899.12812,0.00040459039093049644,0.00017682748672953385,0.0005430452977361062,-3.484065721820475e-06,-2.4570209113092887e-06,-6.618770441032961e-07,6.050419723455576e-07
cavallo,3489675.0,427135200.0,424114725.0,62458411740.0,49656447840.0,58376696355.0,10115437655310.0,6950939131140.0,6669380407350.0,8947890276195.0,10177188107.701862,-2255070535.1552806,6832268876.273291,-20823385012.940823,-87851618987.60547,72226049655.8789,192419296180.31644,0.0008357143075456036,-0.00018517833126495628,0.0005610414971674787,-9.153535572030132e-07,-3.861778087298192e-06,3.1749099118200176e-06,8.458360018013146e-06
cavallo,1897200.0,257210850.0,227324340.0,37929075870.0,29905095675.0,31782423270.0,5958085754370.0,4289973871995.0,4135684857705.0,5066840335500.0,3057991452.056454,-914157285.7258041,4544200859.903228,-13275728652.10523,-6852922210.787109,45887418811.44141,169658532810.1101,0.0008495912582406288,-0.0002539771777606937,0.0012624997115891405,-2.677784215044172e-06,-1.3822704127099897e-06,9.255733450300173e-06,3.422101739285124e-05
cavallo,3400425.0,538440150.0,498232515.0,95964953250.0,78566104605.0,78745963755.0,18656004149940.0,13979250393645.0,12207605784555.0,13218476109825.0,10705670915.579298,-326501499.083243,5744606864.839136,70059766534.01357,21801846089.40625,-165742020515.7578,-2841643003.7296977,0.0009258646193421369,-2.8237014620301e-05,0.0004968140988197664,3.2857588369907792e-06,1.0224928228414923e-06,-7.773196165390646e-06,-1.3327126356529955e-07
cavallo,689265.0,106148850.0,59894910.0,16632834000.0,9285513900.0,5381813250.0,2649212254320.0,1463817841110.0,839686622070.0,500930327790.0,285596933.96226543,61520490.566038445,177138351.50943378,-258955661.85111585,-470573541.8125,179587919.88378906,2482573315.350468,0.0006011475597083326,0.00012949331164990686,0.00037285515031027075,-6.565379664018706e-07,-1.193059051019058e-06,4.553145772832496e-07,6.294141723925095e-06
cavallo,729810.0,88700730.0,145433130.0,10920000150.0,17557615980.0,29704640430.0,1361576615190.0,2146303337160.0,3564002640210.0,6206422088760.0,139359294.8008386,-118251433.68972743,723405174.8008393,490130670.2638329,-1038881268.5205078,845190638.8164062,-1293605624.0340858,0.0002616473378248871,-0.00022201728893010415,0.0013581945748641067,1.0771777025650885e-06,-2.2831865173025095e-06,1.857505693450493e-06,-2.843003343113044e-06
cavallo,1467015.0,270250530.0,188471520.0,50468791650.0,35174230035.0,28873066050.0,9546559906650.0,6662394952395.0,5496047568345.0,5011098084180.0,683786748.6998103,454388608.76673144,4659602758.138363,-2630220484.5385184,11115040785.949219,60356708832.71875,104430139851.5813,0.0003177251338328397,0.00021113407331604762,0.0021651090968820806,-1.009033928786679e-06,4.264073426087056e-06,2.3154700299886577e-05,4.006263159975031e-05
cavallo,1271430.0,153645150.0,163436640.0,19544413800.0,19450600320.0,22536697530.0,2602534539000.0,2443036994670.0,2648265858540.0,3317474595480.0,977263332.7918162,-299796531.02286494,1527648432.1419952,4508747036.881818,3147455895.0322266,1907980345.0429688,27738176879.989918,0.0006045423014544739,-0.0001854563440079864,0.0009450145810158798,2.4735730093061556e-06,1.7267462304377967e-06,1.0467494949658762e-06,1.521762145812341e-05
cavallo,1020765.0,95928705.0,122094765.0,9745621875.0,10942147920.0,15451165785.0,1055646464535.0,1070764710990.0,1311777040950.0,2070040901535.0,730504347.4818879,-531984415.7769181,847283754.948787,2477950734.0399637,5069609340.098633,-13018871957.935059,19221881101.114487,0.0007010859500722607,-0.0005105606843330176,0.0008131624929635219,2.353847059384824e-06,4.815707137956582e-06,-1.2366845334625105e-05,1.8259187999245084e-05
cavallo,9748650.0,1505113020.0,1278335145.0,271044963120.0,194058720195.0,209952470865.0,53218859451570.0,35565965656365.0,31422918362925.0,38241254832375.0,38667638775.2425,-3305927285.737101,42325082155.57141,-568242982498.3518,1044804897731.4844,-125042781206.51562,-389827661639.7226,0.0004068728358829336,-3.478598778138575e-05,0.00044535758456090235,-1.915018108308919e-06,3.521064686111534e-06,-4.214028112955749e-07,-1.3137461511228715e-06
cavallo,654075.0,41840145.0,105553170.0,2974108605.0,6732101745.0,17697409530.0,232207165935.0,481267445835.0,1130063009985.0,3084905854080.0,297660592.7368422,-19967876.999999754,663473518.0000013,3876378180.172855,3867035417.2595215,4432408863.504883,14797467806.844057,0.0006957708706261226,-4.6674190349166693e-05,0.0015508453538031967,1.1203591504873618e-05,1.1176588850761267e-05,1.2810643332812138e-05,4.276795939631625e-05
cavallo,2505375.0,275062380.0,241684665.0,33862682670.0,26049973290.0,26401298775.0,4504239346560.0,3158102770740.0,2827957304220.0,3207863769855.0,3663884928.6381645,-484321641.65801823,3086833955.89618,-18015367975.60575,-2164171422.484375,22829190181.24414,65471947838.90542,0.0005837089419371923,-7.715932091638155e-05,0.0004917765206675516,-1.813265040914038e-06,-2.1782604653148495e-07,2.297781123543003e-06,6.589817889792107e-06
cavallo,253725.0,36335460.0,27340590.0,5234516070.0,3928181670.0,2981200410.0,758454879810.0,567648688440.0,429596635440.0,328947441330.0,30986053.597990163,12789358.160804179,35066361.13567831,-44811994.02971026,-69006473.9284668,-91512930.14086914,145596329.12530765,0.00048132646948762057,0.00019866539606553345,0.000544708533141785,-1.3819302277009006e-06,-2.128049293356093e-06,-2.822112408193713e-06,4.48995793686739e-06
cavallo,2086155.0,297394770.0,257386545.0,52538874000.0,33003019785.0,36272104995.0,10124822209170.0,5551713376275.0,4277008692795.0,5550127686315.0,10143342880.139341,-3689082360.511556,4516155150.891088,-256928233644.3345,121353859930.55469,16494015592.753906,-39460300428.03375,0.0023307085009465576,-0.0008476668609094837,0.0010377092962503547,-4.087383603520085e-05,1.9305771509357044e-05,2.6239766620336764e-06,-6.277604554071488e-06
cavallo,1614660.0,307790355.0,174045915.0,59605928955.0,33557226585.0,21893509755.0,11724246011955.0,6553870011375.0,4226466151065.0,3161636588025.0,934194576.8485479,380177569.0153195,3132915866.387398,5864312985.057094,-16057045874.511719,-28886582891.935547,126311284222.8215,0.00035832339854983774,0.00014582242496155047,0.0012016737074214867,1.7701677509782874e-06,-4.84688741127327e-06,-8.719537582929263e-06,3.8127596955624346e-05
cavallo,2867475.0,204833595.0,364763475.0,18519533355.0,26970848415.0,50003412825.0,1840599154245.0,2514038444205.0,3855487733955.0,7260196886955.0,3887565634.0524683,914539673.3570482,3602871340.2178736,-37719116732.045555,27562977086.40039,50900021848.697266,-17219782406.76399,0.00047280107346311863,0.00011122521906777059,0.0004381768946313114,-2.7090212629797847e-06,1.979598078304043e-06,3.6556858543060217e-06,-1.2367404309915038e-06
cavallo,1014390.0,127998270.0,152913810.0,17438006700.0,19046159610.0,24640435290.0,2519440802550.0,2560641014340.0,3056298126240.0,4215515204370.0,1286864513.0769217,-248887796.92307845,1589504889.7435875,-5690116174.441144,-5233677289.450195,22143287778.541016,21884216622.684765,0.0012506129065845643,-0.00024187650522677394,0.0015447277549363756,-5.490460043881198e-06,-5.050036793513622e-06,2.1366318904759972e-05,2.111633809836799e-05
cavallo,1032495.0,134329920.0,183474795.0,19536022770.0,24605516100.0,34934755455.0,3073769569050.0,3624797616570.0,4787418409710.0,6986517675915.0,2059398275.7347498,735032916.6757231,2331207350.3679957,-3775588134.734385,-38020700835.8125,-18903105551.9375,-49916085898.64413,0.0019318100912833138,0.0006894946075221719,0.002186779476984846,-3.4854970506979666e-06,-3.509944302704435e-05,-1.7450716629859757e-05,-4.6080865807771756e-05
cavallo,3649560.0,528437265.0,344812275.0,86149024815.0,49549138995.0,38438832855.0,15077248248345.0,8166524831625.0,5435449024605.0,4886906017365.0,9634063274.24434,-377881122.33685046,5860794683.090065,-186605791762.02063,136551820652.17969,-58888814680.63867,147723951295.20703,0.0007233166768531646,-2.8370969742844417e-05,0.00044002311519216266,-7.333711967993767e-06,5.366562912716878e-06,-2.3143633481383987e-06,5.805633894550332e-06
cavallo,2897820.0,262916220.0,389747355.0,24545188710.0,35307712080.0,64478738235.0,2354500874820.0,3299582413890.0,5785260113310.0,11803925334615.0,691071221.9957783,-53663482.18056698,12058987964.280628,2140858774.9393213,8072113759.400391,-50394180826.88281,-112044258713.44553,8.229624073233573e-05,-6.3905176594002754e-06,0.0014360450050730665,1.4976471542787882e-07,5.646882616590761e-07,-3.525347042554493e-06,-7.838105305205106e-06
cavallo,1470840.0,180960750.0,196258200.0,25546058100.0,25203012465.0,28326032910.0,3909394705140.0,3654694165155.0,3771389757015.0,4426407874770.0,3282050430.5305142,1056925150.5062424,2138765044.5353682,-41190299491.92738,-14057919137.216797,4317461548.158203,76025380559.73639,0.0015171006193598713,0.0004885548940790834,0.0009886264219301985,-1.569933906991591e-05,-5.358058617560665e-06,1.6455644557559897e-06,2.8976439648383974e-05
cavallo,5221380.0,874046415.0,788003550.0,159946633755.0,139622596470.0,133961626560.0,31273092664635.0,26640434046390.0,24678820036080.0,24678814026240.0,13633372591.408705,7712703322.063376,15037205274.324091,-65975302192.89548,-80669682261.4375,-74014394300.91406,-77281023257.73964,0.0005000721876898734,0.00028290200369772634,0.0005515647788436154,-1.0590540731217609e-06,-1.2949323873747034e-06,-1.1880998365849694e-06,-1.2405366816938979e-06
cavallo,2746350.0,297132885.0,302135475.0,36418218975.0,33631755435.0,37215276555.0,4883814583515.0,4181124786195.0,4215109674555.0,5077379928945.0,4270841055.789694,943137688.6838443,3976306557.1935916,19516471777.61428,-29449369847.515625,-18798310946.41211,108303955377.21344,0.0005662414292536223,0.00012504413670448605,0.0005271911266853573,1.561390736998105e-06,-2.3560597332497508e-06,-1.5039351844632396e-06,8.664721504642205e-06
cavallo,4221270.0,531759405.0,157469385.0,88067766195.0,20173542660.0,10558254855.0,16383197868645.0,3343862370330.0,1373126797350.0,1200561264705.0,21081275208.648964,336899547.0704955,4684049411.548569,-22100933544.190804,-26278839884.08008,17953105901.431152,457232678999.1712,0.001183070472624864,1.890663171155182e-05,0.00026286647730140435,-6.036744435239679e-07,-7.17791581598022e-07,4.903788879733554e-07,1.2489050858593667e-05
cavallo,2830755.0,380564040.0,336893760.0,63396613860.0,47745347790.0,44486628840.0,11596805138550.0,8206905218160.0,6637022775480.0,6535062411660.0,12233942226.064312,2453667529.2955527,4392235108.667686,-215615381854.22144,2211110017.6171875,72250565663.36328,195163387986.75034,0.0015267286626374106,0.0003062042043632703,0.0005481267697307538,-1.5992782545801727e-05,1.640040770398458e-07,5.359022049023239e-06,1.4475802227710696e-05
cavallo,3294090.0,495713370.0,319692225.0,84854942400.0,50506761660.0,34877040795.0,15849987583260.0,9107619311310.0,5740077650670.0,4206689953995.0,10257179376.901995,2397660142.5708294,3850833640.5352993,-6583235842.411932,150799759664.54688,26195504261.88672,74416117377.15472,0.0009452725123918744,0.00022096154737564195,0.0003548818887177711,-3.342725868229314e-07,7.657059075810981e-06,1.3301116931493462e-06,3.7785776861773093e-06
cavallo,4928640.0,511173000.0,496033905.0,69356560560.0,46803581535.0,61374072945.0,10733950514430.0,5873609331165.0,5469782812635.0,8899529392065.0,16340345959.420532,-4642484584.774419,11451653188.3229,151175456530.3317,-143665216507.3789,38850653958.6582,417587605267.38135,0.0006726777338963029,-0.00019111566045724776,0.000471426500712877,2.8032610668434283e-06,-2.663997961957294e-06,7.204114223518932e-07,7.743367228446652e-06
cavallo,3795675.0,459978690.0,502792680.0,69856709400.0,57470432730.0,71160147000.0,11990438367150.0,8404446471060.0,7720815770010.0,10724314962540.0,14114214256.417871,-3460473706.401745,4557901269.903923,103995706591.46533,-10381935140.996094,14057551921.023438,90591103499.18178,0.0009796674237774225,-0.00024019143392687187,0.0003163638665105453,3.705039662817951e-06,-3.6987566828408636e-07,5.008263238608439e-07,3.227475850339191e-06
cavallo,2250120.0,264083100.0,323949960.0,36479366190.0,36426460320.0,49928283960.0,5583452694090.0,4887392079240.0,5405626697850.0,8201894167260.0,5485515326.219402,-1593605135.031731,3289181785.8930216,14483974918.822086,9518521560.5625,4706139684.912109,66627511412.229294,0.001083443012620446,-0.0003147526250038106,0.0006496456232891948,1.9071004315913543e-06,1.2533007463766468e-06,6.196559352337642e-07,8.77282351580142e-06
cavallo,4197045.0,576976005.0,478223940.0,92644852485.0,61921921065.0,60107178120.0,16313408698545.0,9476274761295.0,7400612413575.0,8189966953830.0,13326829841.506773,-3820461586.7370453,5616902988.5387945,-86791669367.26888,-29545893225.617188,8190574341.699219,61160496338.64897,0.000756553424283499,-0.00021688453519435694,0.000318867070442522,-2.405021579862796e-06,-8.187250149923851e-07,2.2696311969643822e-07,1.694774563064715e-06
cavallo,3725295.0,419660385.0,330596025.0,59073805665.0,39194873430.0,33639241215.0,9496379559525.0,5894333340540.0,4242724849830.0,3882195270645.0,11798398284.282972,1952707338.1952882,4300965522.524471,183405214803.26706,211961028776.7168,106630530484.50977,133562305869.74149,0.0008501620479550814,0.00014070703748902242,0.00030991644532669884,6.847152587124904e-06,7.913240133956646e-06,3.980887421640021e-06,4.986343976965684e-06
cavallo,1271940.0,201500490.0,180375270.0,33440859120.0,29394158040.0,27272687580.0,5761727240430.0,4985581454610.0,4536555876000.0,4377785740080.0,1519190275.3688855,819142481.968725,1693463695.5613453,-17306887344.186924,-16241914255.66211,-16305110912.960938,29910582044.009148,0.0009390288194119205,0.0005063213017121687,0.0010467492061675997,-9.48532909998762e-06,-8.901652785096653e-06,-8.936288770215021e-06,1.6392994801280707e-05
cavallo,1636335.0,249590940.0,172693395.0,39720702810.0,26564424570.0,20739067125.0,6590828800770.0,4280280429240.0,3203505339690.0,2742303973905.0,1650480434.9462388,223420564.1935499,2513576209.859749,28714393739.518894,20131671614.126953,-6992370093.5390625,23022207339.495968,0.0006164046993722932,8.344084715539155e-05,0.0009387449588509753,8.383379029584185e-06,5.877590004906538e-06,-2.0414740196513427e-06,6.721503228502548e-06
cavallo,3202035.0,463677210.0,437221215.0,72288892260.0,60824758830.0,65505782865.0,11897804617110.0,9124356786090.0,8834431851960.0,10549328528745.0,5145168011.706615,-2487951094.785381,5805501373.362269,-60248987677.62443,-25769574311.503906,28166887128.660156,19432789924.931618,0.0005018193592017087,-0.0002426552488217523,0.0005662230994977691,-3.2838594992019053e-06,-1.404565697369376e-06,1.5352307719312967e-06,1.059180481710924e-06
cavallo,3403995.0,447802950.0,407663400.0,65449848360.0,56282814090.0,54790043580.0,10415953002090.0,8566293275820.0,7733335930860.0,7905747963450.0,6540395781.866803,2653806665.7734632,5968159969.841931,85076422296.05544,29772916874.683594,-110054803373.25,-85420126418.02032,0.0005644509428116974,0.00022902951510806667,0.0005150656984961212,3.979577205047457e-06,1.3926728243220575e-06,-5.147978429159593e-06,-3.995654480656116e-06
cavallo,3739065.0,492522300.0,422266230.0,71580817440.0,58574768115.0,55223017260.0,11236571594730.0,8834886972645.0,7895207346945.0,8067077130960.0,6704112703.043027,2952430762.7664814,7534953800.709267,41527149834.590004,-26803824504.570312,-45812958637.75,128641084273.33432,0.000479529441565016,0.00021118044066982308,0.0005389575546115517,1.5361180324042306e-06,-9.914920316677533e-07,-1.6946530682107846e-06,4.758522798877562e-06
cavallo,2038215.0,267086745.0,280764435.0,43414276065.0,40251726795.0,42753827085.0,8059151896965.0,6969638802615.0,6528459448035.0,7019132756295.0,8415353304.30251,3460485902.398344,4078482255.887652,164677405866.38486,82394561009.63672,-27347103702.753906,6163252061.458989,0.0020256871213415197,0.000832984840040915,0.0009817447564735705,2.7765725993753825e-05,1.3892281046893735e-05,-4.6109069069834786e-06,1.0391660414407852e-06
cavallo,1924485.0,250604055.0,291186030.0,35323970115.0,38184350760.0,45520206570.0,5316083056935.0,5411616477000.0,6005209858410.0,7359224454210.0,2690620214.926461,266466298.7796477,1462027853.5325305,15500915651.019495,-2508180565.8085938,-3010978967.5429688,29319358177.900227,0.0007264794601168475,7.194708930039907e-05,0.00039475404214159445,3.0169702451810343e-06,-4.881715575355815e-07,-5.860320872945071e-07,5.706477812148632e-06
cavallo,7922340.0,1148700285.0,1180675755.0,210358659345.0,156009599250.0,231122112375.0,42064394651235.0,27406585846710.0,29526154128600.0,48870641166255.0,43802775002.86358,-15182570773.135845,55164600018.1938,-1138948325837.4219,459380577221.6875,539939205466.3906,-2016254129460.1492,0.0006979023666505341,-0.00024190138806772017,0.0008789284447277751,-6.447187908586542e-06,2.6003926918506544e-06,3.05640689562912e-06,-1.141330905819226e-05
cavallo,3118905.0,396338340.0,278846835.0,59396139180.0,36629038185.0,33147444645.0,9795283737510.0,5611429406835.0,4362587745435.0,4702084423035.0,9031001494.191809,1194264859.6970813,8217042023.080697,-47796281439.33152,-2429086959.40625,-63208211286.25,269229831442.10226,0.000928392494788008,0.00012277116034638041,0.0008447169617336535,-2.782202542842717e-06,-1.413961863084358e-07,-3.679324852757918e-06,1.5671761465337317e-05
cavallo,3453465.0,442698870.0,382048395.0,64460787000.0,48399418200.0,47590181055.0,10217734150440.0,6922015402710.0,6057567029610.0,6567986851665.0,7711322476.89729,-575276129.264565,5325100585.941815,-22504293461.054657,-61634939499.94531,84275644751.82812,124995666299.74622,0.0006465747600357007,-4.823543903758042e-05,0.0004464961287556796,-1.0153779669148428e-06,-2.7809253229246187e-06,3.802458094347055e-06,5.639716960687664e-06
cavallo,2365635.0,376148205.0,235496835.0,66868615065.0,33938219535.0,29203345365.0,12776089697955.0,5441861033775.0,4071438846495.0,3994123341195.0,7059104246.669185,-3506995710.9830747,5759847405.671013,-101234280647.23013,-99588482055.99219,126192365761.64844,-59818654550.915764,0.001261403760580803,-0.000626671235272113,0.0010292372692063863,-1.1761379369867734e-05,-1.157017080421006e-05,1.4661004926540804e-05,-6.94971984855641e-06
cavallo,2242725.0,257272050.0,330459345.0,33572772660.0,36438689100.0,51071708805.0,4777896937170.0,4620879088320.0,5424154888710.0,8247196507185.0,4060055893.030131,-1469638104.5423534,2379435477.762366,-4862363168.221873,11199860046.333984,-1393018606.8515625,20714518250.44037,0.0008071977894746769,-0.00029218529512138857,0.00047306616176014045,-6.455164773195304e-07,1.4868684122220978e-06,-1.8493403985375626e-07,2.750013190661211e-06
cavallo,1799790.0,243603030.0,155671890.0,36050959050.0,19483308150.0,16760795550.0,5706476339430.0,2673721138170.0,2000373060180.0,2166645754590.0,3079092207.10116,-1587007881.2184765,3296037252.5474625,-6565316310.048194,-14882018103.067383,6320671533.456055,146751534485.97034,0.0009505588850921737,-0.0004899315579846702,0.0010175328588010854,-1.510779449386257e-06,-3.4245794191359236e-06,1.4544829537689144e-06,3.376976706026752e-05
cavallo,8216355.0,923549310.0,1119614475.0,150001010280.0,139753709565.0,214526171775.0,28352962164600.0,23839203192975.0,27930668726865.0,44970104314515.0,46190582419.777794,13904817221.343697,61960152825.04889,1108290946284.2502,273172869917.15625,27594043963.140625,-1148834696506.3315,0.0006842188704183605,0.00020597138711305556,0.0009178127565404248,5.727377342457432e-06,1.4116907757688375e-06,1.4259929011522577e-07,-5.936897556602217e-06
cavallo,2104260.0,287956455.0,277470855.0,43652698005.0,37336697610.0,37741982115.0,7167253521525.0,5564171904390.0,5005431887280.0,5301130472505.0,4247434408.216791,-633669061.2378864,1154262263.6360896,31144638223.681187,-18509534913.91992,7761455826.013672,20011066531.194416,0.0009592413275411585,-0.00014310793130735625,0.0002606787909329458,4.848805807163654e-06,-2.8816883257379285e-06,1.2083554097155631e-06,3.1154568213997106e-06
cavallo,4508145.0,613402755.0,508345560.0,97863281625.0,75297922860.0,67958371590.0,17281205430045.0,12609568492020.0,10534089158820.0,10316367323730.0,14400362876.470392,6129658086.79111,10636522276.875956,46610916122.04535,-93719227516.46875,-95076785065.21875,254491716537.10748,0.0007085617162051086,0.0003016063616580045,0.00052336406683693,1.0801720818550189e-06,-2.1718709160584074e-06,-2.2033312666730937e-06,5.897649523707366e-06
cavallo,2183820.0,246785175.0,333155460.0,32219517495.0,36438861990.0,53920809270.0,4580543549655.0,4624442936190.0,5770499121090.0,9210712414710.0,4331265441.359761,-1209766788.152733,3095850927.36572,-39380923632.16569,-17424596380.382812,46229020880.697266,40171209155.04654,0.0009081992149207116,-0.000253669340314671,0.0006491519441169166,-5.5878379147463455e-06,-2.4724107847975467e-06,6.559528111924956e-06,5.699973106126719e-06
cavallo,2301885.0,263628690.0,319562175.0,34128429900.0,34814275860.0,46472760345.0,4794989495370.0,4325623074210.0,4834737260820.0,7050521483535.0,3935745994.802258,-1784319451.5819232,2109126327.3446274,-15148451512.126444,-3593932310.705078,7758102108.056641,13275762252.67071,0.0007427793413744943,-0.00033674826292094315,0.00039804790918153725,-1.8843396384269081e-06,-4.470548759035604e-07,9.650424869810588e-07,1.6513928848115992e-06
cavallo,3303270.0,290981010.0,427046460.0,34072206480.0,36362189100.0,64820077920.0,4601290077570.0,4218203302170.0,5489707219020.0,10942853905860.0,8440045566.535429,-1255810714.645675,9611548493.543306,112964563375.89815,34597050958.25586,104488117583.75586,77759520226.31999,0.0007734934582031487,-0.0001150895886594824,0.0008808566049021779,5.696158234995822e-06,1.7445318322231096e-06,5.268739449321051e-06,3.9209688264149864e-06
cavallo,7159380.0,1187589060.0,980205720.0,220186628370.0,156040110255.0,157384929000.0,44093474279550.0,28414642251825.0,24168703019385.0,28067841247380.0,23190830489.222126,-6555196827.655637,23182909618.33311,-124542388531.15901,443165319681.84375,-143142005867.02344,171899297677.6334,0.0004524446665996367,-0.00012788950549063035,0.00045229013329000706,-9.080895022094093e-07,3.2312996345471172e-06,-1.0437069208811647e-06,1.2533880994194586e-06
cavallo,1143930.0,156560055.0,148061670.0,23125635585.0,20101135410.0,20078122170.0,3640074924885.0,2955490478700.0,2687657126850.0,2857090811460.0,1698580763.8107455,-162817103.34596443,914136503.7539017,10123289115.44978,6849464637.114258,-18118547168.50293,21692269886.868855,0.0012980376876363243,-0.00012442313067333652,0.0006985735731838754,7.233075794351169e-06,4.8939328222252656e-06,-1.2945676396152769e-05,1.549909623778168e-05
cavallo,2457945.0,325164015.0,261270450.0,48415169295.0,35638203555.0,31471781250.0,7775085843855.0,5403763490115.0,4406975330745.0,4289167923840.0,5398894866.190476,1074473071.6666667,3699700083.333335,-58256032132.3329,-26875936119.460938,15116734907.34375,157305306586.91327,0.0008936357800022353,0.00017784891265492617,0.0006123816913806292,-6.150501083915878e-06,-2.837482543584604e-06,1.5959805539396502e-06,1.660783309908177e-05
cavallo,2959275.0,335122530.0,383646990.0,41676714990.0,40916697690.0,58366050360.0,5544250928520.0,4886077397160.0,5997747292590.0,9704815036410.0,3725828332.4230933,-2529332136.7936234,8629201660.2137,-19282100263.17829,55882876807.47656,43911592707.99219,-99307265468.12715,0.0004254535878827205,-0.000288825285690515,0.0009853714340386155,-1.279944161695842e-06,3.709500569556095e-06,2.9148477577771954e-06,-6.592007764456937e-06
cavallo,2283270.0,274027590.0,284692455.0,36465827730.0,35411112285.0,38496653085.0,5271952120200.0,4821033700815.0,4888720181205.0,5599319395635.0,3578293587.6479797,1243629974.6146984,2999408372.842866,36590018267.97724,-24264432849.277344,-41598707545.74219,51344542693.23057,0.0006863749565361084,0.0002385484725791424,0.000575335349410852,4.644826006385001e-06,-3.080186183649489e-06,-5.280641218197149e-06,6.517801260465077e-06
cavallo,1943610.0,206354160.0,276615075.0,23873587050.0,28817668320.0,41714702085.0,2938890278070.0,3294543063600.0,4307369543340.0,6628634456385.0,1964850549.72186,-550708795.2453395,2346773479.33548,-13000364248.37268,13786136716.597656,35250342985.75,23800518592.068596,0.0005201292446173941,-0.0001457819525844657,0.0006212307176582392,-2.468497595405515e-06,2.6176993724704927e-06,6.693303759426254e-06,4.519221291917247e-06
cavallo,1125825.0,164195010.0,142347375.0,26743496280.0,19739614260.0,20067375195.0,4652603034480.0,3056146076370.0,2703898808190.0,3070577167695.0,2796611720.7655725,-1020920158.4031702,2069218137.3839185,-63518936558.13089,-27465055505.597656,35355951573.54004,10036033445.58868,0.0022064312343976003,-0.000805471173778194,0.0016325425139304191,-4.7230875674381165e-05,-2.042223456917762e-05,2.628968058353855e-05,7.462509192022254e-06
cavallo,3560310.0,460514190.0,451136820.0,70624829070.0,60003436725.0,61583130360.0,12078505886250.0,9452102893605.0,8349472372815.0,9011303672880.0,11058858918.143538,1650398017.281913,4418324385.320158,82567648544.35182,76086700662.32422,-34352637339.04297,88216856816.38844,0.0008724382329120803,0.00013020062381270938,0.00034856354961151513,3.452155747957062e-06,3.181187131585072e-06,-1.4362847499981754e-06,3.688349307438681e-06
cavallo,976395.0,125113710.0,86343000.0,17733640950.0,10860241410.0,7799019960.0,2684313455160.0,1519555717650.0,964549668090.0,718314884070.0,1701768162.8963192,-203613958.50352472,163673968.87960395,-24170988023.455208,3544303177.859375,1206921023.9951172,-303076280.29182655,0.0017850455426856818,-0.0002135779696552286,0.000171683484843765,-2.565845701063805e-05,3.7624175988802903e-06,1.2811942639400297e-06,-3.217274238548187e-07
cavallo,4091220.0,510574770.0,480281025.0,77337384300.0,63235692540.0,64631498535.0,13184563462200.0,9876333547470.0,8758868474100.0,9671067960285.0,13618836834.805534,3297734211.007853,8249817037.781414,133838697809.22205,-25641407442.183594,-81255213539.33594,146832272736.53183,0.0008136438557609691,0.00019701984914467186,0.0004928771102380899,3.953207568180211e-06,-7.573729244117619e-07,-2.400043712138304e-06,4.337000145223786e-06
cavallo,6172020.0,578395590.0,910433640.0,73331236380.0,72954571545.0,156562872240.0,10729751507970.0,8384761234785.0,11314446324465.0,29613114419340.0,19128324119.273674,-12364465393.254833,22264957968.23005,272568873954.45602,-114906613149.9375,290304407867.2969,-50049199255.453575,0.0005021370567672562,-0.00032457920633066563,0.0005844767368798761,2.8801025273358716e-06,-1.2141622120654836e-06,3.0675052755108486e-06,-5.288455104042958e-07
cavallo,3143895.0,332153820.0,393872235.0,43846396260.0,43836889605.0,54721626825.0,6620063953050.0,6002803813815.0,6266937215625.0,8321808513705.0,8754206431.588942,2224123451.172444,5376678121.593803,137902740403.1461,39697446541.64453,-71709060983.03711,118997059233.96648,0.0008856879119898847,0.00022502088234616977,0.0005439737863357385,7.868696850932813e-06,2.2651266514293702e-06,-4.091701591215807e-06,6.78994327833688e-06
cavallo,4375545.0,724234680.0,653878395.0,134278081560.0,115758502305.0,114723218115.0,26686941301350.0,22585669308705.0,21317295247575.0,22061664717885.0,14403672380.182995,7529376524.8426485,17008086526.186245,-306752408529.30536,26740615189.164062,78083575676.57812,-165846225277.21597,0.0007523309441845194,0.0003932735208452206,0.0008883644016106908,-7.659626529523724e-06,6.677148078501182e-07,1.949751692708398e-06,-4.141190457297982e-06
cavallo,3663330.0,491453085.0,482483460.0,78887344935.0,59204883825.0,70412553810.0,13895142225375.0,9007359888525.0,8023058016825.0,11150162439060.0,12956583918.10629,-5522559478.899487,6866466186.561325,-164343354956.09912,99158512058.78125,31591350763.63672,67675926238.27491,0.00096546920786613,-0.0004115175079471078,0.0005116596868341716,-6.398262329272072e-06,3.860467449394887e-06,1.229923470746913e-06,2.634778446409463e-06
cavallo,3599070.0,508035990.0,422823660.0,84215422800.0,63512929050.0,56343250620.0,15299177035440.0,10912838307210.0,8896498837680.0,8459628876510.0,12502294926.61045,3828166957.702984,6669349457.8121,-118054987302.43431,-61654124786.96094,43745699551.56641,273298258159.16827,0.0009651818633936683,0.0002955359267484158,0.000514876282722586,-4.804062014791941e-06,-2.508917629930352e-06,1.7801624338648125e-06,1.112144273386567e-05
cavallo,3229830.0,544530060.0,329618610.0,95597859330.0,52409677230.0,47492283240.0,17434545448320.0,8617410332550.0,7330328246400.0,8156298716820.0,3793341369.7347183,-3162053009.801045,13853228534.85078,38247536615.446075,-72572632816.54688,-31183909515.429688,481930637188.9356,0.000363632422466629,-0.0003031166678263551,0.0013279804162376002,2.0401134015613067e-06,-3.8710048776274215e-06,-1.6633414160798832e-06,2.570605164556061e-05
cavallo,415140.0,39608640.0,40848195.0,4497942960.0,3573242325.0,4837128915.0,572604715440.0,379683917955.0,401398802505.0,647823048465.0,718869966.1916465,-324097007.28501195,817822091.3789929,6279314759.341471,-1052141580.8154297,3666610177.5046387,10926826255.691675,0.004171201572439415,-0.0018805542170191997,0.004745365579268495,5.6549113462329345e-05,-9.475185734789633e-06,3.3020092620995806e-05,9.840282919359006e-05
cavallo,2700450.0,322661445.0,297277470.0,44878165785.0,33402626715.0,37860149880.0,6826055302365.0,4406982584475.0,4101274631385.0,5455685286810.0,6325180878.970258,-2117371076.5325756,5134532234.940512,-47701969840.5526,-27418926567.585938,43759315481.42383,157408675496.95004,0.0008673625531310333,-0.00029035191530618913,0.0007040906930011185,-3.980576384413277e-06,-2.2880214788972753e-06,3.6515745237708228e-06,1.3135249099341464e-05
cavallo,1297185.0,168750330.0,175716165.0,22666679700.0,23038673190.0,24969844545.0,3133835690640.0,3120248350710.0,3292667305020.0,3704921551875.0,714009976.6306287,179820497.37369937,1167402609.3414614,-635119413.0937523,3043351644.7148438,-4367615512.728516,6244537306.901529,0.00042432678218256057,0.00010686496760327802,0.0006937720885511473,-3.313985412780074e-07,1.5879884551814925e-06,-2.2789752288169587e-06,3.2583330186409963e-06
cavallo,2040765.0,263544030.0,246294555.0,39259932090.0,34185577440.0,34266809985.0,6517715424660.0,5394280238250.0,4970986045110.0,5297573662125.0,5225902817.329756,2379142308.1956806,4542168577.171062,97950435423.22095,41618365311.39258,-28488559192.109375,65637847161.59604,0.0012548023822070086,0.000571260802254801,0.001090629533354452,1.646356480869272e-05,6.995238475208703e-06,-4.788373206704305e-06,1.1032446624446757e-05
cavallo,5803545.0,553631265.0,879486840.0,74580621885.0,70321797015.0,151253518260.0,11828913528195.0,8328896065305.0,10570673884635.0,28298728282140.0,21766768010.256165,-13577166770.074915,17973410716.561348,561370904567.7963,-382880519318.4336,256840244600.85156,-70179894436.73926,0.0006462599401733511,-0.0004031089494047933,0.0005336343608257763,6.918572703783413e-06,-4.718781625860014e-06,3.1654079167081303e-06,-8.649267321366614e-07
cavallo,1401225.0,192829725.0,158266770.0,28515860265.0,21503149890.0,18876807480.0,4464822939075.0,3160667329710.0,2527064340180.0,2371449063750.0,1979577481.3102798,-276748224.6769809,1000755820.7497739,-4229679678.508866,16002818446.289062,-8152702051.350586,13266665927.401585,0.0010082233480924292,-0.0001409513011219828,0.0005096973438753595,-1.8198591882284248e-06,6.885362107916757e-06,-3.507776206417044e-06,5.7081069301328994e-06
cavallo,4594845.0,624710220.0,554951400.0,103897703370.0,82165370955.0,76070534100.0,19402892860110.0,14343987388425.0,11817181617735.0,11508798811290.0,18962768900.51334,6714771166.909645,9045192361.168764,120756423937.47691,-30327368182.847656,-147266239078.6211,136329505852.58862,0.000898173052345024,0.00031804566866911133,0.000428426253291465,2.668290310394032e-06,-6.701276836745605e-07,-3.254063560089438e-06,3.012400397643551e-06
cavallo,2162400.0,261981900.0,246310365.0,35227936350.0,27976898130.0,33156244185.0,5039966930490.0,3570039521940.0,3617305938420.0,5123775084375.0,3487964130.4245257,-1864415878.69104,5100012263.785965,-73170619497.51215,9125985135.53711,25053840165.33789,185235326868.6769,0.0007459332129409823,-0.00039872248527995165,0.0010906845345055925,-1.0641348104736492e-05,1.3272100918757851e-06,3.6436295932803216e-06,2.693914043697908e-05
cavallo,2720850.0,314814075.0,341164500.0,42595207395.0,36896488815.0,46615707480.0,6296996564115.0,4735922823585.0,4791078049605.0,6818105133960.0,6169861705.930179,-2577714647.277413,3837452133.233363,-59211763117.57343,-8539726249.904297,43873546150.333984,10662823219.808958,0.0008334244362548363,-0.00034819749276845843,0.0005183627337580275,-4.848936462096299e-06,-6.993304676177122e-07,3.5928678095160476e-06,8.731939327115511e-07
cavallo,3918075.0,520361160.0,513278025.0,80790707010.0,64017003105.0,75439703115.0,13759907681400.0,9440396228145.0,8997727095225.0,12245558807985.0,11681326297.138306,-4151663521.21542,8198945613.4461355,-72743051824.48257,-40628418087.59375,66306405802.515625,214594866621.538,0.0007609334316922283,-0.0002704435686557113,0.0005340876252575793,-2.393920119275794e-06,-1.3370512376757994e-06,2.182094851759905e-06,7.062158595409733e-06
cavallo,2763945.0,382606590.0,280189665.0,57808112400.0,40020764115.0,31974380385.0,9364426767120.0,6186946580295.0,4652628176205.0,4068599682105.0,4844756504.195953,1234749097.012174,3570686254.7578177,20884731876.10485,-15087805579.234375,-23852910853.36328,103314663865.81078,0.0006341809044024436,0.00016162923737758384,0.00046740450968350616,1.6443922157444345e-06,-1.1879621052518747e-06,-1.8780964564354263e-06,8.13464257243209e-06
cavallo,1228080.0,134248575.0,160755570.0,16610612025.0,16536401415.0,21921670170.0,2223333687945.0,1960097512305.0,2116270457415.0,3107714335200.0,1935118661.7576828,-1036725902.2861295,878779408.7915292,-15547199153.451385,12430866782.945312,-8700273507.22461,8105227438.748981,0.001283081620010067,-0.0006874017477581717,0.0005826752280087909,-9.302196622115889e-06,7.437633354855196e-06,-5.2055456440475824e-06,4.84951781719952e-06
cavallo,1025610.0,128310135.0,135122460.0,19573753335.0,18419099055.0,21177789270.0,3420797912115.0,2969726499615.0,3030477977565.0,3678631084770.0,3521364275.1056676,1514446132.220287,3375623537.946295,90911908744.79002,11983032401.117188,-18045705005.79492,-974317367.6719863,0.003347699446775501,0.0014397574584506785,0.0032091462761733355,8.534246041492106e-05,1.1248927477849997e-05,-1.6940188434935414e-05,-9.14628705195696e-07
cavallo,3288990.0,440326095.0,351879855.0,67832666535.0,49315662525.0,41001497685.0,11366463828525.0,7782117214875.0,5925954555615.0,5172056004075.0,8882329216.264149,2206403311.2850823,3354854686.7479453,-93204898165.48575,-65891679255.296875,-35391364950.46875,67567203069.67326,0.0008211107913587497,0.00020396694660545917,0.00031013344806958505,-4.75097071786356e-06,-3.3587230376771878e-06,-1.804018263571947e-06,3.4441301861840355e-06
cavallo,3267315.0,398792970.0,438887895.0,53111743230.0,51441403725.0,65751940485.0,7515970488360.0,6612909129645.0,7550918582355.0,10648062126645.0,4436965034.013113,-2127170821.4083338,6797543869.573874,-49706757932.31483,-2155425459.6210938,97020632188.04688,-10368478240.599314,0.0004156272302427999,-0.00019926010459352076,0.0006367515428467457,-2.5759529197816848e-06,-1.1170059639864685e-07,5.0278994478814834e-06,-5.373255651461647e-07
cavallo,2070090.0,232899915.0,287150400.0,31764048225.0,30676453335.0,43752063090.0,4819319556645.0,4073012289315.0,4493267820855.0,7213409853390.0,5561143806.831116,-1630018244.6008878,3920291418.159644,-5699631644.343788,33672486603.01758,23060731865.26953,56789167912.09558,0.0012977339636034988,-0.00038037679132007515,0.0009148289447792725,-9.244293391212056e-07,5.461376537883091e-06,3.7402447119574923e-06,9.210695749841894e-06
cavallo,3621000.0,479174070.0,414066195.0,69310060290.0,53050550880.0,53172561495.0,10716209720220.0,7431797957070.0,6670150413000.0,7525567089765.0,5900010756.621131,-1743645172.9035177,5823538064.517255,-17247340175.61785,-32420168096.757812,32496820198.04297,113354796955.60803,0.00044998263425768986,-0.00013298451146607183,0.0004441502070196442,-6.912749463198597e-07,-1.2994032547957353e-06,1.3024754779131355e-06,4.543270462732638e-06
cavallo,2998545.0,366614265.0,408442935.0,49234490415.0,48006891600.0,61841274255.0,7169698947045.0,6225398547690.0,7066507295070.0,10223208390225.0,4410744464.383874,-1930997079.1653228,6205747307.292285,71539607775.25565,-8830926452.054688,31599004989.69922,108963365064.54639,0.0004905584445644923,-0.00021476350109668845,0.0006901968071394129,4.594837192250184e-06,-5.671916657888308e-07,2.0295370338190294e-06,6.998485705487543e-06
cavallo,2826675.0,373659150.0,312008055.0,55530823680.0,43178730270.0,38209471065.0,9013141031520.0,6654381977490.0,5437074754920.0,5091267004035.0,6136690863.626522,1934277114.1001348,3770058545.0311217,50079569236.72494,13510645064.8125,-40859057952.11719,41432828789.52301,0.0007680376152018321,0.00024208447433101185,0.00047184172030882574,3.7279569616702053e-06,1.0057415447792463e-06,-3.0415758733839095e-06,3.084287762090448e-06
cavallo,3337440.0,390043665.0,395793915.0,53217044205.0,43885470165.0,51289074375.0,7851994454835.0,5744450232315.0,5517667220085.0,7111699642275.0,7632985583.232354,-2370615095.3487887,4351055069.476239,-151555063879.17258,-12565765107.18164,85830697304.00977,-2779055249.0370507,0.0006852791345702137,-0.00021283062089208856,0.0003906318464727609,-7.447950558824066e-06,-6.175260321667611e-07,4.2180232952117765e-06,-1.3657258005954965e-07
cavallo,4760085.0,460586865.0,412007070.0,62010445335.0,36442931535.0,44712163590.0,9617438131005.0,4645008112185.0,3662460479835.0,5834802970380.0,17443959608.2686,-3422962609.565813,9051072300.666956,241531198162.48727,-59865573298.39844,-71352186180.7793,397938067339.72217,0.0007698669155779176,-0.00015106809036153986,0.0003994575355175806,4.8858087841922676e-06,-1.210989495838342e-06,-1.4433462039916196e-06,8.049681862071243e-06
cavallo,2507670.0,324800130.0,259806495.0,46862196090.0,33463658925.0,29750008755.0,7307766473700.0,4788676536615.0,3811721796825.0,3755084278755.0,4793213948.004883,-187173660.96400136,2832824737.8904843,-3610385686.238803,-17982575356.76367,-2794804443.265625,85854263219.82054,0.0007622300137320009,-2.9764868356490542e-05,0.00045048355076271593,-3.62558121276481e-07,-1.8058261093575988e-06,-2.8065673209034673e-07,8.6215609859073e-06
cavallo,223890.0,31688085.0,26082420.0,5509631235.0,3041938095.0,3979530510.0,1045308763515.0,470160530685.0,396644475915.0,721416923880.0,1024684471.1104786,-649615533.8610476,941017699.8861051,-24548041750.053055,12192906370.514404,-15239085993.067627,38564523521.06983,0.020441876583262818,-0.012959463077806495,0.018772771742008393,-0.001034975602754686,0.0005140679142004198,-0.0006424985899770019,0.0016259276964966157
cavallo,2020365.0,205611600.0,215125140.0,27702217740.0,19738195185.0,26737110570.0,4247751322110.0,2528361185265.0,2306006054745.0,3775281209760.0,6777221487.065508,-2154989578.9530454,3830939724.623251,49080279951.96396,17299194483.99707,43902319067.049805,112533367786.39378,0.0016603207913024251,-0.0005279411348447813,0.0009385245689782619,8.459261303381795e-06,2.9816131167421437e-06,7.566810726754101e-06,1.9395756592797917e-05
cavallo,3475905.0,466076760.0,392191020.0,69395084430.0,55388260065.0,51770847660.0,11185030808070.0,8506619633655.0,7491381765285.0,7667304736050.0,6899836081.124646,2800194538.843448,7519409209.110117,29621612046.463177,-74265097560.47266,-82361258359.5625,129080565632.05367,0.0005710879240717502,0.0002317674314843289,0.000622368958477743,1.3150399425119513e-06,-3.296970113354422e-06,-3.6563960222179424e-06,5.730481492429569e-06
cavallo,2523225.0,340020570.0,290949390.0,50912641080.0,38005500135.0,36048008700.0,8260834036980.0,5514668893365.0,4596779694435.0,4786224288570.0,5092713002.589182,-1201775248.2703426,2499059422.241535,27482038565.040337,-32099728401.74414,16231818309.703125,53255262450.828125,0.0007999028505553461,-0.00018876057738371875,0.00039252256204932187,2.7174339522421705e-06,-3.1740328000126945e-06,1.6050080883564414e-06,5.26589968851663e-06
cavallo,4071330.0,554046915.0,453190335.0,88437590145.0,66112541340.0,58731731835.0,15651329642265.0,11063489073300.0,8825887595520.0,8414700061605.0,13040119534.409061,4440137723.843484,8285936545.153145,67171642689.233215,10798596098.089844,-155106291199.71484,32459874047.812794,0.000786699658613813,0.0002678698475369671,0.0004998837191765893,2.008376845288996e-06,3.2286913787963686e-07,-4.637550480123827e-06,9.7052352493791e-07
cavallo,2360535.0,295728855.0,239266755.0,45535664415.0,25418850330.0,31234666695.0,7818177497235.0,3478894631730.0,2947524529110.0,4922089753545.0,8486624396.694392,-4556593158.749596,6982291683.305606,-12966430057.411516,5047175000.775391,-41844279283.24609,340637713784.8332,0.0015230497621911787,-0.0008177477642982146,0.0012530750968488982,-1.514587301553552e-06,5.895521844521476e-07,-4.887761223748643e-06,3.978932932537143e-05
cavallo,844560.0,196482855.0,34283475.0,45920963295.0,8009423775.0,1870798065.0,10779871188045.0,1880327007765.0,441120074985.0,117011579445.0,210164406.87953317,33536866.64402247,479118778.6548914,-1209348468.6290069,639317474.2050781,3165085880.598999,2171695917.995564,0.0002946443715431004,4.7017709337989104e-05,0.000671710559972161,-1.8449100117109155e-06,9.753046697614126e-07,4.8284665508046224e-06,3.3130099763915504e-06
cavallo,3243345.0,454525515.0,358942590.0,75944491425.0,53080050555.0,47453371770.0,13888048789395.0,9129774535215.0,7261348240005.0,7287947415720.0,12246844771.309061,2777487745.5597897,7729018389.182329,-187455336737.07233,-53519423409.75,-3585195203.0039062,325510818657.97,0.001164227672173218,0.00026403764829927473,0.000734747378239196,-9.894980430656105e-06,-2.8250657277485913e-06,-1.8924740682930875e-07,1.718234986878595e-05
cavallo,2957490.0,380257530.0,325121430.0,53694500850.0,43713724350.0,42313627470.0,8155325906610.0,6339191281770.0,5765951844300.0,6346045612920.0,4803113517.599581,1911428510.6673515,6572528008.887736,16472205387.693874,-55049465608.38672,-94750375671.74414,249387135135.4762,0.0005491314042388018,0.0002185302134373473,0.000751425408059711,1.0950741736525253e-06,-3.6596950221464493e-06,-6.299016245846353e-06,1.6579286410068627e-05
cavallo,3945105.0,549177690.0,439218885.0,88190277120.0,62341013565.0,58437071175.0,15333161068020.0,10022715818325.0,8353896726345.0,9039441824085.0,11742087478.980024,1199621214.5617588,9537680933.005623,-212462590714.00165,-129725143186.40625,-47940067052.48828,409779390788.5177,0.0007544460315296953,7.70773907352604e-05,0.0006128097361549877,-6.872837195992419e-06,-4.196408348174297e-06,-1.5507872464015783e-06,1.3255731419342218e-05
cavallo,3988965.0,613706970.0,645233130.0,104591967390.0,103775793225.0,114210763740.0,19213963979250.0,18283895767395.0,18923912013555.0,21434458411260.0,10172426224.163519,4505915159.9089,9841386708.715725,-7713108519.780366,-20808729043.84375,-105253005578.08594,-223426796271.47443,0.0006392991063146035,0.0002831799878790527,0.0006184945055520163,-2.4270508605909214e-07,-6.547793746729548e-07,-3.3119512984026925e-06,-7.030475414407833e-06
cavallo,1424430.0,143949285.0,182526960.0,21661496475.0,15848287485.0,27755901870.0,3833760681315.0,2200706478165.0,2245384176465.0,4671579077760.0,7114346631.194952,-2597424403.4210525,4366833171.05263,206789084808.59827,-50027028714.55371,106112841022.65039,-4206996296.4359207,0.0035063300832051583,-0.0012801495058776368,0.0021522086721023643,8.539350342579053e-05,-2.0658649618148195e-05,4.381927248130696e-05,-1.7372781207698023e-06
cavallo,3498855.0,473374860.0,375126675.0,73037232600.0,53689433745.0,45352690185.0,12357515622390.0,8593365379125.0,6719865536085.0,6084712489785.0,8992349894.08061,2936962647.915243,5133812210.189494,42774228083.78208,-31965702329.878906,-45859088791.14844,121429164134.24971,0.0007345499060052205,0.00023990899624436326,0.0004193610480977289,1.8679589110906614e-06,-1.3959484762510116e-06,-2.0026753818709547e-06,5.302835360735902e-06
cavallo,3183420.0,425414715.0,378428670.0,63279013215.0,52040973240.0,49104194850.0,10180959520515.0,7899514713870.0,6883034596170.0,6856214353560.0,6428933822.8584585,1469850109.5682473,4118532173.39154,6446112811.69889,-15615724706.832031,-28436055375.742188,39779056312.42029,0.0006343823252675596,0.0001450391240593131,0.0004064008261456487,3.5650288657260294e-07,-8.636291508589844e-07,-1.5726587666588941e-06,2.1999845200931913e-06
cavallo,4705005.0,598784115.0,516073590.0,87023707455.0,59583329580.0,67926835740.0,13713530498625.0,8069203117980.0,7435153828980.0,9923366024910.0,10819236603.994902,-6094957236.490708,11320742803.756975,-115400115106.22198,75266879488.91406,127485229379.83203,-10718792871.312214,0.0004887383742324081,-0.00027532806609281577,0.0005113929601066727,-2.4032891113468176e-06,1.567486061467606e-06,2.654970173505334e-06,-2.2322645147013048e-07
cavallo,1241595.0,116716050.0,150900585.0,14313147960.0,14412732600.0,21681365565.0,2134551064950.0,1881041199780.0,2040612912390.0,3437778197895.0,3341263949.8336406,227333799.35304892,3341257435.261861,160854043440.7964,98713301762.11426,-52801569770.53906,-9502236216.432573,0.0021674589199143788,0.00014747014261783315,0.0021674546939487184,9.3644461140567e-05,5.7467961346720414e-05,-3.0739510445431066e-05,-5.531920560304213e-06
cavallo,725985.0,143931180.0,118939395.0,28826921760.0,23600996895.0,20782932225.0,5827811936790.0,4731103378155.0,4139206299075.0,3830244922875.0,291642689.2307704,20499404.230770186,1296882674.4362483,-2950155378.8364053,209984039.14453125,12139854894.457031,399586491.51723444,0.000553344756648126,3.889429862077372e-05,0.002460624779520042,-6.5694009818028265e-06,4.6759210135674086e-07,2.703300823905937e-05,8.897985199423061e-07
cavallo,1439220.0,213456675.0,174200190.0,32332826745.0,26788821765.0,25015940640.0,5000567412675.0,4211886999345.0,3969175267785.0,4044802744230.0,674183798.0873506,952470587.4397601,3931112610.9036136,5170076551.28915,15859309710.019531,28387462157.91992,65298054204.61607,0.00032547972498055665,0.00045982989465403307,0.0018978466333578786,2.0805540840878754e-06,6.3821398504763135e-06,1.1423747742153523e-05,2.6277392996150108e-05
cavallo,10654410.0,1462607580.0,1113567915.0,271432314240.0,158950896495.0,168087859635.0,55258134043890.0,30309916344945.0,24542203557855.0,29478634718205.0,70649639922.65569,6083410325.067016,51700983091.160675,-1400503836073.2844,270374001516.5,195932041020.58594,1103308512520.4343,0.0006223735713988849,5.359056060925059e-05,0.0004554492496565508,-3.7797301053740534e-06,7.296950761003769e-07,5.287884366881097e-07,2.9776486810499076e-06
cavallo,4188885.0,518513175.0,504193395.0,73889093505.0,60059627250.0,68773445175.0,11566737916425.0,8229402068880.0,7986992406240.0,10399079841555.0,9705924798.15304,-2350994682.919889,8086417586.124673,17657853842.102383,-82201012336.25781,39955084432.16406,174556255707.82928,0.000553146344801499,-0.00013398456536077428,0.00046084967927575483,4.916905073422335e-07,-2.2889224149817523e-06,1.1125664483931124e-06,4.860593744643001e-06
cavallo,2159595.0,258041385.0,251983095.0,40899748095.0,31829447565.0,37650675285.0,7214852099475.0,5123930098875.0,5166924810945.0,6641938365855.0,10067413155.940487,1720993512.0935166,8249106858.614951,-77925533755.82364,-59551159681.21289,266582413397.70117,323807122916.6934,0.002158605430799245,0.00036900700150398116,0.0017687330984069525,-1.1369699917683755e-05,-8.688792783210907e-06,3.88956212114141e-05,4.724497403261232e-05
cavallo,4796550.0,625674375.0,518671530.0,96924150795.0,74041515930.0,69703337610.0,16778063102715.0,12138223548810.0,10460584333740.0,11021051362320.0,15309568745.059809,6384661448.54067,13617159829.607658,140987041121.34726,-8264178743.746094,-12500787575.101562,538766592967.1259,0.0006654340277660984,0.00027751082047927097,0.0005918730738300194,2.798058280840937e-06,-1.640126183539516e-07,-2.480932425657546e-07,1.0692474392697006e-05
cavallo,3210960.0,360054135.0,389013975.0,45057378255.0,41210896035.0,56308675425.0,6091829099145.0,4864899552555.0,5838012051795.0,9201678911955.0,4683477574.020409,-2410354392.142234,9178884725.240236,-10927175110.508694,-53328543292.865234,107997247296.58789,155695617199.21527,0.0004542538890161431,-0.00023378202184874607,0.0008902666912296141,-5.914535790583485e-07,-2.886506116864534e-06,5.845550912841816e-06,8.427313473508298e-06
cavallo,2989875.0,434533770.0,304227495.0,68577915000.0,42521511885.0,33984084855.0,11584424368350.0,6429390409365.0,4623313840305.0,4112948398275.0,5424907844.044357,-1693420291.0963695,3028152344.786354,40787507799.014145,-56362569004.90625,28853374312.873047,38735459617.181274,0.0006068569098894151,-0.00018943433410154237,0.00033874403537543444,2.6387277862472113e-06,-3.646348722025049e-06,1.8666548812332656e-06,2.5059715368876625e-06
cavallo,2823360.0,355291500.0,333193965.0,49828207680.0,44124979935.0,43647879015.0,7559437628730.0,6414411336555.0,6001198047195.0,6309032809425.0,5118340722.810692,2195865824.22507,4326567417.32162,874585130.9864608,-18634045797.222656,-9731798173.978516,136818788512.84334,0.0006420911410265626,0.00027546935012244533,0.0005427639073216769,6.529598018995806e-08,-1.3912062326761162e-06,-7.265699796016865e-07,1.021480538352187e-05
cavallo,6418605.0,783863880.0,815247750.0,111950318790.0,97657939305.0,118744212900.0,17600777780820.0,13659521127855.0,14215922677665.0,19091806735170.0,16221950652.584723,-1903143590.1571236,15196963321.616148,-33180628113.635807,-94812480113.53125,197887233556.03906,149289988648.5742,0.00039375109609811473,-4.619449847340453e-05,0.0003688718510739504,-3.178944734230738e-07,-9.083722989330719e-07,1.89590316654053e-06,1.430306327120787e-06
cavallo,993225.0,50768715.0,110421885.0,2794819125.0,5647239945.0,13193659455.0,163901960175.0,311568305715.0,673272231555.0,1676299833435.0,199775280.20025668,3023167.001283562,917495759.0064192,621692196.7087588,544961936.5794678,-1794127302.1103516,5488114592.681651,0.00020250999530123533,3.064551002561914e-06,0.0009300553184510292,6.323482342187936e-07,5.543027886417504e-07,-1.8248793172237433e-06,5.5821829359367e-06
cavallo,4129980.0,614959530.0,497709000.0,105368360280.0,69673421010.0,66888710340.0,19384357734780.0,11462615383890.0,8978096574810.0,9707722176150.0,13800066114.454193,-4436112865.895277,6909182913.474935,-414828134906.24927,85630153810.7539,87481299130.99219,-18387435028.856537,0.0008090684574711547,-0.00026007984047399533,0.00040507066530183174,-1.1967359365324324e-05,2.470340695172193e-06,2.5237443084293715e-06,-5.304583375151487e-07
cavallo,2186115.0,301662705.0,257937600.0,47290995675.0,38107546035.0,34309984800.0,8093679407985.0,6264955858485.0,5271426297195.0,4987575675480.0,5664462950.089821,2514654472.9330487,3876176197.1771836,4697762803.227762,-8859044624.191406,-56422742051.38672,24681085624.251354,0.0011852575548594937,0.0005261775455443402,0.0008110684388178315,6.648268862774068e-07,-1.2537310416879767e-06,-7.984940382150254e-06,3.4928645810390764e-06
cavallo,429420.0,59243385.0,59322435.0,9466553955.0,7656519330.0,9858298215.0,1647333559785.0,1174350261720.0,1232559215250.0,1828628084895.0,1293253535.228623,-527686938.55403745,1663171545.7036817,-15523630750.276217,12189415115.221191,18289715993.757324,7229391546.609308,0.007013247071994693,-0.0028616189911204962,0.00901929332137431,-0.00012846583230243235,0.00010087352522404443,0.00015135657537276428,5.982684186550935e-05
cavallo,5222910.0,716458965.0,636305580.0,113890320795.0,85767655230.0,88861385100.0,19960551714705.0,13663516765440.0,11711688364320.0,13831302151980.0,15609200015.80388,-1518328497.5627337,11340464552.041794,55088297585.935486,204849757572.5547,-108024057810.19531,242135014470.13586,0.0005722101553437141,-5.565967407513012e-05,0.00041572463524227097,8.836453488004904e-07,3.2858981564917795e-06,-1.7327628629951497e-06,3.883973342695948e-06
cavallo,6165900.0,836492820.0,629266815.0,130319515110.0,87015249870.0,89396550285.0,22075813306950.0,14182547087070.0,12688902387600.0,15231105906165.0,16837259816.92803,1646175994.0421758,25176124319.570095,-172330935750.35782,436009678977.21094,224973310648.9922,968908725044.7847,0.0004428722408685348,4.329954275650425e-05,0.0006622102833254914,-1.825458876966314e-06,4.618542430972264e-06,2.3830865028181704e-06,1.026340990607337e-05
cavallo,2051730.0,295065600.0,250926630.0,48663534960.0,39554657775.0,37297796340.0,8608200372600.0,6843746009985.0,6171887237565.0,6465262721280.0,6229243750.454882,3468127560.533182,6609463253.6987295,-181945616707.47125,-105329701951.02539,-40327711813.97461,287066261345.48126,0.0014797723489287963,0.000823862329397549,0.0015700944377670446,-3.017456900997672e-05,-1.7468287600637674e-05,-6.688104638990524e-06,4.7608185732399366e-05
cavallo,1095735.0,120923295.0,137996055.0,13491436725.0,15157360905.0,18889836705.0,1520730135195.0,1683125032365.0,2069821034415.0,2755162681425.0,146564768.1335827,-71629377.87060611,1510715662.445894,-509190425.02351236,-166752190.83984375,3215374064.598633,-4326198799.405186,0.00012207269062813024,-5.965956891300405e-05,0.0012582636880423142,-4.051505130080384e-07,-1.326806875067562e-07,2.5583954209758042e-06,-3.4422518115356063e-06
cavallo,5586285.0,490488675.0,765196095.0,65524680405.0,58994431050.0,119752074135.0,10617497165175.0,7487505828270.0,8226766826970.0,20703491627475.0,22458646304.83224,-8191546527.535727,14937324475.208378,920437847874.0496,-49436516605.94531,-43623484518.875,207977307563.42203,0.0007196766269159573,-0.0002624942079832122,0.00047865945024273967,1.2479200044100207e-05,-6.702551200322786e-07,-5.914426391625761e-07,2.8197345770949277e-06
cavallo,2343450.0,326926830.0,357141270.0,52288047330.0,51488126100.0,57341470050.0,9182316033930.0,8465012426820.0,8490320975370.0,9666659004420.0,6679584519.251355,1664548356.3851964,2913218225.889005,24093607303.14453,31894304254.65625,-16548323713.867188,39883800645.113914,0.0012162926039056864,0.0003030993692616071,0.0005304709853584091,2.8659103311786827e-06,3.7937953797912968e-06,-1.9684064448527574e-06,4.744137931582578e-06
cavallo,2969730.0,381324195.0,296660370.0,55122864735.0,40536067095.0,33694221510.0,8652450873735.0,6087881643555.0,4807909278705.0,4308643934400.0,6159443248.064143,2443790430.5718713,4059414598.753221,-7316680083.108981,-46185185792.48047,-6795573293.078125,131740615338.12518,0.0006984052987301183,0.00027709585379064413,0.0004602878135783941,-4.814172532946742e-07,-3.0388571093123984e-06,-4.471298720397512e-07,8.668167046123095e-06
cavallo,787185.0,56095920.0,153555135.0,4146362220.0,11008852350.0,30896855445.0,316627920090.0,820339979130.0,2228124808230.0,6377071448895.0,148887368.9212826,66295557.69679247,943058707.4246835,-67585104.05214931,2065963424.887207,506677906.95410156,-17859632357.190372,0.0002402725931093832,0.0001069869504367613,0.0015218964693177672,-1.2293030579971792e-07,3.757773538329565e-06,9.215946460002223e-07,-3.248482188391526e-05
cavallo,2045865.0,271003035.0,228892335.0,37793687445.0,29618891070.0,27777346095.0,5512408377015.0,4039951899630.0,3527549134590.0,3633416664765.0,1895597894.0221844,-701055492.0833869,2168764384.206653,3917070757.922539,-2694626621.8320312,4925384295.958984,40389414325.95404,0.00045288952121670385,-0.00016749369006857003,0.0005181534895626423,6.542880451142919e-07,-4.500970479395851e-07,8.227117306782551e-07,6.746447173360514e-06
cavallo,2906745.0,400784520.0,334949130.0,61776488190.0,48003410595.0,43005497550.0,10245954852030.0,7577261498625.0,6349538424165.0,6130541031390.0,6515971195.34433,1820334235.8877983,4408744244.238093,-68696396096.21165,-43325976243.10547,382777495.7558594,158890925312.6713,0.0007711969221083564,0.00021544542138678878,0.0005217963507801664,-4.76888246414249e-06,-3.0076758038111103e-06,2.6572294776889456e-08,1.1030158647241734e-05
cavallo,3460605.0,409874760.0,404398890.0,57422604420.0,49356490320.0,52474335030.0,8992793956770.0,6985745881440.0,6478978750530.0,7438985115750.0,8876954487.384869,1459403543.8390725,5217146696.390098,88872421281.83191,-70240815367.48438,-77177708517.48438,87617506446.20435,0.0007412418501238007,0.00012186285109941942,0.00043564124104670605,3.989210331463237e-06,-3.152894703586212e-06,-3.4642705547569693e-06,3.932881054560602e-06
cavallo,2985285.0,325155090.0,370251840.0,39062556480.0,38998454580.0,51814110450.0,5099803629600.0,4526481198300.0,5329424962680.0,8046307730820.0,3646898493.2724013,-1329108904.8483808,5893394329.634411,50703029996.88464,-28745642913.60742,15556534212.132812,158166424090.10983,0.0004092155024499638,-0.00014913822507305684,0.0006612929661151872,3.292830808309929e-06,-1.8668418553372133e-06,1.0102953438361727e-06,1.0271876732339821e-05
cavallo,4627230.0,660075915.0,544820250.0,108331415655.0,83683390035.0,75779060430.0,19490258063055.0,14354003060145.0,12102647558625.0,11945960939730.0,14171364487.65211,5964598224.504582,11630724425.508652,-6354613144.450138,-102880263421.25781,-111830745418.84766,284713276092.9715,0.0006618651195796722,0.000278572999836834,0.0005432060419725247,-1.3797055119676882e-07,-2.23372317540629e-06,-2.4280549005031583e-06,6.181658386221741e-06
cavallo,1150305.0,152451495.0,120320475.0,20434265625.0,15771027075.0,14942609085.0,2767865436045.0,2091955443435.0,1954422815745.0,2041002605175.0,229660474.42252365,-175210047.206827,2357236767.0272675,-1190170159.0981874,998280765.2998047,10711902552.902344,-15103834281.392467,0.00017356423664627839,-0.00013241372148462693,0.0017814645776221725,-8.386418643587427e-07,7.034288633138489e-07,7.548038286056603e-06,-1.064277040041926e-05
cavallo,2769045.0,320148165.0,345603285.0,43322012475.0,37197146055.0,47253707025.0,6404272578885.0,4765093973415.0,4814228603025.0,6937246221975.0,6307501135.217793,-2760405198.4906516,4119113472.785712,-62986937059.71886,-3608776545.5429688,39955384481.25195,11322421086.03776,0.0008226162990557127,-0.0003600085453172292,0.0005372095553743416,-4.936571777411911e-06,-2.828361764729537e-07,3.1314845997159946e-06,8.873894650935898e-07
cavallo,3414195.0,405274560.0,387976890.0,54776870790.0,41614537830.0,52191519630.0,7906681383810.0,5264364792060.0,5216989978650.0,7758975251640.0,6669639368.480837,-4439411456.704016,8103215601.064302,-178897362697.91916,93658689014.71875,30667272133.58203,-13522876387.886318,0.0005721708232101054,-0.0003808454351751969,0.0006951535585298044,-8.305831823490923e-06,4.34837779625881e-06,1.4238175509432747e-06,-6.278389762363255e-07
cavallo,2361045.0,328005480.0,268749345.0,53855386980.0,39491326230.0,33191622885.0,9719470774830.0,6677160890340.0,5068884151320.0,4432665156825.0,8287600296.548218,2155630423.096442,2600841922.3631053,-65018162736.007454,-51943027144.51758,-32959619091.785156,62491764959.10515,0.0014866894796496544,0.00038669252345157045,0.000466557771351433,-7.5905637458555176e-06,-6.064103353612778e-06,-3.84788002655694e-06,7.295618724864569e-06
cavallo,3134970.0,398306940.0,377406120.0,57020084880.0,44983831155.0,51193860690.0,8857024514340.0,6104609850615.0,5811095632365.0,7675928129190.0,6414044486.578813,-2966700044.492441,5759493084.104435,-17386530116.318806,-5947686902.800781,21066224674.095703,126186917340.82668,0.0006526272287389812,-0.0003018608980009799,0.000586026806999169,-9.99147127430081e-07,-3.417941500707633e-07,1.2106071612968795e-06,7.251550202188268e-06
elefante,2401845.0,392741055.0,319489755.0,66716438715.0,52253602695.0,45312643455.0,11727913774365.0,8897149809075.0,7394964084525.0,6818558713935.0,2496834085.0122094,11787157.198216554,2814604010.3397403,2135036691.5647943,18776200188.98828,-17532203656.109375,42351403633.45041,0.00043281243485846426,2.043238770907212e-06,0.00048789610098245046,2.3880471627464964e-07,2.1001255746856065e-06,-1.960984060043501e-06,4.737021601772486e-06
elefante,2738955.0,311357550.0,349626930.0,38100311430.0,41216499150.0,48900833880.0,4930601319750.0,5211402553290.0,5959845180930.0,7395312216390.0,2705964337.0384507,1471784710.0688946,4271042524.8207836,-15761243277.552477,13289594068.753906,25174852487.783203,62737787233.8193,0.0003607050930957421,0.0001961889273985457,0.0005693300426928218,-1.269486918307504e-06,1.0704083125173313e-06,2.0277046258830893e-06,5.053205434010721e-06
elefante,2717280.0,426628770.0,313589310.0,69194476950.0,49002876210.0,41552121480.0,11564004597180.0,7872111178650.0,6475039254000.0,6247119516540.0,2211277798.0123873,-232470022.42680198,5362161171.796168,5702160125.106681,-40320180319.91406,4771099799.488281,214125512280.56244,0.00029948461779546754,-3.148459948269446e-05,0.0007262248056469999,4.684933472228891e-07,-3.3127333894983514e-06,3.919967987491234e-07,1.7592697464324495e-05
elefante,5176755.0,527204595.0,544727175.0,67884448875.0,53330086980.0,87158734545.0,9612605765235.0,6964956011940.0,7793521187940.0,16535696164305.0,14193539224.241175,-2145335303.142452,29839488186.32925,-191758469233.87872,258738931385.51172,-631301015987.3906,1084609247569.9468,0.00052963353905836,-8.0053432136897e-05,0.0011134639135546977,-3.1449266814288564e-06,4.243436924010049e-06,-1.0353625668394322e-05,1.7788088188412403e-05
elefante,7857825.0,1293875355.0,834583635.0,238611080895.0,141665065890.0,126758377125.0,47125650761625.0,26683957974750.0,22100776919550.0,22292171133525.0,25560595006.55427,4241898917.865161,38116819975.30358,-581882159531.3112,-55996170459.640625,327578987783.6172,732284588973.2577,0.00041396750725595214,6.86998217611947e-05,0.0006173222863416994,-3.3618564145200876e-06,-3.235209771681843e-07,1.8926057506719127e-06,4.23081478331779e-06
elefante,2906235.0,338438295.0,267437370.0,43651256745.0,30692250840.0,28299358380.0,6079278056265.0,3947860132710.0,3226197548970.0,3311015827980.0,4239275428.104763,-451496146.07791644,3689253941.605686,8632288379.26721,36142694401.60547,13761969611.574219,27869516465.2818,0.0005019150016458531,-5.345552388491649e-05,0.000436794430929631,5.995137091936984e-07,2.5101154906968248e-06,9.557708321540343e-07,1.93554205506678e-06
elefante,6169470.0,772030350.0,860269530.0,117865022370.0,109420221030.0,131729406030.0,20048740933320.0,17022350805420.0,17082126811470.0,21920915766270.0,21255287446.07259,1768480063.557917,11773613353.08921,-20216122270.345245,144672826184.72656,104681671317.65625,269176497915.53513,0.0005584332500899929,4.646270120400008e-05,0.0003093243122093552,-2.138347157861327e-07,1.5302673903277328e-06,1.1072635560314161e-06,2.8471968638865976e-06
elefante,104805.0,7733640.0,9617325.0,657335940.0,700172880.0,910174305.0,62796321930.0,58677222780.0,65352063000.0,89017212795.0,86664811.24087596,-9496785.693430603,27650187.299270123,1500883538.4025054,-240996062.04205322,-67459572.22512817,421403692.66681,0.007890032476399056,-0.0008645948277012832,0.0025172947664237355,0.0004220772930186196,-6.777272379382858e-05,-1.8970928059669515e-05,0.00011850681636376095
elefante,558195.0,50821755.0,110325750.0,4694558415.0,10010504655.0,22022343150.0,439861004835.0,921266085135.0,1991606823435.0,4439762305350.0,67410588.02192776,-34279401.98949304,216753502.90087056,162429286.97282317,-358793831.62109375,97894427.85449219,1423534263.831538,0.00021634966720832782,-0.00011001739385680593,0.0006956555282322785,6.977494179108048e-07,-1.541274925411034e-06,4.20526256841919e-07,6.115093050496062e-06
elefante,2429385.0,262158360.0,299069100.0,32070158640.0,31973217330.0,40005605130.0,4308364092300.0,3906004724430.0,4263029241150.0,5784526926090.0,3780280453.590845,-299750842.05836284,3188745482.4719195,31757279419.746647,22705410819.046875,19769567376.13672,74542380895.07634,0.0006405179860013361,-5.0788772953353906e-05,0.0005402902931087226,3.4522514930531654e-06,2.468246330688531e-06,2.149098403210372e-06,8.103308924528084e-06
elefante,6656010.0,689089305.0,798555195.0,103052979405.0,83626854495.0,132358968135.0,17968485870615.0,12696058344735.0,13829897785635.0,24876085184415.0,31712330838.45893,953324207.8325409,36552261194.73278,733241033065.4443,134877833329.40625,-101829083770.57031,225590707822.3784,0.0007158140724050766,2.1518534446650475e-05,0.0008250614902668946,6.415224310063783e-06,1.1800642847906597e-06,-8.909163347629763e-07,1.973723411108457e-06
elefante,4703220.0,829563705.0,590541750.0,149487464505.0,105484069080.0,93542089620.0,27469069809705.0,19207179377340.0,16827383420010.0,16908247183500.0,3167296481.1085005,1323089562.3113277,19392983583.48406,-15148090632.949451,-29378353440.445312,-4021806553.375,292983124179.88873,0.00014318519994907264,5.9813422791343884e-05,0.0008767061273147436,-3.1576912228347193e-07,-6.124056889285177e-07,-8.38364620416763e-08,6.1073719591377655e-06
elefante,4907730.0,666232890.0,611082255.0,100434875280.0,83721319755.0,94265380545.0,16447476513480.0,12823736368905.0,12984581007345.0,16796496370845.0,9992600803.25575,765839975.8827901,18176939987.780064,100241470369.89551,110236313366.89844,-2824442080.3554688,532538845606.9884,0.0004148749511131885,3.179630897007085e-05,0.0007546741071013849,1.8786495536510018e-06,2.0659653149406567e-06,-5.293354969747576e-08,9.980438843421479e-06
elefante,397545.0,83436255.0,62523960.0,17606365605.0,13141591005.0,9983254590.0,3735124114995.0,2777452162575.0,2101674781695.0,1619196356670.0,94867162.24502717,19139282.12636178,149787752.078254,100578735.1692889,374048448.4980469,381335364.7597656,1962439770.4344358,0.0006002654106051204,0.00012110248448872538,0.0009477716459214973,1.0093468471614386e-06,3.753722111753223e-06,3.82684915935345e-06,1.9693848721583792e-05
elefante,2901390.0,405554550.0,355774470.0,62987956470.0,50392065210.0,46315741800.0,10434218086500.0,7902405173550.0,6654263387700.0,6389851727850.0,6299785274.227453,662123670.8279107,2689937098.191244,-131360999931.78773,-6411415819.660156,17894881659.20703,50827886712.991905,0.000748365102123415,7.865510124045054e-05,0.00031954343895321344,-9.16117482587194e-06,-4.4713500381214996e-07,1.2479970421465554e-06,3.5447595286967092e-06
elefante,8629200.0,780577185.0,915004770.0,103877412255.0,79818320355.0,138297551190.0,16747832575785.0,10641267544545.0,11616675059595.0,24618845447250.0,33268231596.013744,-2950864230.8448553,41274220044.26772,1332593251006.1868,160391783255.26953,-267601988867.51562,1201247587049.94,0.00044677477682605345,-3.9628547864794344e-05,0.0005542909726273722,6.09215960192751e-06,7.332562593207443e-07,-1.22338457345719e-06,5.491692244586168e-06
elefante,338895.0,21169080.0,40866555.0,1489812000.0,2392124400.0,5410115955.0,113062526280.0,159976668420.0,300639919890.0,774344568585.0,167485178.8713317,-160605419.32279938,482113719.593679,-922524292.1331528,388164318.4221802,1431029063.741211,5677415314.977235,0.0014582972561609326,-0.0013983950335267786,0.004197775105707258,-1.379796082241589e-05,5.80567482495731e-06,2.140353714868874e-05,8.491565453252378e-05
elefante,675495.0,42136965.0,93057405.0,2774054985.0,5758164690.0,13079164965.0,191186334405.0,376759931130.0,801213413940.0,1876999752465.0,145576877.22536817,-46699324.50169851,259409636.93091768,-19512228.84599232,427282291.28100586,-1790132278.2094727,3717009440.4290876,0.00031904219282677285,-0.00010234492713760884,0.0005685148698354878,-5.2029725430686235e-08,1.1393562709936857e-06,-4.773421409465379e-06,9.911475625631367e-06
elefante,12352455.0,1465300380.0,1447342515.0,240878127030.0,170040220725.0,235557648675.0,45412705512120.0,27672477891975.0,27845288232525.0,43942577312745.0,67058007577.78225,-1649660939.7909842,65971897848.42138,929316660083.5654,-159937330763.79688,289028097321.4844,882273529952.3884,0.00043948502821624026,-1.0811554217895948e-05,0.00043236687809076227,1.7329280115862754e-06,-2.9824051637468796e-07,5.389604076815387e-07,1.645205105650548e-06
elefante,4619325.0,490110510.0,480101505.0,62568190770.0,50575594320.0,68406457845.0,8984685406080.0,6491927559750.0,7096627140780.0,11938016359905.0,10567452131.246475,-363188611.99062115,18507943429.308308,103784712806.93715,66080181159.77734,-85805172009.28125,981128426530.5092,0.0004952371910179911,-1.7020612516438485e-05,0.0008673634667668359,2.263013219269231e-06,1.4408704273668923e-06,-1.8709714878711352e-06,2.1393387706045216e-05
elefante,5870865.0,1051494795.0,787673325.0,200915593695.0,137187828165.0,123076136835.0,40390651585755.0,25685643715095.0,20940649987395.0,21432971569755.0,12588779177.532482,-3887533199.610379,17396774949.391052,-103512828822.21814,122049273640.51562,-59612302393.69531,252150503982.48907,0.0003652409197050924,-0.00011278982506452117,0.0005047363205606364,-1.2394783416719024e-06,1.4614365486429072e-06,-7.138067672856601e-07,3.0192884503690326e-06
elefante,4483155.0,614869515.0,548753625.0,93188277885.0,75042555915.0,75064318125.0,15168463191135.0,11425141666365.0,10189343935305.0,11244356849025.0,8858264651.833803,-219592116.518395,7894982924.535014,-42250024728.506226,78809830740.73828,-52050114064.84375,123479324703.3276,0.00044073865552280794,-1.092569910718231e-05,0.0003928110410219851,-9.92813288808755e-07,1.8519148272919849e-06,-1.2231009392219922e-06,2.901582075900696e-06
elefante,8428260.0,990360840.0,939946575.0,135930904350.0,113675203050.0,148197061995.0,20413258874940.0,15865038806280.0,18434980228050.0,27139379455965.0,19558771382.399853,3226987217.536002,43371206616.28237,-155770453214.16504,-52784270285.21094,301349090865.83594,938175996123.1304,0.0002753377260286473,4.5427767676624625e-05,0.0006105562139548138,-7.553361532752712e-07,-2.559526973697464e-07,1.4612518509826225e-06,4.549246878241738e-06
elefante,1088085.0,57087360.0,147243885.0,3260923170.0,7593027645.0,21214060215.0,198673396290.0,427449366885.0,1074520277295.0,3247275988455.0,265783386.0956175,-132255463.20717135,1288446251.1155365,-303005945.349468,46392156.76977539,-2699862790.7333984,27791935337.44977,0.00022449267942027359,-0.00011170895118578245,0.0010882800292787104,-2.4535453618092804e-07,3.7565355668362395e-08,-2.186173548537278e-06,2.2504104321866914e-05
elefante,4835310.0,501908850.0,612215220.0,62276568690.0,64691168280.0,87193862070.0,8638946075520.0,8110541965110.0,9336104262390.0,13545809229540.0,10178048903.611435,1142763519.4578652,9679188636.518303,61612540740.5014,-11747908577.425781,-4063271347.8671875,54863943531.49005,0.0004353272846189135,4.887735798858542e-05,0.0004139904363158107,1.1984179675156964e-06,-2.2850712778127588e-07,-7.903419225454476e-08,1.0671518315374892e-06
elefante,5243565.0,519294240.0,581001945.0,65482429710.0,57701683560.0,86932666845.0,9360663974370.0,7334635334100.0,8764501757130.0,15356114760165.0,14054344486.077421,162401894.32086796,22555995612.015755,91907155907.86554,46828706088.78906,119172712216.53125,725190348058.494,0.0005111604954592071,5.906602961582718e-06,0.0008203679583943108,1.4597641276806682e-06,7.437817503856119e-07,1.8928237804083323e-06,1.1518220157930605e-05
elefante,7181565.0,1135205940.0,776490810.0,200152447290.0,125987984640.0,116424749220.0,38180072408250.0,22641862557870.0,19105950293340.0,20552612423460.0,20707921450.39768,3246356614.9927177,32468400149.22558,-5164088284.476953,-25495120448.09375,421201477.2265625,943296558681.6069,0.0004015118041376507,6.294453571702586e-05,0.0006295390849634682,-3.736335955831947e-08,-1.844630261547267e-07,3.047488999639623e-09,6.824966296198026e-06
elefante,3619215.0,510265710.0,351121230.0,77899374210.0,49882007325.0,41974490220.0,12593308574610.0,7752429085695.0,6051550050375.0,5724475867350.0,5958056879.638557,378144271.26506215,7910164625.440714,-69593114745.18985,88327284899.94531,60280668123.75391,117462164034.82457,0.0004548580430653534,2.8868801808826428e-05,0.0006038884949468657,-2.7927387848123466e-06,3.544532173914474e-06,2.4190347056602288e-06,4.7137010959941e-06
elefante,261630.0,28559490.0,32856495.0,3133281900.0,3570626025.0,4186584645.0,345481921320.0,389964626985.0,452999182155.0,541113005175.0,15732425.321637297,-15983845.380117109,60340469.31286542,18659547.53849511,-35297092.32495117,6879928.932861328,190136574.03337076,0.00022983734516323338,-0.00023351037825129197,0.0008815229050347862,5.329448325465593e-07,-1.0081382155538958e-06,1.9650115124665675e-07,5.430587445924946e-06
elefante,3371865.0,582837435.0,442054740.0,105796365285.0,76129792020.0,61894607760.0,20030846731875.0,13791939672660.0,10605879831570.0,9197930653950.0,5051087630.8296175,-280755493.37669,3940806775.539593,-2579307559.6653166,18993506143.242188,-19182510461.214844,50201023655.91341,0.0004442675024553065,-2.4693798832902647e-05,0.00034661294988073065,-1.23545714415734e-07,9.097659861978507e-07,-9.18819064573126e-07,2.404568353521886e-06
elefante,329460.0,47768130.0,51986595.0,6981476190.0,7556902305.0,8519175405.0,1027855949220.0,1107213493755.0,1240607840175.0,1451389606995.0,55614951.31578929,19409352.236841902,316036754.8026309,-509578263.2067332,-45269413.22558594,-705613679.0053711,7383442156.2535095,0.000512372925790596,0.0001788157025765041,0.002911603316815581,-8.179074405957955e-06,-7.266045783744728e-07,-1.1325574890358482e-05,0.0001185092205229804
elefante,883065.0,162665265.0,124897725.0,30206029845.0,22978382775.0,18020826285.0,5653213008645.0,4263302195955.0,3311995159305.0,2649357405675.0,242223740.66993725,-28441790.600636914,355714758.4695336,-135982953.09015256,1541820317.4765625,508628543.8457031,-69458463.24617435,0.00031062139279620823,-3.647300873792682e-05,0.0004561593071280925,-1.855678723791603e-07,2.104030758292206e-06,6.940952124358052e-07,-9.478584594918668e-08
elefante,4362795.0,439365000.0,537716970.0,49725383520.0,55037569275.0,75834429090.0,6075388507350.0,6317711106615.0,7952168038755.0,11832265861470.0,5478151361.486935,885582641.6491296,9560506105.770643,-35696032754.271515,10660100744.066406,96795607404.8711,128953608275.0547,0.0002878090289295368,4.652640339983382e-05,0.0005022862270147077,-8.978585747117118e-07,2.6813239796810166e-07,2.434689779146176e-06,3.243556608287741e-06
elefante,1169940.0,195324645.0,194076930.0,32811069045.0,32661766545.0,33969107940.0,5545086562245.0,5531468890065.0,5758453210005.0,6227330236950.0,201091657.80405286,260098549.25675556,1774418675.4010437,44315094.55615281,1716198586.1074219,925298127.8183594,3619925355.5364704,0.0001469152488685069,0.00019002500407863115,0.0012963698451752318,2.9932480355265114e-08,1.1592005157362757e-06,6.249894829535276e-07,2.4450663070305342e-06
elefante,2133585.0,242145450.0,234197865.0,28382797440.0,26735047875.0,29276876145.0,3427038285120.0,3153257223765.0,3360570919185.0,4040652596535.0,901155529.4585886,155395595.1685204,3569608812.9939055,1261163154.330206,2481775017.626953,3756458095.7851562,43356302829.737076,0.000197961097564396,3.413648540193138e-05,0.000784152851972582,1.8966902012028352e-07,3.7323944498069096e-07,5.649417553186221e-07,6.520446974302753e-06
elefante,2037195.0,333246750.0,271487535.0,55740061380.0,44236282845.0,39604594425.0,9525123474450.0,7369217716275.0,6427201938675.0,6256409766045.0,1227166745.189638,-173966887.72624692,3424709013.7476554,5616034675.916965,-2086486278.0820312,-4996596152.800781,65698846576.193634,0.00029569118292432656,-4.1918080833821984e-05,0.0008251985831722968,9.480871856227719e-07,-3.5223623381640485e-07,-8.43514874385812e-07,1.1091141373502209e-05
elefante,2816730.0,362620965.0,338051205.0,50840978685.0,43441716105.0,45057223725.0,7594715391825.0,6020615966715.0,5806149967035.0,6596789783535.0,4157780700.979094,-78413327.53801684,4485845849.963338,-20995610789.36494,-60898937035.86328,24382276253.20117,112483526194.20123,0.0005240480875527408,-9.883242356978512e-06,0.0005653975300275239,-1.5767595317154554e-06,-4.573478733530154e-06,1.8310963597509709e-06,8.447454749804711e-06
elefante,3472590.0,446409120.0,444380085.0,63888584850.0,58076299215.0,63012561675.0,9875367259140.0,8470869538905.0,8349691790115.0,9757378355985.0,6501705771.509768,950257070.5558828,6146170899.06411,-9268832322.286804,50865561627.52734,6082886716.261719,120767236818.75488,0.0005391632611179733,7.88014282815431e-05,0.0005096800227178371,-4.1246893937605394e-07,2.2635498761614467e-06,2.706923315646019e-07,5.37421892531537e-06
elefante,6959205.0,838511145.0,556944735.0,135272947995.0,60358336290.0,64189874745.0,24870192256305.0,8992938579510.0,6478850982780.0,8831350508205.0,34241157684.294823,-6747657490.406178,19617622908.156536,319822036893.4302,-206903091635.97656,-175325858411.83984,554244665890.6039,0.0007070158986941887,-0.00013932651368409326,0.0004050672415499447,2.5032793121499445e-06,-1.6194513484534807e-06,-1.3722931618796927e-06,4.338128852752321e-06
elefante,1681980.0,243026220.0,224946210.0,36069103830.0,33602436045.0,33730607460.0,5479879173240.0,5140711698855.0,5176526121945.0,5568730245120.0,954688909.7938105,1100368767.3711305,3646541422.7319574,-7562316336.954391,-1112299608.4277344,8527931150.449219,82265688806.69667,0.00033745838424152456,0.0003889525294549589,0.001288960166983281,-2.0611175997838676e-06,-3.031584764525217e-07,2.324296974730215e-06,2.242160358053901e-05
elefante,1386180.0,119085255.0,187109565.0,10765210815.0,16049157360.0,26424256425.0,1017106515765.0,1451790998670.0,2262687318510.0,3892542276615.0,534722741.0016562,-25227107.359270677,1167803933.6285887,403733322.6078157,3014101223.519043,-582133067.796875,10473788263.36215,0.00027828474345060496,-1.3128895708315808e-05,0.0006077579896109796,1.784619050375202e-07,1.3323206587226495e-06,-2.573197961300881e-07,4.629719920975989e-06
elefante,4152420.0,540668340.0,390623280.0,79584157680.0,50372247375.0,49674555390.0,12630269427210.0,7255425956805.0,6409104180675.0,7330287455070.0,9186111750.552685,-489091401.65438783,12928140798.518791,-124200016053.32281,-103789208452.19531,33217727021.15625,225008296164.60568,0.0005327570139719476,-2.8365306430010398e-05,0.0007497794360724373,-3.5348294663885065e-06,-2.953921939691599e-06,9.454024565538003e-07,6.403911857169532e-06
elefante,4665480.0,390233130.0,568540350.0,44373823980.0,46580787525.0,88746334710.0,5686648590030.0,5632237709265.0,7089856794135.0,15683367545190.0,11733689256.542414,-973436330.1650641,19463403569.340836,12230353998.488892,387637967228.6953,-95874214507.5,124982823307.33644,0.0005390659723117105,-4.4721348105531936e-05,0.000894182412726826,2.601346459779438e-07,8.244901609970193e-06,-2.0392054761786467e-06,2.658333724305519e-06
elefante,4540020.0,570907005.0,510993480.0,80908910985.0,65200616970.0,67317176130.0,12482342351565.0,9462770796420.0,8641512891750.0,9907451913000.0,9117419238.692705,943244262.0984017,9803258437.454504,15026993914.413582,118993566242.28125,-35944640462.453125,123917835390.1847,0.0004423401826902614,4.576238388243434e-05,0.0004756143174573642,3.4215878526758764e-07,2.7094370512165098e-06,-8.184454314389793e-07,2.8215607374024207e-06
elefante,4257735.0,246987900.0,505600230.0,19610960130.0,27739020360.0,72869119770.0,1771029218610.0,2132317217520.0,3864173012790.0,12121604183910.0,5283383907.804397,-1590456238.9938302,12829781348.033176,20442662129.329098,-11935315628.929688,14821001366.003906,421457388386.0603,0.0002914438624391316,-8.77333007446366e-05,0.0007077208651820633,5.465009003723595e-07,-3.190710043620152e-07,3.9621505945257855e-07,1.126696908477077e-05
elefante,1736550.0,127825635.0,162930720.0,9967814085.0,12115282560.0,20763588180.0,820623333855.0,947195634420.0,1576078211340.0,3256523878890.0,558702361.6674012,122122129.83259957,5476715058.167402,4651934650.059523,-6006866678.154297,24776067969.459473,280694431263.9583,0.00018527035021526696,4.049671402067418e-05,0.0018161242666447535,1.170618475877634e-06,-1.511575214301679e-06,6.2346797851681365e-06,7.063428702923629e-05
elefante,8176320.0,1154439315.0,1278121200.0,198038379735.0,173559798300.0,238458176010.0,37006150844115.0,29189360715690.0,31856692951770.0,48290262254340.0,35039606201.47033,-6901994121.893729,38662448605.80839,-850181761161.4092,181055656625.79688,345900400818.1875,-1072903630275.6553,0.0005241353555944216,-0.00010324257420557362,0.000578327168737019,-4.447511535186469e-06,9.471470197784138e-07,1.8094907382663123e-06,-5.61262484068802e-06
elefante,3632985.0,692281650.0,528381675.0,137358559590.0,100475385090.0,81318726075.0,28211896422660.0,19902664593870.0,15454592610150.0,13172260160745.0,5441174044.306164,-210122226.64561412,4470846307.86482,-36076020178.99375,5302433491.21875,20063594764.703125,44776503639.60792,0.0004122545031428276,-1.592006310397266e-05,0.0003387369174866716,-1.4340345317727208e-06,2.1077360227399575e-07,7.975349714665e-07,1.7798818193541567e-06
elefante,4085355.0,600626235.0,425442000.0,94951513125.0,64137867750.0,52984988340.0,15874637964825.0,10361641187040.0,8150634473220.0,7554421610940.0,6647834700.413827,1589661615.9259684,8680173859.006306,-39792406549.251884,6128241525.714844,29726573520.058594,228776602564.22766,0.00039830945009750203,9.524563600252632e-05,0.0005200784063292505,-1.1795753894440834e-06,1.8166086223901415e-07,8.811916035628794e-07,6.781677045126255e-06
elefante,11104740.0,1361479170.0,1417272915.0,246599165760.0,169763004870.0,254643769335.0,50504510727570.0,30276620330670.0,30434407452810.0,51696369328305.0,79677154948.05045,-3999510234.151953,73760424421.69296,733223773090.7964,-215567576948.17188,235105833534.84375,369006353976.6522,0.0006461257196163658,-3.243321664584211e-05,0.0005981451940615639,1.7842904491011067e-06,-5.245808753078453e-07,5.721269668273963e-07,8.979721296852034e-07
elefante,5552115.0,839841735.0,480502365.0,139019030085.0,72740671680.0,56261250525.0,24676013799075.0,12070775773920.0,8473475392830.0,7467835796115.0,11980209770.973698,57389742.7196612,14676643078.901855,22896249449.212173,22147577630.402344,-46826882679.91406,58409414552.94048,0.0003886400170485907,1.8617328924425501e-06,0.0004761127664241983,3.152232304715084e-07,3.049159201056033e-07,-6.4468729972632e-07,8.041493601896867e-07
elefante,9670365.0,917246730.0,1381530075.0,131875332840.0,148222668585.0,262030316595.0,22708975286730.0,23524166040915.0,29993699233425.0,54478333624335.0,44873284448.26992,17182739514.02856,64661825526.720184,1687848921362.977,1424549146158.2656,230252468316.21875,-1431373638720.4727,0.000479846272403171,0.00018374125288257492,0.0006914523045789032,5.803986643105867e-06,4.898580739130246e-06,7.917665104589639e-07,-4.922048043090745e-06
elefante,4106775.0,552570720.0,401437320.0,78940929360.0,53685246135.0,52152303690.0,11851345881510.0,7539143955825.0,6934814832165.0,8125012224690.0,4591981438.256442,-328550322.62682426,12911799428.43651,-5947287230.028799,-88919559689.59375,-18098652903.226562,502866540303.13245,0.0002722690679871521,-1.9480499068055673e-05,0.0007655700798634473,-1.7400696801016643e-07,-2.6016269905817715e-06,-5.29534154808864e-07,1.4712973933745339e-05
elefante,823140.0,171084090.0,105420315.0,35770706400.0,22175484930.0,15696877665.0,7520488926690.0,4690287918780.0,3328967131830.0,2603450325855.0,212033694.10780594,264584403.61524117,2195598642.355948,-2350367127.2379336,-884300164.4414062,-1294030917.8476562,30751648907.898468,0.0003129373977495361,0.0003904962138251891,0.00324045161092154,-3.823414986756106e-06,-1.4385184605136326e-06,-2.105040164699184e-06,5.002465952631513e-05
elefante,4719285.0,553159770.0,487107630.0,74909162610.0,54006525225.0,66298518960.0,11137136323020.0,7087815796065.0,7174715868555.0,10505885665140.0,10071855444.517752,-3088637405.78943,16021020736.388393,-4260232298.3533936,80015938620.07422,41288706193.03906,355526590559.4909,0.0004522276091998863,-0.00013868021809881838,0.0007193458985258131,-8.805271817051779e-08,1.6538114353966147e-06,8.533766601051676e-07,7.348210259041398e-06
elefante,6887550.0,1114517025.0,777036000.0,195849206775.0,122955019995.0,108143405430.0,36803939321295.0,21284952966705.0,16638080008155.0,17020443671130.0,15502320144.071636,-2781976620.327659,20480165918.707886,95316554328.59819,90077630394.60938,-233561507755.09375,198936518176.67407,0.0003267888064656274,-5.864404882128685e-05,0.00043172176258738753,7.656079293652292e-07,7.235274981803631e-07,-1.876028184100516e-06,1.5979110536381857e-06
elefante,2060400.0,260196645.0,294542595.0,36243229815.0,37151766765.0,44898694815.0,5425708492785.0,5214026101155.0,5657444758125.0,7308610952355.0,3384418870.884284,-44406322.06744817,2792627901.131808,-6050230173.905184,44124039004.9375,130329339.52734375,91724027165.38747,0.000797225213539527,-1.0460241755913785e-05,0.0006578244182389111,-9.928714989782432e-07,7.24096430855778e-06,2.1387663440552283e-08,1.5052348377886119e-05
elefante,7621440.0,949623825.0,1081260435.0,141837467565.0,135868157775.0,193334942985.0,24815823561975.0,20683288881195.0,24276482444955.0,37995682808145.0,23515285797.82338,1144185650.852354,39935568549.67161,1283054194508.595,275553100663.3203,-137511946222.4297,-764305461347.6117,0.0004048332652960203,1.9698013331493756e-05,0.0006875207367844571,8.00115001821622e-06,1.71835430321497e-06,-8.575270754201729e-07,-4.766223190070585e-06
elefante,2600235.0,336855765.0,263944890.0,48743531775.0,34338587130.0,29881648170.0,7662221517855.0,5032720261950.0,3896369198040.0,3729020760630.0,5104473607.66696,145001612.23300895,3089106358.543687,25033952525.188736,47288025789.0957,-4182222484.501953,68653134143.32492,0.0007549631658262543,2.1446065674023122e-05,0.0004568858016068942,2.2961376771952323e-06,4.337302213275003e-06,-3.835973808536888e-07,6.296930051513642e-06
elefante,5920080.0,763677060.0,734227620.0,114451079310.0,92905126395.0,106531068480.0,19006230353910.0,13807887166875.0,13328374809795.0,17369071488690.0,15938449080.299788,-1808592036.5747821,15469765597.122671,130249010669.07587,79899864380.63281,34720547971.75781,319519587568.06775,0.0004547690581668123,-5.1604249129717726e-05,0.0004413961920147193,1.5274095244474746e-06,9.369730582223543e-07,4.071623684024609e-07,3.746955610580057e-06
elefante,4646865.0,265859430.0,590396400.0,21276865950.0,33189601500.0,87974473170.0,1948683305580.0,2623832937150.0,4807151297070.0,14726663008200.0,6066345196.777151,-588537175.8711481,12963060285.623117,37234273587.413605,-12105215548.80957,-76550474280.2539,255293492904.35376,0.00028093575016493566,-2.725547716789245e-05,0.0006003263823017485,7.999129845094935e-07,-2.600592992648633e-07,-1.6445525170077204e-06,5.484532398773729e-06
elefante,6328080.0,679618095.0,676283205.0,88020553965.0,72990548475.0,94919769195.0,12704187784515.0,9166494796845.0,10313507917695.0,15970467144855.0,15031471170.308876,359623540.0126952,22645244636.986824,22350511572.263424,-317524948747.16016,42524074473.66797,986168120304.7603,0.00037536827660166047,8.980575946990277e-06,0.0005655006323931278,2.21874588902217e-07,-3.152085232666519e-06,4.221385050533258e-07,9.789737723615442e-06
elefante,3899970.0,492939735.0,490855620.0,70198090905.0,63811143390.0,69945484590.0,10852426960755.0,9331233232500.0,9306087506550.0,11023548448800.0,7892590518.620051,1769066336.5712085,8165717133.946649,-15495429837.944542,48799363448.75,19959422190.695312,164616072991.74933,0.00051891597268183,0.00011631121323408449,0.000536873291374993,-5.158821037494712e-07,1.624654400740109e-06,6.644997148866202e-07,5.480485984196812e-06
elefante,8324730.0,1135760820.0,1132517730.0,201198675570.0,158380327620.0,200705213340.0,39350389623630.0,28194575467080.0,28713051644640.0,39189474062040.0,46244383929.66181,3868497724.0948176,46634581768.24297,-718019991215.4343,-232585970001.4375,277846874837.5625,-803558021681.9183,0.0006672962506479194,5.582156810338027e-05,0.000672926719313956,-3.5909647691044235e-06,-1.1632099861862271e-06,1.3895690244759388e-06,-4.018757946984848e-06
elefante,4545885.0,638877255.0,433608375.0,98793053445.0,63974772045.0,53844691005.0,16243051707195.0,10231140433995.0,8195829930915.0,7983353943075.0,9005444001.220615,3035586745.545517,12485038732.639254,-172537663218.45752,-45456976672.36719,49416183666.08203,465622262137.4709,0.00043578094883924484,0.0001468945753344709,0.000604161441064628,-3.915955965235859e-06,-1.0317023868368986e-06,1.1215614932802887e-06,1.0567873940979557e-05
elefante,4085355.0,433539015.0,509110560.0,55450243935.0,49514284065.0,71819273550.0,8132636126715.0,5825488099605.0,6488470188405.0,11281060445130.0,9442962431.39255,-4512670926.303911,8374710640.898193,244061107049.51614,-126862901731.8711,-8287196965.4140625,243768012946.02426,0.0005657813924141648,-0.00027037968844429984,0.000501776373876175,7.234759100075077e-06,-3.7606259508622685e-06,-2.4565927109180836e-07,7.22607084467031e-06
elefante,6672585.0,718126155.0,705465405.0,96030827145.0,79518377370.0,97372883985.0,14611033600155.0,11121709510500.0,11350696150620.0,15567372834345.0,18743662651.01693,3593805591.870869,22786882060.436424,241358663156.48068,195203823821.16797,111180159121.95312,454202301575.1564,0.0004209846196776382,8.071724872870797e-05,0.0005117957496600359,2.0985900266930895e-06,1.697278202016999e-06,9.667006356768374e-07,3.949244695512295e-06
elefante,5067360.0,653509410.0,597095250.0,103621711770.0,75383181855.0,80164944660.0,18511072127070.0,11903139332115.0,9874840503855.0,12050684160720.0,19342215354.00665,-1620892168.0223374,9808242635.166061,158635511123.5493,111299927387.4336,-81604599485.3125,293276388308.1045,0.000753256167906697,-6.312343238498637e-05,0.00038196861766063715,2.7443911799638767e-06,1.9254865249862007e-06,-1.411757944269834e-06,5.073675671127469e-06
elefante,3819135.0,527527935.0,300337470.0,81145619325.0,39860244930.0,35016211890.0,13358877550245.0,6007691206290.0,4417134270900.0,5190113723760.0,8279454027.003414,-1624647683.7003357,11397618704.370035,-136813900410.29877,75202322214.5039,-164045708316.83984,643810851665.4374,0.0005676382840825668,-0.00011138563248332352,0.0007814192461091017,-4.799739848646426e-06,2.638266883417731e-06,-5.755093019396838e-06,2.2586335090677537e-05
elefante,10118400.0,1129134900.0,1184557620.0,195156104790.0,130039708200.0,197512682700.0,39354411551970.0,22840513000080.0,21953790647280.0,37877412118260.0,69153414404.36491,-2147727541.118953,58836928124.171364,2142536533912.9473,472994145935.4844,415775824762.2578,978632031221.9138,0.0006754449206706959,-2.0977585432741766e-05,0.0005746802900715476,6.578829426778659e-06,1.4523662755432092e-06,1.2766728536915798e-06,3.0049677581145457e-06
elefante,5870100.0,780478245.0,631640865.0,117994045995.0,83876748630.0,83509043985.0,19462450907205.0,12438732054450.0,11108015030790.0,12922791689595.0,14223021494.858597,-105117741.18310477,15542538757.15921,-7967594768.716175,-229838678044.79297,27420361345.67578,592110776536.5199,0.00041276310134835063,-3.050598276403922e-06,0.00045105651443689643,-9.543627687868119e-08,-2.7530199956250184e-06,3.284425568145534e-07,7.0923345944080376e-06
elefante,4800120.0,490796715.0,553532835.0,60725508495.0,56528750880.0,79281831975.0,8688631923075.0,7182370943310.0,7994856954570.0,13077684675975.0,10543134834.593342,-68187751.25026147,15450386214.65709,323642720452.6581,193664364011.9414,-95727108742.64062,371817034415.30756,0.00045757845909806126,-2.959389843339702e-06,0.0006705561512289438,6.41114510625701e-06,3.836361089336336e-06,-1.8962897848996641e-06,7.365445937670604e-06
elefante,2602275.0,410571420.0,325036260.0,67698898380.0,50457515295.0,49581078510.0,11635029639060.0,8178973926015.0,7628579743215.0,8692836494400.0,2921389884.2351775,-824766100.9666839,8982536728.371384,32062532739.398277,-16680244690.152344,12007308973.347656,256007714712.33624,0.0004314029813883576,-0.00012179358764303694,0.0013264553101799837,2.9350455946017964e-06,-1.5269311096734785e-06,1.0991645479691461e-06,2.343527635067976e-05
elefante,2612220.0,267789780.0,71386485.0,35764467570.0,6684032460.0,3523178685.0,5593544842860.0,741851093370.0,326090684490.0,294179449245.0,8312198514.388911,-634099670.189379,1572336014.5299687,222939562540.3862,-105508166325.82129,-428120115.9984131,111961096663.10452,0.001218137761231707,-9.292616764447427e-05,0.0002304230185705965,2.0214489079460314e-05,-9.566689966034335e-06,-3.881872428084389e-08,1.0151793338209025e-05
elefante,3436635.0,657485115.0,365975745.0,130038495675.0,72733298610.0,47976801855.0,26450393359155.0,14960026851840.0,9832466154000.0,7112896033425.0,4250718839.0650644,2716085612.8281465,9003141303.819836,-54587243316.63402,72642228120.07812,75225132988.45312,86194479837.70271,0.0003599113662562666,0.00022997288712630476,0.0007623023328375974,-2.493202999826823e-06,3.317841496639456e-06,3.4358123956047374e-06,3.936823379289201e-06
elefante,2080290.0,236684115.0,317701950.0,27938913075.0,36370336605.0,51235642950.0,3410340009705.0,4320447642405.0,5896028809785.0,8686423991040.0,1010277984.0592065,223931599.1958824,2716191799.5342026,1714089116.8233624,2660569660.1308594,-1682480246.21875,32081309351.00379,0.00023344959569939066,5.174490795746481e-05,0.0006276429729721789,2.7461464488328035e-07,4.2625052876953637e-07,-2.6955057984077317e-07,5.139754571888132e-06
elefante,9525780.0,1497712155.0,1199992005.0,265888381425.0,190720998420.0,194365333725.0,51189421347825.0,34261757501700.0,31245816728100.0,35994003715485.0,30407224056.811348,2049560302.4578316,43198624850.35456,-177164787156.9382,122481275796.84375,169911680535.03125,625471646300.488,0.00033510096610170077,2.2587054844405143e-05,0.00047606782173120104,-6.325954136028253e-07,4.373391268360279e-07,6.06697027941536e-07,2.233347275933562e-06
elefante,4874070.0,623593320.0,527737290.0,89778672630.0,69330554130.0,73855716810.0,14140118180220.0,10245787809690.0,9813367108410.0,12131099146140.0,9995528615.116669,1811325075.2464163,16715247498.614632,96070745725.61588,61565213769.609375,-28046580676.714844,514742656899.35114,0.000420748176633402,7.624526446232317e-05,0.0007036055998461119,1.831731257809461e-06,1.1738321130304934e-06,-5.347496588289241e-07,9.814332211632137e-06
elefante,991950.0,95130300.0,132903195.0,9446914110.0,12811813530.0,18406647405.0,964676529570.0,1278649555920.0,1783460203410.0,2631538862475.0,323698244.19023216,66089641.38817591,600045014.5488425,-3391211260.800972,259190544.8491211,510519831.5371094,4593907066.275165,0.00032897339759288,6.716667224301035e-05,0.0006098236573343715,-3.460432572223206e-06,2.644811351553298e-07,5.20940548363141e-07,4.6876777715553554e-06
elefante,6560385.0,841276365.0,668694915.0,130242988335.0,84720102990.0,84988088355.0,22651592636985.0,13178744247960.0,10803736328220.0,12512810074905.0,22361221897.875763,-1030539294.741523,16828538367.178057,214756575745.78015,167482361610.46094,115303062887.16797,419401138602.0303,0.0005195613988215266,-2.3944507145529422e-05,0.0003910098908773567,1.948153411038296e-06,1.5193077693993734e-06,1.0459659010986686e-06,3.8045762087773705e-06
elefante,2877675.0,314285970.0,304512075.0,42751422180.0,32704977315.0,42739655715.0,6529087118550.0,4528906605555.0,4478481356175.0,7061043899925.0,8426604075.509082,-552382486.9539224,10516557616.428886,19353024159.40136,125660184125.83594,-72435574771.9707,312686698423.1321,0.0010175812624316231,-6.670469662308583e-05,0.00126996022120739,1.3776677090038883e-06,8.945267496788066e-06,-5.156411293890906e-06,2.2258969136010794e-05
elefante,3428475.0,498188910.0,345011685.0,75753573690.0,50618986395.0,44655450315.0,11938869818130.0,7716012904425.0,6470022171075.0,6714150254745.0,3362148917.473418,485619435.225368,9936497198.36966,-45922520776.74389,-48292956862.61328,-116561915791.81836,220572952758.98044,0.000286032229635615,4.131369942896003e-05,0.000845339846086751,-2.1099552858555554e-06,-2.2188672981877646e-06,-5.355551615950198e-06,1.0134440786758076e-05
elefante,3189285.0,383071200.0,360936180.0,49762333530.0,43368043290.0,50904281160.0,6864688669110.0,5666369480430.0,6167104969350.0,8176934940660.0,3750909568.378512,15299463.087074896,10056590836.62269,-13419646402.038738,31016058088.515625,49430215095.052734,139781864555.61816,0.00036876520239387207,1.5041443945719281e-06,0.0009886990575629071,-7.387674409994896e-07,1.7074707617082314e-06,2.721191931575683e-06,7.695157329942978e-06
elefante,5680380.0,663135915.0,651224355.0,91784385585.0,76950144870.0,89939399385.0,14036291030505.0,10833594778020.0,10598942817690.0,14165249192925.0,14368923633.002558,925255950.031647,15280105368.549332,-33651677464.24412,94987817969.82812,-112865956416.82812,350631001973.83527,0.00044531718729743074,2.867524302599457e-05,0.0004735562466698753,-4.375858234391202e-07,1.2351634650955171e-06,-1.4676398384412883e-06,4.5593910105976e-06
elefante,1539435.0,66184485.0,109010715.0,3722766165.0,4437935085.0,10086378885.0,241402936155.0,238223062695.0,394660437195.0,1125002469705.0,877315688.2242837,-248731147.58323658,2367094871.8320365,5914763272.71554,-4006791512.515625,-3753962592.55896,75526017034.22142,0.0003701972454438309,-0.00010495604595623876,0.0009988331600795629,2.0115645656128292e-06,-1.3626783451426715e-06,-1.2766932138538086e-06,2.5685805609285172e-05
elefante,5521515.0,710644200.0,558669045.0,103039423350.0,71048536560.0,72113343885.0,16215824259420.0,10336224410880.0,9135596171700.0,10675446556755.0,11576268945.160023,-854721250.3634614,15586991635.443123,-25657533540.490505,130668355717.58203,27241496376.796875,224794439938.95636,0.00037971005287687785,-2.8035479540771396e-05,0.0005112646782934384,-3.581535535144814e-07,1.8239997955490006e-06,3.802640933901377e-07,3.137905962292887e-06
elefante,9710145.0,1482662820.0,1063600410.0,258849859950.0,159904841295.0,156340782030.0,49310232122010.0,27653688731055.0,23640757313295.0,26298673760820.0,32458901029.164886,-2498581439.032938,39839346453.891914,-126545060830.9467,63605414434.078125,316112801842.5469,446288414173.6206,0.00034425668410188064,-2.6499768442163886e-05,0.0004225331379728389,-4.307059891996814e-07,2.164859913330239e-07,1.0759145882284881e-06,1.51897744276084e-06
elefante,2539290.0,345345225.0,390111750.0,49958178885.0,53447386725.0,63571793250.0,7611373778865.0,7805753884995.0,8784519235455.0,10947556700010.0,2990985523.7452316,391914495.00903976,3638828725.24603,3474064783.64136,24065227709.01953,18290824138.683594,62938086418.13491,0.00046386297211230114,6.078084331252344e-05,0.0005643350307448743,3.3810933137213695e-07,2.342120414198584e-06,1.7801332746862442e-06,6.125376365138669e-06
elefante,3162255.0,395788815.0,266859285.0,52094594895.0,32149792080.0,31583186925.0,7160251425525.0,4053619688490.0,3725946500010.0,4577521065765.0,2557544252.624795,-1250398664.2307029,9063220005.598745,-130263968.71641745,-29586357466.904297,-15975369025.269531,382579322670.1514,0.0002557580906589164,-0.00012504165845728587,0.0009063349896975136,-7.3254125091831724e-09,-1.6637929523017094e-06,-8.98377112640341e-07,2.1514401746379014e-05
elefante,1717935.0,212209215.0,190852200.0,27132549525.0,23599178745.0,25020170070.0,3579103976595.0,3004781454165.0,3096440199975.0,3695987445570.0,919246384.3595108,24016970.530654892,3817643638.6507373,434153300.22342706,-15414311903.669922,468563651.4980469,68163414545.164986,0.0003114716150416011,8.137757979653915e-06,0.0012935461591315825,1.1223447701545632e-07,-3.984807288511231e-06,1.2113001639575722e-07,1.7621160956572936e-05
elefante,4298025.0,508794105.0,472832730.0,85632549855.0,60046168095.0,61838342010.0,16403754882855.0,10388745177075.0,8523963488235.0,9488904193980.0,25402225163.36814,4072899983.470484,9821243328.80273,252536265850.36438,3880657094.4257812,307495525841.9336,525065532835.37,0.0013750987480724499,0.0002204783097652049,0.000531653401192073,6.59403747860142e-06,1.0132880612642974e-07,8.029092435798508e-06,1.3710117200710397e-05
elefante,7573500.0,842353485.0,809949615.0,124474487985.0,85781627955.0,117260873565.0,21196254152265.0,12769006067235.0,11891799886035.0,19952575503405.0,30784728469.367176,-4304049851.781311,30640634727.12475,503738753881.732,414480308173.875,-229805509203.66016,858346943331.579,0.0005367129421014901,-7.503848088832975e-05,0.0005342007556966529,3.1912717601715618e-06,2.6258041344443436e-06,-1.4558574781118943e-06,5.437775711270296e-06
elefante,2508435.0,295410870.0,346773225.0,36799283070.0,40254183210.0,63366817875.0,4700813088150.0,4902771691770.0,7170909529710.0,12853867241325.0,2009630512.0677032,-584259918.8655082,15427895966.758158,-106264481323.35786,-46853315852.45117,-130071123557.41406,-171735682895.0151,0.00031938205601114705,-9.285395151578264e-05,0.002451890088352372,-1.0663038989565255e-05,-4.70146494391524e-06,-1.305190073519327e-05,-1.7232703343620816e-05
elefante,3282105.0,571080915.0,698231310.0,105481082265.0,121656451620.0,150722386410.0,20482937362035.0,22529393792970.0,26288474765520.0,32985482837280.0,6113934816.262917,165342896.65061015,2181446292.5095205,1771782832.0071418,31928722375.15625,-7324277064.40625,-7184220723.210595,0.000567565335473884,1.53490181733877e-05,0.0002025067872056921,9.078818048325113e-08,1.6360642835168976e-06,-3.753043409272469e-07,-3.6812769368098685e-07
elefante,2848350.0,393479280.0,329419965.0,64078056480.0,45308096295.0,44826341625.0,11558910236760.0,7499861604135.0,6162902374785.0,7011539424435.0,9721694449.58997,-198927296.1405586,6727964199.261861,21017003007.459385,144008712322.48828,16475362032.109375,271025319332.13922,0.0011982715828294363,-2.451927770928666e-05,0.0008292719290935252,1.5349258581578648e-06,1.0517327150086604e-05,1.2032381208977118e-06,1.9793677086630498e-05
elefante,2969475.0,135626595.0,385248135.0,9559768185.0,16543737765.0,56691798135.0,789781097625.0,1182508488195.0,2226724053705.0,9268494095595.0,3365214174.1751823,-1051929071.7810216,6711203746.773726,45749277960.2061,38352114449.05371,-89647735707.45898,172149807327.07123,0.0003816395392634513,-0.00011929633762188012,0.0007610988701631868,3.0108218625419846e-06,2.5240045265493204e-06,-5.899838743470024e-06,1.1329411668170541e-05
elefante,4443120.0,420432780.0,669178140.0,52954015020.0,64562871405.0,127485357390.0,7963696910820.0,8305115841915.0,12623158512255.0,26799482127210.0,13170321917.286497,1241505852.0936577,26700462304.145996,460394307833.8676,94757177242.5,185817101134.53906,-443794160428.5353,0.0006671451063008302,6.288870984854217e-05,0.001352516884101406,1.106394067464028e-05,2.2771519318733687e-06,4.4654535216973835e-06,-1.0665015138512333e-05
elefante,3714840.0,728943000.0,316057200.0,147966404550.0,63279584670.0,40307668440.0,30949847294370.0,13041341093970.0,8199168715020.0,6218655884610.0,4929854591.18617,1261386432.7677135,13417639886.457993,-19519036997.35031,-42615452492.89844,75175949846.79688,506158923255.21014,0.0003572349021838766,9.140457402769396e-05,0.0009722901930914764,-7.338513613200043e-07,-1.602200345715151e-06,2.826367568291676e-06,1.902990475019474e-05
elefante,5839755.0,786395520.0,627695250.0,131165950890.0,86671322700.0,76700735490.0,24470067313440.0,14859241858500.0,10878412692660.0,10453885046160.0,25268029851.17723,2144363516.7328868,9231924405.877031,1635486279.4244914,183133004445.90625,88725735331.46875,224970042973.12076,0.0007409384404949252,6.287951095911243e-05,0.0002707091812201132,1.9845421943340982e-08,2.222184185036169e-06,1.0766214776841778e-06,2.729845846816999e-06
elefante,3822705.0,440139690.0,522922125.0,55211868150.0,60898609890.0,81500441115.0,7399542886200.0,7703866281090.0,9581890099530.0,13971080548605.0,4534939976.547929,690254290.5903541,9967966384.536728,-1747216686.4895434,-7721203997.402344,9224312326.667969,95219297539.53966,0.0003103344393131592,4.7235394373823655e-05,0.0006821266157953372,-6.115328725388377e-08,-2.7024524757010266e-07,3.228546440714428e-07,3.332713738127034e-06
elefante,809115.0,111093045.0,101523405.0,15760520565.0,14370953910.0,13919044185.0,2299564754745.0,2092065253830.0,2025439045080.0,2079107726925.0,507231913.35959584,431595227.71351963,1180432537.9609206,-3672851656.5102596,-3997936741.9833984,6019016777.907227,36392141056.71346,0.0007747936720155323,0.00065925909332024,0.0018031035440882587,-6.237028902197201e-06,-6.789070003605499e-06,1.0221153783892927e-05,6.179907516309058e-05
elefante,1717680.0,307931625.0,361119525.0,56263237995.0,65077020765.0,77363311935.0,10464038157015.0,11957382981585.0,14006160894015.0,16866583782315.0,1059774209.4633331,338465182.7739034,1442703127.6402953,-2350397586.7654104,7426035476.6875,-5216738367.71875,-4648923854.359857,0.0003591937973216275,0.00011471744941149506,0.000488981530402902,-6.078349740686355e-07,1.9204427824557794e-06,-1.3490977221555776e-06,-1.2022555359881421e-06
elefante,1073040.0,231364050.0,89197470.0,50149679040.0,19287043830.0,8625881430.0,10926337080030.0,4191871037250.0,1869875146560.0,953062857000.0,264005036.7918277,54687245.94581849,1211256947.7804189,-557908003.6465806,-451538880.2207031,909599680.2373047,34654493285.829926,0.00022928750547019847,4.7495693098610215e-05,0.0010519726722449249,-4.6775971133395403e-07,-3.785780001139574e-07,7.626240904885543e-07,2.9054926026967035e-05
elefante,7430955.0,830859870.0,586320225.0,141600336690.0,64437155130.0,61410029985.0,28421421460230.0,10875035370150.0,6508751922720.0,7276597413405.0,48701358890.18599,-1119687284.181053,15147953812.54967,1698335831686.1335,-47185906308.53125,-180851086482.96875,40778333167.07542,0.0008819659458215495,-2.027717659467824e-05,0.00027432457155191907,1.128267281220584e-05,-3.134734204471206e-07,-1.2014606289578521e-06,2.7090554316012434e-07
elefante,609960.0,83990880.0,61724280.0,11707824690.0,8374243860.0,8251708710.0,1649570953500.0,1152482458260.0,1101570502110.0,1328870238690.0,142364785.78595394,-125127565.28428037,2005583158.2943141,-1791735655.3127894,2180961906.9526367,-9357195289.688965,87941109327.15001,0.0003826483698311322,-0.0003363181324134188,0.00539061061936996,-6.166241741347547e-06,7.505760298436753e-06,-3.220270133383492e-05,0.0003026485170988101
elefante,3535830.0,730602795.0,468138180.0,153951755115.0,96144830250.0,67700730300.0,33038975774145.0,20145673537620.0,13855123594080.0,10464593095920.0,2988489329.650585,-585799546.7416698,5719991527.57248,-6838050703.858455,4795476450.9375,21349766320.109375,-13509503463.809204,0.00023903910657780534,-4.685611519422232e-05,0.0004575226857321277,-2.9087331200513816e-07,2.0398739031574598e-07,9.081648424399446e-07,-5.746599705447884e-07
elefante,3524865.0,332654640.0,399389925.0,37952823510.0,37938238275.0,55274623905.0,4855765316640.0,4388359150605.0,5234985929175.0,9009408881865.0,6558966010.910083,246323344.78225306,10021171023.398685,36027881031.64517,41566708238.72266,-37306269433.97656,475511163025.8667,0.0005278984701902831,1.982533781489475e-05,0.0008065540885511204,1.5444807468232703e-06,1.7819249632565964e-06,-1.599284032995686e-06,2.0384708041750078e-05
elefante,3802815.0,429729315.0,459051765.0,52845872325.0,53201184225.0,63937581825.0,6905543898795.0,6629426528715.0,7641538442865.0,10004469425925.0,4285191836.8959913,1326980372.5930338,8523757342.448197,-34674234410.40792,-49698197789.33984,96033703683.08203,228460997546.73804,0.00029631925447820226,9.176014742873194e-05,0.0005894143173055467,-1.2295434628345885e-06,-1.7622910857464071e-06,3.405341591042741e-06,8.101194758086544e-06
elefante,4713420.0,550355280.0,325219095.0,73076007390.0,39449367765.0,32188244805.0,10507472554110.0,5232593345265.0,3927723215445.0,3859374190995.0,8814614553.401857,1475657361.4985912,9748602304.942923,-83585707123.80229,-154150172251.4414,-34324381764.16797,293153679481.60767,0.0003967628905710212,6.64221988033077e-05,0.0004388034900566046,-1.7329724964011865e-06,-3.1959771355596e-06,-7.116433131943772e-07,6.077920271799273e-06
elefante,614550.0,48238350.0,57653460.0,3838742970.0,4507437375.0,5735388600.0,309457200750.0,357213212895.0,447681375945.0,599176661490.0,52332733.692946315,-18000396.03734409,326680683.68464726,-75817548.87519221,-89196124.28259277,866450476.0166016,-178217191.51803604,0.0001385667322876707,-4.766148990827315e-05,0.0008649858634421976,-2.5608060217228075e-07,-3.0126794596486545e-07,2.926514546336e-06,-6.019446209810704e-07
elefante,3253800.0,440117505.0,403138425.0,65513245695.0,55371038130.0,54135579195.0,10446847494705.0,8388338793750.0,7539976492320.0,7791298850955.0,5981799936.986285,841479527.556818,4187644561.1931787,-32873436847.803078,43755098847.39453,8941545534.300781,46344336586.096275,0.0005650022459530238,7.948072954653575e-05,0.00039553789950373187,-1.7213452044859998e-06,2.2911394972627246e-06,4.6820436200270507e-07,2.4267192355609514e-06
elefante,1987470.0,346775520.0,207755385.0,63594191940.0,36371698305.0,24350205765.0,12183606150240.0,6724762890135.0,4264332547935.0,3135244441965.0,3088493101.1393414,122355338.22556014,2632997456.6993847,9869398841.82838,34400015558.53516,-9893089214.03125,39386303639.39138,0.0007818896634223022,3.097574483420838e-05,0.0006665753905848139,1.7723081936512575e-06,6.177420774376965e-06,-1.7765624183957117e-06,7.072838961769818e-06
elefante,1767150.0,170563890.0,190932525.0,17501286480.0,18629498790.0,23901555195.0,1896775043520.0,1929723246210.0,2354028438870.0,3386119450275.0,1038597646.6060596,200845765.9090897,3272163743.863636,7075803764.938343,17851296.30859375,3668701694.2802734,96580216782.14879,0.0003325833504486168,6.431552966420319e-05,0.0010478236540463082,1.70448130580654e-06,4.300175902726787e-09,8.837488520339138e-07,2.3265084714704508e-05
elefante,4423230.0,905907900.0,430128900.0,190040566620.0,88460858385.0,60799321050.0,40729843311150.0,18649036738785.0,12589915721835.0,10244572682670.0,4504403390.321697,367503861.65168196,18972223970.442753,-36836208950.17887,18355273263.453125,66322484009.41406,642415720924.0144,0.00023022804820077428,1.8783774329827823e-05,0.0009697040243171978,-8.95212466799501e-07,4.4607927702818095e-07,1.6118030656911484e-06,1.5612316756509608e-05
elefante,2389605.0,308942190.0,353226510.0,45587656110.0,45912661260.0,54920360820.0,7310951516520.0,6825536923830.0,7170769593360.0,8920396966950.0,5645792596.157293,245460377.23615313,2707142582.3497977,-42731361393.094284,23393975594.371094,-2224592754.3632812,1853344359.256979,0.0009887185520895435,4.298621046431388e-05,0.0004740879245444866,-4.840959324897197e-06,2.6502615551651988e-06,-2.520201249678426e-07,2.0996205984770315e-07
elefante,322320.0,47603655.0,41572650.0,7246677465.0,6138189660.0,5565283710.0,1136315939445.0,935528890740.0,822257693880.0,774471640440.0,216062022.7096522,-1702645.8939871024,203266993.62341854,2228641370.1692924,1359488965.7285156,756456897.1542969,4229995517.4116817,0.0020797155007175362,-1.6388900805193912e-05,0.0019565563263792916,3.7785228431153474e-05,2.3049289942859885e-05,1.282525624799178e-05,7.1716943348321e-05
elefante,8164335.0,1038030795.0,1027521480.0,156592816125.0,128206745505.0,153891999690.0,26168301466065.0,19116406875615.0,19131741442905.0,25954051946340.0,24615388524.548527,-2434505590.6466827,24573397273.343857,-544870135.6240706,27491656586.625,178376446587.3125,400626915214.1561,0.000369287886582652,-3.6523227067774e-05,0.0003686579204784457,-2.8608228356601695e-09,1.4434404422452558e-07,9.365597018020095e-07,2.103478522110648e-06
elefante,7877970.0,943642035.0,856175505.0,148515517725.0,98697391470.0,128047158345.0,26443256543595.0,15639290291820.0,14713053019170.0,22650480753855.0,35483824253.339005,-3857352436.7872314,34998251664.47126,153039440571.77188,422752455015.0781,213690907409.6797,1127152784119.5398,0.0005717442087428135,-6.215279675232725e-05,0.000563920268639084,8.785521843369273e-07,2.4268913385965557e-06,1.2267335320640382e-06,6.470636176334303e-06
elefante,2265930.0,394003815.0,209039310.0,74213473905.0,37356261210.0,25767251220.0,14404491760155.0,7177877913690.0,4713612827940.0,3629382284520.0,5703411266.456782,1008145590.8203897,6482704422.316003,-483312999025.0517,-19149265226.17578,47149433169.3418,56170166592.60173,0.0011108149356939237,0.00019634971551560118,0.0012625926063493061,-6.253343027569728e-05,-2.4776268055431073e-06,6.100427254349221e-06,7.267574435776133e-06
elefante,4643550.0,714148155.0,239441685.0,126618762585.0,37258008435.0,17439337035.0,24615184113135.0,6673712964705.0,2758317009495.0,1646585935485.0,16787364777.30889,433415704.68780637,5092679732.798188,-21545728153.46225,11384376088.75,31561414908.908203,222136133562.6778,0.000778542409732737,2.010038571388865e-05,0.00023618162849055357,-4.6369868084825996e-07,2.450100612536301e-07,6.792523489912127e-07,4.780726433011943e-06
elefante,6059310.0,811366905.0,700743060.0,122029564815.0,95346919950.0,97596693660.0,19816116214575.0,14616231591300.0,13444456787760.0,15474475719540.0,13384148995.495968,1514498800.9864564,16557625492.475391,-108538806460.7762,98242072939.5625,25556562901.640625,357987527146.24414,0.0003645393532126978,4.1249870540054496e-05,0.00045097421508055974,-1.2009560425691973e-06,1.0870251385519763e-06,2.8277728164549774e-07,3.961046725219461e-06
elefante,402135.0,32093280.0,60885075.0,2625286710.0,4848341520.0,9343923945.0,219861293760.0,395951010300.0,742212890430.0,1455350810655.0,64010966.38554224,-10727598.07228901,125645611.21750167,127360630.89563961,182896065.89868164,-251372166.35986328,2591426094.0497556,0.0003958317590677163,-6.633744583622928e-05,0.0007769687932503281,1.2419540193256923e-06,1.783506430239434e-06,-2.4512494179857837e-06,2.527022699760167e-05
elefante,2592330.0,274533510.0,154349205.0,44779824270.0,14653664505.0,15349249425.0,8675744505870.0,2291751285465.0,1333995052485.0,2060808207315.0,15706115246.488298,-1692259437.6923058,6159186013.269232,606836524173.1559,-16043798337.454102,-90007880315.84814,413457995233.2405,0.0023371587267260385,-0.0002518177697423544,0.0009165216932722873,5.608490617073684e-05,-1.4827962532485638e-06,-8.318687687791226e-06,3.821252008486643e-05
elefante,1499910.0,310003245.0,162059640.0,64815085785.0,34217881860.0,24481285710.0,13686973071255.0,7297921845270.0,5196199306410.0,4259013083970.0,743233533.5115616,723195989.8265901,6971350502.601157,-16313481048.92034,-4046723591.25,-19900176488.04883,107445686972.53387,0.00033036565758362107,0.00032145901384733817,0.0030987498399813684,-5.920844308668873e-06,-1.4687251771806452e-06,-7.222606036531239e-06,3.8996531904786035e-05
elefante,4882740.0,661121670.0,395776575.0,99085102650.0,53284850490.0,47378943645.0,16070605789440.0,7808049698700.0,6431408808060.0,7178998783275.0,9569408072.0399,-303190284.41769326,15298780187.856956,63119290653.16616,-141313000525.52344,65463637778.95508,858516084668.9137,0.00040138198489282585,-1.2717099871136807e-05,0.0006416964050454657,1.1981277069539604e-06,-2.682397402289823e-06,1.2426280049937434e-06,1.6296316027370642e-05
elefante,4002990.0,421487715.0,493829685.0,58085721975.0,43833862755.0,82329588915.0,9363037765035.0,5458068369675.0,7126582614765.0,15172901185635.0,13705922401.20111,-8163055930.737351,21408188215.22328,360723480196.1237,11340248299.613281,471909075524.1172,-265756579076.57532,0.0008553409374464923,-0.0005094291144982079,0.0013360136764990972,1.1251570594202402e-05,3.5372137192042345e-07,1.4719635867389412e-05,-8.289393606227333e-06
elefante,5376675.0,713279880.0,543503940.0,110606511120.0,73312252395.0,82166490660.0,19199822933340.0,11338643430015.0,11356295532165.0,14658408962070.0,15981452470.776384,1209991220.0680606,27226117140.022766,286294408730.5667,-163111719380.52734,211308232592.17578,848235335676.1771,0.0005528262746702394,4.185570365378859e-05,0.000941798809574856,4.270988499106308e-06,-2.433328267333741e-06,3.152332017832058e-06,1.2654118462432046e-05
elefante,2018580.0,254838585.0,221476425.0,32836277325.0,28190505000.0,29636262435.0,4314766862055.0,3659421358980.0,3797902291890.0,4541067815145.0,663807368.4948238,229889736.86521247,5336107459.333628,1696331696.9398587,-1385179649.6640625,5982478083.142578,118465063961.65065,0.00016291089776482374,5.641929450791099e-05,0.001309581812477866,2.930190542473972e-07,-2.392716186577835e-07,1.0333946321586477e-06,2.0463286199285696e-05
elefante,3247170.0,374148495.0,391928370.0,46674460245.0,43570234065.0,53696193540.0,6179644175895.0,5274977308875.0,5847525690735.0,8072696327280.0,3563968244.037614,-1588907520.843413,6391048687.449346,-19626501363.35521,7599743420.4140625,44049392675.48242,48869980441.9677,0.0003380055051600229,-0.00015069143506924284,0.0006061248283335767,-1.0329524353377885e-06,3.999782400706506e-07,2.3183412365203937e-06,2.5720511454320076e-06
elefante,3682710.0,453019230.0,439085265.0,62538731640.0,52956049155.0,59397289995.0,9383825490750.0,7223016213645.0,7072860249555.0,8950822591065.0,6811720077.918568,-1056911044.0506889,7045660368.958242,14929101385.142347,26621846397.890625,18281842375.296875,188860308358.92673,0.0005022520875245217,-7.79297698863142e-05,0.0005195013282723409,5.736075574513156e-07,1.0228674783021807e-06,7.02426936496018e-07,7.256411312544201e-06
elefante,4357185.0,475045875.0,462512115.0,56333661855.0,48399580635.0,67616498445.0,7157561746725.0,5466018116055.0,7019897276895.0,11665853879175.0,4541373174.460702,-2026203987.015274,18521163607.995552,25481085796.207565,-71943067225.15625,78110117219.78906,556393342181.214,0.00023920771941397096,-0.00010672622931036189,0.0009755651291721408,6.429880927793072e-07,-1.8154067669550216e-06,1.971025712938625e-06,1.4039994087592963e-05
elefante,2482170.0,370884240.0,246472800.0,57689044230.0,37543884345.0,33134829030.0,9316391834700.0,5942357806485.0,5176047787335.0,5473223036250.0,2271760369.3548326,716077583.7096734,8660743395.317444,17642127117.316364,-711071.146484375,82853857640.4961,463046683302.30566,0.0003687223596151638,0.00011622432537105131,0.0014056983226843614,1.8174904650498523e-06,-7.325449023881689e-11,8.535597507762769e-06,4.770303071611224e-05
elefante,3759210.0,361288335.0,436047450.0,39638243205.0,41449065525.0,61660398420.0,4752427641465.0,4556593924155.0,5778813560055.0,10022621343630.0,4915718789.744604,-458371726.84168035,11081319663.691488,-1980493119.0223742,46884129805.478516,-40877022624.76758,299615217076.7887,0.0003478514803591142,-3.2435802485138904e-05,0.0007841484865630229,-7.228228441727946e-08,1.7111354605105103e-06,-1.4918933810552853e-06,1.0935090926839369e-05
elefante,3523845.0,470862600.0,373677000.0,66840896310.0,50288576520.0,51736860240.0,10009988816010.0,7235867833950.0,6996207550200.0,8433699821160.0,3923376362.681093,357173810.6867371,12111252323.363483,30088845188.886066,52445978353.171875,7282723893.791016,378786057138.7457,0.00031595583244647794,2.876378360155342e-05,0.000975338702194422,1.2908135827050142e-06,2.249936173739664e-06,3.124293691626328e-07,1.6249948591399298e-05
elefante,7554120.0,1286624430.0,902911140.0,240736746870.0,148653001230.0,132148839210.0,48001693806990.0,27272299240500.0,21543477125100.0,21655861066800.0,21597730826.724953,-5131626343.185255,24227793908.08534,-357892213635.1497,246128234646.79688,262491419211.14844,68998653276.44215,0.000378477760516728,-8.992641225874166e-05,0.0004245668794633941,-2.281878682810159e-06,1.56928469097899e-06,1.6736144322187556e-06,4.3992730228724756e-07
elefante,3650070.0,490317570.0,304254525.0,71407136430.0,40319966580.0,30989214915.0,11097979676640.0,5753380281060.0,4023772409220.0,3738377137755.0,5542284673.539191,-550849420.6532077,5627833905.053442,16785967540.712564,-50826782743.89258,-47206968072.98828,217020909735.23526,0.0004159934020545974,-4.134571535297942e-05,0.00042241456552003225,6.594674973697842e-07,-1.9968233069780924e-06,-1.8546122538365972e-06,8.526064158821438e-06
elefante,12310635.0,1516149420.0,1582182435.0,235038161400.0,192037222995.0,271500798825.0,40922210831820.0,29614671140025.0,32913639407325.0,52280224107735.0,48312694861.00048,-2820717408.515955,68156190068.21947,75292645328.22949,101978058314.40625,201273262739.03125,-132575761183.2245,0.0003187868165737629,-1.8612241062149155e-05,0.0004497222712199181,1.4159614128187724e-07,1.9178100981563338e-07,3.7851661636830463e-07,-2.493233718807061e-07
elefante,2941170.0,313041570.0,307516230.0,35618595840.0,33539056050.0,40197749160.0,4270014547440.0,3847829274330.0,4479226026300.0,6216162493590.0,2300214193.218311,808760473.8581585,8045159641.742675,-10671875892.12833,-48459484086.375,31682888262.98242,330921381473.8751,0.00026590593072084494,9.349312214728806e-05,0.0009300245466889573,-7.193503300973081e-07,-3.2664684471819676e-06,2.1356222992832445e-06,2.2306144430996977e-05
elefante,1460895.0,201356925.0,180754965.0,28412956035.0,24869126175.0,23558415465.0,4099601534055.0,3506688875655.0,3235031216385.0,3224383134975.0,659687493.8278915,-44549298.51632197,1193798314.4510393,1558383928.4854443,3464992944.294922,-1029610790.5761719,14111001849.178423,0.00030910088289688216,-2.0873864720292022e-05,0.000559361995566187,6.041252028850475e-07,1.3432438099524325e-06,-3.9914029937024836e-07,5.470289894051495e-06
elefante,3190050.0,332586045.0,292978170.0,37034322945.0,31507405515.0,37245846210.0,4342703695605.0,3547842100125.0,4091009998575.0,5753572749450.0,2359795169.9676285,962288406.6043189,10338365732.719425,-10447158679.2821,-54087510451.2832,31102575048.58789,433890986144.4319,0.0002318885621148173,9.45606117798331e-05,0.0010159139212113455,-5.74783729286381e-07,-2.9757967615306665e-06,1.711207288570194e-06,2.387189539050628e-05
elefante,3204075.0,496496475.0,406780080.0,79564427055.0,63916455840.0,61191703830.0,13152851114715.0,10424007293880.0,9694640771010.0,10221364053510.0,2628415979.2837267,882701692.4791104,9548083289.030645,9133784347.196661,49175069237.35547,-11622715645.144531,28248615319.319847,0.0002560287595427034,8.598221177808325e-05,0.0009300597545321227,4.970431238484222e-07,2.6760134791992744e-06,-6.32486018091465e-07,1.5372357687661549e-06
elefante,5201745.0,1040974260.0,656333280.0,214575835830.0,133562664270.0,99958261920.0,45351268162710.0,27948501023490.0,20584255841640.0,17213037423210.0,6255856672.515816,2217115716.3179603,17145018588.08765,-93538043225.15071,-13112420325.9375,21096480018.234375,274178159594.85233,0.00023120044906638356,8.193892157038596e-05,0.0006336359997236393,-1.51570831963461e-06,-2.1247616363675978e-07,3.418513919697365e-07,4.442835270347873e-06
elefante,6692985.0,910883205.0,711947760.0,153468788685.0,95597255490.0,103437762930.0,28578362080545.0,16417479722100.0,13583886710820.0,17724928648560.0,29501946812.34199,-1295425043.6289783,27706289907.272827,-338152424894.91064,445264260233.1328,-217902939028.22656,827662975289.9214,0.000658583691889321,-2.891828845146409e-05,0.0006184985286480846,-2.9178494278956133e-06,3.842095964230845e-06,-1.880240741073724e-06,7.141737752407361e-06
elefante,1128630.0,198369090.0,101318385.0,35025610680.0,17652881685.0,11389698165.0,6212241568710.0,3088315374165.0,1984634266125.0,1458244745985.0,160069388.85223243,-154934723.14053544,2294232743.1981463,-161216341.63750726,-1510155600.0878906,10587334439.96875,23867016857.495438,0.00012566232962769145,-0.00012163136493283078,0.001801085349832567,-1.1913245369022137e-07,-1.115944824607303e-06,7.82361835693101e-06,1.7636774607455803e-05
elefante,3269610.0,460913265.0,492312690.0,68910555105.0,69460793850.0,78300151080.0,10794452772465.0,10426220231820.0,11075703430500.0,13069071471870.0,3936127618.859381,60024538.420682035,4171498202.4286466,-29534128400.32512,33276435739.441406,19742637552.867188,23013682611.70103,0.0003681944729380877,5.614834026534791e-06,0.00039021158121150515,-1.5278625159617977e-06,1.721459937532619e-06,1.0213281216354932e-06,1.190546155283619e-06
elefante,4380645.0,654687765.0,517374855.0,104742731805.0,77768966445.0,72187632525.0,17707348555605.0,12503869194525.0,10837051464435.0,11499931635345.0,6899590066.581282,447250696.0294468,11083219684.819834,-8750189128.361658,-425218072.2734375,-57041146686.72656,356270310323.5078,0.000359539961860218,2.3306384385248152e-05,0.000577550310136472,-2.1785738669394695e-07,-1.0586845226038426e-08,-1.420179034864253e-06,8.870221846079501e-06
elefante,920295.0,48436485.0,167834370.0,2729113785.0,8834542575.0,31131646950.0,162628165815.0,499117669215.0,1639547317875.0,5868648198300.0,179830045.37822083,1171813.4621769225,523661735.1537812,61435036.859552376,1285333046.534912,615354029.3476562,163388819.3928546,0.0002123284204084857,1.3835802627649118e-06,0.0006182963965766487,7.561334779254897e-08,1.5819691766293663e-06,7.573687689482691e-07,2.0109657709507724e-07
elefante,6750105.0,732698640.0,961084545.0,106805677980.0,101607389505.0,157692355215.0,17248631499270.0,15151980092115.0,16698681310485.0,28479083572635.0,27273982242.252274,-2714741639.1109166,20852483444.433914,-265702632241.84064,534265047538.8125,354819735236.53906,88757112763.00569,0.0005985872974081486,-5.958095324999297e-05,0.0004576534368316395,-2.2444996173093005e-06,4.513157000458825e-06,2.9973085070054114e-06,7.497679038750371e-07
elefante,3223455.0,424449540.0,340190655.0,60608868180.0,43174013280.0,41997025335.0,9319499927190.0,5973959421240.0,5146273405170.0,5873698356765.0,4719329779.057032,-1620707610.1779964,6094652958.364054,95967746166.91895,4354334234.363281,-41613169287.91211,155087884283.65445,0.0004541895133170258,-0.00015597731778833768,0.0005865509702838864,5.1442405206847e-06,2.334090723570374e-07,-2.230626019628051e-06,8.313307444061327e-06
elefante,4234785.0,530980125.0,446860470.0,76096130745.0,57697388340.0,54868407120.0,11946969844935.0,8490107650020.0,7335539345820.0,7664842491240.0,9518986180.39622,1667618654.3704474,7715061755.684951,18544208479.65359,42146898059.26172,103904355501.96094,246842654591.06683,0.0005307963943933888,9.298952138263783e-05,0.0004302062094462925,5.024928492309367e-07,1.1420554786838697e-06,2.815498741883203e-06,6.688701162591231e-06
elefante,3057195.0,212893125.0,279078630.0,18377368815.0,19715114115.0,37059432030.0,1797502057125.0,1765614764085.0,2533351339425.0,5883026245800.0,3552183417.1874204,280985228.416463,11583503369.02911,23036793110.334755,48887319938.40137,-98647025345.71387,385204869941.22253,0.0003800573197137346,3.0063338586178063e-05,0.001239349078098559,1.4096593309832694e-06,2.9914956646902188e-06,-6.036374033760115e-06,2.3571320741220586e-05
elefante,12547785.0,1654022565.0,1524515205.0,297489056505.0,207232340220.0,264682096785.0,59586919251975.0,37759389997020.0,36577217620500.0,52302224458155.0,79459289057.66336,6273959935.702766,79458440954.41379,-575772928381.575,-38606428173.234375,162850043355.26562,836321604287.8667,0.0005046735427325912,3.9848098633448375e-05,0.0005046681561342885,-1.0323657069315806e-06,-6.922165066911786e-08,2.9199149846253403e-07,1.49953167589813e-06
elefante,6627195.0,695620620.0,793414650.0,86862880740.0,83953299630.0,116417801490.0,11955192623640.0,10624446407070.0,12517106183070.0,19450553375010.0,13847367092.192083,672878463.8681778,21429377754.977493,-69297242649.03589,83875563936.5,136247235458.57031,381798988678.47815,0.00031528819218605797,1.5320647818569915e-05,0.00048792161911043945,-6.129027647365484e-07,7.418414220444195e-07,1.2050451664173253e-06,3.376839348714159e-06
elefante,2239155.0,257081565.0,221097240.0,31673859315.0,26237859330.0,26811834750.0,4109719188945.0,3337098009810.0,3227470964400.0,3751900617780.0,2157844986.89443,853272520.9668595,4980389613.054321,-22308140474.57053,13646017956.777344,-19352429585.057617,120922209539.81697,0.0004303798480439282,0.00017018428114351982,0.0009933333199947524,-2.9733975320019034e-06,1.8188443882441775e-06,-2.5794380500716624e-06,1.6117425825777205e-05
elefante,3885435.0,367320105.0,585717660.0,41094244755.0,56013356355.0,96762632520.0,5144889609675.0,6361193276175.0,9333738631725.0,17313418298160.0,6368645295.168337,640953426.7424642,8467453927.158879,55779840663.22105,45170736256.51367,-7222115240.003906,173855470368.27713,0.0004218594337226785,4.245679216164279e-05,0.0005608846392331068,1.8744685120779219e-06,1.517952037393325e-06,-2.426974951348609e-07,5.8423724589932e-06
elefante,1570800.0,269154285.0,149793630.0,46930228815.0,25793219910.0,16555387950.0,8316650357385.0,4506775476600.0,2869047985860.0,2113835572320.0,811035325.1469135,126300263.82954428,2270863129.159089,-2715219191.930167,-11837870320.138672,8218117921.474609,101985992622.6762,0.0003286986991956536,5.1187329505430546e-05,0.0009203418562203236,-8.780164712990885e-07,-3.827994865783082e-06,2.6574808102337968e-06,3.297906173860016e-05
elefante,6948750.0,807916755.0,540657375.0,124851898185.0,61919588070.0,59781101205.0,21649211485095.0,9261879180630.0,6840352438620.0,8237685657435.0,30917092211.30256,-941523925.2247769,17714485318.41743,-56392265795.202156,-233462230073.28125,36240967053.640625,829730627311.906,0.0006403026027338594,-1.9499253543553903e-05,0.0003668725046311704,-4.430500877615176e-07,-1.8342136118206327e-06,2.847298899460755e-07,6.5188412287600505e-06
elefante,13633575.0,1858715910.0,1761567285.0,333569778390.0,234854624385.0,309431235375.0,66116482813800.0,42144772578525.0,40606081052955.0,60914177556105.0,80164135769.69476,-5306385413.604119,81822607441.221,-1218472494820.8596,491759125281.2031,-208573236184.48438,-211095754632.61472,0.00043128128392585976,-2.8548236592476305e-05,0.0004402038249722125,-1.7753801142353043e-06,7.165195568459289e-07,-3.0390244954858677e-07,-3.075778949194408e-07
elefante,8209470.0,1107342855.0,896058780.0,173458132095.0,113595321750.0,131314627620.0,29879193770775.0,17405395845480.0,15718298926230.0,22119701826660.0,24093045369.602264,-7270493910.818158,33510343395.185432,-17516553702.002964,433919823618.22656,-407070293042.65625,471519926796.3839,0.00035748799174205754,-0.00010787819585607448,0.0004972200557944379,-9.071119004198125e-08,2.2470963325802543e-06,-2.1080534071273983e-06,2.4418121518570747e-06
elefante,2964120.0,406172415.0,316117890.0,61279548015.0,42913593765.0,45030070050.0,9934465151595.0,6554331283425.0,5916887648115.0,7579652895000.0,5621871973.904424,-403939535.27271014,11316684499.464903,-3378336618.7568865,129684769267.64453,-167409638321.34375,363472854282.58777,0.000639866521201087,-4.597532395086287e-05,0.0012880349420646513,-2.2333843385329085e-07,8.573329579430346e-06,-1.1067282705650767e-05,2.4028824591650405e-05
elefante,5556705.0,686025225.0,652092120.0,106430927685.0,69523646760.0,116999589600.0,18902588296455.0,9786385084620.0,11969504136540.0,24507975393630.0,21734941603.986053,-10982992218.266254,40475078587.4315,395984559072.20984,8369182703.371094,102611000924.17188,1278117046303.0168,0.0007039207954108403,-0.00035570174326372264,0.0013108500603634442,5.440450943862435e-06,1.1498460456284967e-07,1.4097774876287039e-06,1.7560111705410975e-05
elefante,1279335.0,179275200.0,121167840.0,25928500980.0,16809076995.0,13699370610.0,3865336837890.0,2407665364545.0,1895924025645.0,1838697518010.0,806388839.6770974,-170360564.01933452,2223372962.577238,5934695439.855831,-318165813.44921875,8480187357.87207,120050138744.24721,0.0004926924935896279,-0.00010408796224118336,0.0013584503098413231,3.2058096571423643e-06,-1.718671240445052e-07,4.5808360010641575e-06,6.484880277814856e-05
elefante,3970350.0,421978080.0,476750040.0,52425693270.0,49387055385.0,64292912340.0,7214400052050.0,6092732122995.0,6510267781185.0,9560119885080.0,7576876414.940271,-1283053426.3448925,7045918840.685934,31898531355.07961,70313313386.9414,-14801334176.964844,147868393881.73254,0.00048065406280222713,-8.139301849360468e-05,0.0004469717244262521,1.0155439087436857e-06,2.2385437222432897e-06,-4.71225605886797e-07,4.707641396737614e-06
elefante,4241670.0,443954490.0,331313595.0,55474877190.0,35005269585.0,36284171085.0,7681262345160.0,4209115844985.0,3854195752995.0,5038984278555.0,9008370085.213415,328324396.36166656,10405519933.018818,-10739508950.160263,-192712485338.90625,5221801394.921875,579321080458.1073,0.0005006940892784879,1.8248593593423552e-05,0.0005783490550509039,-2.8982926156526565e-07,-5.20077012639845e-06,1.4092179161581652e-07,1.5634253087135748e-05
elefante,4064955.0,490748010.0,393774570.0,74137087380.0,47742912285.0,48190696110.0,12749806759470.0,7493367585435.0,5999452379925.0,7237100290770.0,14890771167.65322,203865329.71864805,10045523044.447023,204068680029.1439,262440622197.58203,142058587965.9297,622607959804.3789,0.0009011678827962144,1.2337634195681482e-05,0.0006079404909001506,6.125435904160646e-06,7.877559700438822e-06,4.264107432343839e-06,1.8688537362310053e-05
elefante,3122475.0,426043035.0,511735530.0,62891238795.0,68745117225.0,89196103710.0,9798694009335.0,10010583163125.0,11860820215515.0,16198791817980.0,4760215272.950589,-1078134624.4250748,5328898155.309921,-81445103200.40593,-2312992027.1132812,43931642219.73828,-166043272651.2802,0.0004882347124946644,-0.00011057960999743702,0.0005465620585596765,-4.7273477765962495e-06,-1.342538383155284e-07,2.5499403034541995e-06,-9.637710125498155e-06
elefante,7900665.0,827416350.0,1012921710.0,112321136220.0,98598986460.0,157284215730.0,17394526252710.0,13110842202810.0,14298935396280.0,27606618864240.0,25667947374.84297,-7481702206.581684,27420414317.166515,255145806029.307,277548814722.8203,-254621108941.5547,410672362097.9552,0.00041121016836655227,-0.00011985968254914584,0.00043928534772880894,1.4542173283540805e-06,1.5819044887130167e-06,-1.451226788909122e-06,2.3406493507886645e-06
elefante,8333655.0,1088875500.0,970949475.0,175421926620.0,128280048060.0,139064759745.0,31461933569730.0,20663312753160.0,18550957367100.0,22710066978195.0,33149435798.11572,1415773613.1501446,25939980401.1496,-121309919243.10136,-144967642055.40625,50851580079.6875,463204566753.4583,0.0004773150260616741,2.0385566233275195e-05,0.0003735068824887158,-6.050726463416924e-07,-7.23073227314576e-07,2.5363878173732086e-07,2.3103833120308553e-06
elefante,6382140.0,852124575.0,839771100.0,128935291215.0,120948238845.0,150573271590.0,20839854791505.0,19102575391545.0,21920067157125.0,29951057824110.0,15162122447.324799,8824469751.125143,40074990387.26706,-424010388847.094,-219348979433.48438,-506306190941.08594,-407837379339.37897,0.0003722436912831521,0.00021664863907987502,0.000983876921039191,-4.1206021110762835e-06,-2.131669155969641e-06,-4.920366137526843e-06,-3.963430167008706e-06
elefante,3265530.0,162044085.0,281313450.0,10912703835.0,13255572435.0,35219185260.0,852152369745.0,853637911515.0,1557182094495.0,5475009746790.0,2871655220.077698,-703932026.279868,10985061809.625175,25637656064.68028,-16589684755.941406,-69203073041.54883,548360233866.3553,0.0002692929228563752,-6.601207259274927e-05,0.0010301373861977296,1.3304364117644426e-06,-8.609024398843072e-07,-3.5912131728497404e-06,2.8456518024069312e-05
elefante,4055010.0,450302715.0,416577435.0,59040327225.0,42031586760.0,52305834855.0,8634626840385.0,5027721418410.0,4976312800290.0,7558461316095.0,9034893172.711287,-4228706060.0512586,9510192094.272102,71665591283.36145,-98399710118.6836,36672109436.484375,231008762979.76746,0.0005494638979831396,-0.0002571719743403919,0.0005783695632915892,2.1643668050100413e-06,-2.971761795160619e-06,1.1075314514630956e-06,6.976677221330943e-06
elefante,4428840.0,586727460.0,448610280.0,96878211270.0,61143679425.0,57870174810.0,17370072718650.0,10334193662535.0,7657837373745.0,8782864352520.0,19149254631.681255,1712322655.6678956,12429115001.635195,-537978574616.32385,67420663588.37109,-355627047648.9336,403059968700.6312,0.0009762743797712084,8.729826673590962e-05,0.0006336657364851735,-1.3032868182379776e-05,1.6333078356186835e-06,-8.61528814117351e-06,9.764380385251968e-06
elefante,5874435.0,735864975.0,639161835.0,102618543045.0,77073973380.0,90286437555.0,15487250042205.0,10340099744820.0,10631340777300.0,14841758997555.0,10439931581.642134,-2991055466.728096,20743094012.92876,17140730075.585474,-75851808848.35156,-27571971389.484375,504374522447.379,0.00030252790996048633,-8.667468286059463e-05,0.00060109252908132,2.0493401988326602e-07,-9.068817975758724e-07,-3.296496069908756e-07,6.0302856387121195e-06
elefante,5631165.0,779726760.0,693801705.0,121383421080.0,98262838575.0,102405584895.0,20459167944270.0,15605850068925.0,14717653873755.0,17214417367185.0,13417516997.96768,2194661648.533499,16924018316.697458,-64097800662.819695,42729944216.96875,-2869304554.390625,426950665565.5131,0.00042313178333723507,6.921035369707175e-05,0.0005337120163634524,-8.518193394834515e-07,5.678540056394795e-07,-3.813124764069499e-08,5.6739050353250715e-06
elefante,5653350.0,808892895.0,643956090.0,125322806175.0,92757863895.0,90845868540.0,20694267159555.0,14251368313125.0,13151383313295.0,14787848176890.0,9584754297.532482,619307836.5602213,17494767715.163734,20010869106.131924,-200999162779.3125,11883422436.421875,454315895268.91656,0.00029989500842405383,1.937736984140784e-05,0.000547389463355006,2.633305627968778e-07,-2.6450236806635512e-06,1.5637843121851796e-07,5.978513964297103e-06
elefante,5506725.0,782409105.0,488237280.0,126016323045.0,67261000905.0,65347822860.0,22012816926555.0,10570784657145.0,8669875568925.0,11003657866890.0,14849702669.567955,-2108959147.9233623,22059726653.670753,-111658815279.73161,-2782957049.5664062,-240935601337.67188,1298069669739.8528,0.0004897009881631515,-6.95474786071145e-05,0.0007274670868023432,-1.5691322323156315e-06,-3.9108668641026934e-08,-3.3858483723310276e-06,1.8241667292253985e-05
elefante,1477725.0,200694690.0,162628800.0,29559672930.0,19510094625.0,27104202960.0,4647284183790.0,2575378636575.0,3017640125985.0,5143538926950.0,2302667334.103542,-2577057315.3623776,9206335231.268335,7222190679.093511,22230588757.83789,-96242452503.60254,134247953014.36858,0.0010544936251422944,-0.0011801489821949885,0.004215989721361478,2.7207265745132872e-06,8.37465476723157e-06,-3.625622885876923e-05,5.057357103538122e-05
elefante,4351065.0,647581170.0,477714960.0,110331930180.0,64341425070.0,67528444650.0,20618337305640.0,10290793744500.0,8699402657190.0,10660551706620.0,13950613941.660913,-6758228169.67883,15078852881.593508,44709876162.18681,188850656505.14453,132962993514.73047,-64669690254.01013,0.0007368891773914476,-0.00035697821023534333,0.0007964841936269083,1.1321775498478649e-06,4.782220214467654e-06,3.3669902298960454e-06,-1.637615170205481e-06
elefante,1158465.0,251002875.0,149070450.0,54551702475.0,32292437040.0,21262478850.0,11891935569495.0,7016119768350.0,4606723443150.0,3287720952210.0,167285804.43539003,-6433903.484484637,2080199658.8267653,-191161212.92681047,-766352223.5234375,1469843601.1875,16323120814.759377,0.00012465027891241787,-4.7941178663867745e-06,0.0015500267254680298,-1.3234041261147554e-07,-5.305436595322487e-07,1.0175689182824248e-06,1.1300454264010636e-05
elefante,4450005.0,674150385.0,510506685.0,108763317825.0,79531616715.0,70032761655.0,18466176893115.0,13140212029515.0,11122259384085.0,10918196501085.0,6633378286.584143,2192764682.7385197,11467192530.990198,-20683601896.53397,-1550090439.3203125,9585288062.335938,252961319462.89056,0.0003349760575756196,0.00011073146093603029,0.0005790767207201943,-4.951364776394687e-07,-3.7106995386344675e-08,2.2945837925549967e-07,6.055539906657974e-06
elefante,3508545.0,267251475.0,418155885.0,24727062105.0,31436284740.0,56630048355.0,2534587334625.0,2808931083570.0,4221847053270.0,8532766368225.0,4370090514.304819,-415316720.4858627,6793337080.060323,-14666014452.978924,-74822302999.70898,7242511907.4296875,164187443026.74756,0.0003550065206329118,-3.373846455073071e-05,0.0005518601851344953,-6.36054721716442e-07,-3.244990604996753e-06,3.1410264258075373e-07,7.1206938134784175e-06
elefante,10548075.0,1341769965.0,1258367115.0,231470209305.0,161148771330.0,210264545985.0,45145364204445.0,28234857544740.0,27194295961440.0,40226578603455.0,60790095732.0399,1077933774.2658193,60143524271.23486,235518200964.34802,346624116676.8828,190361562566.0625,792344739533.682,0.0005463694514372396,9.688257237286733e-06,0.0005405581940259631,6.517656265878775e-07,9.592366266018514e-07,5.268005725081887e-07,2.1927097927941172e-06
elefante,1140360.0,240778395.0,132785130.0,51263575905.0,28071552345.0,16405541790.0,11001274238835.0,5984937785535.0,3472469813145.0,2137549198890.0,425037637.4563963,34975754.0406982,943853595.8184261,-2129325556.2966344,964827299.0390625,418407101.3730469,7457434754.975116,0.0003268461986282663,2.6895717566970018e-05,0.0007258062173059216,-1.5333352798157522e-06,6.947757388113755e-07,3.0129651521045464e-07,5.3701265984967685e-06
elefante,3102075.0,445625250.0,392404200.0,65770036560.0,57365447445.0,66120258150.0,9958089835950.0,8594560397865.0,9805182195165.0,12806326307400.0,1754220231.3933372,995043851.9050517,16482175196.609127,5964680078.986897,-11057425956.105469,55006799179.49609,272388041009.04553,0.00018229700265885525,0.00010340407006498611,0.0017128129535100881,3.51930106230212e-07,-6.524140506838152e-07,3.24553009084639e-06,1.6071532913536385e-05
elefante,6502245.0,630631830.0,893594205.0,79429315050.0,87299690640.0,146395870005.0,11375847373350.0,11302395218010.0,14423104547520.0,27050131511775.0,18266362099.26546,632862678.8042653,23590499981.32633,129062144274.06136,263779734535.39062,50693134173.40625,447139895012.95197,0.00043204143887271733,1.4968656641840697e-05,0.0005579695343972673,1.197127901054318e-06,2.4467134164024717e-06,4.702088722624092e-07,4.147487607658503e-06
elefante,1357365.0,165672225.0,144402420.0,21214204035.0,17672950950.0,17674713510.0,2833223581305.0,2274701612910.0,2149899028920.0,2465937029460.0,993197793.9000565,48015713.87375554,2312553072.7879014,1490804311.7406085,6120839623.064453,-17591869992.27246,93584770613.84418,0.000539066635721593,2.606094123312223e-05,0.0012551580486100547,6.945108320079114e-07,2.8514737888289208e-06,-8.195404432821344e-06,4.359769849766797e-05
elefante,1347675.0,148216710.0,167679840.0,17109650340.0,18357976065.0,21851375340.0,2065302733530.0,2109695527725.0,2382265099635.0,2977080694770.0,808841077.2147595,-83379764.94891116,988386308.9460748,5678855814.351494,-773897458.7753906,-191168069.14941406,12345104159.739815,0.00044534117921529303,-4.5908206063059324e-05,0.0005441972925781863,2.6933817429193043e-06,-3.67045995619333e-07,-9.066766336538261e-08,5.8550664509303845e-06
elefante,5265750.0,457206585.0,479329875.0,48411868575.0,41251108260.0,59650860465.0,5800870938165.0,4256656664160.0,5047462421910.0,9035712400635.0,8714226004.167307,-367421908.96489656,16018494882.221546,84187060424.577,-86367497653.0625,-64921115121.06836,689564978235.9713,0.00031427392270746876,-1.3250875587096785e-05,0.0005776984921090905,1.323106351882974e-06,-1.3573746863792937e-06,-1.020317604092695e-06,1.0837387576413203e-05
elefante,5185170.0,662763105.0,696881340.0,95930534625.0,88022884155.0,109042744020.0,15099599362995.0,12959668118835.0,13577047951755.0,18482719906170.0,11216835103.240631,-1051773130.0958989,15382632193.349075,-29591756094.349712,335579291376.97656,-77969235311.375,-307327911199.7424,0.0004172000349365459,-3.911975014186992e-05,0.0005721430893307119,-4.833516879632138e-07,5.481351509366218e-06,-1.273549341809763e-06,-5.019893519092907e-06
elefante,1910460.0,140169675.0,199549995.0,12139807695.0,14915182305.0,24261507075.0,1147011728295.0,1340326843245.0,1856784801375.0,3494105785905.0,1855615516.3594499,274280142.48331535,3418254400.513213,-15972551342.768826,32060728435.010742,19430047108.88672,245878179689.2227,0.0005084076738071796,7.514818020331327e-05,0.0009365446413466169,-3.166134936475006e-06,6.355189613015746e-06,3.8514918279885344e-06,4.873883189509146e-05
elefante,4265385.0,366042300.0,408988125.0,39701699190.0,32195693100.0,52053572535.0,4946435244870.0,3288592274460.0,3719644511610.0,8055411247395.0,8289068117.004242,-2902417374.831115,12837584672.001553,116671834949.08018,-20067658499.353516,-190835066137.1504,602360139534.2898,0.0004556057892236063,-0.00015953037664192244,0.0007056134433512154,3.10506313382082e-06,-5.340735972451584e-07,-5.0788172549213445e-06,1.603100065553425e-05
elefante,5026560.0,758835630.0,494875695.0,131200188720.0,78664598100.0,61967603805.0,24427819487700.0,14039239657470.0,10266735613950.0,9270991753275.0,16642416932.237207,3955590391.5447392,13246022146.42375,-403694656854.902,-72015441548.16406,132911137317.94531,561948226115.7275,0.000658680271873289,0.00015655594768059994,0.0005242563928166852,-7.126492361856241e-06,-1.2713011812617552e-06,2.3463035460546292e-06,9.920170290021435e-06
elefante,5298135.0,386297715.0,597685830.0,37783012125.0,43258083720.0,90321472260.0,4297522847115.0,4423670865420.0,6294849788730.0,15761498288550.0,9617266138.115707,-320396333.241081,22896170454.215725,140258617889.67123,208067786415.8086,-218382820999.5703,406416283648.4881,0.00034261438555406923,-1.1414095364597788e-05,0.0008156743568343554,2.1708109546208906e-06,3.220307150113582e-06,-3.3799550235108306e-06,6.290186898707627e-06
elefante,9155520.0,891043950.0,1065462420.0,117524101140.0,109077055800.0,164226029220.0,17583844709820.0,14878592876220.0,17182756526640.0,29151551006850.0,30804906508.607952,5382908084.374995,40234145806.25,149969796149.71207,154106602045.94922,-53094885124.24219,675549290459.0286,0.0003674970554900808,6.421713600814805e-05,0.00047998620316616635,5.912841833994959e-07,6.075943202339621e-07,-2.0933659042943134e-07,2.6634803861200184e-06
elefante,5302215.0,883572705.0,496097655.0,157775923815.0,85987383630.0,66428997105.0,29872883213865.0,15783766461390.0,11647743728940.0,10601651020965.0,10535435637.697304,3316585299.01818,20012002830.62618,69462092955.97078,-83782158972.17188,-42757135586.015625,641457962017.6925,0.0003747467113232631,0.00011797133752902849,0.0007118293448573637,1.0730118787972863e-06,-1.2942203147464413e-06,-6.604885115716529e-07,9.908886756843955e-06
elefante,8611605.0,1204773255.0,1120378200.0,208330721355.0,157644482025.0,172680823500.0,40061190331665.0,27641785235685.0,24500795427225.0,29882272361550.0,39781583771.08909,902307848.9850639,26918528197.876858,-215489523165.9776,285287657720.8281,107771142952.90625,412075511436.6037,0.000536430998928102,1.2167084738428296e-05,0.00036298034422036906,-9.901840058988794e-07,1.3109095588741748e-06,4.952132265252413e-07,1.8935054226875162e-06
elefante,1792650.0,246927720.0,182362995.0,35412440580.0,24939845835.0,21890113155.0,5258379197460.0,3555898817475.0,2986349958795.0,2975243014575.0,1399499456.8591692,-179658009.99004683,3338660308.44879,-5037326737.040746,2950032795.794922,7659312907.0078125,69130397997.64824,0.00043549354618553697,-5.5905633609027794e-05,0.0010389178860407188,-1.1707424287497085e-06,6.856272663125253e-07,1.780127250703647e-06,1.606683351649064e-05
elefante,2898585.0,496479390.0,233076630.0,89262411870.0,41706599970.0,23836868580.0,16681148248200.0,7765932313110.0,4437735296070.0,2926415402670.0,4223751732.4597583,1784450684.864083,5095063370.852469,-54934758657.64966,-22995083997.347656,67899160104.62891,190288154854.68576,0.00050272016055393,0.00021238921973120234,0.0006064255756660538,-3.840450040219431e-06,-1.6075700234311602e-06,4.7467821562619425e-06,1.3302910030409252e-05
elefante,3191580.0,322760130.0,312033045.0,37776135030.0,31643265180.0,36493442955.0,4907398592310.0,3708479173920.0,3720713929080.0,4803364465725.0,5135843538.7583885,87789156.05704595,5986728045.1522045,48387911193.12703,-2558030406.7578125,13015977699.083984,64873157089.8008,0.0005041970668495946,8.618454719487944e-06,0.0005877302720794492,2.6590257168288327e-06,-1.4056958583831727e-07,7.152575628528234e-07,3.5649274535776755e-06
elefante,4213875.0,304904775.0,391010625.0,30502997235.0,25720760130.0,47058917115.0,3466351317135.0,2501556897750.0,2845968477990.0,6733119137625.0,8440899565.325266,-2571727577.450831,10776562070.559763,37713620409.42285,43313125330.85156,-81821957159.39453,366523751174.0312,0.0004753630660521049,-0.0001448310451755352,0.0006068997205471079,1.0346515294366563e-06,1.1882707330068543e-06,-2.24473843129938e-06,1.0055368739733129e-05
gatto,169065.0,21072690.0,18967410.0,2635202640.0,2365962675.0,2139187860.0,330619425840.0,296089364055.0,267035533605.0,242515980810.0,8649161.538461437,1816630.3846152932,11233273.846153725,4984532.683616054,-6998195.267944336,-5877522.024047852,-125001.41662687033,0.00030259837448604206,6.355638046324737e-05,0.00039300577181812594,4.241213898441774e-07,-5.954588909001366e-07,-5.001036141005972e-07,-1.0636057162698499e-08
gatto,6096285.0,1026100875.0,949735515.0,186783834885.0,161151387630.0,169252174845.0,35914783812555.0,29603084838390.0,29136596227380.0,32362662175185.0,14074880878.45905,1295927630.9882226,21293615090.60609,-261928985676.90506,67925873484.6875,245003774575.375,-639634539923.1735,0.00037871647994432183,3.486986177066505e-05,0.000572952838609496,-2.8544366319859804e-06,7.402391951133836e-07,2.6699899108739575e-06,-6.9705773766190344e-06
gatto,8947185.0,1306016160.0,1135020555.0,238150902030.0,169623080505.0,196044926415.0,47365641675060.0,30810940024665.0,29225889452175.0,37857832359165.0,47512370449.26867,3944692636.3945303,52058671489.846664,-1267841792987.1587,-551978441262.5312,-391521659245.03125,-220104511305.9217,0.0005935179579379218,4.9276554634240025e-05,0.0006503097215199141,-5.294793419804531e-06,-2.3051865262974606e-06,-1.635082797039914e-06,-9.192061064543957e-07
gatto,5883105.0,816638265.0,826792365.0,128190394395.0,120008347860.0,137480241255.0,21591053789625.0,19670621469690.0,20459767230480.0,25586881618395.0,14832217741.309437,5240672887.5412855,21285542227.480827,-320894814577.8542,200238503424.17188,-96983388798.07031,283056273594.1712,0.0004285415076555575,0.00015141672671792073,0.0006149949061242253,-3.822488611901669e-06,2.3852345511099865e-06,-1.1552629783436827e-06,3.3717571403090938e-06
gatto,8017200.0,974823435.0,1068408180.0,142476815805.0,137335968630.0,178637486310.0,22802416598565.0,20890780648980.0,23924454757020.0,33826326794190.0,23946564666.797237,7426607255.742372,36256600328.4962,-344952038960.09814,97653739673.42188,224247214755.28125,356855112286.8371,0.0003725613370048059,0.00011554336779025883,0.0005640812234066493,-1.8954045631115716e-06,5.365770393469793e-07,1.232168957149972e-06,1.9608082626130037e-06
gatto,341190.0,67575255.0,38290800.0,13456243155.0,7571279460.0,4351767270.0,2694060344895.0,1504883691360.0,859123669650.0,500546766990.0,72453805.03363241,-12502521.16591921,54497817.08520161,249766499.19271988,-320427423.12402344,29558169.640625,-72184945.89522816,0.0006223986047062285,-0.00010740018036825089,0.00046815160773985127,3.673190496471016e-06,-4.712365226049365e-06,4.3469715981904794e-07,-1.061587755394039e-06
gatto,6321450.0,896636610.0,1063906155.0,156619497540.0,146546186130.0,187824619935.0,29925652625460.0,25365104579760.0,25253681155740.0,34516809991665.0,29440256955.594204,-4358623395.873724,8768184046.57505,-640942020160.0305,242348754130.1953,79694494979.78125,-45643110080.674904,0.0007367297063912348,-0.00010907266670788485,0.00021942001620301978,-6.379358030419953e-06,2.4121206321231976e-06,7.932070304933242e-07,-4.5429029720004165e-07
gatto,7508220.0,826314750.0,723013740.0,112924506510.0,76653730065.0,96302922600.0,17290604397780.0,10242530656695.0,9982265078055.0,14894218901880.0,21984701061.096996,-2917315777.3787527,26679380904.526554,23695478231.2618,10447995966.105469,-54468878936.28516,482353748849.1647,0.00038998381699340744,-5.174989366812369e-05,0.00047326214585558375,1.5339916813326397e-07,6.763796342146799e-08,-3.526192059274033e-07,3.1226491019625662e-06
gatto,704055.0,130330755.0,95797380.0,24309778575.0,17794807035.0,13541476140.0,4567449534255.0,3330516350415.0,2524627633365.0,1972432986600.0,183672377.51539344,61327601.68598369,506787067.6059409,-642610294.8246086,96367423.21484375,1215604095.8554688,-8002749434.226155,0.0003705362257659116,0.00012372082493512158,0.0010223800107446274,-1.5450097026160408e-06,2.3169346193508609e-07,2.922642444047843e-06,-1.924078344692425e-05
gatto,4454340.0,656004075.0,490404015.0,107574277815.0,76049737830.0,63980361135.0,18679886379195.0,12885848715810.0,10283887297980.0,9272297328795.0,10962580814.63505,3826460703.3412547,9988950975.8922,-391886315672.6832,-84693582182.48828,18752393853.19922,28847275546.84904,0.0005525175540760846,0.0001928548344889667,0.0005034463010405283,-9.358401838779995e-06,-2.022516590988767e-06,4.4781465975934587e-07,6.888844691043223e-07
gatto,6769740.0,764467815.0,869533425.0,107913541035.0,93005084100.0,133151275065.0,16966441919505.0,12652435036500.0,13635221876700.0,22849777410435.0,21586586060.233738,-5186326128.342049,21464803030.293995,-94911911143.14265,-37102838458.19531,-68479664321.66406,233220254303.39465,0.00047102069058758847,-0.00011316596833643433,0.00046836337707335297,-7.959590864925322e-07,-3.1115527071123396e-07,-5.742905226571775e-07,1.9558533626714144e-06
gatto,4072860.0,756236415.0,514045065.0,143606489775.0,95578804200.0,83109342195.0,27875932325085.0,18191093926710.0,15434588353320.0,14976776404695.0,3190783030.340896,132460082.09709854,18230527590.31085,26600494873.345547,16997678362.859375,-30340934104.085938,-114479541010.79286,0.0001923527101846968,7.985204741402369e-06,0.0010990065312333488,7.945861876154143e-07,5.077394429300999e-07,-9.063172423387333e-07,-3.4196304423973986e-06
gatto,9245025.0,962683905.0,1175623695.0,145891128105.0,119277654540.0,197247826185.0,26099377675185.0,17709588764010.0,19921459647840.0,37246071242655.0,45646910166.59,-3139971103.31939,47752170711.33141,1401323059898.3198,-188412355928.2422,180630531295.4922,18872289468.840878,0.0005340663383928024,-3.6737489212060494e-05,0.0005586977709780428,5.392225476621038e-06,-7.250019177021013e-07,6.950578211264291e-07,7.261968563011778e-08
gatto,6353070.0,489014520.0,1051114080.0,49220924160.0,81750292410.0,194250293280.0,5612317880640.0,8340591094350.0,15308327406990.0,38604629625060.0,11580035460.39014,842944104.937782,20343692349.387497,40939387006.1933,67231879212.41797,77380044079.67969,-265759217813.81232,0.0002869079670552105,2.0884856554724666e-05,0.0005040370933512462,4.0242248100054006e-07,6.608701696216631e-07,7.606237317076849e-07,-2.6123372039063087e-06
gatto,5169105.0,610773960.0,479693505.0,97877826570.0,64533933750.0,59965586565.0,17611158900180.0,11277696421890.0,8606155855020.0,8680225059615.0,25709660085.84431,7854043975.052539,15449977240.139118,-29575720633.904842,338578572579.64844,62996732568.046875,247892989028.1432,0.000962200607139696,0.00029394266030994263,0.0005782253608612089,-4.868519906892061e-07,5.573411180931499e-06,1.0370021084967164e-06,4.080617229251765e-06
gatto,4371465.0,672921285.0,722349720.0,114697041855.0,110586276105.0,139736563620.0,21103149916005.0,18797648801295.0,21348633898935.0,28705722566220.0,11110931522.182224,-608598336.8153255,20374034585.89394,26543921064.37218,32246694891.242188,39423765427.66406,-1117923273664.524,0.0005814286927815606,-3.1847602939241945e-05,0.001066161579010075,6.643509544185451e-07,8.070820613083779e-07,9.86712404890168e-07,-2.7979792134877536e-05
gatto,8404800.0,997212435.0,1205422995.0,140177524155.0,147146277120.0,204328300005.0,22289885799045.0,21417980139900.0,25344782248170.0,37909429198905.0,21860295842.770176,4125289107.323574,31445590496.770164,470748176584.3455,334695565586.3672,-81659581424.78906,-415397936494.5469,0.00030945768204910346,5.8398221786050414e-05,0.0004451485751055907,2.298635913851907e-06,1.634298942687363e-06,-3.9873897746155654e-07,-2.028363916976863e-06
gatto,6651420.0,898207665.0,1008101700.0,138217883325.0,141742353840.0,177153147630.0,23315772759135.0,22996039570680.0,25595856774600.0,33707956521960.0,16923932640.07073,5608314185.380305,24363361758.277878,80016442273.17012,532784396836.2578,-26915085991.359375,-526820728405.15485,0.0003825362041940713,0.00012676623489528264,0.0005506916227231961,7.012829944817849e-07,4.669448261033011e-06,-2.3589016912695391e-07,-4.617181262693062e-06
gatto,5783145.0,922253400.0,840951750.0,158627191080.0,134923595700.0,134167648200.0,28944278267490.0,23361648628740.0,21695878321350.0,22955500269930.0,11553006737.127745,814800109.8064336,11881271872.229824,-37195617923.145805,35116390746.82031,62842165601.22656,-9801705643.713186,0.0003454354174786119,2.436255967791288e-05,0.0003552505596807926,-4.6246787943714954e-07,4.366160227724702e-07,7.813415850460345e-07,-1.2186849626429875e-07
gatto,2757060.0,262893015.0,350718585.0,28172844975.0,34976765940.0,50088250815.0,3379728178215.0,3948722109720.0,5202298782480.0,7740688343055.0,3105295724.7877355,1534814648.7028298,5474232308.183961,101175927731.70784,72228879255.78711,35770917111.740234,-23636868995.88825,0.00040851737298751707,0.0002019126369530225,0.0007201629731466457,8.016072781407871e-06,5.722625589055593e-06,2.8340958314292275e-06,-1.8727267092433419e-06
gatto,5881830.0,629907120.0,796207410.0,84445050300.0,86107766835.0,122849502780.0,12678535547730.0,12049024631685.0,13745684400795.0,20589642284670.0,16985946615.144367,838944622.2262187,15069060343.052961,-3176752415.8400054,438235273894.1875,362141466168.5078,-119878296850.28209,0.0004909811497457699,2.424981100708343e-05,0.0004355732854019479,-3.786188207981291e-08,5.223073784618129e-06,4.316155524086382e-06,-1.428760364403161e-06
gatto,1809225.0,123706875.0,288203550.0,10782243285.0,18958785390.0,51841726440.0,1098416862795.0,1625062751010.0,3339274512840.0,10102369594830.0,2323709425.327697,-747310056.6173332,5931855510.401693,43404199854.926476,9682680438.205078,32652533837.035156,-45695588055.77715,0.0007098991547948152,-0.00022830512790449065,0.00181219698439932,9.858260816765972e-06,2.199197070427949e-06,7.416268378859026e-06,-1.0378696686841854e-05
gatto,8669490.0,1019660085.0,1375353720.0,163304487015.0,163692702075.0,252751663980.0,30207188076165.0,26510028977505.0,30133753096605.0,50174534765160.0,43377399153.752426,1930788624.4664338,34561452662.16717,796522382221.6932,148740147982.97656,-206188216220.25,-888605773223.9303,0.0005771336660174888,2.568902559587373e-05,0.0004598380324072733,3.5992673679224103e-06,6.721161550311266e-07,-9.317083045698051e-07,-4.015367093127302e-06
gatto,10036545.0,1220793885.0,1317837195.0,194118378975.0,149170974060.0,202558934565.0,34726387531185.0,23177206556520.0,21513007159290.0,34279577471115.0,45627268771.89792,-11123986913.278404,29521811478.771835,15088829215.205647,394841744200.58594,-203978242264.4297,-69850605014.29195,0.0004529559830440497,-0.00011043125225975638,0.00029307213645547297,4.728190353212941e-08,1.237264269711292e-06,-6.391801137016608e-07,-2.1888176483688926e-07
gatto,3438930.0,457329240.0,509762085.0,66245503950.0,68043815460.0,79610193435.0,10245198523050.0,9878086865760.0,10671370054590.0,12983151295275.0,5427158197.40324,252640032.21712244,4046752683.5025244,-7991347760.654695,-8862145497.164062,9436872165.097656,-17410031510.39394,0.0004589081911285715,2.1362668264746257e-05,0.00034218423093312564,-3.643860068935503e-07,-4.0409226415103637e-07,4.302984013203692e-07,-7.93855060744297e-07
gatto,1242105.0,63200475.0,231204930.0,3824016975.0,11207632500.0,44940551280.0,259404338835.0,657266122020.0,2084244569070.0,9039784578000.0,608266261.3118457,-556478745.2987067,1904157693.060975,2932363832.219496,2094349131.941162,4756177226.068359,-34310047752.297836,0.0003942549076733062,-0.0003606882220899966,0.001234202130254747,1.7053835883566616e-06,1.2180168772570406e-06,2.7660641887379383e-06,-1.9953796902553776e-05
gatto,1147500.0,178310790.0,157077705.0,28599548460.0,24117059775.0,22519305255.0,4702925155230.0,3826989435795.0,3417617153805.0,3342485486865.0,891715928.0399985,-291349523.4200013,1017426903.7433308,-18306411405.88187,2632216833.0859375,-1908842959.171875,-18656956481.71598,0.0006772065278140874,-0.00022126306476236685,0.0007726767226229842,-1.2978409786260533e-05,1.866121543357534e-06,-1.353282497179701e-06,-1.3226930238568794e-05
gatto,8196210.0,895355490.0,1271898435.0,141748448850.0,150386611080.0,250242417315.0,26605571812680.0,24992979098190.0,30171496157370.0,52141117278855.0,43939650213.41797,11444191778.925718,52867578339.97994,1520994188222.0415,495940816869.66406,-716880470457.6406,-3099941608031.2764,0.0006540793541715438,0.00017035660346447604,0.0007869792164769649,7.90851352392909e-06,2.5786782669215597e-06,-3.7274691379867693e-06,-1.6118358847356026e-05
gatto,1390515.0,206683620.0,192614760.0,33938452350.0,29712064245.0,29010961890.0,5881438526550.0,4962597810165.0,4559033636655.0,4607777493810.0,3217375068.3422003,1082156719.9238985,2329879147.37759,-119560844863.42102,-60271407879.45117,-52904628583.63281,-56305732486.56984,0.0016639885588691588,0.0005596787326957746,0.0012049861027802911,-5.243844201152616e-05,-2.6434563344295926e-05,-2.3203552143624243e-05,-2.4695249446307854e-05
gatto,2988090.0,355594440.0,295275975.0,44867441250.0,35015239065.0,34311935295.0,5919021638310.0,4411622442585.0,4076955763845.0,4465019823045.0,2550306973.952896,-123761090.81156942,5133462955.746287,-27373084067.303925,7384300732.810547,18160324942.939453,59842366162.25148,0.0002856308486896747,-1.3861070751211217e-05,0.0005749407407588024,-1.7735341114716688e-06,4.784374755436408e-07,1.1766286795642458e-06,3.877256849793627e-06
gatto,381225.0,65238435.0,41957955.0,11201800395.0,7213662615.0,5035870815.0,1929804213555.0,1244845517895.0,869508488295.0,639510502365.0,37649562.160535306,33463729.82608708,417941802.5217393,-28100642.019708317,512434758.7265625,361737234.2753906,-6739894978.394008,0.00025905810468149925,0.00023025634102610818,0.0028757628247252855,-3.131574944695016e-07,5.710644796277134e-06,4.031250455507717e-06,-7.51103345945315e-05
gatto,10327755.0,1340358030.0,1536322470.0,243121677720.0,198004912260.0,268436096370.0,49322759938470.0,36239495677620.0,34389292636110.0,51711199454850.0,69167159183.7372,-1382288475.6810942,39897877577.34844,-183411291143.29422,432316526969.8281,-37666138663.546875,-90612097331.05524,0.0006484673062087806,-1.2959457852638217e-05,0.0003740571320458983,-5.350707998032917e-07,1.2612088842076973e-06,-1.0988446139043809e-07,-2.6434516156860975e-07
gatto,1707480.0,218753535.0,222003000.0,28725525855.0,29129815605.0,31429963800.0,3863962333065.0,3912750779265.0,4190859013395.0,4719856350960.0,699950694.5318094,687935740.7526876,2565595251.6129045,4447900670.931379,1648062587.46875,-14673867037.375,-33748926278.408913,0.00024008011915665006,0.00023595904097573238,0.0008799882884993263,1.1675245370844778e-06,4.325981292918095e-07,-3.8517271601892595e-06,-8.858718403450027e-06
gatto,1333905.0,162705300.0,121733685.0,22515997140.0,16165680885.0,14345345535.0,3539119295490.0,2451050473455.0,2044786657275.0,1903568812425.0,2669745234.43701,1317010448.9265912,3235791208.6580005,141399466830.4402,74925889100.69336,54605333163.828125,3792329081.035383,0.0015004447871442344,0.0007401835340753432,0.0018185727943969443,6.880745911253576e-05,3.646025099195417e-05,2.657191227957051e-05,1.8454138055381104e-06
gatto,3490185.0,345728235.0,486995430.0,36739977465.0,47455392900.0,79139824260.0,4110860538345.0,5021027277750.0,7641323809620.0,14107207421730.0,2493078668.456195,-785050075.6491624,11187968171.888653,-22416906385.65115,50123681041.978516,21028564154.382812,-57575100403.81013,0.00020466288292139565,-6.444666738876333e-05,0.000918447479842043,-9.850415706714984e-07,2.2025300303270885e-06,9.24035168245091e-07,-2.5299595919997403e-06
gatto,8576925.0,625088895.0,1057821090.0,70707384045.0,71696117985.0,178341633780.0,10522532888025.0,7254158516535.0,11659095335205.0,33989734841550.0,25150715815.731236,-5398203844.303104,47876990746.65318,1703373704930.9895,-679576185527.8203,-6939641524.894531,184598092350.30362,0.000341890572247053,-7.33814104917304e-05,0.0006508240912014859,7.906438690532106e-06,-3.1543444816996665e-06,-3.2211281700554524e-08,8.568369321023362e-07
gatto,5435325.0,616966890.0,963956865.0,80881087680.0,108779414700.0,184347903015.0,11725661265270.0,14319738843510.0,20883154210470.0,37303164123915.0,10848818522.907804,-639887566.7825572,13389802518.593943,81890787101.24892,120716552525.02344,184685512548.5625,-140376193775.16733,0.0003672242982840604,-2.1659709967149236e-05,0.00045323468391237205,1.1889709723854363e-06,1.752681613149445e-06,2.681445877041987e-06,-2.0381196166336726e-06
gatto,10856370.0,1315902000.0,1533871410.0,199227111960.0,188968499190.0,260526435990.0,33550143323520.0,29066731913880.0,32600611231200.0,49110035682120.0,39726461779.13843,3047748869.052926,43809291823.45186,-228699521608.8584,179557950862.70312,160949734556.73438,-78568994667.47003,0.0003370626368871477,2.585889163963398e-05,0.0003717037652199262,-5.889164229166275e-07,4.6237362187908836e-07,4.144562318177639e-07,-2.0232036764317306e-07
gatto,6115920.0,699330615.0,897152220.0,99647723175.0,110113112130.0,144310340010.0,16105738541685.0,16315907200020.0,18455218017960.0,24574316932620.0,19682107359.835938,7527399144.673957,12705919767.26819,210287976565.98596,-23001322456.96875,-254491156946.32812,-322449238556.10864,0.0005261965599717327,0.00020124326440492575,0.0003396898081379579,2.2733167523218697e-06,-2.4865564128235597e-07,-2.75117493568313e-06,-3.4858353185638103e-06
gatto,5324655.0,632455845.0,583113855.0,86845067715.0,67814575050.0,74473528515.0,13043562014175.0,9261676061400.0,8507191148070.0,10654830513615.0,11722755400.931952,-1446957555.4425035,10615538111.309803,-56614622888.24725,94830754761.98438,-21762635928.214844,174023586254.51782,0.0004134726197532765,-5.103555526485233e-05,0.00037442002352323006,-8.653662120149846e-07,1.4495076862542534e-06,-3.3264638808660147e-07,2.6599864832729845e-06
gatto,4209795.0,513656190.0,696088545.0,77291667900.0,85151270250.0,123435756705.0,13053809769300.0,12613859264310.0,15234069731640.0,22717479213645.0,14618145430.303473,218348355.3843392,8337690770.621494,55850147643.72333,-219581940730.4297,100905271883.04688,-449862274508.4885,0.000824841270030959,1.2320491379914435e-05,0.0004704612823257475,1.5359318830703708e-06,-6.038711049893499e-06,2.7749904126255902e-06,-1.2371638027098315e-05
gatto,3979020.0,514052970.0,639758790.0,70788596190.0,84308447820.0,115383537300.0,10291910471610.0,11845352293680.0,15400097582700.0,22378675948110.0,4377656821.5573,1657466904.320695,12521196979.45271,15565267231.847284,35490012515.66016,-39384521063.5625,-199427169446.71204,0.0002764963920775664,0.0001046869678719165,0.0007908490615944646,4.928517194735648e-07,1.1237400188474358e-06,-1.2470540105539802e-06,-6.3145734607405875e-06
gatto,2774655.0,290316480.0,416222220.0,33160977240.0,45502934400.0,66693522120.0,4059784459860.0,5380675436940.0,7524237183420.0,11220033940500.0,2784711160.2205667,1952954381.516403,4256593412.925281,7362349946.941601,-2438949348.4257812,-39930108422.59375,-61622105507.80231,0.0003617113810937189,0.0002536729254517642,0.0005528969410320024,5.74108503629104e-07,-1.9018677065650357e-07,-3.113708932806997e-06,-4.8052286346773634e-06
gatto,2730030.0,537277605.0,378704070.0,107712657135.0,77036946105.0,67891669200.0,21979370244255.0,15957435898725.0,14095281462645.0,13689536103540.0,1974908892.476655,2506916862.3351436,15358630136.486088,3880197125.453259,29024041346.828125,38500890613.13281,10710988153.901062,0.00026497946954890864,0.0003363605799312249,0.002060713626875359,3.15090450322054e-07,2.356890117295189e-06,3.126455324012711e-06,8.697831506208939e-07
gatto,7361850.0,869615280.0,1222123965.0,120613163490.0,148873641255.0,228267823425.0,18567147663900.0,21255407732385.0,28444416031935.0,45914670560805.0,17890242592.470383,4510787621.988566,25385805205.75877,93216983068.38217,167021351594.26562,-17270974787.109375,-408030835126.7172,0.00033009755003228817,8.322972341141339e-05,0.0004684001382711686,6.339100429059832e-07,1.135807110145018e-06,-1.1744903136688342e-07,-2.774760946858764e-06
gatto,5296860.0,755791695.0,962003055.0,120431177895.0,138425873310.0,188622279315.0,20789777065815.0,22368966861360.0,27281820792600.0,38880585049485.0,12589723480.31411,1160791821.4146261,13905583417.933998,13071438397.169647,165284927395.97656,-53718140860.03125,-427540217430.30774,0.0004487239011178619,4.137303216431596e-05,0.00049562388311165,2.0243105784823234e-07,2.559687899870349e-06,-8.31906921757828e-07,-6.621109005556767e-06
gatto,4369170.0,572938845.0,562564935.0,82633485675.0,75927623685.0,80037483675.0,12847500707325.0,11203927520085.0,11059256867625.0,12242567623815.0,7502758303.454825,2157249884.8502965,7602832221.393433,43884186487.01896,-1552242063.1523438,8240373425.875,-20735344501.210438,0.00039302761880988376,0.00011300627730873204,0.00039826993264721947,1.0997923499321525e-06,-3.890111867068165e-08,2.0651401745916595e-07,-5.19653549061109e-07
gatto,6897750.0,830732370.0,1247590305.0,130299654180.0,150801822990.0,241642947255.0,23041736439720.0,23290104930120.0,29050290594060.0,48883459709745.0,30250178544.348244,547950225.4502745,15992326526.502567,62685943939.35703,-409070203609.3203,-250257127257.79688,-607336756447.924,0.0006357890480068641,1.1516651106155731e-05,0.0003361218527286896,5.016508416940874e-07,-3.2736272130018442e-06,-2.0027089111120084e-06,-4.860276098874726e-06
gatto,6959970.0,781126200.0,955407225.0,114610762860.0,103548999030.0,148056479985.0,18763700337900.0,15250938712470.0,15672453256530.0,24781123897905.0,26943985513.770058,-3677557279.4086623,16906063304.726856,-147124810252.28384,343593104182.6094,65537421280.375,-184297036527.7235,0.0005562206407511114,-7.591799161657821e-05,0.0003490018712758084,-1.1512443097394356e-06,2.6885989207234867e-06,5.128270561209217e-07,-1.442115128240847e-06
gatto,5352195.0,736001400.0,867584205.0,113340592560.0,124398009405.0,160965815205.0,18597576404370.0,19305551281455.0,23168876562045.0,31833493748685.0,12130143239.308207,5093090675.789458,20331486155.800175,-324462051563.00415,-467560801683.3203,-617333655055.9609,-850283901924.4489,0.0004234499377117217,0.00017779418485631943,0.0007097497841873231,-4.895917487968067e-06,-7.055182862286844e-06,-9.315156034858616e-06,-1.2830220992303862e-05
gatto,6587160.0,878071335.0,843401790.0,129445516125.0,117778778055.0,127055255520.0,20614458771195.0,18104750277225.0,18358472951115.0,21142689828660.0,12398219665.117098,5352947243.741478,19068417584.500614,53938040016.764404,103803120591.15625,51198130478.07031,-8049637353.573662,0.00028573464533682743,0.00012336629963901943,0.00043945886448289076,4.843392110887364e-07,9.321050879869458e-07,4.5973606229035323e-07,-7.228210376514469e-08
gatto,6253365.0,1069016610.0,818857275.0,198070581900.0,133828405890.0,130043289165.0,39034616141730.0,23626282519050.0,20630315097810.0,22812659243745.0,15321531995.52584,-6155751150.943191,22816662089.749207,-64122919750.0945,-205740159544.42188,11484610490.117188,-191606920872.70844,0.00039180920535761147,-0.00015741767647873368,0.0005834780911535706,-6.557357215257455e-07,-2.1039461785500597e-06,1.1744426759619038e-07,-1.9594164301541608e-06
gatto,3246915.0,325361385.0,504100575.0,36459765105.0,51806209275.0,85845709455.0,4486774947615.0,5977642482375.0,9064861179315.0,15655730112495.0,3856499898.144193,1292148617.0226984,7581452547.957271,60384984353.69618,58109916503.66797,61353343033.61328,-26386812361.17522,0.0003658065564643209,0.0001225661736074898,0.0007191352580873856,3.1787154978600094e-06,3.0589540453901606e-06,3.229690699332448e-06,-1.3890236172009151e-06
gatto,2493645.0,252685365.0,361289100.0,27245409465.0,36656465730.0,60213332070.0,3134807830455.0,3983757575130.0,6135534627030.0,10965529909380.0,1640363965.2663853,46415741.32017326,7868345602.8765745,41541479458.62785,26928667320.027344,20563652898.177734,-38408323317.87945,0.00026379767723535213,7.4644194865803775e-06,0.0012653602113155194,4.230535980313449e-06,2.7423841780292135e-06,2.0941785079912355e-06,-3.911459000915615e-06
gatto,2150670.0,246628095.0,265426185.0,32566351155.0,29690742420.0,36587129445.0,4950363831225.0,3806793657900.0,4042145137800.0,5435607040455.0,4284272898.7686753,-747006918.4236414,3829402930.167773,233219279329.26862,-41075406138.978516,30900435689.88086,-25030718872.105,0.0009262528822974273,-0.00016150168946634517,0.0008279107296282503,3.438191055970015e-05,-6.055463957076395e-06,4.55543820905684e-06,-3.690106323888758e-06
gatto,7118070.0,887946720.0,1036481925.0,130061637690.0,133963957260.0,180178545915.0,20833289795850.0,19656229018770.0,23429096035410.0,34454100431955.0,19294340155.8709,4667571351.595625,29253536628.53533,-205067047592.61374,-446923373046.08594,-406670617453.35156,-301574916739.89606,0.00038080743719936155,9.212265721382793e-05,0.0005773695406287586,-1.51701628291249e-06,-3.3061871328638848e-06,-3.0084109353561077e-06,-2.2309486803616476e-06
gatto,11596635.0,1515695265.0,1626139080.0,258534643485.0,202202437425.0,284056362600.0,48697486742475.0,34123342304985.0,34952457726615.0,55197792512100.0,60431302615.564995,-10336053593.080364,56030878698.57115,-890226713459.9,572172303929.5469,724669887765.3281,-347902874836.1776,0.0004493636924201743,-7.685830036109636e-05,0.0004166423931270975,-1.9438853733153736e-06,1.2493866515216688e-06,1.5823780324837086e-06,-7.596753720184536e-07
gatto,5122950.0,564933885.0,713161560.0,75908260515.0,77727877530.0,109435792860.0,11296175454105.0,10449937147890.0,11754777732390.0,18124802952690.0,13610113076.279488,-916093370.2548584,10157172014.269787,-76329963139.90756,84856654736.21484,-58209406735.28125,62395544137.423325,0.0005185868488977787,-3.490595350045991e-05,0.0003870192553927541,-1.284975240923877e-06,1.428517660408161e-06,-9.799250958185978e-07,1.0503965423591717e-06
gatto,5096940.0,694687575.0,729133995.0,103019796765.0,100446851355.0,115742965665.0,16228441502085.0,15048723554625.0,16109146061295.0,19816652713665.0,8337334962.549777,1069513808.03807,11437954684.949217,-85319069132.93353,19864692872.164062,27960508345.1875,-13232302953.061893,0.0003209284419852157,4.1168718977600224e-05,0.0004402803765264139,-1.4546962036708195e-06,3.386944278916124e-07,4.7672865815117247e-07,-2.2561170752636726e-07
gatto,4355400.0,647600295.0,559794105.0,107555103855.0,79730648295.0,80541774225.0,19216085194965.0,12699726919575.0,11156907075585.0,12555592416855.0,11264030225.921844,-3504606225.1958385,8592139290.722784,-125857124832.36388,-82002669004.79688,82112352365.19531,-5014706708.146909,0.000593796609649432,-0.00018474944162423645,0.0004529447345343323,-3.179125621920241e-06,-2.071370901299637e-06,2.074141480889831e-06,-1.2667048133762546e-07
gatto,4861830.0,511607265.0,670143825.0,65349586185.0,68014704915.0,104921240985.0,9444270236595.0,8711617445085.0,10369653295965.0,17602561667745.0,11513480520.922842,-2504101679.407591,12550107854.95829,144462629815.2769,230985990423.72656,19177737278.76172,-319306501566.40466,0.0004870876208720759,-0.00010593815894575805,0.0005309430250609925,2.7717630040295283e-06,4.431861883756869e-06,3.679577393699668e-07,-6.1264421748347825e-06
gatto,3417255.0,410915925.0,437006760.0,56734677405.0,54565888380.0,62476250520.0,8464650318405.0,7776295748220.0,8107203317430.0,9781487252700.0,7323118297.293482,2016974992.8945565,6590778617.640468,-118716829638.01326,35857343061.90234,78727337074.63281,106185457593.05132,0.0006271064598936682,0.00017272123651964423,0.0005643934290094616,-5.499444468968865e-06,1.6610573881982759e-06,3.646969176585084e-06,4.918940551441825e-06
gatto,9833055.0,1298003040.0,1384382250.0,232229174220.0,180192731310.0,254434312590.0,46645160909220.0,31841757680820.0,32670115550490.0,52059464526240.0,60887521819.06847,-2551326261.3285646,59529045191.916435,-84827985653.88387,-179896651008.0,-197847624926.59375,-524015703131.3899,0.0006297256183454681,-2.6386942012361604e-05,0.0006156756536156953,-2.7978084880059165e-07,-5.933376506282464e-07,-6.525438038927321e-07,-1.7283159216480413e-06
gatto,4363050.0,500355135.0,565577760.0,76490338815.0,67182921945.0,80693343930.0,13661470936395.0,10554315567825.0,9612369724995.0,12463966315380.0,19109547597.64786,2322391706.337226,7378070759.484504,506578294780.7359,106285927980.5664,-243651909852.67578,90946026045.59103,0.00100385277916383,0.00012199866882252154,0.0003875809617642415,1.27400491308687e-05,2.6730082167821327e-06,-6.127655555587228e-06,2.2872216437532128e-06
gatto,9248085.0,1291694850.0,1188136800.0,211867245720.0,159748314135.0,182768637780.0,38436805902330.0,25627902920145.0,23944372606335.0,30899211781680.0,31454156359.7138,-6200656452.47621,30124165382.283073,58463386870.56955,140619948372.03125,10028152185.5625,-322106291439.0817,0.0003677684046887529,-7.249933857615462e-05,0.000352217879205685,2.2477832945772377e-07,5.406514876305971e-07,3.855594785859523e-08,-1.2384249010032449e-06
gatto,9515580.0,1109435385.0,1607115825.0,170936123955.0,188968281675.0,300468063405.0,29773842762225.0,29508550390515.0,35502325291065.0,59803534184085.0,41585430304.15599,1592297862.2983425,29037286199.0461,147137900284.1528,267321473724.92188,-67541788940.34375,-751843831376.0797,0.00045927274133025553,1.758546199674602e-05,0.0003206900574525091,5.267886292169875e-07,9.570743665082972e-07,-2.4181564601665633e-07,-2.6917794840824577e-06
gatto,9152715.0,1127906055.0,1310675520.0,173990729175.0,164010067680.0,212198426970.0,29971646202555.0,25907498285970.0,26986165764180.0,37198884880110.0,34996772856.501816,2493091007.1467905,24508728478.6485,-94988776351.66922,377441431596.6172,122534880301.57812,-207421827644.97836,0.0004177612173535941,2.9760365002496072e-05,0.0002925640111735817,-3.7479815527928706e-07,1.4892743934783765e-06,4.834870903523612e-07,-8.184263589014007e-07
gatto,6574155.0,907926735.0,919763835.0,143641631325.0,125467476600.0,140773863075.0,24718219173435.0,19820469566160.0,19135284499860.0,22987561495155.0,18251987161.185764,-1556935766.7039614,12093369205.611904,-160873509961.6613,154183864255.85938,129294003475.71875,-91419065369.6443,0.00042230894073400104,-3.6023907348886926e-05,0.00027981270718773393,-1.4517261142335995e-06,1.3913586033339012e-06,1.1667519488089895e-06,-8.249676691182367e-07
gatto,8608545.0,1191495915.0,915278130.0,204280294215.0,127735126830.0,120631060410.0,39135800994705.0,22461743496570.0,16823116251540.0,17714887117290.0,39367116034.286835,1052841614.1082231,23316815638.520393,-35818826360.95223,450799876055.85156,-97130027956.42188,-69037369640.28276,0.0005312196021687765,1.4207037744552798e-05,0.0003146369552839381,-1.647354120754737e-07,2.073286896596657e-06,-4.467135527853756e-07,-3.1751178616775965e-07
gatto,9363600.0,1169926230.0,1457401245.0,169776961530.0,184075222080.0,266363749875.0,27189444499230.0,27516052824540.0,33913333059390.0,52926308455785.0,23601624731.97223,1981588844.902784,39525953629.15973,79055307813.23897,595874619619.5156,15913498622.71875,-836048837199.8445,0.0002691883093262568,2.2601009760846922e-05,0.0004508132280201891,2.9466184348575395e-07,2.220995892119658e-06,5.931418104848685e-08,-3.1161941990715007e-06
gatto,4255950.0,517889190.0,834980415.0,70714291740.0,101471372760.0,170768098335.0,10457969676960.0,13882145722230.0,20755601897730.0,36033180967905.0,7694469345.738766,-133986981.11863416,6952195085.767237,-19581108303.277393,41224695138.02344,28102957574.34375,-197956872593.33386,0.0004248011067539655,-7.397237588754556e-06,0.0003838211622012575,-5.240177242754229e-07,1.1032302459896725e-06,7.520742771772284e-07,-5.297601559339536e-06
gatto,4268190.0,276637770.0,673186995.0,23868309060.0,39948614670.0,120687916485.0,2514545890380.0,3174293103750.0,6698259130830.0,23571932315535.0,5938353788.427531,-3683217345.3978953,14511591101.844608,197774216430.97607,-112814823994.61523,37860214897.0,-40785169953.49195,0.00032597071119712953,-0.00020218077607849606,0.0007965766002841698,5.25484986774985e-06,-2.9974835630569904e-06,1.0059437920408374e-06,-1.083659684279729e-06
gatto,8129400.0,1146780645.0,647488605.0,210056263005.0,100074205575.0,76925843115.0,42142142169375.0,19369535864625.0,12895366679295.0,11165642854365.0,48284687274.11996,8735681197.795,25354817749.678326,-1112261157665.2192,174409909245.26562,652202848070.2422,999761239914.1035,0.0007306214807995973,0.0001321842739975064,0.0003836573360101881,-5.902833565772689e-06,9.256033615858737e-07,3.4612778093976562e-06,5.305790069223804e-06
gatto,11358465.0,1281848535.0,1654311480.0,191947707285.0,189902528490.0,297291526110.0,32527837854495.0,29242517321580.0,34577684550720.0,59012909041560.0,47285935938.110596,3206813261.60587,56348188004.03319,192949047193.31784,562357327771.75,93021068656.25,-700062133245.1829,0.00036651580002065707,2.48561798508686e-05,0.00043675779692810344,4.437552743344405e-07,1.293341604373458e-06,2.1393518361912176e-07,-1.6100430062145873e-06
gatto,3977235.0,458164620.0,540204750.0,54950141760.0,63414680610.0,86192958000.0,6833866172940.0,7744668868320.0,10245756969480.0,15130391504220.0,2171058044.8701653,1184839022.57934,12820081636.75707,3589665097.667825,8130737430.621094,-5252886540.9296875,-59252386392.042984,0.0001372489180771213,7.490259154001258e-05,0.0008104538422925967,1.1378913629043302e-07,2.577370212713594e-07,-1.6651175144788966e-07,-1.8782470473576986e-06
gatto,11599440.0,1461403470.0,1332552225.0,241837260570.0,176403523365.0,204066815355.0,44836379429700.0,30107812372455.0,27698467326735.0,34990663569285.0,57716294201.96489,8516414541.537748,50982232620.62224,-175741587941.97452,179417968381.89062,31520787562.140625,-166435728450.48572,0.0004289675030710507,6.329694467592937e-05,0.00037891762336174486,-3.8351467729956114e-07,3.9153751284211e-07,6.878670445446165e-08,-3.632068279073515e-07
gatto,10604685.0,1490300070.0,1493266740.0,240555006330.0,213430619355.0,256686307860.0,42709277970960.0,34995132892065.0,37023793094085.0,49094821533480.0,31119808712.90863,3578508976.363437,46416454791.26413,156873163187.01468,116313346833.95312,-56700993027.390625,-121673100519.52373,0.00027672052512558776,3.1820468186077286e-05,0.00041273986812710733,4.283553758727241e-07,3.1760338345875016e-07,-1.5482683390306684e-07,-3.3223864202003007e-07
gatto,12446040.0,1562803965.0,1548972255.0,278990826105.0,199583977065.0,272301675285.0,56195437135635.0,36167553197505.0,35613253465815.0,54046586257185.0,82755217588.5786,5085166054.510623,79524290127.97133,381030820111.6419,168690556735.73438,155573748206.03125,362878184570.71857,0.0005342358155466034,3.2827873739967384e-05,0.0005133781920977628,6.972397274541042e-07,3.0868305552827084e-07,2.846809026272582e-07,6.640226279727062e-07
gatto,3267315.0,292505910.0,404529195.0,37512732270.0,31744271445.0,61331902575.0,5825613864840.0,3899767524645.0,4544646600915.0,10296853321485.0,11326182339.880592,-4471147118.87965,11246780813.753222,439342129935.9218,55840179430.32617,161070213184.46094,-81652440690.13322,0.0010609661692311575,-0.00041882919490740604,0.0010535283291471392,2.2768023694737842e-05,2.8938051731426456e-06,8.347140372891513e-06,-4.231473782487636e-06
gatto,1002150.0,99590250.0,208954650.0,13534610520.0,20512926495.0,46476453510.0,2149895891910.0,2719951379745.0,4527422700375.0,10587437868450.0,3637671044.8091607,-252274155.76335815,2908079756.9465675,81873756620.83084,-51960720849.615234,13952752431.957031,-315904597241.7937,0.003622079360497179,-0.0002511928653035331,0.0028956152264912704,8.143533562368135e-05,-5.168247942052099e-05,1.3878037652928042e-05,-0.0003142129781657537
gatto,5930025.0,795939405.0,777275955.0,166777002555.0,116255378475.0,135643307445.0,37651496516835.0,24777723102135.0,20962926224355.0,26879238573345.0,59944478841.90366,11927899055.687798,33762133213.666737,-825362151759.1414,-284485520517.2656,-370270799150.3047,249119812184.45755,0.0017046536009215321,0.00033919614399071534,0.0009601007977608392,-9.638362120871305e-06,-3.3221470830057367e-06,-4.323925003574066e-06,2.909155643010324e-06
gatto,1425705.0,248813700.0,192773370.0,48976362840.0,32913819765.0,33809440200.0,10292708683320.0,6487511454705.0,5570730497505.0,6306478839840.0,5553454659.352531,-728943254.8175635,7744039446.578429,-193009788533.85034,119717010295.27344,-132560306378.57812,-359170006328.8723,0.002732145884783612,-0.00035861989267105547,0.0038098529300026685,-7.952527016466184e-05,4.932665674294285e-05,-5.4618443229981144e-05,-0.00014798778862626147
gatto,11517840.0,1484590110.0,1333574520.0,273655014600.0,170661852075.0,224921343420.0,56168982456180.0,31967669107575.0,28640375734545.0,43876719815010.0,82299014281.38019,-1229018378.1402764,70515569386.56747,-319572130169.2786,599793040326.5,-66224355562.72656,1505502140209.9937,0.0006203725186110536,-9.264378599473173e-06,0.0005315485460381111,-7.098086613285624e-07,1.332213465557294e-06,-1.4709236736140314e-07,3.3439037947510936e-06
gatto,856545.0,134523975.0,31753620.0,23711735235.0,3262294815.0,3469141380.0,4413666178335.0,442188570375.0,253711483725.0,601233576660.0,2584182275.376598,-1724744024.8035135,2291979195.7546887,-122074292482.25864,104909634598.51855,-163253130571.76526,302691094984.66986,0.003522271062677029,-0.0023508465432088,0.003123994802683963,-0.0001797830546691504,0.00015450406624381758,-0.00024042856117932572,0.0004457836991797655
gatto,2767005.0,408638775.0,339406785.0,64948764945.0,47676783900.0,48042342975.0,10858609801425.0,7312420800510.0,6412061646450.0,7473251099025.0,4599886488.509815,-2447727204.637821,6409976678.576168,-91846632334.65854,68639525511.07031,-82474409418.17969,7750918933.84852,0.0006007962688532311,-0.0003197003611698612,0.0008372141533371604,-7.211712039779283e-06,5.389511623347026e-06,-6.4758138241540084e-06,6.085949367301469e-07
gatto,5936655.0,839279970.0,865158135.0,127438207380.0,121199289150.0,151886348955.0,20375838406260.0,18414104004840.0,21149029598370.0,29485026057075.0,8787069989.802843,-1110310041.473305,25805483794.959835,-124924825155.57608,156266911724.89844,85813552.3984375,-170960160670.0696,0.0002493219202176764,-3.1503633395243217e-05,0.0007321977381962193,-1.454769616666325e-06,1.819753239474627e-06,9.993125751585514e-10,-1.9908584790371374e-06
gatto,11252385.0,1643830470.0,1507810410.0,298200678630.0,209773687050.0,248690705850.0,59651569584810.0,37286255731560.0,34073359196790.0,45622994200740.0,58057934305.09279,-10498254848.64574,46645341022.51068,-874813451196.2734,394931349811.5625,556322232022.5312,-202232779527.8518,0.00045853491805868785,-8.291401484397514e-05,0.0003683995629465636,-2.0597001203120613e-06,9.298441257499324e-07,1.3098300748144272e-06,-4.761459483218487e-07
gatto,7879500.0,935417010.0,1137431835.0,128103277470.0,128595481785.0,201635311815.0,19189915957920.0,16980958296345.0,22076995136325.0,39317054338845.0,17054989812.491272,-6435051392.804843,37443271803.39175,-67275479880.60211,16705120875.921875,-2354550879.8125,-599788281880.163,0.0002746971443047055,-0.00010364651404029754,0.0006030821449264866,-3.8602030954761264e-07,9.585239589517938e-08,-1.35101891667501e-08,-3.4415281562513186e-06
gatto,1502205.0,217040190.0,241001775.0,32039081790.0,35113920495.0,41391895545.0,4842695616000.0,5240901120825.0,6077518840335.0,7497139963635.0,680882293.1030376,293725490.76472485,2727495178.105585,16905498371.19572,15931124448.330078,2927421173.8046875,-18600335068.81705,0.00030172662421398756,0.00013016170588038138,0.001208663995210093,6.11230434098258e-06,5.7600124518171355e-06,1.0584301483248805e-06,-6.72508472028084e-06
gatto,6094245.0,730489830.0,913246545.0,102352821570.0,109254580680.0,167045170755.0,16036833968880.0,15415758469410.0,20023720998360.0,33394471596975.0,14792280152.083767,-212188937.09569612,30191589720.033875,222091428022.89133,128654496952.35938,64359869990.33594,-686559777821.341,0.00039828624122860526,-5.7132459172788655e-06,0.0008129169176541428,2.4223228300687436e-06,1.403218160795419e-06,7.019648790847436e-07,-7.488219778802733e-06
gatto,7319265.0,679465860.0,1079179635.0,92985666870.0,94312410705.0,184741029885.0,14997100801020.0,12233469414045.0,15375236282985.0,34929315027705.0,29909134608.148624,-5870561053.743688,25622773530.197525,811925398262.8937,-386724881812.48047,-43585535551.21875,134577035183.77397,0.0005583016411269242,-0.00010958337356066305,0.0004782898836610066,5.602056033182932e-06,-2.6682925081228772e-06,-3.007278906616427e-07,9.285435502967534e-07
gatto,2745840.0,236506635.0,414965070.0,21406639275.0,36617883210.0,70363103700.0,2027109785445.0,3393519642330.0,6292274053110.0,12861334591200.0,1035682336.8596776,875817995.6250012,7651507496.25,4885726348.939273,7568130497.353516,-33006602706.29883,-84957596204.0625,0.0001373650077425387,0.00011616182053936401,0.0010148376090408102,3.910579056754451e-07,6.05759932259832e-07,-2.641877994372118e-06,-6.8000819673402004e-06
gatto,2195295.0,289487475.0,331683855.0,49667421765.0,42343099350.0,52797486585.0,9430959558915.0,7101392332920.0,6583289101530.0,8686295845125.0,11493509747.765133,-1395132496.843416,2683866471.228947,-149780500187.1798,-34839996367.32422,42607676819.234375,-101800624729.17093,0.0023848819794030445,-0.0002894874084261688,0.0005568973205597661,-2.097601843042651e-05,-4.879169217646513e-06,5.966994456027425e-06,-1.4256674118990529e-05
gatto,4278135.0,406076535.0,520994325.0,44141486085.0,47218328580.0,80024803545.0,5463259183845.0,4915555681740.0,7104865395690.0,14035682902935.0,5597084779.8503895,-2233960852.349348,16577743860.767124,210850995194.27124,-35934998861.74219,53093283562.40625,252506483371.00766,0.0003058108679355978,-0.00012205809525175053,0.0009057669193659658,5.569797972783442e-06,-9.492517862089986e-07,1.402501623868747e-06,6.670161067528726e-06
gatto,1795455.0,236365620.0,426836085.0,39306150840.0,56078709030.0,101701317735.0,7213854802380.0,9322581913290.0,13335594760200.0,24285662598975.0,8189410894.980826,-112827861.42735444,228964789.29697147,-116884804217.72435,7981276612.410156,603342454.0078125,-801372486.9467775,0.0025404088231036665,-3.499994057419195e-05,7.102637520198089e-05,-2.7059623014060202e-05,1.847719536753989e-06,1.3967786029241312e-07,-1.8552315278063666e-07
gatto,7238940.0,809227710.0,966853155.0,123497519490.0,99006616710.0,156375133845.0,21807723412350.0,14862079050210.0,14799410842320.0,28710659715825.0,33035450923.07666,-9076108734.184505,27239511318.29664,616220307451.9794,396606345610.9531,-257014923440.47656,548386449422.4401,0.0006304204391649543,-0.0001732007372152011,0.0005198156588782538,4.370675502814775e-06,2.813016088662034e-06,-1.8229338049308676e-06,3.889549227088741e-06
gatto,3648540.0,500557095.0,613494555.0,71287269855.0,85736427420.0,113760715005.0,10501222261095.0,12442151177070.0,16118421080670.0,22546602049515.0,2613936040.6964545,1568773440.8418257,10602857611.454067,3818595192.058906,24890231765.84375,-16416677993.976562,-147727751613.41455,0.00019636167722933485,0.00011784794242879022,0.0007964980288707505,1.5017783586013143e-07,9.788838440966252e-07,-6.456356458718373e-07,-5.809841818248276e-06
gatto,8978295.0,1154360010.0,1046474610.0,221986381650.0,133668104985.0,186634052730.0,47247989234970.0,26024666885745.0,23831020060905.0,38422811243760.0,73567663765.68007,-879539224.1005219,64661104706.49975,-210836733859.49832,376979619127.1406,40082467219.03906,1596197036591.132,0.0009126394186333894,-1.0911073222401688e-05,0.000802149612844745,-8.728941893234488e-07,1.5607494624192756e-06,1.659471387588591e-07,6.608483696129587e-06
gatto,6950790.0,746976600.0,1123216350.0,99104438280.0,116022795525.0,208040714700.0,15126838408170.0,14942131136715.0,20953562326005.0,41415447914160.0,18829528385.216816,-4685257831.152321,26534012741.327328,429353584590.27057,-65683730945.625,110402148766.96094,-778548178522.9452,0.00038973652389034545,-9.697619947172664e-05,0.0005492051462524175,3.3707742997380728e-06,-5.156706270280904e-07,8.667465209465127e-07,-6.112235428935327e-06
gatto,3841320.0,173983695.0,598471230.0,10034013615.0,25714187250.0,105317157810.0,647400671565.0,1433677758090.0,4345620588330.0,20169160254480.0,2153825001.228424,-1392181380.209112,12076341336.05017,-2171774524.419608,-3493513433.288086,9322842584.210938,-2024307396.2293038,0.00014596523774579686,-9.434846657996573e-05,0.0008184165534389259,-7.509543127632175e-08,-1.2079840471123618e-07,3.223644428602348e-07,-6.999632569882585e-08
gatto,4749885.0,641893650.0,690287805.0,92097231570.0,89776323060.0,114237698625.0,13864026875730.0,12460359205740.0,14433800998860.0,20602675212525.0,5352508716.641977,-3508326716.1394687,13920058570.194868,-28543331954.35292,24342219096.859375,15569180239.625,-45105435613.91061,0.00023724179058883869,-0.0001555012343127513,0.0006169853792160456,-5.804929248130286e-07,4.950538354307486e-07,3.1663433647811537e-07,-9.173205947489844e-07
gatto,6257445.0,745660035.0,935378760.0,110128760205.0,109359972180.0,167621598510.0,17754221006775.0,16550836801800.0,19456766849850.0,32166674761980.0,21273182921.26819,-2103182337.5157871,27798807473.22101,-439105475876.5267,589756020413.4375,111142103985.875,-1200699796016.4392,0.0005432983578594542,-5.371342476019178e-05,0.0007099570622105918,-4.483077538268604e-06,6.021154627817973e-06,1.1347129500956085e-06,-1.2258627098603085e-05
gatto,13157490.0,1501425465.0,1389173955.0,236438186625.0,143708394660.0,202661061045.0,42787458288105.0,20947865489580.0,19251092270460.0,34049661040815.0,65107756052.720146,-14812808954.957283,55991424415.951294,947928095771.8645,-634755031550.8203,-747048789548.2344,829409708656.6377,0.00037608553538680484,-8.556404834312855e-05,0.00032342636431044827,1.5095335645810761e-06,-1.0108193118091598e-06,-1.1896421545396667e-06,1.3207982753028635e-06
gatto,7746645.0,1066860330.0,956333640.0,193630103190.0,133128671100.0,150719454420.0,38229771296760.0,25192350454470.0,20778443489580.0,26378844273660.0,46703147878.67374,1423342824.275306,32658793192.37829,-1300599244678.1084,896413647286.0781,-329918663088.0781,-291216069577.7979,0.0007782494907441487,2.3718226253704335e-05,0.0005442179023203061,-7.786806122207306e-06,5.366910141828489e-06,-1.9752530812829386e-06,-1.7435371293290082e-06
gatto,13503525.0,1770620550.0,1776266250.0,313449088050.0,227209359480.0,299997049590.0,61685121597180.0,39296779869480.0,38071999848960.0,57004410280920.0,81280292710.83466,-5699716077.7849245,66345333398.18618,-730618726011.7275,-439879066872.59375,235026589287.46875,88265244221.4144,0.0004457495909728206,-3.1257836624340446e-05,0.00036384471855198885,-1.0903675474060558e-06,-6.564707996458274e-07,3.5075116009615424e-07,1.3172610341957666e-07
gatto,3296895.0,533644875.0,453991290.0,91353291255.0,74215131915.0,72774838620.0,16368678435375.0,12830974345515.0,12017992695345.0,12812895666870.0,4976002134.853435,730800383.9264485,10259019524.801609,-28887082216.628056,14802067761.554688,37182364237.21875,-33783975956.160736,0.00045779424230075013,6.723393579142022e-05,0.0009438340143002145,-1.4636623035344579e-06,7.499971244752187e-07,1.883970990291919e-06,-1.711780085635765e-06
gatto,7562535.0,902097945.0,1197072255.0,125930349285.0,138973704600.0,217715885685.0,19227135501135.0,19310787355320.0,24924668522640.0,42613196894535.0,18323481697.184124,-3819210904.128722,28231541653.43055,-165919826434.4678,288445961163.10156,163485896491.29688,-786540982335.9526,0.00032038575887580217,-6.677883625217691e-05,0.0004936280149344194,-1.0549449334538912e-06,1.8339857981013317e-06,1.0394696155421766e-06,-5.000954027618172e-06
gatto,6824055.0,711182760.0,934843260.0,91363147260.0,95088891570.0,145460752620.0,13018831823220.0,12178716413550.0,14592393810330.0,24553814297160.0,17245790626.558804,-2337698604.6392093,17394387274.552525,-97374476847.8726,149921139038.35938,73399465903.97656,-138990141289.67883,0.0003703378255666236,-5.01999726668932e-05,0.0003735288047856184,-8.004585378206019e-07,1.2324138688881297e-06,6.033740160278336e-07,-1.1425565391435101e-06
gatto,8725590.0,1125068160.0,1422689370.0,171705953910.0,186431012805.0,258998428560.0,29135999823690.0,29087206587315.0,34308033005265.0,50611507551510.0,26640879267.965965,2990980468.222845,27031874606.51412,126326934618.4551,319598989728.3906,-62291259217.671875,-432631866768.60016,0.00034991209104986873,3.928474805197665e-05,0.00035504758207950026,5.617058564104075e-07,1.421079556592522e-06,-2.769747022788399e-07,-1.9236741077241993e-06
gatto,7140765.0,1015401585.0,937560795.0,167021336925.0,134699114100.0,139240622025.0,30223604173935.0,22303730010420.0,20124122200380.0,22447875565095.0,22633392661.253445,1379964502.3224356,16141732155.212654,36685012361.659355,-18121179917.40625,-37968210424.625,-72716940930.61551,0.0004438744797506318,2.70631555202643e-05,0.0003165633659038135,2.6923208696423926e-07,-1.3299172532150307e-07,-2.7864950487526003e-07,-5.336711780657929e-07
gatto,1395105.0,178564770.0,200033475.0,25345028340.0,25566072285.0,29382047325.0,3897455013540.0,3624052089135.0,3744483701805.0,4416135305595.0,2489847486.1195397,-36969389.7669528,700771635.6607573,16078885174.314842,-514686600.2519531,-5634240364.451172,2310826462.9529095,0.0012792603962860712,-1.899452736257102e-05,0.000360049924880571,6.994210449868526e-06,-2.2388532282325427e-07,-2.4508579050658384e-06,1.0051944783358827e-06
gatto,7402650.0,849856860.0,895928985.0,118279223970.0,107262746610.0,127070648595.0,18620663886090.0,15556161883020.0,15555061854330.0,19751749543485.0,20711909226.082676,4406148773.402688,18638027011.76559,286050448287.5601,229356401125.8828,-99744898621.64062,-138826731918.73865,0.00037795987920739426,8.040530884849103e-05,0.0003401147794313414,1.9185564942133275e-06,1.5383063215027855e-06,-6.689946621682005e-07,-9.311187228951869e-07
gatto,6305130.0,811011690.0,542988840.0,122662557690.0,75911280735.0,73996818510.0,20420785124460.0,11787950189475.0,11078485442505.0,12605867678550.0,18344334066.275166,6068105926.623385,27235390852.751755,-76128810370.55722,-336622911607.1172,515322996907.9844,1542420419159.6296,0.0004614385351123907,0.00015263884203001028,0.000685086676512919,-7.626300783472962e-07,-3.3721629985133273e-06,5.162313920225036e-06,1.5451393491932324e-05
gatto,6523155.0,992802210.0,938886795.0,158660928090.0,145793025015.0,163476581925.0,26483940043530.0,23818783475355.0,25625682185835.0,31244423646015.0,7559777162.130864,2897618571.9801674,28341296342.276283,35136206162.16405,100479294304.03906,-89019280977.29688,-443393344231.0079,0.00017766161178864044,6.809666142349497e-05,0.0006660461387103969,3.233036601510198e-07,9.24554104332093e-07,-8.191054899650427e-07,-4.079856840971385e-06
gatto,2835855.0,420101280.0,316327755.0,67529411100.0,46243746630.0,38987952915.0,11743341632640.0,7348398634740.0,5632041434490.0,5195033293665.0,5295945193.72538,-616792704.7073135,3702915921.4513106,170514830795.7695,-1482159676.734375,-6001279615.746094,20000797849.60996,0.000658529810796681,-7.669573008665514e-05,0.00046044292981703314,1.2590764632694382e-05,-1.094422318031934e-07,-4.4313271041711826e-07,1.4768529928763635e-06
gatto,11453580.0,1505231085.0,1390590480.0,281899565715.0,183666315045.0,245995235490.0,58323185478885.0,34911724747755.0,32327976614145.0,49492686771660.0,84081886068.08809,914719735.8415567,77162269459.58589,-824201307818.1526,445594371024.15625,-222865684464.0,889466883280.8259,0.0006409437806332628,6.972773246729789e-06,0.0005881965667328199,-1.856436785069556e-06,1.0036598750116137e-06,-5.019842250237715e-07,2.003441423303365e-06
gatto,5455470.0,769822050.0,789200010.0,116081726790.0,110127404370.0,131906720280.0,18510324266640.0,16356934283130.0,18356134297920.0,24009297666480.0,7452041599.5026655,-1236707165.4351678,17739351421.954742,26900333111.53113,-86673884964.64844,100570029384.17188,-205037231016.20294,0.00025038650998495434,-4.155301428367804e-05,0.0005960372379344092,3.8696993829602384e-07,-1.24683169452163e-06,1.4467321985890144e-06,-2.9495264726188933e-06
gatto,8143680.0,1307234295.0,1138575765.0,242251977525.0,184507368285.0,205734148665.0,48270730031325.0,34532707033365.0,33386177612835.0,41116034874495.0,32412997846.9985,1741679129.2545805,46548771458.95367,-1021832769640.2252,104070838108.75,-125551983793.01562,-663912501906.4357,0.0004887399052374067,2.6261936541753046e-05,0.0007018863932042444,-5.39918335253888e-06,5.498918739896834e-07,-6.633944427248637e-07,-3.507996058002479e-06
gatto,3568215.0,440119800.0,528849090.0,82980517470.0,68103967410.0,92090963670.0,17526993776640.0,13534170311970.0,12423410556420.0,17570394364050.0,28694147856.050167,2873325276.3331647,13709655370.52026,213268571195.9985,526718170311.4961,212776548218.90625,-142355531325.9986,0.002253675080924382,0.0002256746430369023,0.001076773871508715,8.867461732732888e-06,2.1900335304820148e-05,8.84700398363032e-06,-5.918979151016299e-06
gatto,9880230.0,1380051585.0,842641635.0,245129630085.0,125811235725.0,106788610065.0,47864837530845.0,23001537630525.0,16611028489725.0,16464707896485.0,52366670390.63941,8112667577.422307,34923387794.3167,-1003351517063.4923,-170820885356.6328,311212238134.5547,1400247841806.8005,0.0005364396272624098,8.310546267066419e-05,0.00035775215402032923,-3.2699075591192184e-06,-5.567027056657599e-07,1.0142360206370172e-06,4.563386734057919e-06
gatto,9484215.0,1380341775.0,1396127805.0,239601027615.0,197808754785.0,246454373445.0,45635098497645.0,34134944276115.0,34511276901195.0,48317895363255.0,38704757780.31672,-5385029042.1859,40936800520.501976,-502920923126.0375,431860186726.53125,227481168545.78125,-13760376227.996367,0.0004302903167518167,-5.986669301566527e-05,0.00045510448515791207,-1.8154998931017466e-06,1.558976942067746e-06,8.211868271665164e-07,-4.967373680873179e-08
gatto,6371430.0,826203570.0,715603950.0,119246075850.0,93191911635.0,96947949690.0,18549314614770.0,13409687584935.0,12705632776695.0,14619465409500.0,12109634096.618914,397273979.70103943,16575252625.824062,-54292333717.43774,-86406896343.74219,44844885080.25,7522997021.104116,0.00029830270297426345,9.786249610898722e-06,0.00040830652861304005,-5.298418027689289e-07,-8.432495454829191e-07,4.3764364375174367e-07,7.341733226337358e-08
gatto,5998875.0,747464925.0,534808185.0,142401379665.0,69236908440.0,77241763635.0,30467371050615.0,13733520370650.0,10615519391040.0,13131907471545.0,49266614545.66419,2599353916.7917128,29562858049.703716,446713966752.8887,390472689032.8789,527657823141.5156,974553912788.9451,0.0013690304089862889,7.223135968693533e-05,0.0008214985344502698,5.068214648573815e-06,4.430126545649689e-06,5.986567037783596e-06,1.105684797035713e-05
gatto,9587235.0,928182405.0,1156208250.0,142965165795.0,105639602760.0,193753307460.0,27038414419365.0,15325746377940.0,17928093818340.0,36784885310490.0,53103743085.36746,-6298005337.208542,54316074788.84273,2914913601685.68,-696194116228.6172,689046331126.2109,317586855096.7078,0.0005777479169441314,-6.85198302994554e-05,0.0005909376108457871,1.024217647836807e-05,-2.4462279079185853e-06,2.4211126261462685e-06,1.1159097872504086e-06
gatto,4336530.0,725107545.0,683710335.0,131268122505.0,114507093120.0,125103368475.0,25466882819265.0,20859291348210.0,20771014087530.0,24719020768485.0,10023497928.223862,184461314.62160352,17307545043.405556,165608759947.11636,101477936403.77344,-205580701521.75,-462670770367.3794,0.0005330090642255021,9.808906371439614e-06,0.0009203452181748475,4.228900016810072e-06,2.591288329800946e-06,-5.2496029340402836e-06,-1.181452254825732e-05
gatto,5670690.0,728331255.0,713236020.0,103580623875.0,92886763080.0,105913883820.0,15869924127135.0,13303710910170.0,13980156473670.0,17392451899110.0,10035320391.671686,1280259187.5627296,16205996380.29859,-11578965248.532299,-53100603654.1875,54753064286.63281,-5606833664.377014,0.0003120753238373234,3.981310859650515e-05,0.0005039691181843468,-1.512098159155985e-07,-6.934412817738281e-07,7.150207806907542e-07,-7.321969347539873e-08
gatto,1132200.0,160906020.0,155377365.0,23765242140.0,21980152890.0,21663375825.0,3652488459780.0,3234182416500.0,3048142477560.0,3065203151835.0,897597490.4324343,-101770268.66216028,340177137.185812,19889796488.510384,1688330180.7597656,-2680690965.7285156,-1136635403.6070437,0.0007002213180108897,-7.939161196028807e-05,0.00026537427510260034,1.4582180278797242e-05,1.2377972333801933e-06,-1.9653453446131216e-06,-8.333228736772615e-07
gatto,11907480.0,1343311950.0,1597568115.0,218312863890.0,183351490770.0,283048072965.0,41146835410830.0,29953167304470.0,32629835693370.0,56080079038155.0,66770556448.559616,3125923326.80679,68710204493.69849,1453327492012.5913,-42083644040.140625,-140289447469.10938,-332112301204.9975,0.0004709179817648786,2.204644655531194e-05,0.0004845978908645532,2.970392482920179e-06,-8.60129190411264e-08,-2.8673146450852215e-07,-6.787898036790871e-07
gatto,1949220.0,165737250.0,312602460.0,15813487890.0,25154568075.0,53468746800.0,1621105751790.0,2306445206565.0,4079427901125.0,9619409576040.0,1721268418.8461518,-1425229004.6703336,3335720257.048662,-16185361732.189163,12754323090.783203,-9747702312.123047,-25458883778.602528,0.0004530299172204957,-0.00037511370738962084,0.0008779462025652586,-3.0511971005083356e-06,2.4043919609253376e-06,-1.837596312241669e-06,-4.799402920539117e-06
gatto,2947035.0,523575435.0,400434660.0,95692675215.0,70080242400.0,61526917650.0,17935080217815.0,12660576542370.0,10692326820570.0,10241594725860.0,2673340142.4816117,-1061685435.4607607,7117004999.042146,-15749856484.385473,35372214359.0,49863673693.03125,-52582745410.35431,0.0003078106431410259,-0.00012224335822798679,0.0008194579698936039,-1.0563634505263015e-06,2.3724606284555085e-06,3.3444217380970814e-06,-3.526793430460597e-06
gatto,8124045.0,1243220370.0,841382445.0,228350763450.0,132981306345.0,134020772535.0,45403710113760.0,25272530700915.0,22218536501205.0,25451536447515.0,38101092456.924904,4224782398.566349,46881371072.52927,-1201943738415.3887,329907322707.72656,834279039946.9766,1860695861058.2478,0.0005772883423263202,6.40117505899626e-05,0.0007103226508017516,-6.389300856286283e-06,1.753723632896963e-06,4.434866303594588e-06,9.891099956160472e-06
gatto,3334890.0,303808275.0,228659265.0,32944631925.0,20466543525.0,18962727945.0,3899563389495.0,2167870989045.0,1691158220355.0,1773677493315.0,5267716656.887525,-364301529.08510214,3284531821.4876127,-61467894019.51129,-24627019406.13965,13612086447.49707,23070817040.940735,0.00047365200484905613,-3.2756535869317096e-05,0.0002953319594750837,-3.0265269825676662e-06,-1.2125734893282713e-06,6.702254498798441e-07,1.1359499361101457e-06
gatto,6758265.0,1018405740.0,858785175.0,172250057100.0,130290397425.0,127012557045.0,31484981055720.0,22115057602185.0,19292995401225.0,20761266236445.0,18786076142.61708,879705235.968584,17885143899.794743,-133214208508.95781,-38200542327.0,-70150728254.20312,76150471251.0311,0.00041130656762959037,1.9260463887463566e-05,0.000391581354889637,-1.1219215918081834e-06,-3.217225379720797e-07,-5.908049718597889e-07,6.413344258030491e-07
gatto,2405160.0,302215035.0,319747305.0,45660473655.0,38260606470.0,45372117615.0,7508369167095.0,5612499965940.0,5194925601300.0,6750020658495.0,7686315021.041669,-1916530590.2083313,2864201694.743956,-160609848842.67932,23930108877.273438,3368644297.9765625,-43395943843.68186,0.001328710095778801,-0.0003313048628774005,0.0004951259085445718,-1.7902440626490677e-05,2.6673790956647935e-06,3.754872753498678e-07,-4.8371461257834895e-06
gatto,4748865.0,720180690.0,764614695.0,131528527230.0,115350785610.0,137574804435.0,26349858525660.0,21075685978680.0,20809493653320.0,26969273902965.0,22310803363.58643,-605498392.4383775,14464201836.285769,-363877286343.3248,81931001091.60156,140813527163.78906,160594421932.7235,0.0009893172034069367,-2.6849323465071243e-05,0.0006413791326556452,-7.4042383041024e-06,1.667146258762409e-06,2.865298139489154e-06,3.2678032263259653e-06
gatto,4952865.0,616746315.0,592503975.0,86763059715.0,75558918420.0,80626659135.0,13148641459965.0,10697962113510.0,10481020916040.0,12055687703145.0,9963870343.579784,1778461410.9553182,9746277701.062147,-136832299653.40688,-124294662609.0039,15626478068.722656,78572924703.8498,0.0004061767743964427,7.249890799269944e-05,0.00039730661906296224,-2.506382787796185e-06,-2.2767285485023633e-06,2.862331172137534e-07,1.4392349362202032e-06
gatto,3145935.0,404432550.0,412100145.0,55199644470.0,52902713610.0,60222802515.0,7971181688160.0,7249999638660.0,7717586664720.0,9550736797725.0,3206934035.899331,-75721258.39993098,6239954964.424093,50321914599.321915,38619490377.32422,-4649206699.9375,27082195832.98954,0.00032403396617242217,-7.651002299464413e-06,0.0006304954617791539,2.8667036107536393e-06,2.2000480981626357e-06,-2.6485275331774506e-07,1.5427995774750276e-06
gatto,1258425.0,85555560.0,146661210.0,6306038310.0,10349293575.0,18270175740.0,500549019150.0,786674329095.0,1321015972725.0,2382408421110.0,489439111.06990933,378352158.6838915,1177770138.82067,5275074766.758911,301306882.4934082,-9293173653.606445,-21383992632.30472,0.00030906085092160737,0.00023891396798113301,0.0007437138411318816,2.9693423739975943e-06,1.6960580339119977e-07,-5.231132360902294e-06,-1.2037060753807657e-05
gatto,4957455.0,651577020.0,718376310.0,97532590230.0,94154831925.0,113443541160.0,15850659489900.0,14156205930555.0,14800504457505.0,19078800193440.0,11893363450.920734,-264077638.1521023,9344860936.131882,-94796217756.49054,92342832828.86719,-33274214975.484375,-68404556855.677414,0.0004839351073000897,-1.0745189170587267e-05,0.00038023779383293804,-1.7323835777683363e-06,1.6875484159955658e-06,-6.080802056336853e-07,-1.2500807916799224e-06
gatto,1993080.0,285543645.0,248509230.0,45495859425.0,35293225530.0,31437050760.0,7822540680855.0,5596981502340.0,4427130784470.0,4031848866120.0,4586727227.654167,-310077573.91121083,451421786.15404254,-9796784290.572104,13131565297.699219,546912375.2832031,-484125432.3946825,0.00115465821868048,-7.805862467391506e-05,0.00011364047818923143,-1.7469147742820395e-06,2.3415566524289045e-06,9.752274626882876e-08,-8.632688496263335e-08
gatto,6889080.0,875004960.0,790043550.0,137601761760.0,104442510870.0,113549752740.0,24307809068730.0,16896353712180.0,15224714701680.0,18224854721070.0,26464472016.72489,4096452344.6224365,22947116263.634132,107870528087.51587,75498592625.39844,-137183891423.32812,-60270745131.62964,0.0005576231274309119,8.631483622028993e-05,0.0004835102218688418,8.65963794369169e-07,6.060881400930926e-07,-1.1012858215257214e-06,-4.838419174262249e-07
gatto,8027145.0,1013887650.0,598710165.0,174975900510.0,72597855360.0,65838750645.0,34397576043870.0,12067394450460.0,7599428367870.0,8649394732905.0,46914408307.91288,-3023656674.847049,21183538651.90317,445556620324.23755,-219483878563.67188,-265448645936.64844,578788171644.2449,0.0007280882581725632,-4.692564610966042e-05,0.0003287579725564593,2.440619804208613e-06,-1.2022640362457114e-06,-1.4540446549798508e-06,3.170420569957346e-06
gatto,1915050.0,307373175.0,240792165.0,49961256735.0,38398690500.0,33486701745.0,8220811569975.0,6206191577940.0,5309555148990.0,4975089196815.0,626634291.9407516,-249413868.64513516,3210277251.9647174,675670973.6724683,4289324759.9257812,-2473270536.6503906,-42719545196.695045,0.00017086531936407774,-6.800805648202625e-05,0.0008753511497197931,1.331327701835487e-07,8.451594189431922e-07,-4.873279610753768e-07,-8.417368237834467e-06
gatto,4480350.0,542772600.0,701691150.0,70843617540.0,83559186420.0,130195175580.0,9838379176620.0,10696560197970.0,15282169215270.0,26497776862200.0,5089358316.778594,-1447281798.4405317,20299638403.59135,22917666369.57504,-47968611711.89453,-37009933227.21875,-251239555977.7047,0.00025353571417215527,-7.209899589232335e-05,0.0010112636996148336,5.393746583238146e-07,-1.1289567242640075e-06,-8.710406970370983e-07,-5.913003858141695e-06
gatto,7632915.0,863558520.0,1086571830.0,127106866500.0,127806769845.0,180339382320.0,21406382328840.0,19784901906825.0,21814830773115.0,32954959461720.0,29407191151.25179,4876230019.980112,25662127070.917694,371970383673.34094,587444513818.8047,23633249417.328125,-23159830161.442318,0.0005047457749636316,8.369573577009298e-05,0.00044046540007865284,2.310906091622227e-06,3.649562344366899e-06,1.4682410869380512e-07,-1.4388294055156256e-07
gatto,759135.0,118819800.0,98237985.0,19264293240.0,15151141455.0,13552424055.0,3214580035590.0,2425980953235.0,2047717673175.0,1977166685985.0,666619740.503865,-225066637.2405089,839663219.4961387,-9345509146.56707,3486133868.8251953,-15256804175.961914,6059469807.962024,0.0011567516830092756,-0.0003905468074203952,0.001457025322380944,-1.861253078886343e-05,6.9429897237266445e-06,-3.0385475313462456e-05,1.2068049647815102e-05
gatto,5270085.0,736859220.0,738950985.0,108540127290.0,99796438665.0,124730154045.0,16730468431620.0,14270208371025.0,16368170116845.0,23445022143285.0,5513039472.8189745,-3523118121.148945,21117298041.25997,12813694523.476957,36329822285.171875,-83507760891.28125,33869084651.26694,0.0001984978751638636,-0.00012685043603393264,0.0007603317210150081,2.0096957611627664e-07,5.697957737055134e-07,-1.3097330577056937e-06,5.312016431592317e-07
gatto,7776735.0,746706045.0,874858080.0,100283905845.0,86694314010.0,137210983950.0,15712150067625.0,11799098233320.0,14188186387590.0,24971026559250.0,28586732463.17048,2692246708.864811,38792218215.885826,593418288187.1497,468203270.2578125,407732414416.10156,807221431778.1729,0.0004726829277515323,4.4516422372342293e-05,0.0006414311010845621,3.518581994465644e-06,2.77613890450157e-09,2.417586313875195e-06,4.7862946793876075e-06
gatto,8315805.0,865804560.0,785507100.0,116613847020.0,83379440745.0,99177190800.0,17925370911510.0,11098811582775.0,10480468217055.0,14361452426400.0,26470134400.861668,1595941842.3229842,24978552886.96451,272151933285.2565,-248803259285.3828,-146922797921.13672,274295643343.28693,0.00038277851450347017,2.3078547255824937e-05,0.00036120909791101776,1.3647423909335297e-06,-1.247657331881916e-06,-7.367640865051994e-07,1.3754923126950562e-06
gatto,10001100.0,1151242125.0,1322475390.0,176172564255.0,165492115695.0,229667419230.0,31056984674565.0,26830337622165.0,29946000877545.0,44727994219500.0,43651298556.77524,13259923411.770779,54792539751.17746,727950402470.1344,481771421223.1406,1829483566.890625,-132379196378.81064,0.0004364169685540252,0.00013257006709884822,0.0005478048738110972,2.301348372426671e-06,1.523076122152493e-06,5.7837443523053965e-09,-4.185046770985547e-07
gatto,2537760.0,258845910.0,375647640.0,27682040100.0,37679802150.0,59568136170.0,3075342070920.0,3980054488590.0,5895351628980.0,9951374248260.0,1280329487.5984735,-635426719.2202559,3963528390.8681664,-9346379908.885479,12091474277.929688,7649356506.8359375,-39487749590.22572,0.00019880195568601944,-9.866528553761995e-05,0.0006154331390114525,-9.109972388523977e-07,1.1785632285690245e-06,7.455873530349714e-07,-3.848894566225717e-06
gatto,5114535.0,682502910.0,726296100.0,95291877180.0,96863524290.0,126861307620.0,13849684207440.0,13523310961530.0,16973681812950.0,24580544919000.0,4216105451.2958164,-56176478.818856016,23722698758.156254,8349276020.995204,6258573193.984375,60783552971.44531,-172102221816.07367,0.00016117554775711086,-2.147544659233329e-06,0.0009068840926280942,1.411345787742053e-07,1.0579373459918637e-07,1.0274736544165639e-06,-2.9091833257203986e-06
gatto,1283925.0,167932290.0,193331310.0,22428431160.0,25292512110.0,29719259070.0,3054667938780.0,3379363180650.0,3888599794800.0,4657008105420.0,463554687.74180365,5544711.5928458,607749109.2810326,-143990508.38464034,676536462.8613281,-231067937.31640625,-1096652357.714513,0.0002812041117564579,3.363563652020272e-06,0.00036867613027212454,-7.708763584551424e-08,3.621946826241605e-07,-1.237059387264537e-07,-5.871104876912763e-07
gatto,5701800.0,514299810.0,742846875.0,62728573020.0,63031557645.0,110261612145.0,8414745271320.0,7492513133985.0,8973103011045.0,17809243349235.0,16338960166.85957,-3972898258.6784444,13481388409.11561,-190877760807.40195,36761827039.64844,62756091797.96484,-68744043363.96815,0.0005025745062988278,-0.00012220345484290163,0.0004146776817337871,-2.458812331356644e-06,4.7355141461185086e-07,8.083993217852217e-07,-8.855337615846869e-07
gatto,9738195.0,1221340605.0,1309108800.0,194540476905.0,178072739085.0,212529172680.0,34970804906235.0,30491768734575.0,30665486554335.0,37668760631130.0,41362924656.17297,13887514430.6545,36545240314.97341,196740245543.70367,856151371614.4219,276791006162.6406,-727184572370.2948,0.0004361685077992402,0.00014644265357466693,0.00038536643788721384,6.648092328545904e-07,2.893039677761064e-06,9.35310495112495e-07,-2.457245167937937e-06
gatto,9732585.0,1233161385.0,1482406290.0,194433265215.0,183019430535.0,270347208660.0,34336634211735.0,28726162078725.0,32924432822925.0,53353583681130.0,38186286487.856255,-4807975412.044054,44556382416.86273,24341795142.19018,329690216046.1875,134892091856.04688,-1397104415643.047,0.0004031354741093931,-5.075815496898549e-05,0.0004703850518676023,8.237247018214495e-08,1.1156694620085437e-06,4.564739268124338e-07,-4.727791896474945e-06
gatto,390915.0,50904885.0,53259555.0,6721415715.0,6891275805.0,7744959195.0,900244445115.0,904683882405.0,991866444405.0,1205144122665.0,92590223.87475474,-44174414.16829813,488700932.21134967,868664174.8848469,440701650.7495117,-4643891266.920898,16780748084.383894,0.0006058993179322161,-0.00028907206716372096,0.003198000275927935,9.091720428589633e-06,4.612526125603897e-06,-4.8604469161181514e-05,0.0001756327411407683
gatto,2605080.0,265333365.0,372071520.0,29924751585.0,37414631985.0,58737723570.0,3678447177495.0,4118728109955.0,5878193734935.0,10005884741970.0,2899940607.132441,-481704565.99451613,5596470328.214569,39811498737.21871,-57160239343.66992,33221316757.10547,18011612032.68062,0.0004273138545736342,-7.098043123868555e-05,0.0008246545815712705,3.634593667177238e-06,-5.218448200208398e-06,3.032942524913848e-06,1.6443714280073793e-06
gatto,11598165.0,1713307005.0,1393996260.0,300083499435.0,203981370975.0,224468968320.0,57834197366175.0,35788459875615.0,33133534960335.0,41078078633730.0,46989937360.13124,-1942890078.5202286,56923018344.81102,-377730068393.0769,295108855246.2969,441510590817.71875,415624557133.0236,0.0003493222914125632,-1.4443407510631453e-05,0.000423164624586195,-8.245335849336455e-07,6.441826656719319e-07,9.637578278631359e-07,9.072521219643306e-07
gatto,5219595.0,730573725.0,582557445.0,122414790255.0,75048464010.0,82860500955.0,22173399913575.0,12313779342780.0,9752906529360.0,12855803830155.0,20158203745.821487,-6490652074.7024765,17841437842.837463,-603680934934.6188,468061865969.0625,-396032125845.08594,-374787167319.7596,0.0007399088426119064,-0.00023824002004073242,0.0006548717232587019,-9.698742842519897e-06,7.519885770312776e-06,-6.3626553758302216e-06,-6.021333698246587e-06
gatto,4943175.0,601108440.0,688500255.0,78362105370.0,81577369515.0,115018091445.0,10814571277710.0,10416374318445.0,13320203657115.0,21258930480375.0,5265086421.807062,-2146818728.922626,19121708829.56254,4940082166.331353,23987276640.703125,-68392748166.484375,-87792647953.44421,0.00021547333453548394,-8.785842303523325e-05,0.0007825547452473383,9.093251606049556e-08,4.4153585809649117e-07,-1.258911180355684e-06,-1.6160067993258818e-06
gatto,4701945.0,433121070.0,813721320.0,46227083910.0,72059864520.0,154692920520.0,5410016363730.0,7522760312160.0,13262736668160.0,31159828709010.0,6330007002.902001,-2896318251.217527,13869838450.230495,-14386273580.261686,56264889746.46094,15629048652.390625,-412062068956.5888,0.00028631829616767294,-0.00013100600148905947,0.0006273592606406716,-3.0009202424925873e-07,1.1736635316975317e-06,3.2601582480824323e-07,-8.595453137995381e-06
gatto,7278975.0,696637560.0,1045734345.0,81020416620.0,96341994975.0,181908796905.0,10451086589460.0,10941461991165.0,16270268805795.0,35084129753565.0,14348407167.741465,-3740478520.1003613,31673314531.09721,-49450101871.41533,17627708619.367188,-64641907324.25781,-150504550234.65085,0.000270809089294607,-7.059707532079076e-05,0.0005977960733085483,-3.459327036976078e-07,1.2331624550638732e-07,-4.522083661424554e-07,-1.0528683260723694e-06
gatto,3865290.0,394666560.0,671305860.0,44141157390.0,68411701920.0,125822008710.0,5295524342130.0,7617613597500.0,12814788695580.0,25054607993400.0,3843613458.6950784,-132178221.9923479,9232682250.577919,3572083708.0815783,-21628212229.160156,13608106312.421875,-4561994015.157989,0.00025726193928462415,-8.846994133611347e-06,0.0006179647787446346,1.2160919668674767e-07,-7.363179952944684e-07,4.6327886251306485e-07,-1.5531002989038677e-07
gatto,8456820.0,1329448110.0,1224430185.0,239279583540.0,192934275255.0,221405041065.0,46634661725370.0,34922386354875.0,34784950259475.0,44000597003745.0,30284680351.49981,448637003.8369826,44124541073.37973,-502868955116.43146,136967725383.14062,-150777681707.21875,-833023124173.9341,0.0004234565162895758,6.273081324234392e-06,0.0006169728136121581,-2.4178931661277323e-06,6.585678511557304e-07,-7.249688462475426e-07,-4.0053395594885775e-06
gatto,4325820.0,409567230.0,611898510.0,47524022070.0,57269600085.0,91541657970.0,6084337356990.0,6697161956865.0,8495914475595.0,14298880006200.0,8746330004.70997,-664751733.112479,4987019418.183212,-71420946189.20445,100642165957.6211,16841815531.136719,-60779807991.84641,0.0004674002830818067,-3.5524059584828954e-05,0.0002665042693950575,-1.8350778319627941e-06,2.5858829596053022e-06,4.3273078809850955e-07,-1.5616662089762606e-06
gatto,2817750.0,449754465.0,458542785.0,74983394385.0,72582105030.0,78247875315.0,13012849874865.0,11974256630190.0,12307923627840.0,13926330880635.0,3195947383.8692355,-608087480.792303,3627527280.023084,24153348519.444523,-33946500271.320312,16321091861.90625,12125720289.557566,0.00040252671017930946,-7.658807350207764e-05,0.0004568838115055573,1.8122629086797883e-06,-2.5470581551736334e-06,1.2245966387093924e-06,9.098114534347182e-07
gatto,7443195.0,817706460.0,1038065730.0,119157171120.0,111786242865.0,182335122480.0,19774190388810.0,16083616967835.0,19462708081845.0,35204611575480.0,29324262708.258595,-2255247828.931272,37561210228.54979,240526863575.24255,-39125266673.375,60500216936.67969,-701723305307.9719,0.000529307816737682,-4.070759822369963e-05,0.0006779860887857742,1.5913477549324163e-06,-2.5885634708877494e-07,4.00274975377092e-07,-4.642665646102643e-06
gatto,7898625.0,1169285670.0,904216995.0,199210648650.0,138451307010.0,136789724715.0,37329662579220.0,24151680208530.0,21374981426370.0,23515253384445.0,26113561743.43729,4594088212.555933,33276977363.805317,107667123508.06096,-13697578315.054688,73252304005.1875,236921930826.089,0.0004185652023891902,7.363704275099606e-05,0.000533385100892341,6.140508991856822e-07,-7.812050704963718e-08,4.177750986208958e-07,1.3512214306503304e-06
gatto,4964595.0,556785360.0,653393130.0,82320520860.0,65531095695.0,104274003810.0,13947516880650.0,8908595583525.0,9688361587005.0,18521057258970.0,19876366380.06164,-7747737544.886992,18280567823.54051,256853198466.1274,-187817942999.28906,33273552583.710938,-14334365895.40421,0.0008064349518902374,-0.00031434550132546665,0.0007416893284927158,4.677086632035776e-06,-3.4200111024674547e-06,6.058841739910697e-07,-2.6101707710268557e-07
gatto,5831085.0,775728615.0,747153060.0,116128793415.0,104648488650.0,131153680800.0,18355814620995.0,16049723702760.0,18724571387070.0,25771242928290.0,12931037914.982718,5252234191.8996725,35418891293.86801,-533702568694.9348,-227624349069.3047,-69205218101.25781,-110482336223.37073,0.0003803072815485608,0.00015447042385231737,0.0010416845385495055,-6.500187176289848e-06,-2.772332309454108e-06,-8.428793444523802e-07,-1.3456106589140227e-06
gatto,2533425.0,354301080.0,395881380.0,52545057750.0,56565197265.0,65906427900.0,8247864307560.0,8616954607005.0,9586413711555.0,11478900603420.0,2995828825.0598917,1200937227.3472598,4044692490.147962,61467834044.86941,70186225240.24219,-5966547431.683594,-83930156232.77325,0.0004667678029920915,0.00018711310421051436,0.0006301869491382682,6.016969088577296e-06,6.87039578141293e-06,-5.840539530929996e-07,-8.215762983992952e-06
gatto,8759505.0,1275332265.0,1291518900.0,217588877325.0,192914358990.0,211816821510.0,40876937856675.0,33573129490170.0,32328567005700.0,37484584080210.0,31908021369.094925,4876824445.832429,21392697195.074677,-93958796313.02905,71317386855.875,51189616338.59375,-54474784066.39359,0.0004158538671821647,6.355913711817408e-05,0.00027880875956305635,-4.1375050068398273e-07,3.1404834541286923e-07,2.2541507789598197e-07,-2.3988141681841414e-07
gatto,4981935.0,659100030.0,551348505.0,95649492750.0,72425902740.0,76596639135.0,14815065014880.0,10386021622800.0,10005327607770.0,11913487163775.0,8451877858.195725,-516401040.75088775,15579148146.913034,-75504500939.86977,-62827057244.796875,-13954712890.703125,-11703059512.695696,0.00034053134863550684,-2.0806115018943148e-05,0.000627693444944457,-1.3629430174280237e-06,-1.1341005888581446e-06,-2.5189860548503435e-07,-2.1125367424222752e-07
gatto,8027910.0,689159685.0,1102318845.0,84027007635.0,99325419240.0,179090932155.0,12051908328765.0,12524977686780.0,16465474361970.0,32133138773325.0,24865772465.53507,4696342931.251666,27730635883.35095,569342884896.1931,180841487529.3711,-198387716914.625,-73414927348.64192,0.0003858308638288863,7.287101386104167e-05,0.0004302836444042631,3.1179393286179632e-06,9.903571313030583e-07,-1.0864469922999338e-06,-4.020482127034863e-07
gatto,10786245.0,1098291885.0,1225782450.0,149775750165.0,131343293955.0,182747030610.0,23180310015405.0,18477961852245.0,20142827537445.0,30578311862910.0,37943962118.57112,6529986116.135015,43445298197.28338,202472748111.78983,127169012951.14844,50731957693.796875,-64147217320.7969,0.00032613853550375946,5.6126982789017035e-05,0.0003734239952145435,5.298962862248208e-07,3.328170744661604e-07,1.3277182349505697e-07,-1.6788122128504604e-07
gatto,6672840.0,751660695.0,1124093295.0,98980679895.0,127012370640.0,207538745415.0,14432234304105.0,16863123204600.0,23406917159490.0,40935862671705.0,14310014869.631044,389111673.12233377,18176234720.30972,58678503848.643196,101372809593.63281,-102340257680.65625,-149564122374.6161,0.0003213798634840063,8.738820855698604e-06,0.0004082089282425046,5.101551239694778e-07,8.813424823981742e-07,-8.897535455030302e-07,-1.3003212145323417e-06
gatto,1711560.0,208328115.0,254823795.0,26990982705.0,29474573820.0,40735820835.0,3654255308115.0,3661913612700.0,4509498874560.0,6852980296935.0,1633645831.3565278,-1542136590.0916243,2796650430.10504,-28729373800.02312,18802167062.783203,10404147561.085938,-44681841342.51603,0.0005576653391145701,-0.0005264275205601442,0.0009546714352366064,-7.496280681231099e-06,4.90600048226279e-06,2.7147271259627453e-06,-1.1658716489583437e-05
gatto,2714475.0,264748140.0,369311655.0,27796160250.0,35722426485.0,56003182875.0,3090076140240.0,3709629093105.0,5410343049585.0,9317626012515.0,1974748141.4119294,-297272993.3785829,5757334775.887273,-6140815209.568057,-14126329374.222656,29130941205.585938,131639837737.97227,0.0002680032257513983,-4.034444670866776e-05,0.0007813575105153771,-5.058379551769224e-07,-1.1636294727903242e-06,2.399605789937007e-06,1.0843580871387526e-05
gatto,10388700.0,1446440325.0,1414476840.0,228455185185.0,198947473095.0,249186377910.0,39269405397885.0,31715883178575.0,35067374033535.0,48770839471530.0,27064287980.719822,2006918439.020631,56597821989.01032,-75319862482.36975,51637994821.046875,-173869312912.625,-569403022042.6536,0.0002507692007483772,1.859547656597907e-05,0.0005244176604385052,-2.165242314104804e-07,1.4844526757895593e-07,-4.998272448132326e-07,-1.6368796708763107e-06
gatto,2061420.0,304433535.0,239946075.0,46277026935.0,35706004230.0,30005142375.0,7216950363915.0,5473969348320.0,4496287151670.0,3961787473575.0,1317835099.956088,270415256.5617285,2075793233.1921089,-6548629577.682515,7524897083.199219,2131802316.7597656,-14002525711.627644,0.0003101188037475463,6.363531816902086e-05,0.0004884848751761419,-1.0733323327648895e-06,1.2333443576731038e-06,3.4940628821627423e-07,-2.2950395053464548e-06
gatto,6692220.0,1003669035.0,1011932310.0,187535831415.0,147676574610.0,180121787760.0,38441060995785.0,27525906361650.0,25914081452670.0,35327698711230.0,37010066897.72006,-4088478700.1154466,27107242508.65799,-785925445374.4354,394908255128.4531,136666258195.40625,-106349456394.4146,0.000826379340103928,-9.128960343593712e-05,0.0006052641093097267,-6.783531188072027e-06,3.4085580010896354e-06,1.1796027603915503e-06,-9.179303947110554e-07
gatto,5539365.0,884958630.0,822531315.0,149850598020.0,133492286055.0,142087635825.0,26707998317010.0,23021653962405.0,23304376048725.0,26963269973355.0,8471256378.588588,2086215927.0162911,19951296342.833878,61441751986.94005,104002025722.71875,-14837507210.796875,-60163574358.50567,0.00027607549555056237,6.798909986153189e-05,0.0006502062714859888,8.507728738431392e-07,1.4400973189767296e-06,-2.0545229004995096e-07,-8.330741784274181e-07
gatto,9134610.0,1400631870.0,1081983870.0,253230330600.0,164038866870.0,159043218480.0,49934121524040.0,29663536888710.0,24422682605520.0,26288304203160.0,38468054459.070435,-1864339851.2433467,30883494645.02764,-691098117908.094,240427913105.96875,477858555453.9453,133593368373.56783,0.0004610204626647463,-2.2343184048962725e-05,0.0003701232929547774,-2.740404583790762e-06,9.533664440314159e-07,1.894847839744474e-06,5.297364723885112e-07
gatto,580380.0,70444260.0,60555615.0,9512116590.0,7162092435.0,8147743425.0,1342485277740.0,973169782695.0,972223478715.0,1290533048835.0,961867155.2372584,-187911851.01933205,1829499329.7034276,-45553686652.744484,26311780216.315918,22494816742.73633,58642687231.15607,0.0028555529582384655,-0.0005578652302915584,0.00543134485316871,-0.00017751801571018857,0.00010253429210699447,8.765997936402583e-05,0.00022852450016931517
gatto,5943795.0,1185882345.0,733045185.0,245702352435.0,148782012360.0,119512479195.0,52406917279065.0,31311550466940.0,24494247905190.0,22058095148325.0,9099822202.598139,2527751743.8854094,29106392973.708015,-245759817475.94144,551563565.453125,26100606369.734375,139329466551.58875,0.0002575759215496882,7.154952815388196e-05,0.000823873898442727,-2.853325515579191e-06,6.40377426600791e-09,3.0303377863691004e-07,1.617645740734666e-06
gatto,9488805.0,1141530450.0,1336810470.0,175773503280.0,143703598365.0,229546707330.0,30520809553650.0,21031806033345.0,22887882668355.0,43358053153470.0,38444116884.43148,-17118534388.683056,41212956904.9864,124878096404.30525,387140766730.7344,96173479396.00781,-593557854792.7906,0.00042697932420066666,-0.00019012688642474078,0.0004577314271648282,4.502538815964607e-07,1.395854340863684e-06,3.467580276407615e-07,-2.140100912551296e-06
gatto,5292270.0,848680545.0,580252245.0,146056790385.0,93412880865.0,72724279005.0,26599124538795.0,16141794810345.0,11755330105995.0,9929243166225.0,9960433346.999859,362301147.0200944,9104571804.207136,-17432905860.807835,11715205902.117188,13651611030.761719,-40830661634.76613,0.00035562660841291656,1.2935574552855592e-05,0.0003250689883645781,-2.7056075543785684e-07,1.8182137758873802e-07,2.1187461361392967e-07,-6.336966851731694e-07
gatto,3002625.0,375151665.0,317278395.0,49824659865.0,39767713080.0,37040805045.0,6960936314595.0,5292354078600.0,4658314042530.0,4633628429655.0,2952748869.696814,126559704.94394808,3514946859.653501,-2058203868.238828,-4093623477.8066406,3643877029.9023438,-23190377378.11565,0.00032750981481845617,1.4037612868149838e-05,0.00038986708518155643,-1.3174545736596726e-07,-2.620324962410948e-07,2.3324426374759948e-07,-1.48441411529536e-06
gatto,3425670.0,447000720.0,465594555.0,63220430280.0,61977605160.0,73054258695.0,9681794642130.0,9032445189420.0,9977793373830.0,12847538807895.0,4893258170.451095,1224204711.8892372,9773706380.956892,155436964786.63477,120457496966.0,112490431090.85938,261728144801.94614,0.0004169721808896022,0.00010431889975768939,0.0008328527788809722,7.15633226142509e-06,5.545874321797247e-06,5.179069870684662e-06,1.204998803817453e-05
gatto,7772400.0,1370466390.0,1237843695.0,259744142910.0,214775295810.0,224070303105.0,51991302543780.0,40247722152090.0,38590953882240.0,43953601024965.0,18097016395.714527,-3487168817.5167675,26929521203.495564,-189918612712.62656,110241542111.48438,192559623814.3125,-309829575299.37195,0.0002995688785746993,-5.772483315600778e-05,0.00044577770672712226,-1.1276638842983763e-06,6.545719969879208e-07,1.1433451953340076e-06,-1.8396491916317457e-06
gatto,3108705.0,374988975.0,372713355.0,46452422055.0,46349691225.0,56211086415.0,5889903393075.0,5880703896795.0,7130741822865.0,9745728808995.0,1219203923.4787982,1390970805.9634178,11525197919.515217,-7575522368.706763,-24210048259.71875,16717021543.347656,242796567700.74814,0.00012615873573556112,0.00014393254068991758,0.0011925850718060326,-4.4459421318491526e-07,-1.4208455646123283e-06,9.810928775765352e-07,1.4249307668447933e-05
gatto,4743765.0,647664555.0,615323670.0,96889645215.0,85628519325.0,93734035260.0,15642831082845.0,13178195483115.0,13289497020195.0,15689532959160.0,8464232952.093205,1618596634.5807076,13919116337.52621,103284691118.50702,168464306125.375,72119287971.35156,-79859933620.26575,0.000376132858476828,7.192705852161798e-05,0.0006185364988342537,2.1073081112657846e-06,3.437161837947863e-06,1.4714432397959707e-06,-1.629374925370506e-06
gatto,3008490.0,394566855.0,412081275.0,55093862055.0,53105419230.0,63501373725.0,8111735778975.0,7266187296720.0,8020985912580.0,10541426832525.0,3345974222.7017326,-939504529.4740597,7057450957.889053,8457080102.751846,-33738654635.28125,-49917720174.30469,-89891146528.7053,0.000369679566560115,-0.00010380104690609137,0.0007797416350162554,5.387025278164165e-07,-2.149098544217061e-06,-3.179679240826923e-06,-5.725922809643553e-06
gatto,2877420.0,385503645.0,376020705.0,57130758705.0,47065617750.0,59512211355.0,9013839752685.0,6669823026660.0,6946387190910.0,10688587572225.0,5482733631.04972,-3311926151.470663,10373896271.106436,-109382898530.49274,91419818677.34375,-161184448473.54688,200225341917.03943,0.0006622022181097802,-0.000400013021114024,0.0012529547454692247,-7.788275087970282e-06,6.509268870334709e-06,-1.1476646180342353e-05,1.4256433714801334e-05
gatto,4447965.0,630621885.0,630196545.0,98541533685.0,95926028265.0,102307374195.0,16618933481565.0,15981827851305.0,16541340541875.0,18214060924245.0,9133464637.479794,6578262909.744886,13019871858.552433,58107779078.04319,154966088762.8203,172401874440.1172,29585491341.16845,0.0004616499886101266,0.0003324975918663115,0.0006580880239620171,1.3926143745283811e-06,3.713926193697714e-06,4.131793235781495e-06,7.090475866210582e-07
gatto,7812690.0,794174805.0,1042803885.0,111386047905.0,98177710140.0,178724114145.0,17977357640385.0,13569306502890.0,16338893452860.0,34045756993875.0,30656667768.736046,-7825289086.017854,39535186570.61868,422136689720.6943,292892281640.16406,260218274450.5,-363530060093.79004,0.0005022544147711723,-0.00012820330050095273,0.0006477129916300057,2.4742958091037866e-06,1.716747590598205e-06,1.5252334175243037e-06,-2.1307811570902587e-06
gatto,5184150.0,684784905.0,997784910.0,117306681765.0,129968270205.0,208397622900.0,22540212203415.0,22209696040845.0,26946156001275.0,45435074718510.0,26852052536.320473,-1831165537.5582716,16355585801.592733,-48950035059.81282,115634744405.48438,123373535947.60938,-970742401667.7299,0.0009991308528831005,-6.81353495356092e-05,0.0006085706248803328,-7.999431236110032e-07,1.8897068924394935e-06,2.0161744847837584e-06,-1.586390506284349e-05
gatto,6768465.0,570706575.0,713281665.0,70602442875.0,60620124135.0,94337756685.0,10238103403305.0,7831158263565.0,7899384358125.0,14256395245425.0,22481340860.255062,477309472.82070947,19169940403.882755,493829561695.1468,310363620193.9375,-155631099865.44922,274417621383.77264,0.0004907291262187915,1.0418847433933764e-05,0.0004184469317261604,4.143349947909942e-06,2.604026144464672e-06,-1.3057827224987962e-06,2.3024304850504837e-06
gatto,10879830.0,987104235.0,1354467945.0,129161791395.0,120121921035.0,238479897165.0,20192328907545.0,15289215135315.0,21900225391395.0,47580809863395.0,39603887387.77422,-2766124520.9734898,69857463355.60013,1287393700647.3633,-288656918285.4453,952171748749.6797,498018504960.73267,0.0003345750858146901,-2.336832089024977e-05,0.0005901583995567977,3.2972821088996693e-06,-7.39310198421905e-07,2.438709207737539e-06,1.2755286168343488e-06
